v -0.022610206524068095 -0.08961172970915855 0.0 
v -0.01693310309098785 -0.1006483470221784 0.0 
v 0.11619967631594244 -0.08227187670661806 0.0 
v 0.1128528886216478 -0.08970144089248938 0.0 
v 0.10976815240289628 -0.09438504018211986 0.0 
v -0.07156950791823079 -0.07055777555604391 0.0 
v -0.07494668906525842 -0.06257381833813777 0.0 
v 0.14996723561286657 -0.04677543242222491 0.0 
v 0.033430687467491504 -0.2400563818738697 0.0 
v 0.032201872161899174 -0.24884682588172327 0.0 
v 0.03064380860213843 -0.26243893926876555 0.0 
v 0.030346686559019443 -0.27447570782897085 0.0 
v 0.027423798297349245 -0.2833402132023876 0.0 
v 0.023038333875012633 -0.27868035796475893 0.0 
v 0.021572169494403475 -0.2848447360015286 0.0 
v 0.024868492178217988 -0.28781700114159325 0.0 
v 0.027616607176667952 -0.287773090711125 0.0 
v 0.02668890387745472 -0.2893953421031423 0.0 
v 0.02758779751771505 -0.2890421655124174 0.0 
v 0.027564154454682653 -0.28963551024726947 0.0 
v 0.028479280728655756 -0.2893057586654137 0.0 
v 0.03057950958562128 -0.2873282929672607 0.0 
v 0.03865147641720974 -0.26916284967258025 0.0 
v 0.04233781811513427 -0.2400028005622751 0.0 
v 0.03453958949991844 -0.2324143600770404 0.0 
v 0.0427111531650096 -0.22742508674728593 0.0 
v 0.03597833448955565 -0.2234097449518414 0.0 
v 0.04165177222582589 -0.21949938011288186 0.0 
v 0.037084226155754296 -0.21714648679513285 0.0 
v 0.0404943437633404 -0.21451998054848925 0.0 
v 0.037648296916488945 -0.2133826557915708 0.0 
v 0.03953284706506596 -0.21179077619162984 0.0 
v 0.03765600267259731 -0.21114101640843833 0.0 
v 0.036336089268346305 -0.21211944882880332 0.0 
v 0.034794826401595313 -0.21390094342011795 0.0 
v 0.031933081210539845 -0.21812720838711436 0.0 
v 0.12681048233302297 -0.07345378011685343 0.0 
v 0.1266658814988928 -0.05933424756808365 0.0 
v 0.13891535158936502 -0.05169310476411301 0.0 
v -0.03229905124029185 -0.08131522615696239 0.0 
v -0.052438320629001736 -0.08734704532677018 0.0 
v -0.06076356382481762 -0.0796004609972685 0.0 
v -0.275553635901321 0.10717795606254235 0.0 
v -0.2325627764627242 0.14549832177123617 0.0 
v -0.2601272084704325 0.22080881042475284 0.0 
v -0.005454753584238257 -0.13053351626259274 0.0 
v -0.016733134376318664 -0.12652122739517582 0.0 
v -0.021350992574773887 -0.12014971976143651 0.0 
v 0.03483207755777297 -0.1831297471857102 0.0 
v 0.035030526068115596 -0.17621809452773288 0.0 
v 0.025594851711964614 -0.1779909622773939 0.0 
v -0.020339126766657372 -0.14053187317292004 0.0 
v -0.024988659347181835 -0.12757873332838052 0.0 
v -0.036013150542164515 -0.13301435800923742 0.0 
v 0.01749778839504071 0.14343828419181057 0.0 
v 0.04777442330949175 0.21820441123049128 0.0 
v -0.015941905265561145 0.1915562448217891 0.0 
v 0.0816126654662484 -0.18212912507171652 0.0 
v 0.07161005340330401 -0.18155146578328635 0.0 
v 0.06946654970159132 -0.18883678936473874 0.0 
v 0.10453969865200749 -0.11997288860356246 0.0 
v 0.11023707115902319 -0.11152553093686564 0.0 
v 0.22023757887629272 0.008154275108115836 0.0 
v 0.23871701981017152 -0.00730151106379924 0.0 
v 0.26246453500055367 0.018892916829578537 0.0 
v 0.23113911061559975 0.1290840693720983 0.0 
v 0.25201584182607856 0.10498148700743998 0.0 
v 0.2851319419881442 0.1463082866630225 0.0 
v 0.23202470429149158 0.03753214007536617 0.0 
v 0.24869586368023286 0.05124393711354957 0.0 
v -0.3252808147467663 0.024534458208881033 0.0 
v -0.24816153285797557 0.03113611726360545 0.0 
v -0.1735843798516962 0.20350104125858676 0.0 
v -0.11470903398642047 0.27902648267090435 0.0 
v -0.09817971722835742 0.21079719404270303 0.0 
v -0.06274843853491148 0.20638988860286592 0.0 
v -0.18705313550765734 0.0960848357533237 0.0 
v -0.1176298863691102 0.10099706518509721 0.0 
v -0.1390936544938349 0.13091441208089036 0.0 
v -0.020598809213950374 0.24539387354864448 0.0 
v -0.13677426541746437 0.04620510979004074 0.0 
v -0.16890617326632343 0.04850811384464313 0.0 
v -0.01757940242485239 -0.07272936254405019 0.0 
v -0.022872832923028913 -0.05146714253604976 0.0 
v -0.05915018209386128 0.4782066505528633 0.0 
v 0.08331200964112939 0.7487528766283168 0.0 
v -0.23490575310764533 0.6470387324027146 0.0 
v 0.22858292584302187 0.17234698719223027 0.0 
v 0.1616309624492216 0.08762281948159083 0.0 
v 0.18374845276541654 0.09047035816353738 0.0 
v 0.17666469178878474 0.10992317196042417 0.0 
v 0.11455082320850545 -0.10541909926041833 0.0 
v 0.18380511983963777 0.4335173469255951 0.0 
v 0.4399594632883507 0.5969428477606344 0.0 
v -0.12653864804078416 0.1920239265336982 0.0 
v -0.15848282205942774 0.16006652870959873 0.0 
v -0.20048347210355957 0.1659248468622146 0.0 
v -0.08009711855747811 0.16220084702495005 0.0 
v -0.0916665236406564 0.15971439401792417 0.0 
v -0.08637572275870503 0.15326349043288184 0.0 
v -0.09155801814334583 0.15347687812143568 0.0 
v -0.09200507895762583 0.14584084122947152 0.0 
v -0.09318376857316372 0.17990174625509858 0.0 
v -0.0692137180598338 0.17487273233231393 0.0 
v -0.3561188962251288 -0.3202130490167579 0.0 
v -0.5136158485132943 -0.4722053245529372 0.0 
v -0.28605776145027506 -0.4428020189835252 0.0 
v -0.2729110461764632 -0.6804579842167066 0.0 
v -0.17295108071866772 -0.502492069999235 0.0 
v -0.09050471993266722 -0.5785116039247437 0.0 
v -0.07040063528167836 -0.7409768702457805 0.0 
v 0.19286223050215098 -0.7246259294013789 0.0 
v -0.16514420851901532 -0.39088830363339244 0.0 
v -0.12153964902077437 -0.4473123680578274 0.0 
v 0.021281872361437776 -0.2899751584738585 0.0 
v 0.01749992259998149 -0.28815184344164835 0.0 
v 0.014970843728785762 -0.28109862121288626 0.0 
v -0.4404193595060729 -0.19957088717833624 0.0 
v -0.33091525847470976 -0.09131807789643878 0.0 
v -0.4458384464722483 -0.007732212197006239 0.0 
v -0.38044518932684557 0.1331442748651072 0.0 
v 0.03960345195881198 -0.15379752288923937 0.0 
v 0.03539592501987953 -0.16149633090533722 0.0 
v 0.04306071121732904 -0.16116417570649894 0.0 
v 0.03914816426337969 -0.16650680354858693 0.0 
v 0.03373687427462225 -0.16957632344255913 0.0 
v 0.02669684610774464 -0.1642040019752628 0.0 
v -0.03345794206099736 -0.25753503333463384 0.0 
v -0.021020573584317123 -0.2848301163565569 0.0 
v -0.008085155581243944 -0.2665975478905338 0.0 
v 8.254268948095186e-05 -0.28613722188731744 0.0 
v 0.014082087796410637 -0.19952171677017913 0.0 
v 0.008607821424870259 -0.18383838051483453 0.0 
v -0.0034222538742079978 -0.20451182805491652 0.0 
v -0.011772509592544798 -0.18228397977074212 0.0 
v -0.02753309752724504 -0.19982296547709688 0.0 
v -0.029310348882520976 -0.1780844145614832 0.0 
v -0.05036250264044778 -0.18742412292425195 0.0 
v -0.017214893736556457 -0.16249000653840287 0.0 
v 0.00047831612506947296 -0.16623629664593223 0.0 
v -0.0031949414687963058 -0.14847554289630335 0.0 
v 0.01129952975996942 -0.1540648923626168 0.0 
v 0.013099241345963252 -0.13543162254036592 0.0 
v 0.02089939754754322 -0.14826324431275673 0.0 
v 0.029539391306505697 -0.13924878560123677 0.0 
v 0.029944270121330583 -0.15299476941641993 0.0 
v 0.03731765267971161 -0.1462041390516188 0.0 
v 0.02561968943409299 -0.12858477048655453 0.0 
v 0.022155172207749815 -0.11527618019287353 0.0 
v 0.0048818260295913326 -0.11888364633271331 0.0 
v 0.005309130685165014 -0.09994945447874382 0.0 
v -0.0077875066313699524 -0.1002180872867744 0.0 
v -0.00892151086154545 -0.08934209738923667 0.0 
v 0.007313129503932445 -0.07042945582911361 0.0 
v -0.008504556631819494 -0.058876990647856633 0.0 
v 0.020786237064344626 -0.15721159073252172 0.0 
v -0.040001794248507236 -0.1571360405059079 0.0 
v -0.07317045270106726 -0.16179371144695345 0.0 
v -0.08592810014006606 -0.2040626549444176 0.0 
v 0.015478363547180253 -0.1669290024511137 0.0 
v -0.020150569241828436 -0.22573082284079823 0.0 
v -0.04936628139047639 -0.22195072705077262 0.0 
v -0.08088503351871962 -0.25930952290948867 0.0 
v -0.051212445672897164 -0.3003929836259953 0.0 
v -0.08895655613445808 -0.3074077884705406 0.0 
v -0.1375203037644373 -0.29304765500077334 0.0 
v -0.11981040118276128 -0.23327443126507116 0.0 
v -0.010283469825389843 -0.3158626276967595 0.0 
v 0.0063662076447229795 -0.299561729410223 0.0 
v 0.012071452978458826 -0.29133055878008707 0.0 
v 0.015443214455683784 -0.2990110459197014 0.0 
v 0.009358520247673495 -0.2412996383461131 0.0 
v -0.007494794666258261 -0.24533294534887712 0.0 
v 0.003923487324546971 -0.2554635693244654 0.0 
v 0.008235648676189027 -0.26887896904013747 0.0 
v 0.020623868082508115 -0.20653454270623872 0.0 
v 0.012319992785788578 -0.21332296233367024 0.0 
v 0.0241969710514328 -0.21565476621349502 0.0 
v 0.016486680923645587 -0.22683124060405824 0.0 
v 0.00117105854515307 -0.2263832618170366 0.0 
v 0.0175901166937427 -0.2926150146476402 0.0 
v 0.04690458845303217 -0.1985789334078894 0.0 
v 0.03963707226277805 -0.1974953113061516 0.0 
v 0.041589616024814924 -0.2030306934688486 0.0 
v 0.036351298410725236 -0.20364839654271955 0.0 
v 0.032529031271074614 -0.19763546811126353 0.0 
v 0.029099120373779794 -0.20625389611932374 0.0 
v 0.024188051330910638 -0.19827412946836168 0.0 
v 0.021777538234212333 -0.2953821638905053 0.0 
v 0.020961812545034025 -0.3011522463340991 0.0 
v 0.024979115935076415 -0.29940871040303196 0.0 
v 0.02724822885413695 -0.2946211759005779 0.0 
v 0.023795926942976303 -0.30309485796148633 0.0 
v 0.021434583503067543 -0.3048079527692468 0.0 
v 0.01810637059003648 -0.30446769333621804 0.0 
v 0.012124209424388084 -0.3090643672722788 0.0 
v 0.018369593109803583 -0.31569810618648614 0.0 
v 0.020259018541834036 -0.3085771396986756 0.0 
v 0.02233766332431357 -0.3064540693328167 0.0 
v 0.023340576328721937 -0.30535596738844467 0.0 
v 0.023976153092117904 -0.3073510922208247 0.0 
v 0.02091506871704429 -0.27020952948881455 0.0 
v 0.01842997529944906 -0.2551838312246068 0.0 
v 0.024728887782465035 -0.2385078325257669 0.0 
v -0.03071535558425061 -0.1183839490374757 0.0 
v -0.04386266010724554 -0.12105758938108369 0.0 
v -0.05494222393481075 -0.13515961774402965 0.0 
v -0.05798653293177715 -0.11161666056463368 0.0 
v -0.08057637929535949 -0.12742390086033295 0.0 
v -0.07538196515782615 -0.10235359191003525 0.0 
v -0.09443660191588715 -0.10292056064381519 0.0 
v -0.08310734365640866 -0.0937053609019759 0.0 
v -0.08900445496545603 -0.08288388867254994 0.0 
v -0.10471194688478214 -0.08719348961237139 0.0 
v -0.10313247324143195 -0.06826728723854474 0.0 
v -0.11709929278447162 -0.0809630146765112 0.0 
v -0.12339615759775246 -0.0627469779707524 0.0 
v -0.10999155603506562 -0.0512549283786899 0.0 
v -0.12558209393055053 -0.02272140500430833 0.0 
v -0.08335178189097749 0.13442245949372755 0.0 
v -0.09231541270069105 0.13604103053189803 0.0 
v -0.09242290294343218 0.12563136922602447 0.0 
v -0.10031264692748054 0.13273829634239356 0.0 
v -0.10331569337580421 0.1216098616171836 0.0 
v -0.09492611862135182 0.11244371104382699 0.0 
v -0.09754132613540559 0.1396639010033637 0.0 
v 0.07623779030874644 0.15985689412356743 0.0 
v 0.11310908724534165 0.1948495982543641 0.0 
v 0.1333650285841649 0.26871605012195426 0.0 
v 0.17584821509646362 0.19428344614849619 0.0 
v 0.13222251127129164 0.12746250029381917 0.0 
v 0.1932239744377788 0.14077598430460395 0.0 
v 0.024893855417261943 -0.2912714516905872 0.0 
v 0.027499476891076402 -0.2908525413298989 0.0 
v 0.020279189005239992 -0.19021541016516086 0.0 
v 0.33354802038785936 0.08682761713371852 0.0 
v 0.293994083729477 0.053468686702545294 0.0 
v 0.32334987248040725 0.014548511898332821 0.0 
v 0.2685889856637878 0.05635210708694233 0.0 
v 0.2775710460753266 0.08517181955861397 0.0 
v 0.2531380413759189 0.08497146978725892 0.0 
v 0.25508087982597816 0.06927468427657418 0.0 
v 0.22783582382809334 0.08509556866723308 0.0 
v 0.2265630695368131 0.07713384084585664 0.0 
v 0.23360147834854403 0.07831646477360542 0.0 
v 0.22975106282697025 0.07304174165763573 0.0 
v 0.22316862969669682 0.07040403983349738 0.0 
v 0.22885604670067394 0.10008378768456286 0.0 
v 0.2398368303875866 0.08814080547384781 0.0 
v 0.5044821342097529 0.056812775370622376 0.0 
v 0.5573705731645331 -0.039364474665176 0.0 
v 0.6881762461014047 0.15250813714407438 0.0 
v 0.685119131823256 -0.2451768185429868 0.0 
v 0.45089455906489534 -0.0377005804612528 0.0 
v 0.4724754937456252 -0.14979586050277835 0.0 
v 0.41894975059067885 -0.30333292261766076 0.0 
v 0.45991300497099563 -0.5127621500850921 0.0 
v 0.04725775501872617 -0.2677923460065271 0.0 
v 0.043257130815837305 -0.2775073338939529 0.0 
v 0.036798531055378114 -0.27567725178650043 0.0 
v 0.030127984305106593 -0.2911875129988157 0.0 
v 0.035075745966962994 -0.29004832558371674 0.0 
v 0.03491624975607054 -0.2821343707718437 0.0 
v 0.040531743340245216 -0.2862544849262298 0.0 
v 0.13515760674971655 -0.15309248421113703 0.0 
v 0.12367116564298467 -0.18292112408694464 0.0 
v 0.15433518034703417 -0.18140463535223725 0.0 
v 0.1335223249953924 -0.21197787994634434 0.0 
v 0.1729065598645994 -0.21706182459932105 0.0 
v 0.13693734029883697 -0.253523670837461 0.0 
v 0.19387597990255043 -0.28624097858450337 0.0 
v 0.12171624572780401 -0.3080324642591728 0.0 
v 0.06696141889187751 -0.22738197843527583 0.0 
v 0.08019478092619922 -0.2423265015284634 0.0 
v 0.08500556132714847 -0.2161978716912832 0.0 
v 0.10655500088813182 -0.23277467974092692 0.0 
v 0.10682038556503297 -0.20380847553484024 0.0 
v 0.09518230790550257 -0.26968687249260687 0.0 
v 0.08431016801365727 -0.30555274278990874 0.0 
v 0.06818765078687697 -0.28505710172997034 0.0 
v 0.06834160404698279 -0.26311528177290433 0.0 
v 0.058518001003523355 -0.24589788833670373 0.0 
v 0.05287329859756019 -0.22969721773091312 0.0 
v 0.05772701979700841 -0.21835979784914059 0.0 
v 0.09052189834926658 -0.1967836988115671 0.0 
v 0.10123085316138458 -0.18261752665706818 0.0 
v 0.09306491026854341 -0.16628852688344492 0.0 
v 0.0790337971496899 -0.16633524843375186 0.0 
v 0.07174574577948656 -0.1746596523222225 0.0 
v 0.06900459045726767 -0.16621102820679645 0.0 
v 0.06523202396681367 -0.17263140375008035 0.0 
v 0.06105524863653551 -0.16743718657825793 0.0 
v 0.059244460674916725 -0.17473857640351656 0.0 
v 0.055576814473012826 -0.17001807695370535 0.0 
v 0.05152528307817253 -0.17570343256372778 0.0 
v 0.051762908441952304 -0.16989041881279754 0.0 
v 0.07321274753908186 -0.15648542170699675 0.0 
v 0.053390510740917954 -0.16691479041594137 0.0 
v 0.05636783233865676 -0.16569555444661294 0.0 
v 0.058569132421711266 -0.16292706254907074 0.0 
v 0.06331066899290244 -0.1592109165278213 0.0 
v 0.11089448523955919 -0.16326635858813182 0.0 
v 0.09925643397768123 -0.15036557824303157 0.0 
v 0.08519105788414262 -0.1539254267057219 0.0 
v 0.08972765238811428 -0.14030963095302534 0.0 
v 0.11432910685088489 -0.14328572825603905 0.0 
v 0.10228053278827129 -0.13513338188896065 0.0 
v 0.09224575505401741 -0.1273553560366419 0.0 
v 0.08265835987694307 -0.13230740091650572 0.0 
v 0.08235580660670618 -0.12109057029985305 0.0 
v 0.07152577330441676 -0.1299033233691154 0.0 
v 0.07180613459262095 -0.11675934727974563 0.0 
v 0.11327880249637179 -0.12915989389405427 0.0 
v 0.11808851151099108 -0.11626275228787576 0.0 
v 0.12674296512814745 -0.129865388777497 0.0 
v 0.14689840777394653 -0.12564314809807337 0.0 
v 0.029163478719848507 -0.29913224396032567 0.0 
v 0.03357640561070675 -0.2998217543466461 0.0 
v 0.0319813954845961 -0.29511144307824927 0.0 
v 0.036392963833435744 -0.29544372724235884 0.0 
v 0.04093783408617091 -0.3005988911821949 0.0 
v 0.040379176311368455 -0.29224664730688066 0.0 
v 0.049338166935141814 -0.2889604765410902 0.0 
v 0.05670552642520064 -0.30837068566085063 0.0 
v 0.05523382611292502 -0.27382764510971136 0.0 
v 0.0558263176757884 -0.16289031306693214 0.0 
v 0.056838586644878224 -0.15935935425631073 0.0 
v 0.058323445444101604 -0.15293522305331259 0.0 
v 0.387776529229522 -0.10688431405236935 0.0 
v 0.3691779062555289 -0.18888771406348104 0.0 
v 0.0677023699735539 -0.2117365147565852 0.0 
v 0.05861670525376539 -0.20927723499160786 0.0 
v 0.03967066585796969 -0.20828789049913057 0.0 
v 0.045724275323679765 -0.20739515137417938 0.0 
v 0.04206675843110725 -0.21134098051451372 0.0 
v 0.045021051811629374 -0.21425104437852485 0.0 
v 0.051616555610137206 -0.2122096556248856 0.0 
v 0.04859425264379413 -0.22024114813276893 0.0 
v 0.053363408888234404 -0.20383827087311218 0.0 
v 0.043426651909585175 -0.2568614160989603 0.0 
v 0.054604385975301054 -0.2617555298367908 0.0 
v 0.19026659371150342 -0.021550827885241177 0.0 
v 0.17323854180090612 -0.036353746699408364 0.0 
v 0.18158040253613042 -0.04142475754526264 0.0 
v 0.1727008398889362 -0.047132563567568134 0.0 
v 0.1820941293865264 -0.05276672828493922 0.0 
v 0.1709916474838579 -0.058427472715265896 0.0 
v 0.1804295071769532 -0.06755631752955979 0.0 
v 0.16613089869509615 -0.07111710099353932 0.0 
v 0.17383326424833864 -0.08612749393637897 0.0 
v 0.15980746841328647 -0.08263114154273422 0.0 
v 0.1595487011152082 -0.09413697936326443 0.0 
v 0.14872320419976884 -0.08831666787510352 0.0 
v 0.14841087322630953 -0.10449757285199168 0.0 
v 0.13386682988527532 -0.09582404660824438 0.0 
v 0.13301670678543812 -0.11298552152818715 0.0 
v 0.12376469265830314 -0.1052285848482456 0.0 
v 0.14402413495592975 0.016197039655997104 0.0 
v 0.16812640286960448 0.023504831405913213 0.0 
v 0.15672795421019992 0.04583429158751141 0.0 
v 0.1834123762764762 0.04094977967249613 0.0 
v 0.17769518690172528 0.06747091092227336 0.0 
v 0.20088147185780947 0.0586281439145774 0.0 
v 0.20093197172722574 0.07915002154291204 0.0 
v 0.20923761563566057 0.06901751201156939 0.0 
v 0.21488014002364123 0.075867002224352 0.0 
v 0.21597509959226271 0.06901511402678005 0.0 
v 0.2183545206330536 0.07256888164439255 0.0 
v 0.22012196730877762 0.07501568651590264 0.0 
v 0.22282368855147272 0.07578359598449455 0.0 
v 0.22150349567633026 0.07938706165018349 0.0 
v 0.21663472847830756 0.08750276850381489 0.0 
v 0.20407854708583165 0.10522739819358518 0.0 
v 0.2131346921462942 0.06243921012620093 0.0 
v 0.21303503320219994 0.05386384216651255 0.0 
v 0.2086177944330641 0.037977923981553016 0.0 
v 0.2606550960804067 0.25712113406856013 0.0 
v 0.428496644052195 0.19367297516346466 0.0 
v 0.40353136533437123 0.042892561418095144 0.0 
v 0.5713921309987378 0.39481757050648064 0.0 
v 0.382939806472601 0.37959158495196943 0.0 
v 0.1577074621188944 0.06785409212356738 0.0 
v 0.13427672348761252 0.06835595342089223 0.0 
v 0.3372128707946721 -0.13768851125869006 0.0 
v 0.3012635994878734 -0.1768486736953971 0.0 
v 0.2964229580216745 -0.1265130390107317 0.0 
v 0.26672394550828676 -0.15335594499044194 0.0 
v 0.2348288023633375 -0.19513313547811645 0.0 
v 0.24287841079620276 -0.15131296990171528 0.0 
v 0.21263648518637238 -0.14304558784535037 0.0 
v 0.25265709045054896 -0.11856203299283456 0.0 
v 0.21347073333910957 -0.09880415683659016 0.0 
v 0.24653824639415872 -0.06931823753386503 0.0 
v 0.21404806576192234 -0.06549297512931 0.0 
v 0.22818722269419212 -0.045922796330267635 0.0 
v 0.2078277988565757 -0.04352203362831957 0.0 
v 0.22344593343697222 -0.02309660888334828 0.0 
v 0.18897596416182777 0.015462811366917349 0.0 
v 0.19070062442856545 -0.11883246253035562 0.0 
v 0.1657747486595658 -4.1187342240592884e-05 0.0 
v 0.16122865335451597 -0.026644273122772198 0.0 
v 0.16284392498878272 -0.04269100415615936 0.0 
v 0.1648189245174784 -0.05194812307217366 0.0 
v 0.16008017153765203 -0.06021244408055142 0.0 
v 0.15145144706492203 -0.0723341154461275 0.0 
v 0.13752990263514214 -0.0800814028882714 0.0 
v 0.12680024686517072 -0.08499212644915087 0.0 
v 0.11860145184045101 -0.09475567683240926 0.0 
v 0.11182903322333605 -0.09954358082838623 0.0 
v 0.1415347786704912 -0.012229083703129634 0.0 
v 0.14276998631663718 -0.03559139016529059 0.0 
v 0.25208521111092086 -0.02829772117123787 0.0 
v 0.28579082077582907 -0.019075288691829215 0.0 
v 0.31168036431173335 -0.044010642152653504 0.0 
v 0.36848051813793326 -0.037116894700567726 0.0 
v 0.3312298286549916 -0.08949713003695445 0.0 
v 0.2863431886587696 -0.08229360830819363 0.0 
v 0.2771383436928222 -0.04824029197490276 0.0 
v 0.10868088155236469 -0.4006963564848563 0.0 
v 0.08735529017747934 -0.4354220803823993 0.0 
v 0.13527823282623597 -0.42846607446719465 0.0 
v 0.10193298077873461 -0.5120703577175364 0.0 
v 0.049306458489833865 -0.46483066872481293 0.0 
v 0.048764864657005455 -0.4217707868949844 0.0 
v 0.010985450791724869 -0.4466098165271604 0.0 
v 0.01657960141617626 -0.40043973023494567 0.0 
v 0.0007252776201894952 -0.5123863374748037 0.0 
v 0.1421628898131966 -0.36528060944191293 0.0 
v 0.10823578735286676 -0.3440530183386173 0.0 
v 0.0989223784534587 -0.370830926843001 0.0 
v 0.08673425682137897 -0.3491608493029177 0.0 
v 0.07375731953942387 -0.36758251594033053 0.0 
v 0.07203397850598053 -0.35157288293954925 0.0 
v 0.0566144418954803 -0.35483866763021216 0.0 
v 0.07100118830023175 -0.33319737257436105 0.0 
v 0.04368534105572299 -0.3324387811317656 0.0 
v 0.03772996621891199 -0.3140730527305501 0.0 
v 0.03349155595289228 -0.30582714108023273 0.0 
v 0.030263384565058945 -0.3027783356200301 0.0 
v 0.026899025436846826 -0.3026480203638023 0.0 
v 0.09427113224829513 -0.3285721359351975 0.0 
v 0.02710937205588008 -0.3587568580238793 0.0 
v 0.025534740413399946 -0.3341126985291588 0.0 
v 0.009872637483837961 -0.3375920166306618 0.0 
v -0.01663079391765906 -0.3672835732144829 0.0 
v -0.046068298925648905 -0.3410079168295594 0.0 
v -0.0725524982824902 -0.3314995857832507 0.0 
v -0.10415119310444206 -0.3466640702309062 0.0 
v 0.011810512525157964 -0.32161168645499255 0.0 
v 0.018097778511914662 -0.32119485367045264 0.0 
v 0.023584028784785743 -0.32050157755583797 0.0 
v 0.01895167848527387 -0.3268808237207186 0.0 
v 0.024703457777609853 -0.3264627934531721 0.0 
v 0.02498275346191197 -0.31236064824322796 0.0 
v 0.07826329429485199 -0.39655720606372247 0.0 
v 0.05025371836551271 -0.3835341864054365 0.0 
v 0.027568209294839923 0.32267758824322706 0.0 
v 0.29754199019266914 -0.2605556151458988 0.0 
v 0.24884650437887565 -0.4212435133867781 0.0 
v 0.22950556059525842 0.06850714084092864 0.0 
v 0.23478279547182065 0.07065085809281012 0.0 
v 0.24306207564813462 0.0760497367792163 0.0 
v 0.2187823598166058 0.06467662897413129 0.0 
v 0.21930261206545032 0.059097993174670946 0.0 
v 0.22230056765371145 0.050543131522327214 0.0 
v 0.0825434407278362 -0.10290304883759996 0.0 
v 0.0630314136824419 -0.10725312452812993 0.0 
v 0.06504900163348237 -0.08466886038570706 0.0 
v 0.04939419291749474 -0.09922571759172936 0.0 
v 0.04849239491508616 -0.08637774379267708 0.0 
v 0.03177897566809457 -0.08980185809127778 0.0 
v 0.04748345169454911 -0.07249703688310828 0.0 
v 0.03168141208718241 -0.06574876217095031 0.0 
v 0.04547566151293549 -0.05217441656118245 0.0 
v 0.02463437970202388 -0.04659701267485923 0.0 
v 0.04470076918258621 -0.023599128709413407 0.0 
v 0.01785280165704269 -0.02577852308775957 0.0 
v 0.021760909969567158 -0.002085378891986627 0.0 
v 3.433558609635912e-05 -0.015553813349901536 0.0 
v -0.0019756947457272344 0.009899134556706006 0.0 
v -0.019462074029170683 -0.006637438747788241 0.0 
v -0.025764896668330088 0.01455996312842009 0.0 
v -0.0359318244582025 -0.003016702136688785 0.0 
v -0.053369748493791794 0.013284229524455625 0.0 
v -0.04994357862658641 -0.016517383356645352 0.0 
v -0.07826182874682576 -0.014021172830366862 0.0 
v -0.09076753332033766 -0.045953828128563454 0.0 
v -0.09088943150173313 0.024560032656861686 0.0 
v -0.05942260335213093 0.05321773530844892 0.0 
v -0.03464030245619809 0.03603966346400604 0.0 
v -0.025887214913559487 0.06191477699718053 0.0 
v -0.04636171241407628 0.0885910584950645 0.0 
v -0.07098110804393143 0.08114144520707811 0.0 
v -0.06728488135987006 0.0996301351214583 0.0 
v -0.05241763154393617 0.1177920152902734 0.0 
v -0.07815083201986185 0.11734381996802425 0.0 
v -0.01214863095891066 0.09687402219895357 0.0 
v -0.03414034405123981 0.10830751043005424 0.0 
v -0.019052441462420838 -0.027610443376900305 0.0 
v 5.8915203407521255e-05 -0.041846357666451735 0.0 
v 0.063556859991701 -0.0596733893039122 0.0 
v 0.060947971719157924 -0.0411683772941393 0.0 
v 0.06881771133105272 -0.026170335384870774 0.0 
v 0.06964826595644553 -0.004960206872690491 0.0 
v 0.08580312217718679 -0.019133588301075314 0.0 
v 0.09451832503049368 0.002938102616716015 0.0 
v 0.10127845544116792 -0.014691149495338375 0.0 
v 0.11317782620470537 -0.005153973829822737 0.0 
v 0.11306024754247282 -0.020991993673740023 0.0 
v 0.12422371817665499 -0.012848276699262574 0.0 
v 0.1267482031548306 -0.027136596764513802 0.0 
v 0.12695259745478138 -0.04397344319037436 0.0 
v 0.1134489761603656 -0.037010322171184766 0.0 
v 0.11397028702855994 -0.05302402415382719 0.0 
v 0.1004583006025373 -0.04686787414677067 0.0 
v 0.10057738694344671 -0.06336506945801743 0.0 
v 0.09177316890660767 -0.055035503858537074 0.0 
v 0.0832881603095506 -0.06671651336692538 0.0 
v 0.08161168146488133 -0.042959906068527065 0.0 
v 0.08484626067228326 -0.08358614707586712 0.0 
v 0.0940994704568585 -0.07637515620696984 0.0 
v 0.0973844418831576 -0.08879761406655239 0.0 
v 0.0995996247789077 -0.02987882092205623 0.0 
v 0.11636936248065152 0.01702036721835503 0.0 
v 0.09839697025481431 0.022561453928954638 0.0 
v 0.07605720169746429 0.027516538922729837 0.0 
v 0.10524532718886025 0.043598886331248345 0.0 
v 0.08426414715608463 0.053234780867204484 0.0 
v 0.0956930785387492 0.07673808600398256 0.0 
v 0.056902417651690455 0.061357540041191955 0.0 
v 0.06720563837313294 0.11029613698727586 0.0 
v 0.027394513141384285 0.08917704330289229 0.0 
v -0.02653107165787295 0.12809164715232238 0.0 
v -0.024844261145784627 0.1564837860421039 0.0 
v -0.0470724371757525 0.14507340993394166 0.0 
v 0.13118650948238825 0.038189059711930866 0.0 
v 0.1276518011210832 0.0003139865431427256 0.0 
v 0.05131185219300702 0.03253035362307562 0.0 
v 0.047994004428725597 0.010677367898107833 0.0 
v 0.0245602145808713 0.03443537787133225 0.0 
v 0.027734297373161545 0.06338546917293233 0.0 
v 0.0052565724181975184 0.06401877509664833 0.0 
v -0.010524598649013698 0.0367975726414231 0.0 
v 0.03819714066070051 -0.10908369752325918 0.0 
v 0.0368734023973335 -0.1248011787396318 0.0 
v -0.038238503677653225 -0.03502789518261688 0.0 
v 0.04684639318462604 -0.15456735862978055 0.0 
v 0.0521634016503061 -0.14927581341309365 0.0 
v 0.0447812121749223 -0.14703615798537562 0.0 
v 0.05132984020534784 -0.1403800240974343 0.0 
v 0.04183642058629945 -0.13795954462038543 0.0 
v 0.05025138675038321 -0.12914201800930347 0.0 
v 0.0497737725110157 -0.11509405774327071 0.0 
v 0.06105391488423578 -0.12200699399370553 0.0 
v 0.059878215952109175 -0.13446356453069444 0.0 
v 0.05909588044817049 -0.14443687285866674 0.0 
v 0.04874406212105196 -0.16012752247887355 0.0 
v 0.0526043006281914 -0.15632264034051174 0.0 
v 0.05268373511479432 -0.16196202929667416 0.0 
v 0.04982043771704585 -0.16319116318012442 0.0 
v 0.051146312673479966 -0.1640528042077996 0.0 
v 0.052346228707957285 -0.1648107372235943 0.0 
v 0.04990782582255289 -0.16639879657476456 0.0 
v 0.047263974101175804 -0.1637261360540614 0.0 
v 0.0929059560593714 -0.11540502185418888 0.0 
v 0.06606181190934728 -0.1493910479070066 0.0 
v 0.1880929514669361 -0.09897475566730438 0.0 
v 0.194036696950121 -0.0790950217709923 0.0 
v 0.19490795888040166 -0.05875095886570143 0.0 
v 0.1915596879843473 -0.04446404584145352 0.0 
v 0.16859325918812237 -0.11009925307437442 0.0 
v 0.06640543691080414 -0.1403781361342262 0.0 
v 0.054185988102868114 -0.1644864615027232 0.0 
v 0.07641903253295025 -0.1432662879092817 0.0 
v -0.7095588670285403 -0.08025093461652798 0.0 
v -0.668711777287164 0.3430042624987203 0.0 
v -0.47926370252800204 0.5740906630611798 0.0 
v -0.5235476919634343 0.14758878075023057 0.0 
v -0.43077200458748516 0.3062298759243283 0.0 
v -0.26437167923299665 0.4238950443771076 0.0 
v -0.16890119028682596 -0.21852439971558724 0.0 
v -0.238989960768992 -0.29506054472835663 0.0 
v -0.31139312013011305 -0.2079173656233084 0.0 
v -0.23196080037500288 -0.19233519418448633 0.0 
v -0.12357123893152831 0.15592818216797685 0.0 
v -0.11416603615063387 0.13336617161970082 0.0 
v -0.10906326937056195 0.1475235461437411 0.0 
v -0.1031980536527623 0.141157976169333 0.0 
v -0.10074507603166806 0.14838565943403742 0.0 
v -0.09870200956293951 0.143578414279134 0.0 
v -0.09592169021355967 0.15357783941892353 0.0 
v -0.10388870034151115 0.15934930018538282 0.0 
v -0.1121333873247416 0.171673431485428 0.0 
v -0.0689770153175183 0.1375755358355929 0.0 
v -0.07876746848002855 0.14091944872403345 0.0 
v -0.08401243444502293 0.1428171161413986 0.0 
v 0.027966764293608705 -0.2257802648551477 0.0 
v 0.03109211929704654 -0.21279696012080318 0.0 
v 0.0350178798837141 -0.20981182895119044 0.0 
v 0.030603266826144452 -0.32400049478942 0.0 
v 0.03950064769717853 -0.17221123843919772 0.0 
v 0.04013461309465772 -0.17851088907399024 0.0 
v 0.04485917946647613 -0.17432825542688785 0.0 
v 0.045590068360275376 -0.18054274393007885 0.0 
v 0.050196851887134325 -0.183561858951103 0.0 
v 0.04125433751944488 -0.18486463494510397 0.0 
v 0.046013320012843355 -0.18554981575811283 0.0 
v 0.048663255777295626 -0.18811210496993405 0.0 
v 0.04416748500380158 -0.19095597541127782 0.0 
v 0.03684547894944764 -0.1906649746863537 0.0 
v 0.04951860900339235 -0.19217004087855105 0.0 
v 0.028961560384489944 -0.18990961548093546 0.0 
v 0.04456151118187439 -0.16794940303783534 0.0 
v 0.04846642248373823 -0.17082853380720917 0.0 
v -0.2629485424569761 -0.13792071646887827 0.0 
v -0.2584094865323119 -0.0823515090849751 0.0 
v -0.27035906264853843 -0.029901907475610064 0.0 
v -0.23350734844404777 -0.05208519666709646 0.0 
v -0.22961878342653363 -0.015584475947720106 0.0 
v -0.20622358546735078 -0.03539675896691873 0.0 
v -0.1860454651769666 0.011350651995812935 0.0 
v -0.1733355264936428 -0.04488532316559523 0.0 
v -0.1462859768333029 -0.060653222329200576 0.0 
v -0.1363110346978217 -0.08458228436891957 0.0 
v -0.11762891756260709 -0.10075142474629785 0.0 
v -0.22057784416437587 -0.14236088125078214 0.0 
v -0.2287991405709725 -0.10532908266643537 0.0 
v -0.19329763590975216 -0.11555095385908545 0.0 
v -0.20508089606934157 -0.0733691582948529 0.0 
v -0.16691087102408625 -0.0834755134288175 0.0 
v -0.14745219584307084 -0.12537088585260753 0.0 
v -0.10924911446732137 -0.12770444824046406 0.0 
v -0.12093764761278858 -0.15733800909159681 0.0 
v -0.09748781965475461 -0.14975240027881423 0.0 
v -0.1007578465187513 -0.17265053074807427 0.0 
v -0.12395210736212428 -0.19256400427766404 0.0 
v -0.1495183076612907 -0.1709164364282963 0.0 
v -0.18616703241821708 -0.1607847482477876 0.0 
v -0.23188833131106143 -0.07841856360536184 0.0 
v -0.0934956811625733 0.06666302651809418 0.0 
v -0.08632261414612206 0.09578635662059687 0.0 
v -0.08337291439181713 -0.06616606048694644 0.0 
v -0.0796518150415632 -0.07631675564158591 0.0 
v -0.07445502170598964 -0.08570311210256036 0.0 
v -0.061818179648782896 -0.09383023859203751 0.0 
v -0.05089783431746331 -0.09703559235578513 0.0 
v -0.03902795303020091 -0.10484592686069344 0.0 
v -0.028013310590428903 -0.1083290416941495 0.0 
v -0.022384968499126988 -0.11213925618332221 0.0 
v -0.08500106684483037 0.14784392343863245 0.0 
v -0.07843876175285072 0.14887398538615051 0.0 
v -0.0651098453704622 0.15696667597917138 0.0 
v -0.047146664178400875 0.17135382634641447 0.0 
v -0.023320994590390685 -0.42048791331042606 0.0 
v -0.028657268899415545 -0.46443583254413223 0.0 
v -0.058452408675180756 -0.4974108377889534 0.0 
v 0.01817270673312123 -0.6158187769168519 0.0 
v -0.06983043987434277 -0.4456576516733298 0.0 
v -0.10351751996464936 -0.4930825694317869 0.0 
v -0.05445655696556224 -0.3931749535475329 0.0 
v -0.04785037823919765 -0.3660997705408946 0.0 
v -0.07014064595518975 -0.3625891628631182 0.0 
v -0.09698075207354394 -0.39802660218742153 0.0 
v 0.23374731026834797 0.05444163401698316 0.0 
v 0.22616286030569824 0.059439826488752415 0.0 
v 0.24120268735574396 0.06423631660905292 0.0 
v 0.2319927563300818 0.06374535458699922 0.0 
v 0.2268531965635726 0.06494555918231566 0.0 
v 0.22283483745399907 0.06349616865504458 0.0 
v 0.05315974849259231 -0.18838451147436888 0.0 
v 0.05653050287372116 -0.18209558729214076 0.0 
v 0.06015988532063438 -0.18907558764700425 0.0 
v 0.06491647386991443 -0.1804754559933861 0.0 
v 0.06282490442175763 -0.19963126953707325 0.0 
v 0.054267880179626214 -0.19517717550553856 0.0 
v 0.07633274525792208 -0.19925342853947584 0.0 
v 0.029498765047074715 -0.31648860851778354 0.0 
v 0.03065120912917259 -0.3111016656084716 0.0 
v 0.027956764140537174 -0.3066902456385249 0.0 
v 0.02513373155112493 -0.3050154902559248 0.0 
v -0.0878719765970139 0.13953586782922706 0.0 
v -0.03255494364644912 -0.017590641096474485 0.0 
v 0.18768289638690133 -0.17704422816283316 0.0 
v 0.1709548023209019 -0.144477164310613 0.0 
v 0.10509078584339207 -0.07769865536945518 0.0 
v 0.10770393356739419 -0.08780819835363253 0.0 
v 0.11501417900956361 -0.06812754559189475 0.0 
v 0.15448773506397817 -0.039482323042613225 0.0 
v 0.13833544889383276 -0.0657311475874539 0.0 
v 0.14928290600668026 -0.05779530566295381 0.0 
v 0.15714878700093593 -0.05077352986366193 0.0 
v 0.15592162577362928 -0.04481230219132032 0.0 
v 0.10336379498707135 -0.10343367676655345 0.0 
v 0.10452239570688066 -0.09326326079342273 0.0 
v -0.02268679378569463 -0.10597709643144967 0.0 
v -0.0267913161589583 -0.10025394020705296 0.0 
v -0.03262230959155973 -0.06737848284648795 0.0 
v -0.04603290535229906 -0.07514802217388986 0.0 
v -0.04330105433883232 -0.05618692918093806 0.0 
v -0.05884877401778388 -0.06442804461675466 0.0 
v -0.06307576200167297 -0.04349975045627457 0.0 
v -0.0693137400168507 -0.05986447042869172 0.0 
v -0.07642410678116164 -0.05587906888324419 0.0 
v -0.01109874378913208 -0.11314775510117372 0.0 
v -0.018769295629054022 -0.10776419900021969 0.0 
v -0.032494624824551344 -0.0928141028595571 0.0 
v -0.04235484388522513 -0.08972909128159716 0.0 
v 0.15540321247097805 -0.04269389546679521 0.0 
v 0.15185028483597296 -0.0424066612037214 0.0 
v 0.1538297286500076 -0.04549894567885902 0.0 
v 0.1563840296031034 -0.04696983693952775 0.0 
v 0.15336356529732642 -0.04935673047240579 0.0 
v 0.15364814549601455 -0.054124407011785336 0.0 
v 0.14920433710518077 -0.05198868160411073 0.0 
v 0.14413135404600722 -0.05511439175370472 0.0 
v 0.14483004894111007 -0.04876744364452597 0.0 
v -0.07237707957548305 -0.057218068225834154 0.0 
v -0.07568164019732802 -0.059989908178972214 0.0 
v -0.07262935790754545 -0.06152481748166946 0.0 
v -0.06955048016381467 -0.06432419767332762 0.0 
v -0.07396317381374569 -0.06518190556942215 0.0 
v -0.06489188434788284 -0.0612351305175167 0.0 
v -0.06503653218234015 -0.06798088520195562 0.0 
v -0.059576782137320296 -0.07222022787971155 0.0 
v -0.06603438269376513 -0.07517447737895298 0.0 
v 0.10553181687937797 -0.09102442983982592 0.0 
v 0.10659541682175777 -0.0938965860894528 0.0 
v 0.10872243745497208 -0.09124908142075067 0.0 
v 0.1110082717653456 -0.08878782007514001 0.0 
v 0.11172395607613113 -0.091591643058601 0.0 
v 0.1109696639261819 -0.08484531531879122 0.0 
v 0.11397785400269964 -0.08749084458440319 0.0 
v 0.10651248728928052 -0.08331858840515682 0.0 
v 0.11066487800954236 -0.07932448334926678 0.0 
v 0.10970597056916824 -0.07287669767747718 0.0 
v 0.11569762796320683 -0.07509360942387953 0.0 
v 0.12151353101824312 -0.07748275836392793 0.0 
v 0.12107867130796378 -0.0707195068813837 0.0 
v -0.020460765822204893 -0.10689653370395309 0.0 
v -0.017908965994110335 -0.10563252923875772 0.0 
v -0.02078266381624616 -0.10377541952739239 0.0 
v -0.024259183017373127 -0.10358360872952817 0.0 
v -0.022190399568266034 -0.09971694313790243 0.0 
v -0.019343232879312878 -0.09480959145424925 0.0 
v -0.02483572482800607 -0.09533056367081374 0.0 
v -0.029872416617777273 -0.09639124101824094 0.0 
v -0.028223709954701 -0.09118316152518291 0.0 
v -0.026960939852448646 -0.08500258803290456 0.0 
v -0.0324152986535792 -0.08788658537169065 0.0 
v -0.03684951263038839 -0.09151886625805469 0.0 
v -0.037670294697468874 -0.08532068637701729 0.0 
v 0.034685964827105974 -0.27518983403959296 0.0 
v 0.03744605825406094 -0.2733567561431334 0.0 
v 0.03445021222128225 -0.27106043781150824 0.0 
v 0.035135038238152005 -0.26577103027818244 0.0 
v 0.030301963895682564 -0.26856600798362595 0.0 
v 0.025443134562880748 -0.26599368777813565 0.0 
v 0.02580557412999873 -0.2718603513882761 0.0 
v 0.022140233835920883 -0.275296879328678 0.0 
v 0.025833263015024872 -0.2767275595137817 0.0 
v 0.036280587972391594 -0.24021651698711274 0.0 
v 0.03299144874486943 -0.24315809695126134 0.0 
v 0.0374055095541904 -0.24551087642741798 0.0 
v 0.03732114386229181 -0.25239173134328086 0.0 
v 0.04343420550104907 -0.24816713106418306 0.0 
v 0.031328760123951305 -0.2556574320194741 0.0 
v 0.0363288481974423 -0.2595124020286186 0.0 
v 0.04042296259652823 -0.2638885223215249 0.0 
v 0.0361535081604058 -0.2779528346198924 0.0 
v 0.032627882411292705 -0.27857997256968065 0.0 
v 0.02872113033336521 -0.27934951651857043 0.0 
v 0.03092851965594104 -0.28231611781291444 0.0 
v 0.025211893610488326 -0.28056475111716217 0.0 
v 0.02216417398455155 -0.28168099453416584 0.0 
v 0.02422721922070606 -0.2837847770720304 0.0 
v 0.02346315277995079 -0.28642760576681814 0.0 
v 0.025650995056356395 -0.28586402365125096 0.0 
v 0.02642815747770306 -0.28750175838549463 0.0 
v 0.027604140513403017 -0.2862002275380179 0.0 
v 0.025907224437237062 -0.28882210320590823 0.0 
v 0.02691907900148508 -0.28854244805920704 0.0 
v 0.027273775719260613 -0.2890993194246566 0.0 
v 0.027599649322720556 -0.28866437170146997 0.0 
v 0.027256829929730504 -0.289613218565831 0.0 
v 0.027576672965778586 -0.28933984536460156 0.0 
v 0.027876492161470312 -0.28958462690857256 0.0 
v 0.027901055898512456 -0.2890643314130706 0.0 
v 0.02829994543051948 -0.28844891954456287 0.0 
v 0.02935527615391579 -0.28861104305726304 0.0 
v 0.028847722413936544 -0.2872756578607742 0.0 
v 0.02963516607234408 -0.28529799234238584 0.0 
v 0.03230195425772517 -0.28528141722714934 0.0 
v 0.019671761300654834 -0.2637601183557808 0.0 
v 0.02532656725877568 -0.259134798546772 0.0 
v 0.026153615392359403 -0.25161718628416846 0.0 
v 0.021316573683819524 -0.2463070807768462 0.0 
v 0.0280078606033674 -0.244745585079269 0.0 
v 0.030600113953351014 -0.23973112170313543 0.0 
v 0.038092153645679395 -0.23541629422794721 0.0 
v 0.03385174358558497 -0.23711385075246522 0.0 
v 0.030187838578901678 -0.23470020693127475 0.0 
v 0.03106251571300769 -0.22942253209491814 0.0 
v 0.026099676981243658 -0.2312275226132317 0.0 
v 0.042958757253680424 -0.23279410969112677 0.0 
v 0.038764925422468094 -0.23021022800278293 0.0 
v 0.03900679242086427 -0.22556329858667093 0.0 
v 0.03527735666810696 -0.22763155972322874 0.0 
v 0.042218753593413524 -0.22304805523643154 0.0 
v 0.03908845943457925 -0.22165362460114157 0.0 
v 0.039081791492157784 -0.2184814575198906 0.0 
v 0.03659275080252797 -0.21991948769216133 0.0 
v 0.041065829563339894 -0.21668560874017667 0.0 
v 0.03900742056612329 -0.215983993157032 0.0 
v 0.03888108491518362 -0.2140651956133561 0.0 
v 0.037437461774171794 -0.21500524038486304 0.0 
v 0.0399706819572221 -0.21289544922087827 0.0 
v 0.038728885900884136 -0.21260122173984397 0.0 
v 0.03859519049443556 -0.21137809079164188 0.0 
v 0.03771253500750474 -0.21212684221131067 0.0 
v 0.03687252517378211 -0.21166356024360886 0.0 
v 0.036780296352453494 -0.212635951206417 0.0 
v 0.03578399726459203 -0.21268094574455887 0.0 
v 0.036349671722964084 -0.21386574079654366 0.0 
v 0.03565452998028331 -0.21558705052999372 0.0 
v 0.03353029999261613 -0.2157012932777037 0.0 
v 0.034731333164679974 -0.2179011165728425 0.0 
v 0.03359201708089845 -0.22092417354535698 0.0 
v 0.03000352046583168 -0.22142329776873979 0.0 
v 0.032312875877855946 -0.2247653563743495 0.0 
v -0.05256826005662974 -0.06904741891421598 0.0 
v -0.054215314381952796 -0.07708326126214854 0.0 
v -0.05007975831813032 -0.08255836346215711 0.0 
v -0.055935431824969406 -0.08389592040086032 0.0 
v -0.043709985080555375 -0.08324859983177846 0.0 
v -0.047881917824302046 -0.088152489876368 0.0 
v -0.03836854316161161 -0.07824265738173357 0.0 
v 0.14408759286652686 -0.061751532892922886 0.0 
v 0.13846801274461643 -0.05869183788031999 0.0 
v 0.1325706555101986 -0.06253819294843996 0.0 
v 0.13276860781757568 -0.05531982400515506 0.0 
v 0.132467026324319 -0.06960819169419734 0.0 
v 0.1267191777119579 -0.06654359483654024 0.0 
v 0.12072194593542084 -0.06360600067530062 0.0 
v 0.2945460292469136 0.6783129659519018 0.0 
v 0.1524808178730605 0.5751716709544447 0.0 
v 0.29738676450741575 0.52759219405341 0.0 
v 0.10777044229667972 -0.10930545090963562 0.0 
v 0.11177511127915439 -0.10939305804341733 0.0 
v 0.11009695870834403 -0.1050482966978887 0.0 
v 0.18051052046596874 0.09951896310956765 0.0 
v 0.16805569082124514 0.10068244878043753 0.0 
v 0.1741692098305548 0.089562906681203 0.0 
v 0.25359932479351305 0.16769422119762747 0.0 
v 0.23134687703902024 0.15056874016164087 0.0 
v 0.25131726360893036 0.13853337641139582 0.0 
v -0.12444326891357245 0.7060310019958376 0.0 
v -0.14131866509487875 0.5703984075386327 0.0 
v -0.005991363543761426 0.5911331100053101 0.0 
v -0.02891003472160442 -0.061106851453270654 0.0 
v -0.026361716462908597 -0.069135190390164 0.0 
v -0.020096115686866634 -0.06242113745573099 0.0 
v -0.17283037356674047 0.05731804257659335 0.0 
v -0.16078018367127067 0.047999193886281113 0.0 
v -0.15454489417512304 0.06938959087941705 0.0 
v -0.07478521865332748 0.2355599980633303 0.0 
v -0.04310868687842981 0.22897590150457392 0.0 
v -0.0481174712308535 0.26450217554004396 0.0 
v -0.13358944641130197 0.11706112232568394 0.0 
v -0.15317688244930064 0.12077953323758413 0.0 
v -0.14505459193710682 0.09647686445130162 0.0 
v -0.0858666828467502 0.211994298031517 0.0 
v -0.10145515652441353 0.22600618988337406 0.0 
v -0.16220421747432212 0.23180785283139146 0.0 
v -0.19890967758785388 0.27221276853749704 0.0 
v -0.19923094635080427 0.21660668395081403 0.0 
v -0.2621494531467932 0.06638263429313292 0.0 
v -0.3036001832655554 0.0701068008431876 0.0 
v -0.2831393614440004 0.030763232671196718 0.0 
v 0.25357466815911156 0.04040948800498435 0.0 
v 0.2417222346871798 0.04307553655334625 0.0 
v 0.24222141803922484 0.0298687946814884 0.0 
v 0.26390071950171595 0.11934735345124568 0.0 
v 0.24459519192912643 0.11808716484495753 0.0 
v 0.24550505478409362 -0.00032856605203788564 0.0 
v 0.2381750876789656 0.013201801211747802 0.0 
v 0.23283292162270658 -0.0016366746297892252 0.0 
v 0.10858263304853125 -0.11388965292013115 0.0 
v 0.10307009752781592 -0.11246056453256231 0.0 
v 0.07104846883869154 -0.18422222938497665 0.0 
v 0.07466843909206403 -0.18715371077689189 0.0 
v 0.07431554173687324 -0.1817933521139839 0.0 
v 0.009630580877721905 0.20326489209081228 0.0 
v 0.0022072882413872313 0.17399194176290775 0.0 
v 0.03251144701014529 0.17940739457468297 0.0 
v -0.02928639510727807 -0.13007955071372962 0.0 
v -0.029490094358956973 -0.1378983525369391 0.0 
v -0.023802463529781017 -0.1324740216903748 0.0 
v 0.03190566100911526 -0.17677135292202747 0.0 
v 0.031086040405680682 -0.18148480888536253 0.0 
v 0.034640617963431646 -0.17926138443170356 0.0 
v -0.018982530952062485 -0.1230104851836311 0.0 
v -0.01403067060621692 -0.1221139356194971 0.0 
v -0.017750030050339077 -0.11810203277338194 0.0 
v -0.012174060438615898 -0.1282223722555111 0.0 
v -0.007254815576745721 -0.12258457089924348 0.0 
v -0.24268976252684535 0.1643112350067485 0.0 
v -0.28065063107277255 0.15437468724453818 0.0 
v -0.2481228226610765 0.13334475238109356 0.0 
v -0.4952977813273059 0.06742804416572937 0.0 
v -0.5932662546693946 0.08497827963454786 0.0 
v -0.537832337975285 -0.034835483871688985 0.0 
v -0.45711531675386485 -0.10196432679641468 0.0 
v -0.5425120866437262 -0.17537131789022223 0.0 
v 0.015055932214512686 -0.2692914256579268 0.0 
v 0.011309143332993888 -0.2754752239015964 0.0 
v 0.017376062526005136 -0.2750480406464523 0.0 
v 0.01984243593751627 -0.27913888629371714 0.0 
v 0.017151193782185114 -0.19394010582778148 0.0 
v 0.01953462854792773 -0.1987311355148111 0.0 
v 0.02199846879125493 -0.19413305458103905 0.0 
v 0.024430412126446248 -0.1898016472694128 0.0 
v 0.026466117215128034 -0.19400385087566635 0.0 
v -0.020878060954518374 -0.12749335235954498 0.0 
v -0.01759483429345592 -0.1317586473206347 0.0 
v -0.011810120464443267 -0.13590267169552 0.0 
v -0.08861660613974762 0.15027508021196098 0.0 
v -0.08699318116298647 0.14731534861509227 0.0 
v -0.08542222991676823 0.14984085040107417 0.0 
v -0.08255940150288864 0.15216866409631039 0.0 
v -0.08298886063728411 0.14829789003405136 0.0 
v -0.08370906464333869 0.15699404176363804 0.0 
v -0.07831374001960871 0.1555339399378225 0.0 
v -0.07289163482929342 0.16039062214171368 0.0 
v -0.07224677338113156 0.15238134261358738 0.0 
v -0.07506524205190511 0.16875913206823626 0.0 
v -0.06650237479529926 0.16654106097329585 0.0 
v -0.059694804332830864 0.1747266717047594 0.0 
v -0.05687253513048263 0.16320254168528628 0.0 
v -0.06692156751867213 0.1856130622726087 0.0 
v -0.05118463533168349 0.18678466647422665 0.0 
v -0.037132899962787395 0.20222736181642773 0.0 
v -0.03428069350199248 0.18110605641191194 0.0 
v -0.016357420358115896 0.21850507354319276 0.0 
v 0.00927565788283232 0.23846926360037954 0.0 
v -0.046294504910507565 0.15779828120099412 0.0 
v -0.035561855514800574 0.15077805693433868 0.0 
v -0.034578779321090894 0.1645460809579454 0.0 
v -0.019646500597818407 0.17013883551700398 0.0 
v -0.01029623622371074 0.15362585300886775 0.0 
v -0.0947836605273307 0.15069430292892727 0.0 
v -0.09165891227863969 0.15134818486414534 0.0 
v -0.09335404999731174 0.15352023810724832 0.0 
v -0.09465445792317399 0.15649813849171743 0.0 
v -0.09153101408347393 0.15556639461461888 0.0 
v -0.09858431154153043 0.15571114877163017 0.0 
v -0.09682621393748973 0.16100191365122182 0.0 
v -0.10036865205887978 0.1680246013823347 0.0 
v -0.09208730575401368 0.16646614692946082 0.0 
v -0.1087734051309002 0.16677533125796953 0.0 
v -0.10669231234436459 0.17535661338320582 0.0 
v -0.11623840515563694 0.17746402171326284 0.0 
v -0.10799959618111267 0.1885003688270303 0.0 
v -0.09591057247848887 0.19884320499019878 0.0 
v -0.1095413642938588 0.20651807167121575 0.0 
v 0.07637475328594276 -0.1610493565125034 0.0 
v 0.08235023223939798 -0.1604581124814238 0.0 
v 0.07887398681607778 -0.155199021672009 0.0 
v 0.07498732949054997 -0.1505818522875112 0.0 
v 0.08113234690572632 -0.1487081036211348 0.0 
v 0.028585684741721417 -0.2912168077095019 0.0 
v 0.027406129558377273 -0.29226986817127626 0.0 
v 0.029039072996420286 -0.29286026385055547 0.0 
v 0.031070260137296732 -0.29296802781115977 0.0 
v 0.02971013875853908 -0.29496754977966866 0.0 
v 0.024364475204476273 -0.3242985767018002 0.0 
v 0.026849305484772174 -0.32581664723740666 0.0 
v 0.027140355241164135 -0.3220761715399305 0.0 
v 0.02706055666604629 -0.3182665369592562 0.0 
v 0.030243644676563153 -0.3195294090562723 0.0 
v 0.024274040536234366 -0.3163154479677731 0.0 
v 0.02741782207893272 -0.3148460707008865 0.0 
v 0.028291699145256984 -0.31174725693516925 0.0 
v 0.03024624937483821 -0.3137214379002272 0.0 
v 0.026787905986683198 -0.309419108326298 0.0 
v 0.02944056578287083 -0.30908351569229425 0.0 
v 0.030701786779323878 -0.30649053374945784 0.0 
v 0.03217136419961076 -0.30889117863462967 0.0 
v 0.02946503760929421 -0.3044770408794098 0.0 
v 0.03159369940774157 -0.30396649011607485 0.0 
v 0.028665775870469534 -0.3027220442048071 0.0 
v 0.027507481332291406 -0.3043507297783546 0.0 
v 0.026140242820126586 -0.30559962810891134 0.0 
v 0.025926717257581153 -0.3040783563215371 0.0 
v 0.02565057262388696 -0.3074141871434828 0.0 
v 0.024790335064949202 -0.3061117144754365 0.0 
v 0.02365020272175271 -0.3061382659682479 0.0 
v 0.024178270008567832 -0.3051917116684512 0.0 
v 0.02434462124567554 -0.3092494906058183 0.0 
v 0.023505200624233214 -0.3044332498360039 0.0 
v 0.02463686417469754 -0.30409673689931055 0.0 
v 0.02526748561749532 -0.30272852447683507 0.0 
v 0.03466151926069637 -0.32037512539689394 0.0 
v 0.03252624137504623 -0.3160742243971197 0.0 
v 0.03311150767345829 -0.3120641441532464 0.0 
v 0.035687715612767505 -0.3086941427404106 0.0 
v 0.036852103778013894 -0.30427894949739565 0.0 
v 0.04076756237370295 -0.307336888570273 0.0 
v 0.03394436591867329 -0.30264281348668093 0.0 
v 0.036398073361899645 -0.30035211529919253 0.0 
v 0.03174260426975892 -0.3016202013844296 0.0 
v 0.029846836411457776 -0.30110884620029776 0.0 
v 0.03128321055559324 -0.29937193473047463 0.0 
v 0.027952294921263915 -0.30096401485314495 0.0 
v 0.026073030018893505 -0.30104739822032717 0.0 
v 0.02706916502329178 -0.299128241078793 0.0 
v 0.02427129019340818 -0.3014079324961969 0.0 
v 0.025960874256309066 -0.29717466698770184 0.0 
v 0.028287250201667963 -0.29704676177058303 0.0 
v 0.030541849406721108 -0.2971685249654217 0.0 
v 0.44503031395610476 -0.40137166680476144 0.0 
v 0.35176428213707867 -0.3692507144020211 0.0 
v 0.35691818782971063 -0.479440146081421 0.0 
v 0.37630562584980826 -0.6152740946761879 0.0 
v 0.2500830052037058 -0.5521681572918791 0.0 
v 0.5575945904553511 -0.6320917416852477 0.0 
v 0.42259245189583655 -0.7964858682348651 0.0 
v 0.2327443496702636 -0.9178874078157653 0.0 
v 0.17318681055291987 -0.49502840767460476 0.0 
v 0.14096343103845113 -0.5837202865837339 0.0 
v 0.06651891204170128 -0.6553367981760196 0.0 
v 0.06355405967291193 -0.5763640201286266 0.0 
v 0.015142050270062988 -0.7632261802020331 0.0 
v -0.015521286718875527 -0.6745370463272469 0.0 
v -0.08801405907377312 -0.6632719705710485 0.0 
v -0.03304509985700532 -0.607949703628756 0.0 
v 0.17181347171617328 -0.3339435162898613 0.0 
v 0.1819098263951833 -0.38108488788132544 0.0 
v 0.22178363345423271 -0.33666905505241107 0.0 
v 0.24740974359483275 -0.2801476295751713 0.0 
v 0.2867017627130645 -0.3247357993763548 0.0 
v 0.22046522970314963 -0.2416709563613948 0.0 
v 0.2626095161716358 -0.23063189333137185 0.0 
v 0.27339828145251677 -0.1915484217534626 0.0 
v 0.300864740570304 -0.21246059106589563 0.0 
v 0.19943313669099946 -0.21316579881208844 0.0 
v 0.18377049698813563 -0.24342842733736336 0.0 
v 0.05056187644743382 -0.18819014807614184 0.0 
v 0.049045721161963436 -0.19006001889330928 0.0 
v 0.051266472574305194 -0.190646724211837 0.0 
v 0.05397148211489842 -0.19149417787549805 0.0 
v 0.05141136211217659 -0.1935296400046972 0.0 
v 0.05634447022751195 -0.18871543879344782 0.0 
v 0.057374849003048026 -0.19250824344429004 0.0 
v 0.061608157741558846 -0.19354444784560365 0.0 
v 0.05789096216875073 -0.19703002643133288 0.0 
v 0.06459697338248449 -0.18924853161850252 0.0 
v 0.0668162929037502 -0.19403209628241394 0.0 
v 0.07270099119611552 -0.19346552144700366 0.0 
v 0.06953558287705647 -0.19965457751580523 0.0 
v 0.07938498690170936 -0.19189683167477026 0.0 
v 0.08720609807470846 -0.19046451304195144 0.0 
v 0.08380398554159024 -0.19819966996734836 0.0 
v 0.08897585778400523 -0.20460242184536176 0.0 
v 0.08016648658903848 -0.20626592869931756 0.0 
v 0.0746969973001957 -0.21378356677778812 0.0 
v 0.07239316695172439 -0.20603604965086264 0.0 
v 0.0659116291276056 -0.20550712526058307 0.0 
v 0.062317705965513844 -0.21018876473291714 0.0 
v 0.06055401694640789 -0.20560570774654482 0.0 
v 0.05632693875680807 -0.20661786150814246 0.0 
v 0.05745930204609087 -0.20204220918449156 0.0 
v 0.0540297023963505 -0.19941185085958452 0.0 
v 0.050256958109091476 -0.20128760326283657 0.0 
v 0.05093307603798873 -0.1970969687673566 0.0 
v 0.04857222853643344 -0.1946395861071443 0.0 
v 0.07591487730343831 -0.17679306743085385 0.0 
v 0.07188548165207426 -0.178933410861308 0.0 
v 0.0692068244690337 -0.18125550458270692 0.0 
v 0.06851670057098312 -0.1774049904167348 0.0 
v 0.06697631299097305 -0.18488774429882826 0.0 
v 0.0625615669929614 -0.18511067057563113 0.0 
v 0.05492287136353304 -0.18550083590577537 0.0 
v 0.05847579187748044 -0.18532789304325153 0.0 
v 0.060327434211546335 -0.18147521209260065 0.0 
v 0.05798603878336337 -0.17838655458575617 0.0 
v 0.061668841481955824 -0.17740796088273741 0.0 
v 0.06253113324981005 -0.17368712288769125 0.0 
v 0.06515190233177263 -0.17578944758803802 0.0 
v 0.060267213435488236 -0.1712873558791904 0.0 
v 0.0635211039742863 -0.17030638109250826 0.0 
v 0.06497685476336246 -0.1666856656053409 0.0 
v 0.06691404325664445 -0.16993627985470855 0.0 
v 0.06266933280253391 -0.16368973080257593 0.0 
v 0.06657350680251228 -0.1625639938170606 0.0 
v 0.060273000850523555 -0.16176026939798724 0.0 
v 0.059723413003156575 -0.16441383227661044 0.0 
v 0.05816556087865475 -0.16646651300675844 0.0 
v 0.05768522773823863 -0.16439443829873723 0.0 
v 0.05806222306880332 -0.16920286114332736 0.0 
v 0.056235856936166145 -0.1677013922372388 0.0 
v 0.054344262528863777 -0.16830013659588489 0.0 
v 0.054888799513837724 -0.16652735938893287 0.0 
v 0.05337071806688445 -0.17017293774280304 0.0 
v 0.05259820786003146 -0.1684661022921804 0.0 
v 0.051756222501618966 -0.17183486472429013 0.0 
v 0.05424777798251228 -0.172529553512068 0.0 
v 0.05719879041277191 -0.17220483916329757 0.0 
v 0.055806805235710216 -0.1754567188197712 0.0 
v 0.05434142528017935 -0.179149936114953 0.0 
v 0.053129776061139895 -0.18272529567579035 0.0 
v 0.05089480158114916 -0.1802985631680373 0.0 
v 0.051896193663883455 -0.18575829024054574 0.0 
v 0.04940308531412225 -0.18619020679085072 0.0 
v 0.06803962615205658 -0.17344256041165548 0.0 
v 0.07077929415270097 -0.17025278203870017 0.0 
v 0.1915497798158855 0.09678277798771946 0.0 
v 0.1888884003083889 0.10952431633484651 0.0 
v 0.18185084944562904 0.12315394372977272 0.0 
v 0.19962573648394458 0.12236277978678495 0.0 
v 0.16391443010622886 0.11676011202554389 0.0 
v 0.16905087265872107 0.14004233572326535 0.0 
v 0.3696307268268511 0.07182742923204481 0.0 
v 0.3341037612452651 0.05135320906125967 0.0 
v 0.36134594132441683 0.028488693329308305 0.0 
v 0.3865720885199872 -0.0009821992648248923 0.0 
v 0.34963930627492656 -0.009164777182575327 0.0 
v 0.4302856598945608 0.005314774144147036 0.0 
v 0.4062094475267115 -0.036271042712587104 0.0 
v 0.4194894839793468 -0.07722108943918254 0.0 
v 0.3815489736452353 -0.06991388915075276 0.0 
v 0.4659301000386839 -0.08795257175222182 0.0 
v 0.42458811257230544 -0.12457493246726921 0.0 
v 0.1310597364158191 -0.4605879952052682 0.0 
v 0.16780780065055528 -0.4318554505998157 0.0 
v 0.14517707522490295 -0.40170135926868333 0.0 
v 0.12077423337311258 -0.4121827818212304 0.0 
v 0.12272818182506282 -0.3894907775141152 0.0 
v 0.25290658372586666 0.060206107803854915 0.0 
v 0.2475678868342267 0.06598343109698457 0.0 
v 0.24477468596613983 0.05880305326405723 0.0 
v 0.24012063281765486 0.05227638525103713 0.0 
v 0.23816032369656345 0.05886223375753943 0.0 
v 0.23602750404718106 0.06361771623035478 0.0 
v 0.23308836490713739 0.05979617275620035 0.0 
v 0.22924325339408264 0.056961747065765705 0.0 
v 0.22935867270653296 0.06114832150069401 0.0 
v 0.228947919734704 0.06430615221395537 0.0 
v 0.22671354167628827 0.06264492110836506 0.0 
v 0.2241099217806337 0.061703857260472984 0.0 
v 0.22483934568982733 0.0642471513384267 0.0 
v 0.2227087873808514 0.05875525886712031 0.0 
v 0.22144744230282215 0.06158109899796461 0.0 
v 0.21882678764965485 0.062267168339681274 0.0 
v 0.22085127801118815 0.06410503999464635 0.0 
v 0.22028844406684248 0.06672451529005684 0.0 
v 0.2229274630072781 0.06585672347352468 0.0 
v 0.2256047602148792 0.0668098311008917 0.0 
v 0.22733840163437286 0.06918882736788853 0.0 
v 0.2281531429543391 0.06673016748534229 0.0 
v 0.23068902498393823 0.06660551142543207 0.0 
v 0.2317240221450336 0.06928161013869481 0.0 
v 0.23384884939933842 0.06699500988512876 0.0 
v 0.23787192910862628 0.06807039296520506 0.0 
v 0.2385538084939877 0.07284202725835172 0.0 
v 0.24281593404718763 0.07008090668967756 0.0 
v 0.24863587071144294 0.07330678528707488 0.0 
v 0.24820505595630296 0.08033255805646178 0.0 
v 0.25507833248793726 0.07814392496360974 0.0 
v 0.22038592540757931 0.05529613614057964 0.0 
v 0.224843579505272 0.05542014973370559 0.0 
v 0.2282577626458759 0.051524002560937227 0.0 
v 0.22580226575412304 0.04454501618450842 0.0 
v 0.23361197983047347 0.04723061924664618 0.0 
v -0.4136790525119341 -0.8050765453040603 0.0 
v -0.4070167852586873 -0.6117847725552431 0.0 
v -0.5690328007128813 -0.6947938879265556 0.0 
v -0.7129810178867046 -0.5376166734166257 0.0 
v -0.14039233278964217 -0.4291346322382152 0.0 
v -0.11129227407273704 -0.4231584478761712 0.0 
v -0.12413243368218727 -0.3959816726743457 0.0 
v -0.12915991360513185 -0.3614520142200921 0.0 
v -0.10395869011038646 -0.37285753810687594 0.0 
v -0.15710803971130355 -0.33667515695893396 0.0 
v -0.1220066011489886 -0.32757152909196047 0.0 
v -0.10644113288099885 -0.3023894060326595 0.0 
v -0.09785498492221793 -0.3235197400108961 0.0 
v -0.0988874172493066 -0.4466754645148504 0.0 
v -0.08553595245575 -0.4209513058157027 0.0 
v -0.07427109129787779 -0.3973984920761569 0.0 
v -0.061342138632023646 -0.4157545439040009 0.0 
v -0.08273739626656706 -0.37778661050161255 0.0 
v -0.06459316776892816 -0.3786316684544699 0.0 
v -0.05619864277149077 -0.3651471434698434 0.0 
v -0.04974415212541323 -0.37566502823902387 0.0 
v -0.058599503941223485 -0.35106559246840113 0.0 
v -0.046664753933216854 -0.3567938814009306 0.0 
v -0.0325404285824478 -0.3501896226046635 0.0 
v -0.038743785878877564 -0.3667885245268438 0.0 
v -0.030836126588125935 -0.3301599437249587 0.0 
v -0.015092923729204502 -0.34063626179413886 0.0 
v -9.049726418741208e-05 -0.33229290672910916 0.0 
v 0.0004608649280602936 -0.3482332655650169 0.0 
v 0.0046539363006903095 -0.3210788989478655 0.0 
v 0.009456673747217764 -0.32816037887593524 0.0 
v 0.008217706811982625 -0.3648061369483474 0.0 
v 0.01498685847990224 -0.3482807769544845 0.0 
v 0.018852789766281297 -0.33750233594867607 0.0 
v 0.026091969159899978 -0.3430478178564572 0.0 
v 0.032820227673900235 -0.33521635140085027 0.0 
v 0.0373533391514425 -0.3452029502208973 0.0 
v 0.05014158874820647 -0.344468160540485 0.0 
v 0.0438249662505395 -0.35740484751408863 0.0 
v 0.05707065831032855 -0.3325965449894859 0.0 
v 0.062085980850988404 -0.34396687831627687 0.0 
v 0.07158629669296412 -0.34567995096851784 0.0 
v 0.06657096181828641 -0.35265446127861866 0.0 
v 0.08038379680823234 -0.34118304627878826 0.0 
v 0.07740797740624848 -0.350642175756349 0.0 
v 0.08140117039209886 -0.35894081416499396 0.0 
v 0.07257032453190365 -0.3572958973156779 0.0 
v 0.09261462550035064 -0.35879037564430394 0.0 
v 0.08530694308350399 -0.3701601510721587 0.0 
v 0.08953014359083172 -0.38396450446019725 0.0 
v 0.0756276136745846 -0.38084968279912307 0.0 
v 0.10495280559327005 -0.3857987736950226 0.0 
v 0.09413556915375139 -0.3996306643497728 0.0 
v 0.10079288270159682 -0.41628872759253255 0.0 
v 0.08199829406731785 -0.4144646669564889 0.0 
v 0.11556676345189693 -0.36966000684451994 0.0 
v 0.1056184781343377 -0.35659013424160085 0.0 
v 0.12058501120284444 -0.34959555770501477 0.0 
v 0.09771101989242852 -0.34701231309492275 0.0 
v 0.0908589695832332 -0.33840781121862623 0.0 
v 0.10172483269899044 -0.33522464503294874 0.0 
v 0.08426961230051506 -0.32971545411325315 0.0 
v 0.07750909388548119 -0.31894766358875015 0.0 
v 0.0907114627544939 -0.31819682767374863 0.0 
v 0.06406961080640704 -0.3202679660631124 0.0 
v 0.07055108649339849 -0.3072872809012338 0.0 
v 0.0639975391584819 -0.2965183258044998 0.0 
v 0.07627747974755772 -0.2940385182477715 0.0 
v 0.05362409556820553 -0.2968645843688008 0.0 
v 0.05830306581952968 -0.28786752066532284 0.0 
v 0.05336275479394618 -0.28123905591254744 0.0 
v 0.061074188734103405 -0.2785466419134098 0.0 
v 0.06969692660938716 -0.27360432833555604 0.0 
v 0.06166654111657872 -0.26967615611046103 0.0 
v 0.05153544687225007 -0.32130599258394904 0.0 
v 0.0415007320754284 -0.3212544113163602 0.0 
v 0.045872866458429355 -0.3127165679502418 0.0 
v 0.04726621963880889 -0.30365020004220966 0.0 
v 0.046010566741190966 -0.2961796222250877 0.0 
v 0.041218964552077166 -0.2952379005477976 0.0 
v 0.04350319637874826 -0.29149935097575436 0.0 
v 0.03835344035632958 -0.2940612146519197 0.0 
v 0.03806455546031887 -0.2971633837739496 0.0 
v 0.03527155957486665 -0.2975594215441129 0.0 
v 0.034320752523561454 -0.2952639055826158 0.0 
v 0.03282853627178709 -0.29738342144428626 0.0 
v 0.09997745543875791 -0.30475826605397177 0.0 
v 0.10379909112501197 -0.32127883705787136 0.0 
v 0.11557193279535555 -0.331864862965018 0.0 
v 0.13761617879750898 -0.3315214631479546 0.0 
v 0.15269360040704616 -0.3012046796943727 0.0 
v 0.06427288743362623 -0.3626446555020756 0.0 
v 0.06336896817167284 -0.37561735302095434 0.0 
v 0.052766858146404756 -0.3678687255020045 0.0 
v 0.06354105312112267 -0.39122679609289507 0.0 
v 0.0647229129574434 -0.409214238395243 0.0 
v 0.04900569261638369 -0.4015885972083755 0.0 
v 0.06675310694655467 -0.4296754917803511 0.0 
v 0.0685298639381613 -0.45340375818640966 0.0 
v 0.04908842441251078 -0.4438209125678177 0.0 
v 0.09430441509519641 -0.46295175783451886 0.0 
v 0.06502978217666372 -0.4833018413032521 0.0 
v 0.1117272825754559 -0.4359024217326839 0.0 
v 0.03828890960380403 -0.3731940639293786 0.0 
v 0.034546045592985845 -0.39169414113365003 0.0 
v 0.020954180166165116 -0.3793485519022489 0.0 
v 0.032204366807840785 -0.41208628285531684 0.0 
v 0.030816906224024138 -0.43419614674979395 0.0 
v 0.013521578403590351 -0.42282677501684507 0.0 
v 0.03038967818396038 -0.458105331687278 0.0 
v 0.033537468502640916 -0.485571764401714 0.0 
v 0.007899896207343942 -0.4734457597943137 0.0 
v 0.04566949358366211 -0.5227705402398964 0.0 
v -0.032011307845602965 -0.3094816915979225 0.0 
v -0.04740503156351693 -0.3226794056405441 0.0 
v -0.06026788253195099 -0.3351293990626929 0.0 
v -0.06428351070361342 -0.31897116430276373 0.0 
v -0.07226202583948503 -0.3457311493947621 0.0 
v -0.08646912990801708 -0.3571841408745311 0.0 
v -0.08553778849405959 -0.33744593621412516 0.0 
v -0.08038321088194286 -0.3202297047178623 0.0 
v -0.07308576183571516 -0.30273728558882174 0.0 
v -0.036777033678732786 -0.38462424597863654 0.0 
v -0.019765113982722335 -0.39633535140612813 0.0 
v -0.03998798294921127 -0.4069912582148313 0.0 
v 0.0012527810437255637 -0.3865960828801748 0.0 
v -0.0030300964542217053 -0.4100357618502199 0.0 
v -0.006433053314696157 -0.4336199652377668 0.0 
v -0.044263628361204115 -0.43161078015625787 0.0 
v -0.026472088223081783 -0.4442674872048341 0.0 
v -0.045669880651794864 -0.4571510080755495 0.0 
v -0.010315562184499728 -0.4575250378754883 0.0 
v -0.0185772957943597 -0.48243549178661915 0.0 
v -0.08884625201174844 -0.471926804483132 0.0 
v -0.1142451802632423 -0.4710468298705361 0.0 
v -0.13024568860252014 -0.5010823185692285 0.0 
v -0.14289118672248466 -0.4664671970869925 0.0 
v -0.10324205359148063 -0.5237067831526673 0.0 
v -0.14546566908309178 -0.5499470010571712 0.0 
v -0.06745289385061182 -0.5251671308453335 0.0 
v -0.080952754091273 -0.4977244226858734 0.0 
v -0.06424307168484347 -0.4754602648395465 0.0 
v -0.042206242402405766 -0.48080394659112285 0.0 
v -0.03740221263810132 -0.5079891345037776 0.0 
v -0.03599460381011669 -0.5496292416828901 0.0 
v 0.009912075854935407 -0.5647668603298749 0.0 
v 0.038227598336139874 -0.14980573200854072 0.0 
v 0.03417014528470721 -0.14870569832910246 0.0 
v 0.035394315471023806 -0.1534535234462806 0.0 
v 0.037280403897152016 -0.1575295373622164 0.0 
v 0.03291978889261316 -0.1578705390780974 0.0 
v -0.039086877006465334 0.32050023920451737 0.0 
v -0.004869230136014373 0.2764024127849701 0.0 
v 0.042384612120951896 0.2680755689950621 0.0 
v -0.1015641902232688 0.1078220704281423 0.0 
v -0.09895870382109091 0.09524839479408657 0.0 
v -0.09197531671168047 0.10522660543739516 0.0 
v -0.08795460546796817 0.11364897188235747 0.0 
v -0.0819797160788978 0.10614137073503274 0.0 
v -0.09332368204144148 0.11888376930554305 0.0 
v -0.08671801210028386 0.12206414510160482 0.0 
v -0.08735005486622563 0.12920943983803174 0.0 
v -0.08071870426250899 0.12742834474935028 0.0 
v -0.07165812883581801 0.1074488455380015 0.0 
v -0.07572741553580069 0.09782321071931015 0.0 
v -0.06876738218597406 0.0906705694920001 0.0 
v -0.07865895874442963 0.08715379893881614 0.0 
v -0.09069258769678014 0.08316879107680737 0.0 
v -0.07977830386218829 0.07453216501485793 0.0 
v -0.05650414705646388 0.15183002791350314 0.0 
v -0.05801819616695546 0.1405072583918706 0.0 
v -0.06564438349417864 0.1474310451574732 0.0 
v -0.07324098891369547 0.14502508264411856 0.0 
v -0.07606800181996927 0.13996559443869105 0.0 
v -0.07816047561306218 0.14354917620985372 0.0 
v -0.08096332877026817 0.1417076964827814 0.0 
v -0.0815515302639671 0.1451555860880837 0.0 
v -0.08460976066217055 0.1459142302456896 0.0 
v -0.08707539974722343 0.1439508239690663 0.0 
v -0.018445939502921033 -0.11305685218742097 0.0 
v -0.021790803507926552 -0.11632473924287921 0.0 
v -0.025042691645743353 -0.11960045183995285 0.0 
v -0.025809368542421305 -0.11478404578255814 0.0 
v -0.0256235209906663 -0.11046187592530389 0.0 
v -0.029518149234899264 -0.11198497355780941 0.0 
v -0.035212314574459794 -0.11288301297061641 0.0 
v -0.03177749262286754 -0.10748080256153336 0.0 
v -0.03786537972579014 -0.11981738795891037 0.0 
v -0.04236818322220084 -0.11430090644419667 0.0 
v -0.04969718019282564 -0.11774888179017069 0.0 
v -0.04821478141033628 -0.10860451502256954 0.0 
v -0.0467047095911743 -0.10046081156821779 0.0 
v -0.05337172990441245 -0.10248056642946074 0.0 
v -0.06088666623855778 -0.10160773355523932 0.0 
v -0.05584792477663613 -0.09618352727009855 0.0 
v -0.0680361575398072 -0.10762306388957375 0.0 
v -0.06806240197153897 -0.09829724168782343 0.0 
v -0.07437698945883378 -0.09414184371529621 0.0 
v -0.06788489968351864 -0.09022665636482782 0.0 
v -0.08055142488018846 -0.09701426768476777 0.0 
v -0.07997255990220137 -0.0909542318018657 0.0 
v -0.08539476640890557 -0.09020530265968282 0.0 
v -0.0815778153247898 -0.08459792344197332 0.0 
v -0.07794535989337718 -0.07947906745962881 0.0 
v -0.08272891504009143 -0.0783036305175198 0.0 
v -0.0874256109584744 -0.07382226113948406 0.0 
v -0.08120083516014923 -0.0730631135172277 0.0 
v -0.09561703303631904 -0.07607477379016127 0.0 
v -0.09239548323338224 -0.06660743152615005 0.0 
v -0.0974934838884308 -0.05746280373256806 0.0 
v -0.08750942439807644 -0.057969524407557184 0.0 
v -0.107282784422519 -0.05750042658957097 0.0 
v -0.10370132919467241 -0.048433244654769655 0.0 
v -0.1134754992420492 -0.04404413824870866 0.0 
v -0.10229287550416154 -0.034345207116080856 0.0 
v -0.02901159313667674 -0.14841773203423556 0.0 
v -0.03808642812891876 -0.14283550383711896 0.0 
v -0.04939150796427534 -0.14607580812412596 0.0 
v -0.044633387234026226 -0.13508565097481381 0.0 
v -0.29605701382460503 -0.008694956997776686 0.0 
v -0.2635923217947354 0.0011404139182288626 0.0 
v -0.23678739970680354 0.003048924113392782 0.0 
v -0.24703006997336538 -0.019522795718563933 0.0 
v -0.21787201416085358 0.02524893500459205 0.0 
v -0.21478075083807904 -0.0035926772212696444 0.0 
v -0.19887557555743193 -0.019276215283692333 0.0 
v -0.21685347561514084 -0.02493723270620487 0.0 
v -0.17663061142520084 -0.021689844007420682 0.0 
v -0.19147775408317985 -0.03851155615032782 0.0 
v -0.18832620422976676 -0.058621052859576125 0.0 
v -0.20496699099249563 -0.05135176765274324 0.0 
v -0.17101564841358477 -0.06489912300284578 0.0 
v -0.18473987275077353 -0.0791566879392047 0.0 
v -0.17945558853005147 -0.09933527902154236 0.0 
v -0.19837125258598431 -0.0950679141491233 0.0 
v -0.16010183500986594 -0.1021198243126957 0.0 
v -0.17335690321130254 -0.12062047193458164 0.0 
v -0.15554654052516664 -0.0039878758132482015 0.0 
v -0.1554252625874653 -0.03223470069899684 0.0 
v -0.14128807249611083 -0.04693893220010579 0.0 
v -0.15709030975606098 -0.053294025599703164 0.0 
v -0.12579046160029161 -0.04928804722048491 0.0 
v -0.13497209721527434 -0.06074900697874127 0.0 
v -0.13034579155476064 -0.07270617328777106 0.0 
v -0.14236799330922745 -0.07226488056746065 0.0 
v -0.1201263752387697 -0.07332313575621742 0.0 
v -0.12492927554143453 -0.0825731691141034 0.0 
v -0.11802733599225536 -0.08931803356691377 0.0 
v -0.1279162818371486 -0.09458278242782883 0.0 
v -0.11085558575212878 -0.08422917992544007 0.0 
v -0.10978130257473186 -0.09308343882522567 0.0 
v -0.10105042120387518 -0.09386502365082527 0.0 
v -0.10661405077815223 -0.1033380950609757 0.0 
v -0.15563818480542504 -0.06996030412809195 0.0 
v -0.15051889461728937 -0.08542538041180078 0.0 
v -0.14179931000759585 -0.10002245978472882 0.0 
v -0.12873964478135613 -0.11014528691508502 0.0 
v -0.18956705932556422 0.18568601141354135 0.0 
v -0.21743048277674176 0.18408295090493879 0.0 
v -0.2184584061559856 0.15521050024676897 0.0 
v -0.19662026793124393 0.14229766190776963 0.0 
v -0.22089438388454033 0.12922977771808683 0.0 
v -0.23743392635045787 0.09875193716818552 0.0 
v -0.22524411271774816 0.060316882959183644 0.0 
v -0.1941637561716304 0.04787868219572747 0.0 
v -0.17314597325704995 0.04030620828556282 0.0 
v -0.15719236875007073 0.026070693947414725 0.0 
v -0.13244708294899768 0.014456618893610452 0.0 
v -0.11194046875390645 0.03261922657274872 0.0 
v -0.10704114407234652 0.006786009970869476 0.0 
v -0.11177510033072063 0.05784113004240469 0.0 
v -0.09362519546406126 0.046495691087184404 0.0 
v -0.0782268739900922 0.05839220159575126 0.0 
v -0.07542788954660701 0.03889609233313608 0.0 
v -0.06689177949878881 0.0704399485492738 0.0 
v 0.03032957050787695 -0.11970591058533779 0.0 
v 0.024383020152837716 -0.1243857317573389 0.0 
v 0.029460612517398448 -0.1270676721938973 0.0 
v 0.03313462373381423 -0.1323125695177006 0.0 
v 0.026933261827645143 -0.13247240419979142 0.0 
v 0.03971664426763258 -0.13227678843570054 0.0 
v 0.036313341705608425 -0.13795909701049022 0.0 
v -0.10688762179881789 0.07957203442259458 0.0 
v -0.12888863900322936 0.07508268049505998 0.0 
v -0.14896571802348035 0.14187715914452073 0.0 
v -0.1704837173224203 0.13824261563997234 0.0 
v -0.18046012302808628 0.16230698884993955 0.0 
v 0.034360669873986394 -0.14356415409356177 0.0 
v 0.039014419737156324 -0.14250138688965744 0.0 
v 0.0435116744435153 -0.14274918885803692 0.0 
v 0.04080442230857867 -0.14644398247876764 0.0 
v 0.04211077928104679 -0.15036774007336448 0.0 
v 0.045842490960552866 -0.15098943783309127 0.0 
v 0.04339951688315468 -0.15412611830942013 0.0 
v -0.13588759434779915 -0.16383261446335023 0.0 
v -0.1323253028559818 -0.14509247312777596 0.0 
v -0.14997038277827543 -0.15324120052694326 0.0 
v -0.16549158265060757 -0.1673554908830878 0.0 
v -0.1688546921765063 -0.14429611936944278 0.0 
v -0.18920696074534665 -0.13722819343417597 0.0 
v -0.20596447757659317 -0.15165678638722166 0.0 
v -0.20772073678867967 -0.13048677773849265 0.0 
v -0.20591150060746713 -0.17733197370609463 0.0 
v -0.22574712533675875 -0.1621337708286882 0.0 
v -0.2519371213534725 -0.16737331661506172 0.0 
v -0.23831069742513927 -0.14236414550397328 0.0 
v -0.2667983329297235 -0.20334794117387608 0.0 
v -0.28585162402137804 -0.1661141511508279 0.0 
v -0.20417330908765413 -0.21016797389727854 0.0 
v -0.18150736559067707 -0.18684408323281318 0.0 
v -0.1575203823847115 -0.18797150131781684 0.0 
v -0.3363730527565953 -0.028414973363750793 0.0 
v -0.29761316644583746 -0.05016934188512713 0.0 
v -0.2680929867353157 -0.059262623793933905 0.0 
v -0.28500130443703825 -0.08585810319166431 0.0 
v -0.24981458509363688 -0.042981228780699265 0.0 
v -0.24724246183205695 -0.06421506781162922 0.0 
v -0.23270629511350127 -0.06878664380349393 0.0 
v -0.24090066154751444 -0.0798292480414382 0.0 
v -0.21979130836572827 -0.06079934796665695 0.0 
v -0.2229943869989751 -0.07691164274134427 0.0 
v -0.21635505136980834 -0.09169598190846397 0.0 
v -0.2309304944711919 -0.08813981791021984 0.0 
v -0.21161438296866533 -0.11053387982472944 0.0 
v -0.22515037848511957 -0.12516464079844472 0.0 
v -0.24409694880553684 -0.11928714207691891 0.0 
v -0.26468126198810416 -0.10782599872455023 0.0 
v -0.24463996498583637 -0.09712902415257048 0.0 
v -0.29286730470476874 -0.12448341921443103 0.0 
v -0.32915302225797055 -0.15573063284751662 0.0 
v -0.3672325682381889 -0.20647353099100582 0.0 
v -0.3860014808371257 -0.13580982303595196 0.0 
v -0.3366683683308783 -0.26321001997512433 0.0 
v -0.3997728086574748 -0.2767335987295709 0.0 
v -0.21890011936008227 -0.04287835985053316 0.0 
v -0.23259683750558147 -0.032881507440912026 0.0 
v 0.05187107765360956 -0.16693286831353146 0.0 
v 0.05089175821591938 -0.16853981454504627 0.0 
v 0.05019845851284153 -0.1704434810810582 0.0 
v 0.04893860531397469 -0.1689056585180202 0.0 
v 0.049387130230462935 -0.17266794700256746 0.0 
v 0.047638800132739315 -0.175166066277238 0.0 
v 0.046968024003831654 -0.17234391795364795 0.0 
v 0.04812954129063868 -0.17852871896909442 0.0 
v 0.04527876874595106 -0.17741488953504225 0.0 
v 0.04291038840150036 -0.17952566529402791 0.0 
v 0.04253035554775734 -0.1764041912991363 0.0 
v 0.04335389861265754 -0.18256046466981984 0.0 
v 0.040574290575239806 -0.18172042282591297 0.0 
v 0.0381724500620844 -0.18416508882958957 0.0 
v 0.03762081214692162 -0.18069517114527386 0.0 
v 0.039106289653923786 -0.1875807433009492 0.0 
v 0.03564410765854849 -0.18699877414674468 0.0 
v 0.033092921372632055 -0.19028909604150898 0.0 
v 0.03181379906283682 -0.18616563792419158 0.0 
v 0.03460193512965301 -0.19402912865229643 0.0 
v 0.030694180180529284 -0.19396701663404667 0.0 
v 0.0285125812661772 -0.1979314090071898 0.0 
v 0.03620769029958615 -0.19746001536330046 0.0 
v 0.03824289453910297 -0.19415863406847678 0.0 
v 0.04038856453957227 -0.19093356489972874 0.0 
v 0.041771285731510795 -0.19437103016672966 0.0 
v 0.04232594411643018 -0.18785565289172462 0.0 
v 0.04399383082734526 -0.18530736240117135 0.0 
v 0.04514379131479491 -0.1875936382913936 0.0 
v 0.04580410993266117 -0.18340287342264316 0.0 
v 0.04806906664977852 -0.18181463137975226 0.0 
v 0.04779202023925632 -0.18457194871409596 0.0 
v 0.047330392893411836 -0.18687687982423676 0.0 
v 0.042991860110444924 -0.19784159572205548 0.0 
v 0.04527447992034709 -0.19472484044440375 0.0 
v 0.047291945177365825 -0.1919786697474838 0.0 
v 0.046971960588174065 -0.18924393939935671 0.0 
v 0.027278636058753625 -0.18521112135231207 0.0 
v 0.021753554124017062 -0.185324352791171 0.0 
v 0.03737131483717141 -0.17737600894811326 0.0 
v 0.03708558827974955 -0.1742813260361312 0.0 
v 0.039803886314313225 -0.17534698504024107 0.0 
v 0.03413271707025411 -0.17340447957883082 0.0 
v 0.03675041223273117 -0.1710450376316545 0.0 
v 0.03678699631800734 -0.16769073421058572 0.0 
v 0.039264778563961815 -0.1691079219978035 0.0 
v 0.030268760632668437 -0.17242581930328174 0.0 
v 0.025636562865813606 -0.16996920825426853 0.0 
v 0.03029547316221623 -0.16738306644698134 0.0 
v 0.0421936708924086 -0.1733009340949283 0.0 
v 0.04191150828347306 -0.17018294485878224 0.0 
v 0.044553092737233235 -0.17133671306433712 0.0 
v 0.041487522590998596 -0.1671101742110548 0.0 
v 0.040644590925914825 -0.16420076216616272 0.0 
v 0.04359052463044477 -0.16476481262246528 0.0 
v 0.04570505770793859 -0.16288214545818658 0.0 
v 0.04613022434493239 -0.16523627959080767 0.0 
v 0.0481409643376448 -0.1650431421657535 0.0 
v 0.047417752209553854 -0.1672255647169402 0.0 
v 0.0468433353799261 -0.16978330677278577 0.0 
v 0.035368580767155954 -0.3270311199537814 0.0 
v 0.02937030083066809 -0.3291754715759973 0.0 
v 0.025017082970635998 -0.3288686500549663 0.0 
v 0.02107816707863438 -0.3308836624309609 0.0 
v 0.02258112644127928 -0.32686288712791045 0.0 
v 0.01553590278180387 -0.3310694181116664 0.0 
v 0.015008721926673416 -0.325397514476392 0.0 
v 0.040746602958126946 -0.20542051543280518 0.0 
v 0.03924803170607431 -0.20320038854013708 0.0 
v 0.03809587351043342 -0.205964784548127 0.0 
v 0.03720701058642518 -0.20854279596862502 0.0 
v 0.035394110819872274 -0.2067636543516212 0.0 
v 0.03312568113379335 -0.20452827611082186 0.0 
v 0.032583372588214796 -0.20816733070237897 0.0 
v 0.0326811765990071 -0.2111491843236245 0.0 
v 0.030081590153677902 -0.21046709662806118 0.0 
v 0.034511863362167446 -0.21209982669448393 0.0 
v 0.03294307063351846 -0.21347072376718912 0.0 
v 0.03112355729332305 -0.21521439779221574 0.0 
v 0.03590460395321727 -0.21149425616249592 0.0 
v 0.036841474129695226 -0.21045887360329346 0.0 
v 0.038257373150394715 -0.21007378392051018 0.0 
v 0.02436453491824133 -0.20643835805976105 0.0 
v 0.021797196457657268 -0.21050288353213006 0.0 
v 0.02634977844615255 -0.21048324242951016 0.0 
v 0.028625872458909043 -0.2136804918010222 0.0 
v 0.028611672162217237 -0.2175981251334581 0.0 
v 0.025610252254393576 -0.22135641081414564 0.0 
v 0.02016186684968604 -0.22096560454617223 0.0 
v 0.022712736237047886 -0.2264899081882392 0.0 
v 0.01993883265291821 -0.23277706153313854 0.0 
v 0.012861165959366084 -0.23368629701397958 0.0 
v 0.01694231461858553 -0.24007705486074335 0.0 
v -0.06671316710881084 -0.13275613038845344 0.0 
v -0.07687832162060489 -0.14388490620245686 0.0 
v -0.06269346880437926 -0.14651767421852863 0.0 
v -0.0555581612237287 -0.16005905053501507 0.0 
v -0.04913205375821992 0.13229210031275776 0.0 
v -0.061109624049268674 0.12884778203215733 0.0 
v -0.06608702164092908 0.11756493198026083 0.0 
v -0.07192270674651337 0.12713323700992848 0.0 
v -0.06111905315816423 0.10679934395277385 0.0 
v -0.04957420814022927 0.10363145276066424 0.0 
v -0.05912457222613681 0.09544082574454105 0.0 
v -0.06078410389891161 0.082887581301273 0.0 
v -0.051700824728380036 0.07143199248080091 0.0 
v -0.07684076600369624 0.1340982550355339 0.0 
v -0.07987447880205638 0.13845561581370294 0.0 
v -0.08351775011165007 0.13938637502836404 0.0 
v -0.14503418299723939 0.17748173594027647 0.0 
v -0.13962555596219173 0.15836245446152364 0.0 
v -0.12808256474510352 0.1713049878772285 0.0 
v -0.11681272944046694 0.16710476081566106 0.0 
v -0.11245906494653733 0.1586774050669404 0.0 
v -0.10784334318546908 0.1526752498957228 0.0 
v -0.1141552232706881 0.1499689022608537 0.0 
v -0.10235402882373418 0.15259367077752609 0.0 
v -0.10486367888427706 0.1483331301184884 0.0 
v -0.09823583488158599 0.1514514292540368 0.0 
v -0.09712233537046742 0.14769616222052206 0.0 
v -0.12662337405809515 0.1313731060486052 0.0 
v -0.11824015954643773 0.12083354167151832 0.0 
v -0.10856545047197333 0.1251021360281641 0.0 
v -0.10802854218357594 0.1158165966717316 0.0 
v -0.10577096066174876 0.13227888781349567 0.0 
v -0.10214202070957544 0.12728947840783536 0.0 
v -0.1072949060723122 0.13844582038303208 0.0 
v -0.10254854002828133 0.13690079397735105 0.0 
v -0.10005177635689992 0.13989879373124528 0.0 
v -0.09862699039854053 0.13689441262826177 0.0 
v -0.100319212741662 0.14281372761436703 0.0 
v -0.09816568052531532 0.14196000114890164 0.0 
v -0.09693125926267745 0.1442752747274585 0.0 
v -0.09547210974023455 0.14153106283036845 0.0 
v -0.09937609540171138 0.1452738537024671 0.0 
v -0.10249735523169606 0.1449753938647681 0.0 
v -0.1064938804675995 0.14389118306120882 0.0 
v -0.11196295131775791 0.14275673370116918 0.0 
v -0.12066536370832104 0.14273971597485433 0.0 
v -0.13317818973758824 0.1433835559928339 0.0 
v -0.004016994219484368 0.3923338250136785 0.0 
v -0.09466286088997213 0.38203127244454504 0.0 
v -0.18500325047237973 0.3569003164525727 0.0 
v -0.16623596622198747 0.45827471164159084 0.0 
v -0.26756229271019527 0.3202920785644833 0.0 
v -0.3421228224804153 0.2698090998181472 0.0 
v -0.35382752440878223 0.3735269406128148 0.0 
v -0.3323248101775753 0.18475646810681312 0.0 
v -0.4045062965947528 0.21029700270594368 0.0 
v -0.45234251671604964 0.14231183749683707 0.0 
v -0.4893810468232548 0.2254554654390477 0.0 
v -0.41771971510414996 0.06971031372155043 0.0 
v -0.2531786655185159 0.5388592661995172 0.0 
v -0.36033625383817874 0.4950398369536078 0.0 
v -0.35309935688425936 0.6338998600671006 0.0 
v -0.4578912975087946 0.4260926300414414 0.0 
v -0.5368073501499369 0.3322745305146002 0.0 
v -0.586348635397293 0.47551243352877387 0.0 
v -0.5876635715429896 0.21722883519147418 0.0 
v -0.7162658629407723 0.17283405692403295 0.0 
v -0.30420561977409605 0.7887247827958507 0.0 
v -0.48892229019007616 0.7574354892283713 0.0 
v -0.6294712380157587 0.657018696066014 0.0 
v -0.7461033578091468 0.5204274480725952 0.0 
v -0.839098949037744 0.33914111275606035 0.0 
v -0.8946357259007003 0.11429983524445372 0.0 
v -0.9291946910846773 -0.13617465225730288 0.0 
v -0.8276850713295089 -0.3460445508359366 0.0 
v -0.6333629445524162 -0.32141291477812833 0.0 
v -0.49018313076644465 -0.3008495368649025 0.0 
v -0.40961233458562557 -0.36861867398179426 0.0 
v -0.027231454355976147 0.1048182389974967 0.0 
v -0.017536388328698166 0.11578767777642344 0.0 
v -0.03092142397350608 0.11534572347931937 0.0 
v -0.04057702378590566 0.11163796403699755 0.0 
v -0.03934467704642621 0.12377198400695166 0.0 
v -0.03784339213298952 0.10140415022684633 0.0 
v -0.03695726870979305 0.13720709240275594 0.0 
v 0.08336372861735232 0.37600652561867515 0.0 
v 0.05778136701585631 0.4748877031314693 0.0 
v -0.1279530958013368 -0.2552897603695842 0.0 
v -0.13979231310464513 -0.2306426355474465 0.0 
v -0.15936272025725892 -0.2579402645868196 0.0 
v -0.1825495933005386 -0.29764004332916316 0.0 
v -0.19832148401995617 -0.25202463503579897 0.0 
v -0.2050540990518094 -0.3503198016449586 0.0 
v -0.2215295342525144 -0.4141110555460138 0.0 
v -0.2645157392264038 -0.36623831028424325 0.0 
v -0.3321129219477673 -0.3797563775791974 0.0 
v -0.30255490469151725 -0.3129601968976283 0.0 
v -0.28256843846589885 -0.25248246988645584 0.0 
v -0.2371632408577686 -0.2337641831616919 0.0 
v 0.26226979132254585 0.06332066977404603 0.0 
v 0.2590871712949068 0.052609947038774384 0.0 
v 0.26813068464445616 0.044066562441498265 0.0 
v 0.5031560141431988 -0.03970323205496625 0.0 
v 0.536744297690296 0.01566218895241218 0.0 
v 0.48014829605818393 0.009534212745930361 0.0 
v 0.4545354204405277 0.054468767066956796 0.0 
v 0.0696876206157096 -0.1525784870439977 0.0 
v 0.07063365417151146 -0.14696160152314167 0.0 
v 0.06650001103730556 -0.14447731338139197 0.0 
v 0.07037322113849724 -0.14130014849653938 0.0 
v 0.06849556426415564 -0.13635221069912135 0.0 
v 0.07417898859905464 -0.1364922071104041 0.0 
v 0.07808982462206335 -0.1313389975813008 0.0 
v 0.08012776518796637 -0.1368135299704227 0.0 
v 0.0876391221159733 -0.1470818031361958 0.0 
v 0.08349810091864798 -0.14200466901083697 0.0 
v 0.08568664737840034 -0.13587427874853908 0.0 
v 0.05709205244782976 -0.16283951110305112 0.0 
v 0.056162792547267026 -0.1640834506852594 0.0 
v 0.05507374055968034 -0.16500665264912778 0.0 
v 0.05495137589930892 -0.16371535009956711 0.0 
v 0.053918175153462346 -0.165543703712992 0.0 
v 0.05272022616232884 -0.16571618761090723 0.0 
v 0.05324098855328367 -0.16464826142078126 0.0 
v 0.05253311472583322 -0.1638290048425523 0.0 
v 0.05374173071256397 -0.16351646099117817 0.0 
v 0.05471491666755928 -0.16231521777210595 0.0 
v 0.0546953486711978 -0.16031397985283752 0.0 
v 0.05620431556985862 -0.16149776336831148 0.0 
v 0.05879547688117703 -0.14885967656131788 0.0 
v 0.06195410316104933 -0.15128851457987505 0.0 
v 0.06256187631072692 -0.1467786358096928 0.0 
v 0.06296712269443026 -0.1422079718638251 0.0 
v 0.05940022115982688 -0.13969848201454974 0.0 
v 0.06370321447118357 -0.13754768660091085 0.0 
v 0.06497641886164056 -0.132081988813722 0.0 
v 0.06046571878272876 -0.1285340016098845 0.0 
v 0.0660569064925923 -0.12562736107486483 0.0 
v 0.06683517877687359 -0.11901642127517585 0.0 
v 0.07169837738254413 -0.1223847194024602 0.0 
v 0.0618393167220097 -0.1150177140171058 0.0 
v 0.0683619838810615 -0.1123555513857783 0.0 
v 0.18057205480647326 -0.11610963142806244 0.0 
v 0.1896291735962927 -0.10824918812496791 0.0 
v 0.18025853127154753 -0.10398326633140799 0.0 
v 0.17217018941901988 -0.09751393746613253 0.0 
v 0.1817575374945648 -0.09335038761641634 0.0 
v 0.16287553245761854 -0.09995627420952283 0.0 
v 0.16549326306706116 -0.09170740040797348 0.0 
v 0.15508073357311813 -0.09902605274855775 0.0 
v 0.1567574989150273 -0.10792316283247447 0.0 
v 0.15777414646115387 -0.1196521732897993 0.0 
v 0.14831663775047588 -0.1142916416959946 0.0 
v 0.1407317019336312 -0.10929456691861598 0.0 
v 0.1393019277360817 -0.11874922957771443 0.0 
v 0.13624517786341123 -0.12886465016465168 0.0 
v 0.13060368531187566 -0.12141498433844658 0.0 
v 0.12569244007867614 -0.11529327744766504 0.0 
v 0.12263544243859015 -0.12273654911434013 0.0 
v 0.20072365476728737 -0.11230446069017123 0.0 
v 0.197461405750522 -0.09918235255755752 0.0 
v 0.1913606268209018 -0.09008347370277216 0.0 
v 0.2025820079820199 -0.08663022258250351 0.0 
v 0.18434315202331206 -0.08293976128992729 0.0 
v 0.17806904826356848 -0.07608950407838026 0.0 
v 0.18663495551008918 -0.07298811586995604 0.0 
v 0.21545229495799356 -0.07973578448187517 0.0 
v 0.20413683455206127 -0.07356369157175383 0.0 
v 0.19516978835395257 -0.0683792487520712 0.0 
v 0.20352621525684966 -0.06201081311421746 0.0 
v 0.1877822664422376 -0.06386341443606096 0.0 
v 0.18167423415911235 -0.05977852281419083 0.0 
v 0.18788179526480842 -0.0557272455081439 0.0 
v 0.06094684489640718 -0.1554901819988494 0.0 
v 0.06503852940398662 -0.1542664445573394 0.0 
v 0.06818888217601293 -0.15779304604398978 0.0 
v 0.0711607812140934 -0.16170363618356157 0.0 
v 0.06462884874396548 -0.254200439588563 0.0 
v 0.05639036190131591 -0.2558170867467293 0.0 
v 0.06015561100279402 -0.2619326481438001 0.0 
v 0.05548346321933923 -0.2670329550931757 0.0 
v 0.05069802283433873 -0.26490484703780653 0.0 
v 0.05059666345565045 -0.27029171475954755 0.0 
v 0.04921442488154965 -0.27619463063713273 0.0 
v 0.045825163113992214 -0.2720577930550533 0.0 
v 0.04682602576025725 -0.28224695559783036 0.0 
v 0.043736004748856736 -0.28684041874510846 0.0 
v 0.04191233127001246 -0.2829488273260832 0.0 
v 0.040708260298531446 -0.2893036562498646 0.0 
v -0.03701245585836383 -0.062331472065123655 0.0 
v -0.034100326847179466 -0.053272657506753286 0.0 
v -0.04112073573753183 -0.04587255290766093 0.0 
v -0.030943142337146942 -0.04266879171987563 0.0 
v -0.05108626507172839 -0.0499899334650831 0.0 
v -0.049026644543706865 -0.03806923958737171 0.0 
v -0.056672331828880027 -0.027902372656765137 0.0 
v -0.044809969958231534 -0.02667031672528441 0.0 
v -0.07078718192025826 -0.028509027240034124 0.0 
v -0.06271615678904709 -0.015091964966676082 0.0 
v -0.06755550162101767 0.00038933958933103855 0.0 
v -0.05310172091231716 -0.003978996755347082 0.0 
v -0.08544681806977708 0.0036148619154112564 0.0 
v -0.07187318699146873 0.01889049573199972 0.0 
v -0.05797450614631611 0.03236301570651861 0.0 
v -0.09700116509032457 -0.014805891425161847 0.0 
v -0.08611335302509501 -0.029808004092334136 0.0 
v -0.0775184466910581 -0.04166759810046535 0.0 
v 0.07537931366450368 -0.11158454621754028 0.0 
v 0.07677420066821054 -0.11844800513983754 0.0 
v 0.08239303710330309 -0.11388336390659434 0.0 
v 0.08944040788264236 -0.11070008599052367 0.0 
v 0.08790439509755611 -0.11766651990139687 0.0 
v 0.09357151841589766 -0.10307789706386898 0.0 
v 0.09658039068994875 -0.11049420809929536 0.0 
v 0.09788781880688374 -0.11720157528171087 0.0 
v 0.09793800629136014 -0.12411241263948106 0.0 
v 0.09272285884308776 -0.12093513971638727 0.0 
v 0.0874327443583823 -0.12409364450779026 0.0 
v 0.0984250381587423 -0.09632565200370369 0.0 
v 0.09097911540146605 -0.09465553391648925 0.0 
v 0.0833965776951623 -0.0907947874652332 0.0 
v 0.09016800840351229 -0.08650729380613632 0.0 
v 0.09524653714525709 -0.08171386508654371 0.0 
v 0.08959793683985785 -0.07964656086293238 0.0 
v 0.08331775167735245 -0.07694140281826307 0.0 
v 0.08992953268697125 -0.07269643293080884 0.0 
v 0.07772782123748229 -0.08405953054089822 0.0 
v 0.07455315107813418 -0.07430523902077557 0.0 
v 0.06453563184002639 -0.07066944191410485 0.0 
v 0.07305622033567231 -0.06327512325696788 0.0 
v 0.05557048841072196 -0.07674975230671854 0.0 
v 0.05538118729862603 -0.06636499692185367 0.0 
v 0.04660709638405656 -0.06257117862569224 0.0 
v 0.05451594819785111 -0.05598809797930621 0.0 
v 0.03903301768468572 -0.06903453640585902 0.0 
v 0.037731349764458764 -0.059357828280679766 0.0 
v 0.028209623303409707 -0.057548515277358735 0.0 
v 0.0355972231500238 -0.04881093572108679 0.0 
v 0.02263609337175304 -0.06770949290724741 0.0 
v 0.01688115938734821 -0.05678681429942915 0.0 
v 0.004732619987270531 -0.05474304112114924 0.0 
v 0.013057520237219143 -0.04463847366616992 0.0 
v -0.0035768270773079767 -0.06211056280833408 0.0 
v -0.0055175679208063514 -0.053389930291323905 0.0 
v -0.01333602513778579 -0.0560528057353721 0.0 
v -0.012113588249912943 -0.04590265782696098 0.0 
v -0.01027574744890191 -0.03394782187618739 0.0 
v -0.020600451206682205 -0.03883637100771813 0.0 
v -0.02844908789116682 -0.03186937811549033 0.0 
v 0.07405164588141626 -0.09413796597688623 0.0 
v 0.07114035934027553 -0.10436254994556697 0.0 
v 0.0643230074288452 -0.09799520934177733 0.0 
v 0.09652644576088411 -0.07101414982253565 0.0 
v 0.09232184539395458 -0.06507619864424363 0.0 
v 0.08871244334957042 -0.058659805949392296 0.0 
v 0.09481013365641935 -0.05802599823991649 0.0 
v 0.08110694811610916 -0.056044386671101926 0.0 
v 0.0886424209635669 -0.05165397493976978 0.0 
v 0.09302270045388963 -0.04448946397991401 0.0 
v 0.09491354431293708 -0.05179971181381313 0.0 
v 0.09184406404081308 -0.03498837790183131 0.0 
v 0.09971771600590297 -0.03861604943004894 0.0 
v 0.0716365461524208 -0.052341426089063975 0.0 
v 0.062246584791696175 -0.04942866252401544 0.0 
v 0.0689779782301284 -0.042017718324494704 0.0 
v 0.05383248595976159 -0.0456974379469014 0.0 
v 0.04457175531845091 -0.040573726784387934 0.0 
v 0.055010326690245685 -0.03506726557274883 0.0 
v 0.03292961604837788 -0.03670065032943564 0.0 
v 0.02112194741531219 -0.035096750824052114 0.0 
v 0.02791338618933134 -0.02460014754928123 0.0 
v 0.010438165286850572 -0.032591087086520476 0.0 
v 7.853073529143957e-05 -0.0277532085435536 0.0 
v 0.00981853369184249 -0.021035412492020938 0.0 
v -0.009613876943830677 -0.02207207037455878 0.0 
v -0.018584006229039354 -0.01697884907036539 0.0 
v -0.009890117365361328 -0.010560309990062166 0.0 
v 0.10095300917749635 -0.054574682891100505 0.0 
v 0.10726339904062296 -0.04987978398314878 0.0 
v 0.10765105464021775 -0.05785065031085387 0.0 
v 0.10685807104249298 -0.041847787180776946 0.0 
v 0.1136930814552135 -0.04509604130913066 0.0 
v 0.12026738389734674 -0.04039644272362123 0.0 
v 0.12034969687613638 -0.04841452350926979 0.0 
v 0.1200744493847227 -0.032210361873382755 0.0 
v 0.12708619301873214 -0.035671849670871975 0.0 
v 0.13442982050515562 -0.03061535698790251 0.0 
v 0.1340323054145801 -0.03969714388267142 0.0 
v 0.13357000392709567 -0.021131261143095038 0.0 
v 0.14262318736239135 -0.02468008220249903 0.0 
v 0.15236849451954476 -0.018751716935176115 0.0 
v 0.15095186367734098 -0.02961827561364599 0.0 
v 0.1538696191662291 -0.005920766518857858 0.0 
v 0.16382684931698235 -0.013532155968774379 0.0 
v 0.1766603673679763 -0.008141487263451538 0.0 
v 0.1729342005803039 -0.02202134497987263 0.0 
v 0.1776831614791159 0.006697738748745284 0.0 
v 0.1904248709326071 7.76140004871723e-05 0.0 
v 0.2028817609991585 0.011417083933210798 0.0 
v 0.20585512780963697 -0.0052442312247805295 0.0 
v 0.17766029346538165 -0.031165746242447036 0.0 
v 0.16945741225325137 -0.03184576055179942 0.0 
v 0.16831038106493548 -0.03879572968435313 0.0 
v 0.1627675430339077 -0.03584049613678658 0.0 
v 0.17295484678549328 -0.04154321458359677 0.0 
v 0.16825049083283333 -0.04469226901456085 0.0 
v 0.16825095575264606 -0.0498828633685197 0.0 
v 0.1642522251358599 -0.04807711949458545 0.0 
v 0.1721835178845517 -0.05267825948571395 0.0 
v 0.16743001287044346 -0.054707208721846375 0.0 
v 0.16551933533421131 -0.059835495382432054 0.0 
v 0.1629062765667395 -0.05556078724467272 0.0 
v 0.1689651772511101 -0.06458744595678448 0.0 
v 0.16274323644837935 -0.06551000062850643 0.0 
v 0.1593670296615909 -0.07174709610940264 0.0 
v 0.15641245273420706 -0.06555374083709586 0.0 
v 0.162763398139141 -0.07756740809601995 0.0 
v 0.15637718507736167 -0.07842939273005119 0.0 
v 0.15485270254033714 -0.08502187518148656 0.0 
v 0.1497216274360162 -0.0808650058138377 0.0 
v 0.14397987527402312 -0.07657329706672449 0.0 
v 0.14303386638354712 -0.0841941853706483 0.0 
v 0.1419656880206778 -0.09199959448242302 0.0 
v 0.13628400057267964 -0.08733089665644614 0.0 
v 0.13152845303742045 -0.08300809472648196 0.0 
v 0.12964068590016037 -0.08919808149218919 0.0 
v 0.12597438228649932 -0.09523659344447374 0.0 
v 0.12367598054838039 -0.08923524183913574 0.0 
v 0.1278509317007854 -0.10174468411742028 0.0 
v 0.12212163963363984 -0.10065980894466914 0.0 
v 0.1192919451528615 -0.10539128926642781 0.0 
v 0.11688671065800339 -0.10110930588260061 0.0 
v 0.11396711723087098 -0.09826808048861957 0.0 
v 0.11280357439250928 -0.10166446515939608 0.0 
v 0.10956996029843216 -0.10071991656632175 0.0 
v 0.10657061535133132 -0.03361063596965568 0.0 
v 0.10656955960570112 -0.025414242668215844 0.0 
v 0.11323166347757849 -0.02889787361800751 0.0 
v 0.10023977977221063 -0.02146827528661609 0.0 
v 0.10670634002989883 -0.01762554524318239 0.0 
v 0.10631917235983404 -0.010007239027389694 0.0 
v 0.11298413525609746 -0.013288838869558062 0.0 
v 0.09853259375044408 -0.00810150847903305 0.0 
v 0.10541564292901003 -0.0010202037572675249 0.0 
v 0.10530153398962397 0.009987378099660932 0.0 
v 0.11412198909814913 0.004329269382321381 0.0 
v 0.0966907366402014 0.015733402134346257 0.0 
v 0.10475549900230734 0.020886960902855675 0.0 
v 0.10048370904670574 0.029512858567789724 0.0 
v 0.11206589944709203 0.030208707064720557 0.0 
v 0.09164092672251767 0.024123403957713778 0.0 
v 0.09116083517531551 0.03673117728666574 0.0 
v 0.08116860107173715 0.044898391413443116 0.0 
v 0.09185359185041077 0.050200173769051955 0.0 
v 0.06713451525615365 0.04370852248967255 0.0 
v 0.07610796887837595 0.05620829329239056 0.0 
v 0.07733584890222577 0.07284283425042469 0.0 
v 0.08788767074447024 0.06158567332799708 0.0 
v 0.06224713086251026 0.0865310832292234 0.0 
v 0.08390371334202514 0.09363507530023474 0.0 
v 0.09283962636217055 0.11877665338311667 0.0 
v 0.1079551858326411 0.09661492930997904 0.0 
v 0.07220593018938158 0.13649861377701075 0.0 
v 0.09753178796061085 0.14854807664392228 0.0 
v 0.052287143803200826 0.15476917080386604 0.0 
v 0.04688888146442094 0.12592828039782908 0.0 
v 0.04518097295392649 0.10035812422992103 0.0 
v 0.024816146321170775 0.11114422129307493 0.0 
v 0.04262208100783931 0.0790708238372875 0.0 
v 0.036731017040165584 0.06313795657866295 0.0 
v 0.02804971807671637 0.07252209114757639 0.0 
v 0.040126612411076214 0.0479939517646987 0.0 
v 0.02691389895866807 0.054192275190832764 0.0 
v 0.012807339067275993 0.050563456970413284 0.0 
v 0.019281667702969883 0.06363307871307483 0.0 
v 0.004412298359190174 0.03593104489445843 0.0 
v -0.00262661680988185 0.050069540457884074 0.0 
v -0.017420475095114508 0.04945378526871888 0.0 
v -0.010353318030829324 0.0636826965872937 0.0 
v -0.02386826297620583 0.03677782982967061 0.0 
v -0.03127771274711512 0.04746575264832435 0.0 
v -0.030590231514569206 0.02588646014724503 0.0 
v -0.018340320082425976 0.025076456446894914 0.0 
v -0.005245091870564141 0.023478148610787657 0.0 
v -0.014072075753983301 0.012972354522620896 0.0 
v 0.008961766737764353 0.02016955403333077 0.0 
v 0.022911261955906113 0.013364064282714996 0.0 
v 0.010248436089740402 0.004917508201204403 0.0 
v 0.03735040477726625 0.019890170059975353 0.0 
v 0.03477652287964105 0.004410954315207013 0.0 
v 0.04621737269220224 -0.004548645763913523 0.0 
v 0.03242895480739799 -0.010846743592250492 0.0 
v 0.05911225398922558 0.0026215309444170723 0.0 
v 0.05825167724802717 -0.011871161253556138 0.0 
v 0.06866103104020806 -0.01715420954609549 0.0 
v 0.0602768262565322 -0.024578398642358997 0.0 
v 0.07848544062203569 -0.012182829141930862 0.0 
v 0.07653260733274833 -0.022830692920241123 0.0 
v 0.08374379366778063 -0.029471217323981537 0.0 
v 0.0739363571841904 -0.032684282461949904 0.0 
v 0.09263180691320846 -0.025205412464745544 0.0 
v 0.09459173736895277 -0.01623769645573269 0.0 
v 0.08884176400924262 -0.008884741072039525 0.0 
v 0.08140231114176871 -0.00016851624126024852 0.0 
v 0.07197733965249453 0.009019317537024774 0.0 
v 0.08543238537041303 0.013051572597513212 0.0 
v 0.060560557961490506 0.017426231015316807 0.0 
v 0.04994740252384156 0.02425919136199362 0.0 
v 0.059380385670078605 0.03119503187601286 0.0 
v 0.04302124090948353 0.03339122652189193 0.0 
v 0.05290168971877362 0.04132414321308927 0.0 
v 0.06466476606570426 -0.0336156211389208 0.0 
v 0.019995706606772648 -0.015578768159502524 0.0 
v 0.010236990127725899 -0.008746384861792455 0.0 
v -0.00043751577112189976 -0.003164370237058841 0.0 
v -0.011279789602753278 0.0010472875117428018 0.0 
v -0.02183884495427561 0.0037731301729799207 0.0 
v -0.028435217387412465 -0.0041003173554842835 0.0 
v -0.032029846283417616 0.004778463602307775 0.0 
v -0.02672456729148274 -0.012998787512781345 0.0 
v -0.03433407206374174 -0.010521222725289867 0.0 
v -0.039840876190843026 -0.01740418000719607 0.0 
v -0.04254280446756533 -0.008065679702899104 0.0 
v -0.03509795292674093 -0.02505082315816679 0.0 
v -0.02677535268498835 -0.021989255462620608 0.0 
v -0.04233521991254838 0.00285312944324918 0.0 
v -0.03773478963735121 0.014859754930965974 0.0 
v -0.04302935206089153 0.027636054689232328 0.0 
v -0.044457222964084206 0.04242687824418499 0.0 
v -0.041275187359549485 0.05856981607337349 0.0 
v -0.035672027759970346 0.07471618663257991 0.0 
v -0.029804101139178366 0.09060807159647133 0.0 
v -0.01935700319919009 0.07765201341084828 0.0 
v -0.002081867073053929 0.0789493477873012 0.0 
v 0.009169168353674727 0.09482746351815698 0.0 
v 0.014505347146158526 0.07719500280918805 0.0 
v 0.0018303853489204584 0.11554207492235932 0.0 
v -0.010274122556290762 0.1331364896689274 0.0 
v -0.024076164172590436 0.14329401347301274 0.0 
v 0.10228774051555298 0.06072782831114142 0.0 
v 0.1148617343680682 0.07507110192409942 0.0 
v 0.11816911875249284 0.056547045519242826 0.0 
v 0.13129456570785983 0.0910215445909241 0.0 
v 0.15124312586478728 0.10032943672365627 0.0 
v 0.14796845046852627 0.08193790559534266 0.0 
v 0.1246054392376008 0.028996191135901416 0.0 
v 0.12069125038734782 0.04124495903696389 0.0 
v 0.1318849148307686 0.0500681496136157 0.0 
v 0.11966631248604521 -0.024146685887268697 0.0 
v 0.1192050307868758 -0.016588774887192858 0.0 
v 0.12568105881821237 -0.019041706629152142 0.0 
v 0.11943601649573411 -0.009367386924043802 0.0 
v 0.12076464506539554 -0.0015354416379290239 0.0 
v 0.12610232820479134 -0.006635798813648139 0.0 
v 0.12383403626146716 0.007230710949475479 0.0 
v 0.12989694644484684 0.01749629048517455 0.0 
v 0.13373130205273465 0.006352286077672362 0.0 
v 0.13688014433885135 0.02905064034939284 0.0 
v 0.14188037068238002 0.04158617336741528 0.0 
v 0.15016220408512226 0.03097081835911539 0.0 
v 0.1453908160425753 0.055701715509581674 0.0 
v 0.1503725741536544 0.06825231241376002 0.0 
v 0.1571438366069285 0.060416555719590564 0.0 
v 0.13070718039465629 -0.012620306691848996 0.0 
v 0.13384012658311337 -0.003824096601234137 0.0 
v 0.14378602920210162 0.0013233191340785327 0.0 
v 0.15552412655438058 0.007497343340715459 0.0 
v 0.15817833521930166 0.020678073668437217 0.0 
v 0.16707722817438983 0.013090289624073373 0.0 
v 0.1771603929809994 0.019841322942850695 0.0 
v 0.17491051339323294 0.031436374786710894 0.0 
v 0.18651107072407808 0.028723165406770775 0.0 
v 0.19534034385583943 0.03865125948741655 0.0 
v 0.1992268720446194 0.025973627597843323 0.0 
v 0.05157814995687543 -0.16547556402674057 0.0 
v 0.05077333008419464 -0.16469734134049716 0.0 
v 0.05165350516379335 -0.1643817374433808 0.0 
v 0.0496444863494281 -0.1643726760046216 0.0 
v 0.05061715468369781 -0.1637055226060139 0.0 
v 0.048657739137761453 -0.1634023691904393 0.0 
v 0.04768295987120051 -0.16206917104136628 0.0 
v 0.04941344718776245 -0.16199108596562017 0.0 
v 0.04632528060895538 -0.16022381921103146 0.0 
v 0.04478632078231971 -0.157516344294119 0.0 
v 0.047838684005768246 -0.15765158571473317 0.0 
v 0.041204765502431885 -0.15751117876265575 0.0 
v 0.0515434599867017 -0.1634285484371254 0.0 
v 0.05077743685453724 -0.16248794794267224 0.0 
v 0.05077457036805866 -0.160634843320705 0.0 
v 0.050427004042450374 -0.15819661649832242 0.0 
v 0.05268989813744562 -0.15916430657981695 0.0 
v 0.049908388178063194 -0.15527103222742736 0.0 
v 0.04930140798356465 -0.15185355057867075 0.0 
v 0.05243262561226627 -0.15303389015218022 0.0 
v 0.05494576854546024 -0.1577055298803626 0.0 
v 0.05522177925872003 -0.15456792426058444 0.0 
v 0.057627761493401576 -0.15649704056280642 0.0 
v 0.05539636111124292 -0.15091274555150005 0.0 
v 0.055441482631466796 -0.14680434176834925 0.0 
v 0.05179357811209435 -0.14506672996348574 0.0 
v 0.05540370100291986 -0.1422747625866567 0.0 
v 0.055361776021577706 -0.13726362556607466 0.0 
v 0.05079343099712234 -0.13511541994997783 0.0 
v 0.05536672981670958 -0.1316487045724117 0.0 
v 0.05544768439302542 -0.1253712260654823 0.0 
v 0.04986909839637477 -0.1224128474486492 0.0 
v 0.055677696136536406 -0.11848237510585297 0.0 
v 0.05608472881472157 -0.11099537136183983 0.0 
v 0.049726840231185857 -0.10737261789475133 0.0 
v 0.05645627261939069 -0.10275669738552044 0.0 
v 0.05615103215602283 -0.09374064509506956 0.0 
v 0.04885517003828664 -0.0913022313791184 0.0 
v 0.0535075804627274 -0.08570404433023389 0.0 
v 0.04812479305102526 -0.08130445028939268 0.0 
v 0.043478590502516554 -0.08720884875438145 0.0 
v 0.0401987644306328 -0.07899949234424344 0.0 
v 0.03077627039572784 -0.07512767205154804 0.0 
v 0.01956655860691448 -0.08079662817638919 0.0 
v 0.04213438895429912 -0.09582056062289637 0.0 
v 0.04304096076547477 -0.1043237372384605 0.0 
v 0.043597249799057415 -0.11185280870569574 0.0 
v 0.0436896220897361 -0.11946062059647768 0.0 
v 0.037384280512393106 -0.11587340710663743 0.0 
v 0.044389702871408476 -0.1269211934299683 0.0 
v 0.04563209968062815 -0.13338086519670242 0.0 
v 0.046818670084030706 -0.1388779623121123 0.0 
v 0.04780829148227824 -0.1436821443690839 0.0 
v 0.048614964185009275 -0.14798396533554506 0.0 
v 0.03156722126458295 -0.11091052499575474 0.0 
v 0.02536734139923451 -0.1033980861701185 0.0 
v 0.03538381391945881 -0.10244294519066745 0.0 
v 0.01462198300469411 -0.10689132604373776 0.0 
v 0.017273077873937753 -0.09462310154776508 0.0 
v 0.007588629335981135 -0.08686953928615407 0.0 
v -0.001737731477343818 -0.09238594965335735 0.0 
v -0.0025390544025819515 -0.08226378551072874 0.0 
v -0.011968288345669756 -0.08135340602066214 0.0 
v -0.006784702204911989 -0.07217372158295524 0.0 
v -0.011576495636290375 -0.06396656189285281 0.0 
v -0.007821374276944987 -0.09625329047862721 0.0 
v -0.003859474732154805 -0.10009604349466901 0.0 
v -0.0022243332244645427 -0.10751965745257155 0.0 
v -0.00822867020977421 -0.10426461712620648 0.0 
v 0.005516763514584011 -0.11122867536086967 0.0 
v -0.001483036585017952 -0.11634816442399483 0.0 
v 0.00025644707536530236 -0.1243970337014269 0.0 
v 0.008177960376889575 -0.12538636279779813 0.0 
v 0.0024984160220042364 -0.13286352365050305 0.0 
v 0.011935895487947058 -0.1170570351623134 0.0 
v 0.01688965580713025 -0.1245797957549178 0.0 
v 0.021691920409467717 -0.1304181860512135 0.0 
v 0.022345530676585335 -0.1376406765227561 0.0 
v 0.21326437535210285 0.02401150717163151 0.0 
v 0.2209542409208736 0.035582085438359425 0.0 
v 0.22788397964181956 0.024842300594468642 0.0 
v 0.2176961443179495 0.04485487377473556 0.0 
v 0.21120079603208147 0.048636017637175455 0.0 
v 0.21680637570288433 0.051607200434065366 0.0 
v 0.2163430157667239 0.05635919550601687 0.0 
v 0.21258169884601366 0.0580617826134328 0.0 
v 0.2161096005232417 0.06032747813437713 0.0 
v 0.21646929943482188 0.06372760637817901 0.0 
v 0.2143969925837319 0.06605413558677153 0.0 
v 0.21748188799617044 0.06657179723556302 0.0 
v 0.21891075783590933 0.06928051000017588 0.0 
v 0.21268924056678457 0.06900928284020884 0.0 
v 0.210627065389366 0.06557042486700226 0.0 
v 0.223058976627554 0.07438773243726039 0.0 
v 0.22550830170025013 0.07428510357764202 0.0 
v 0.22411102029823637 0.07623115652272709 0.0 
v 0.22246910693077862 0.07706606727427177 0.0 
v 0.22431022916053797 0.07877434075014453 0.0 
v 0.22728927291792597 0.08054392962403414 0.0 
v 0.22392185205595982 0.08228186248276874 0.0 
v 0.2196582236470985 0.08271430382158516 0.0 
v 0.22293260878258248 0.08717692331469161 0.0 
v 0.22829811650366294 0.09135361728397964 0.0 
v 0.22124801074005357 0.09411462541199542 0.0 
v 0.2119938936631309 0.09445391327310242 0.0 
v 0.2188017123106477 0.10410943667338181 0.0 
v 0.22981130948520917 0.1123217024810938 0.0 
v 0.21622889048382019 0.11836223431383638 0.0 
v 0.21360029585355259 0.13656835309178242 0.0 
v 0.21006019429901893 0.15835833782164738 0.0 
v 0.18502011000359347 0.16409187750879356 0.0 
v 0.20768377179393283 0.18533840615852837 0.0 
v 0.2539876549287016 0.09304432055730587 0.0 
v 0.2446349630738784 0.09534196815066188 0.0 
v 0.24701649618904642 0.08728321271559099 0.0 
v 0.2420874499855988 0.08201406069966519 0.0 
v 0.2363600955956792 0.08256640142437871 0.0 
v 0.23806462834456632 0.07771273709379499 0.0 
v 0.2347243431441208 0.07448591886557032 0.0 
v 0.23135934219079587 0.07516025111781065 0.0 
v 0.2319791906324892 0.07223005157453653 0.0 
v 0.2296114475158356 0.0707325151156103 0.0 
v 0.2273985177459834 0.07213616231996907 0.0 
v 0.3477388934648854 -0.286970614140601 0.0 
v 0.3397013944511267 -0.2284876604576417 0.0 
v 0.39216912023687395 -0.23527140974155922 0.0 
v 0.330747777064027 -0.18676844152628957 0.0 
v 0.08689542031699211 0.24840546187939955 0.0 
v 0.08770322637905684 0.3025843835842075 0.0 
v 0.15241555886868474 0.33151147392889757 0.0 
v 0.1613385792793102 0.23040810132174225 0.0 
v 0.20566047974239168 0.22353947415709133 0.0 
v 0.19132332856745682 0.2752871799985262 0.0 
v 0.23684445838840662 0.33839820247109476 0.0 
v 0.3234245772259128 0.32316430518029526 0.0 
v 0.3061334554892673 0.41127664470417263 0.0 
v 0.4051241828139556 0.4664511685403609 0.0 
v 0.7344304793327698 -0.513522462212944 0.0 
v 0.8813189461190354 -0.3293371977233893 0.0 
v 0.8987578057936623 -0.08580918858561302 0.0 
v 0.7321666870869808 -0.01773196310677087 0.0 
v 0.8870191778776467 0.1351157990505441 0.0 
v 0.8255565451483962 0.33649784862357757 0.0 
v 0.6419365924781208 0.31123096005087847 0.0 
v 0.6982715285495597 0.4784270523348957 0.0 
v 0.5354844912243585 0.49550816693075583 0.0 
v 0.625130583074312 0.6478705858345714 0.0 
v 0.4699994351889523 0.3902889124257518 0.0 
v 0.48234129371674245 0.7664254283944403 0.0 
v 0.039600674099140816 -0.912031985515813 0.0 
v -0.10516987510679722 -0.8637986460406577 0.0 
v -0.2611435189628354 -0.8692829884917062 0.0 
v -0.15884558927171824 -0.7422426723519302 0.0 
v -0.16065203721892157 -0.629814389428974 0.0 
v -0.2123756692796027 -0.5637463297065526 0.0 
v 0.03214908296871245 -0.29077338451395673 0.0 
v 0.03341290217682148 -0.29291200978076853 0.0 
v 0.03595423267116634 -0.2931787364925345 0.0 
v 0.03811676254986392 -0.2911317742824025 0.0 
v 0.03802202577925556 -0.2878658188481682 0.0 
v 0.022576386782445307 -0.3083208509495196 0.0 
v 0.022133192895092614 -0.3107822235959227 0.0 
v 0.021622474820641693 -0.3141636005645766 0.0 
v 0.019109635902326692 -0.311967238517857 0.0 
v 0.020977039973539266 -0.3177770767894297 0.0 
v 0.020002467508516995 -0.32095580968504267 0.0 
v 0.018094745860692835 -0.31915843036352776 0.0 
v 0.021270933243923183 -0.32381607816513236 0.0 
v 0.018233614528518086 -0.32325838088309206 0.0 
v 0.016064233388136485 -0.3214056041797557 0.0 
v 0.015048092325241385 -0.3178200778036981 0.0 
v 0.010585896920375495 -0.3157655949289004 0.0 
v 0.01537406318474185 -0.31329118952578244 0.0 
v 0.004717716263433824 -0.3115602509372246 0.0 
v 0.0012124566043917552 -0.30359682572795427 0.0 
v 0.008014604433034568 -0.3044045365127234 0.0 
v -0.006094266591255974 -0.29701104030390496 0.0 
v 0.003002178534280483 -0.29526274333975455 0.0 
v 0.007518772700387115 -0.2895154961214348 0.0 
v 0.00880435551629643 -0.2951148420769815 0.0 
v 0.013159756560021597 -0.2953537037916998 0.0 
v 0.010768270823630518 -0.2994737444784024 0.0 
v 0.013170370695344095 -0.30339190281318884 0.0 
v 0.016802507981682455 -0.3026443480866389 0.0 
v 0.016004431054770035 -0.3058346817187673 0.0 
v 0.018764893114181017 -0.300202674438368 0.0 
v 0.019258274762551427 -0.3027328354369756 0.0 
v 0.02110034874016696 -0.30320688964630765 0.0 
v 0.019846936720767035 -0.30465219806200317 0.0 
v 0.02259201137244035 -0.30211633497086593 0.0 
v 0.022502355265151937 -0.303784055727581 0.0 
v 0.02291942902867157 -0.3000518131531078 0.0 
v 0.021132953698173876 -0.29859342708592373 0.0 
v 0.023580604312490816 -0.29763701431654316 0.0 
v 0.01883688489532202 -0.29701610865534045 0.0 
v 0.01661170780530574 -0.29500097906545064 0.0 
v 0.019236779355139278 -0.29395318223169004 0.0 
v 0.015349592631063254 -0.29230522934706393 0.0 
v 0.024647432336508582 -0.2951197806849909 0.0 
v 0.19882234564136847 -0.12797634171378533 0.0 
v 0.2150147017143188 -0.11987138223480576 0.0 
v 0.2322609680005125 -0.10767226656830471 0.0 
v 0.23177163017833452 -0.12970307761541333 0.0 
v 0.2308557482502974 -0.08625432355335505 0.0 
v 0.24995137877935614 -0.09308922600127045 0.0 
v 0.2666909156248756 -0.07745738137991426 0.0 
v 0.27062122265229 -0.09936921139929068 0.0 
v 0.2649295838576515 -0.05751515410582078 0.0 
v 0.2811295207225404 -0.06274342696005981 0.0 
v 0.29160683264100695 -0.04698200343414114 0.0 
v 0.300228975350159 -0.06446096659772742 0.0 
v 0.2816461106134885 -0.034101796203102726 0.0 
v 0.29829290385606966 -0.028294255635902148 0.0 
v 0.2995187893066805 -0.00674964350779524 0.0 
v 0.31995912985193903 -0.01918310610315833 0.0 
v 0.2786829540433866 -0.003883984300281769 0.0 
v 0.29261745226428687 0.016891549693912586 0.0 
v 0.3370793647339174 -0.0401101971999638 0.0 
v 0.3498039569004306 -0.06623255303117026 0.0 
v 0.3229438585734998 -0.06500428808476869 0.0 
v 0.35753692759062977 -0.09575417331798014 0.0 
v 0.3588379514285345 -0.1267102094616588 0.0 
v 0.33599638061931186 -0.11532464504966981 0.0 
v 0.3177557523189184 -0.13251749812865748 0.0 
v 0.31345527650327715 -0.1089286748991661 0.0 
v 0.2917091894069338 -0.10405482253955153 0.0 
v 0.30765030973737784 -0.08570633967665633 0.0 
v 0.27580295426627344 -0.12151074689597016 0.0 
v 0.2273248303393108 -0.0684433137493002 0.0 
v 0.22251481364098907 -0.05538691940639031 0.0 
v 0.23539556422053115 -0.054335625311960054 0.0 
v 0.21134107619970663 -0.053847970747832236 0.0 
v 0.21858840886632538 -0.04462711772707782 0.0 
v 0.2147757958404853 -0.0335381139960337 0.0 
v 0.22650139679816653 -0.035493915662737414 0.0 
v 0.2024832935731209 -0.03353048503273946 0.0 
v 0.20990331167483967 -0.02099298369183706 0.0 
v 0.2208044864001215 -0.009499938783617374 0.0 
v 0.2326667257544411 -0.013433305397211845 0.0 
v 0.24390475506078976 -0.013747967907363321 0.0 
v 0.23598197399071283 -0.025620639007030127 0.0 
v 0.25898230793818755 -0.008608221541209677 0.0 
v 0.27078685410684844 -0.022243231661776164 0.0 
v 0.26633948556067694 -0.03988257909856491 0.0 
v 0.25059678525085516 -0.048162148178765046 0.0 
v 0.23797434618137206 -0.039771333595866966 0.0 
v 0.2015537745211375 -0.052028525326748454 0.0 
v 0.19354147590898182 -0.050501259043022065 0.0 
v 0.19816745174877 -0.04353792663321828 0.0 
v 0.18729083219956655 -0.0486857719309477 0.0 
v 0.18199232049703298 -0.0465049981863224 0.0 
v 0.18649033801316192 -0.042333215002959834 0.0 
v 0.18420261642641958 -0.03570385032964719 0.0 
v 0.19229443508877855 -0.0372092417292588 0.0 
v 0.38469537081525684 -0.14712393097114118 0.0 
v 0.35052912689012616 -0.15721203882552612 0.0 
v 0.32294229988090384 -0.1566809370965148 0.0 
v 0.2997113344789371 -0.14978683994127964 0.0 
v 0.27984765846111 -0.1638603301003109 0.0 
v 0.2800639306763367 -0.1422699645827425 0.0 
v 0.2584641307483842 -0.16964222911757668 0.0 
v 0.24043243510479786 -0.16337416994667267 0.0 
v 0.25277366184986355 -0.15269480498697213 0.0 
v 0.22026120272275757 -0.166192611292272 0.0 
v 0.23250438251025404 -0.1490538241203405 0.0 
v 0.24574411919616934 -0.14018948503268724 0.0 
v 0.26240282469195886 -0.13833089020342368 0.0 
v 0.15865200057536008 0.07516544539099776 0.0 
v 0.16960447983391308 0.07813079055881265 0.0 
v 0.16465533653228598 0.0675544417434725 0.0 
v 0.18115046450790764 0.08099251702673423 0.0 
v 0.1680009296801197 0.056319393555804495 0.0 
v 0.28578668780287414 0.11006079397946629 0.0 
v 0.30263458718153524 0.08953990357086347 0.0 
v 0.31862202465685374 0.12093542075476757 0.0 
v 0.33633098440800074 0.17050112745700616 0.0 
v 0.3664980148598365 0.1224901522460322 0.0 
v 0.2865643938451748 0.1971478080111743 0.0 
v 0.3404162320111081 0.24231560427220336 0.0 
v 0.40962977596837746 0.30650772134982335 0.0 
v 0.513790954801855 0.30015860310971965 0.0 
v 0.5543092204764086 0.194674890397987 0.0 
v 0.5627101080620217 0.09092854384147651 0.0 
v 0.48835784293980644 0.11382649611746443 0.0 
v 0.41866380422630967 0.09848285060698506 0.0 
v 0.2402608730461814 0.19985099314676644 0.0 
v 0.19207584543693879 0.0502455359705301 0.0 
v 0.20264818918065589 0.0481275618551119 0.0 
v 0.20823158803817185 0.0546471925666712 0.0 
v 0.2086028650370693 0.06088954760880854 0.0 
v 0.20573840950815753 0.0658826018485219 0.0 
v 0.19139076754791948 0.08545603712810032 0.0 
v 0.20149636625402623 0.09100277507428846 0.0 
v 0.20926081722056675 0.08525124589278776 0.0 
v 0.20953474883670906 0.07770515390953384 0.0 
v 0.21469307769679083 0.08130270498954278 0.0 
v 0.21826396653102995 0.07864322217750531 0.0 
v 0.21837580992624406 0.07558371329685892 0.0 
v 0.22039572203780444 0.07684395394238937 0.0 
v 0.221656449041437 0.07543501407701096 0.0 
v 0.22106138771040063 0.0735421666041383 0.0 
v 0.1900327391796898 0.07396382542567549 0.0 
v 0.19885374677908987 0.06860276947948982 0.0 
v 0.19001891942326338 0.062007736995725156 0.0 
v 0.20596302290878432 0.07207056960729319 0.0 
v 0.21116580972343632 0.07255465008827154 0.0 
v 0.21489276867794257 0.07184386017433027 0.0 
v 0.21721688079857135 0.0734431918425151 0.0 
v 0.21750036229312042 0.07134190822257537 0.0 
v 0.21958779713452367 0.07183056738788424 0.0 
v 0.2191216333445116 0.07366046919623916 0.0 
v 0.180418415335012 0.05330507213732467 0.0 
v 0.17122457373465505 0.04337742888009331 0.0 
v 0.1632844090202362 0.032489158725742824 0.0 
v 0.11287150552666932 -0.11338452120119658 0.0 
v 0.11639897324357358 -0.10993454449559074 0.0 
v 0.12186250574480714 -0.11000601963225907 0.0 
v 0.12768759007163782 -0.1083299719006661 0.0 
v 0.13407899922473285 -0.10482376303534123 0.0 
v 0.14127103537731472 -0.10043593148829154 0.0 
v 0.1483096372823864 -0.0960143071562364 0.0 
v 0.15443353538449098 -0.09180027135690141 0.0 
v 0.15988098741779877 -0.08820743929807957 0.0 
v 0.16517134085420856 -0.08391513451520687 0.0 
v 0.16982583951358624 -0.07738510622402228 0.0 
v 0.17311831824708646 -0.06991277150586976 0.0 
v 0.1752908400942894 -0.0627175068224921 0.0 
v 0.1765650287024201 -0.05604092111689721 0.0 
v 0.17715544114457168 -0.049878036090241044 0.0 
v 0.17740180594538296 -0.04413165405918918 0.0 
v 0.17783913900568066 -0.03838997236130521 0.0 
v 0.04323862982534219 -0.268186112130482 0.0 
v 0.04591609071947683 -0.2635234356301275 0.0 
v 0.050291569173229626 -0.2590742257167033 0.0 
v 0.05027454991418321 -0.2514452132472406 0.0 
v 0.04972770223561985 -0.2428329959747098 0.0 
v 0.04369459113765609 -0.20132887142449882 0.0 
v 0.043433788289164936 -0.2046191651290451 0.0 
v 0.046608143494646266 -0.20313310412855634 0.0 
v 0.04958221966994998 -0.2055572701335874 0.0 
v 0.04890012475537977 -0.209656082861249 0.0 
v 0.05252248613314268 -0.2081030644729561 0.0 
v 0.05536066961481994 -0.21074287938059583 0.0 
v 0.058526079498337207 -0.2132233531584624 0.0 
v 0.0544291666112645 -0.21508833782996076 0.0 
v 0.05294502549281571 -0.21972668071627716 0.0 
v 0.05040315474765539 -0.21625949986501825 0.0 
v 0.055911252283066634 -0.22397959727995936 0.0 
v 0.050606197413566825 -0.22443142472876235 0.0 
v 0.047276743831561635 -0.22891413332614927 0.0 
v 0.046037096236752124 -0.22402958430173175 0.0 
v 0.048482922945990624 -0.2350965472476669 0.0 
v 0.05547435987682938 -0.23643947261097997 0.0 
v 0.044816466746003134 -0.22011814984278905 0.0 
v 0.043638931408432266 -0.21700934289382517 0.0 
v 0.04675809755193061 -0.21688147717337472 0.0 
v 0.042520110486684366 -0.21461968131601675 0.0 
v 0.04152147737799455 -0.21287374690489377 0.0 
v 0.04337627270108092 -0.212376205614392 0.0 
v 0.04068800026638283 -0.2115532607154353 0.0 
v 0.03967977003628445 -0.21052228619996916 0.0 
v 0.041335201249943575 -0.20989868800405273 0.0 
v 0.04807542927181258 -0.21340961567940844 0.0 
v 0.04575772190478037 -0.21120622857239862 0.0 
v 0.04341417658193203 -0.2099972394445163 0.0 
v 0.042376034230388875 -0.20759422649755493 0.0 
v 0.06271758423887719 -0.21581943622814476 0.0 
v 0.06819306408783207 -0.2190800293754526 0.0 
v 0.06183299727968893 -0.22232634702713558 0.0 
v 0.07522267088808061 -0.2234437610115067 0.0 
v 0.46017796454192905 -0.22535831970149192 0.0 
v 0.41722455082700405 -0.17848598519036962 0.0 
v 0.05948316830981906 -0.15891620235507178 0.0 
v 0.058078904387705015 -0.16122663720218455 0.0 
v 0.11155023797118507 -0.11877884358155265 0.0 
v 0.11563150694091379 -0.12373131223100228 0.0 
v 0.10950089229889051 -0.12532401794840858 0.0 
v 0.11888857687959067 -0.12966491538256258 0.0 
v 0.12124741886190714 -0.13743474636568834 0.0 
v 0.11398328557351531 -0.13509446812658496 0.0 
v 0.13084130611440914 -0.13909209259508784 0.0 
v 0.12266977776251556 -0.14756847107594195 0.0 
v 0.12154856741799198 -0.1598110556103971 0.0 
v 0.11350480682586551 -0.15294028116033623 0.0 
v 0.13019129281371639 -0.16962647654296648 0.0 
v 0.11741954511631575 -0.17197703142675397 0.0 
v 0.1115687619785444 -0.18293414393352253 0.0 
v 0.10662765317759888 -0.17333307799455344 0.0 
v 0.11578686054360843 -0.19436058445038343 0.0 
v 0.10467063695518702 -0.1923952635791928 0.0 
v 0.0971791212815507 -0.19988112520229662 0.0 
v 0.09542442569067847 -0.190772096251478 0.0 
v 0.09689693443601036 -0.21101033357589027 0.0 
v 0.09194701892947692 -0.18231017145909068 0.0 
v 0.08846455580696715 -0.17391865687863386 0.0 
v 0.09713726865533287 -0.1739540577261258 0.0 
v 0.08100138438860147 -0.17269346676119227 0.0 
v 0.08550371595711412 -0.1665662634565438 0.0 
v 0.0753501551263054 -0.1711479370807455 0.0 
v 0.0736177456318627 -0.1661172083657877 0.0 
v 0.10151840956062724 -0.16524931036161308 0.0 
v 0.0966252103332751 -0.15837947886145734 0.0 
v 0.10476474361691646 -0.15627435370584797 0.0 
v 0.08912591979481593 -0.15967436603777493 0.0 
v 0.09201937959006341 -0.1524247927447424 0.0 
v 0.09427902069138729 -0.14512072113926802 0.0 
v 0.10678688298938377 -0.14744353175845082 0.0 
v 0.10106261660202316 -0.14255081970019692 0.0 
v 0.10780314442890203 -0.1392477417173708 0.0 
v 0.09596902462801132 -0.13799336649167931 0.0 
v 0.09129023966931314 -0.13378938113835973 0.0 
v 0.09717037223942995 -0.1310582866524708 0.0 
v 0.08693287509411343 -0.13014473737636614 0.0 
v 0.08244198826882987 -0.12737011515079552 0.0 
v 0.07718286259060236 -0.12505796737940023 0.0 
v 0.10328972535839846 -0.1279773137006022 0.0 
v 0.10838437689445816 -0.1319686384827058 0.0 
v 0.14309407621976714 -0.13839103837616729 0.0 
v 0.15667718763240615 -0.13392438714777552 0.0 
v 0.15229822921481737 -0.15023493268338173 0.0 
v 0.16972236629553897 -0.12558180249237744 0.0 
v 0.1837588518346791 -0.12953809506077857 0.0 
v 0.19098228608396292 -0.14519233651965097 0.0 
v 0.19915760717675537 -0.16336506641971735 0.0 
v 0.18066410005854258 -0.16253205921821054 0.0 
v 0.20352838667488843 -0.1848940211408264 0.0 
v 0.1831421291317474 -0.19478865013323896 0.0 
v 0.16309048730089484 -0.19764749071437926 0.0 
v 0.17201272717926325 -0.17958840217265645 0.0 
v 0.1625715411482561 -0.1643088358210274 0.0 
v 0.14548148128968924 -0.1669134988827828 0.0 
v 0.05948341086100742 -0.22933586615966678 0.0 
v 0.06385212462263404 -0.23617098254801236 0.0 
v 0.07318730397393998 -0.23393388976837567 0.0 
v 0.06926711117785825 -0.24437718335611266 0.0 
v 0.07483771807786713 -0.253788853989379 0.0 
v 0.08749441709839093 -0.25319746414605393 0.0 
v 0.07908777904394443 -0.2654875863126758 0.0 
v 0.07977632666877511 -0.2797560074707808 0.0 
v 0.0908503080201551 -0.29008337414413143 0.0 
v 0.10955001943100513 -0.285865100366514 0.0 
v 0.11638572507531766 -0.26350542442143554 0.0 
v 0.13284127446045732 -0.279689305792957 0.0 
v 0.10312993002928113 -0.24994552550713545 0.0 
v 0.11999317749907468 -0.24241791174929925 0.0 
v 0.1204906807718239 -0.22387446600555794 0.0 
v 0.13649721288559571 -0.2308647435600881 0.0 
v 0.10751030648664901 -0.21729189925011835 0.0 
v 0.11887361493852082 -0.20791673814359218 0.0 
v 0.1291135707989314 -0.19618747323623034 0.0 
v 0.09273938939426242 -0.2387584708943326 0.0 
v 0.09544610301959082 -0.22437048327621267 0.0 
v 0.08363479081047458 -0.22991724245424286 0.0 
v 0.15916641263436956 -0.2668375821897069 0.0 
v 0.15676846240427866 -0.23788491952631796 0.0 
v 0.15127844344871744 -0.2154948438654954 0.0 
v 0.14488177570139263 -0.19752351659772308 0.0 
v 0.13794553697945258 -0.1824244301952632 0.0 
v 0.03890846745283119 -0.2762167554589037 0.0 
v 0.038899020044174115 -0.28019127200792693 0.0 
v 0.038284126579110705 -0.284309091379293 0.0 
v 0.03521357411418871 -0.2863059977061893 0.0 
v 0.032653634609844814 -0.2881625592934822 0.0 
v 0.030685262669955606 -0.2893389509032206 0.0 
v 0.0292397033578597 -0.2899695062679634 0.0 
v 0.028204544809768948 -0.2901559046783248 0.0 
v 0.027546608310221227 -0.29000506707169377 0.0 
v 0.04121362741591567 -0.2727110459897561 0.0 
v 0.5653451860561824 -0.4378716924174491 0.0 
v 0.5170597015138074 -0.30123471225856074 0.0 
v 0.5422635302622881 -0.18421453558238646 0.0 
v 0.5250993144045019 -0.09847540310046776 0.0 
v 0.6083725747160011 -0.09145177825956528 0.0 
v 0.6136517996920898 0.01681805675091147 0.0 
v 0.26575266722858365 0.09991752867006427 0.0 
v 0.261425968143752 0.08603649680241579 0.0 
v 0.23134525151526492 0.0819644334290048 0.0 
v 0.23322756373077225 0.08725251826372941 0.0 
v 0.23568799360548087 0.0943956038459765 0.0 
v 0.2392689069169173 0.10420127516494536 0.0 
v 0.22839308798368346 0.07494746200226965 0.0 
v 0.22975822343021618 0.07801183434054186 0.0 
v 0.27363159971892315 0.06701640896906995 0.0 
v 0.2640495372746477 0.07471825618588414 0.0 
v 0.30993618241313575 0.06500674006140356 0.0 
v 0.28969553228151995 0.06898783225924175 0.0 
v 0.27975965576473566 0.05470264603891395 0.0 
v 0.2843089579965094 0.0383755795655955 0.0 
v 0.30621657200216834 0.04020239065540247 0.0 
v 0.021529181811954744 -0.1658815009773006 0.0 
v 0.019544350259723398 -0.17248507119576065 0.0 
v 0.01727089897273701 -0.1802570418979228 0.0 
v 0.012190039785950296 -0.17414967800483405 0.0 
v 0.01606280518387245 -0.18785880422174656 0.0 
v 0.010834072203597646 -0.19330520451120725 0.0 
v 0.026877572435666675 -0.29020420272182573 0.0 
v 0.026376436642779954 -0.29126717619037784 0.0 
v 0.025897560704724376 -0.2900910438282768 0.0 
v 0.025682720760818116 -0.2929092908642049 0.0 
v 0.023607159168816515 -0.2929644565449976 0.0 
v 0.024641384038286054 -0.28958584714058155 0.0 
v 0.023157898431809792 -0.29081608925232283 0.0 
v 0.02312339008641297 -0.28869681628638 0.0 
v 0.021400357245072544 -0.2923960737551476 0.0 
v 0.019360556115486215 -0.291401010951315 0.0 
v 0.01932857568768913 -0.2889846849240086 0.0 
v 0.017393386746665247 -0.2904244585701444 0.0 
v 0.1544321910118956 0.16586945493113905 0.0 
v 0.12179289346686258 0.16914348697645878 0.0 
v 0.1410337281618935 0.19639937857126405 0.0 
v 0.09376529038373246 0.1770197086689329 0.0 
v 0.06535334867502213 0.1823869767386675 0.0 
v 0.08832973526783934 0.2074130965382822 0.0 
v 0.12062292188534202 0.22420513916894902 0.0 
v -0.12911324215161865 0.8908817444110327 0.0 
v 0.09327850695070208 0.9409329170418227 0.0 
v 0.3021369060279506 0.8575242515474569 0.0 
v -0.09229258066633456 0.1400372696059892 0.0 
v -0.09537539984391774 0.13804762920006097 0.0 
v -0.09595277370385982 0.1340301109721279 0.0 
v -0.09224408273403135 0.131412927571239 0.0 
v -0.09684825366422618 0.12904981121057174 0.0 
v -0.09802560889767628 0.12317856901441104 0.0 
v -0.09985288878778152 0.11662673241333452 0.0 
v -0.08858053013932306 0.13451191758058142 0.0 
v -0.11554263946555014 -0.05497712317168329 0.0 
v -0.11357564449700251 -0.06533974141103234 0.0 
v -0.11155403047975315 -0.07535477810118253 0.0 
v -0.10396271432477196 -0.07952307858588341 0.0 
v -0.09788136422143061 -0.08526467703861637 0.0 
v -0.09240410701966438 -0.09192028376012375 0.0 
v -0.08652136023683078 -0.09663518382438029 0.0 
v -0.08381837882514366 -0.10446607869508535 0.0 
v -0.08898171926226389 -0.11504286765413982 0.0 
v -0.07744728917626302 -0.11259292421265024 0.0 
v -0.06803511272366748 -0.11932030858825365 0.0 
v -0.05767184509295455 -0.12393664323323608 0.0 
v -0.04857500461281489 -0.1265994202244774 0.0 
v -0.04079960869876253 -0.12679322859733655 0.0 
v -0.03376740724945786 -0.125416086450095 0.0 
v -0.027800108613437482 -0.12418242714013196 0.0 
v -0.02317896646407452 -0.1236732571774517 0.0 
v 0.013692141072532114 -0.24781504749835534 0.0 
v 0.01004144820221178 -0.2552597447342824 0.0 
v 0.006218601297525919 -0.24905414397207135 0.0 
v 0.012820446215874146 -0.2623847734881288 0.0 
v 0.005710216987930699 -0.26165507179495456 0.0 
v 0.022586736282152502 -0.3050483404458513 0.0 
v 0.02278220187861868 -0.3059675120046829 0.0 
v 0.021931137403826198 -0.3059304337280179 0.0 
v 0.022846796201917152 -0.306876401107017 0.0 
v 0.021786145822563305 -0.30704538698887057 0.0 
v 0.02064260198587195 -0.30622899800936193 0.0 
v 0.01861583127478128 -0.30647798886679467 0.0 
v 0.01694301397923163 -0.3092192585546866 0.0 
v 0.006993770388261514 -0.20111446770901026 0.0 
v 0.005581455585660962 -0.21022292303040127 0.0 
v 0.012296298401293905 -0.2062043362675337 0.0 
v 0.01765855415223932 -0.20382975248513915 0.0 
v 0.017173214998083757 -0.20921877831651028 0.0 
v 0.022135551021294386 -0.20268723232228844 0.0 
v 0.02648645821264951 -0.2021635572573029 0.0 
v 0.030706391944855596 -0.20153667967345557 0.0 
v 0.03445026113805318 -0.2008939414971837 0.0 
v 0.03778661525436126 -0.2005470757087865 0.0 
v 0.04082918450314528 -0.20058768219286907 0.0 
v 0.015196049009524683 -0.28909577431561584 0.0 
v 0.012394125911587613 -0.28657999157619196 0.0 
v 0.016394184275845342 -0.28581080574718676 0.0 
v 0.006748651343810921 -0.2189795525546624 0.0 
v -0.0018265081951018907 -0.21690540773474748 0.0 
v -0.008548876903536966 -0.22598934529667883 0.0 
v -0.012474504045275144 -0.21483660660683226 0.0 
v -0.0037768480788661516 -0.2352818222243182 0.0 
v -0.01424408420835132 -0.23681932338319053 0.0 
v -0.01821794462525922 -0.2496061382793763 0.0 
v -0.027255889545417026 -0.23893451183603168 0.0 
v -0.00911102433339729 -0.25605394461364095 0.0 
v -0.01846315266322082 -0.26343818126128715 0.0 
v 0.0013884976940043011 -0.24279584222112838 0.0 
v 0.005061816668444429 -0.23436803817406668 0.0 
v 0.009369113749108473 -0.2267594524538343 0.0 
v 0.013886602022216175 -0.2203085171861921 0.0 
v 0.018223816763951205 -0.2149974761169266 0.0 
v 0.008403183793801047 -0.28246055684570165 0.0 
v 0.0039449001631384414 -0.276203764997739 0.0 
v -0.0050082338680993285 -0.27642550574619473 0.0 
v 0.0005835292391700997 -0.26828154355977424 0.0 
v -0.0013062889155802209 -0.25989478427072304 0.0 
v -0.0010361087999709606 -0.25145369292736347 0.0 
v -0.015964931613852925 -0.20261948011763703 0.0 
v -0.02458311294834751 -0.21294595655604712 0.0 
v -0.0337865145964479 -0.22487353334986368 0.0 
v -0.037612491926945255 -0.20980001839736245 0.0 
v -0.04376193059894506 -0.23984456332775514 0.0 
v -0.055031426454004 -0.2587584685742709 0.0 
v -0.0631680679937561 -0.2374950677780993 0.0 
v -0.04414890066969195 -0.2771675801929921 0.0 
v -0.06521458089646752 -0.2811024832223736 0.0 
v -0.08703733206662224 -0.28808442043865057 0.0 
v -0.10727220560649287 -0.27382355764054483 0.0 
v -0.10429067974375747 -0.2454316968136892 0.0 
v -0.10423472150847085 -0.22130193384096547 0.0 
v -0.08418263937556411 -0.23050414886939155 0.0 
v -0.06649114633892486 -0.21559791052878452 0.0 
v -0.06555177894181508 -0.1948684398026865 0.0 
v -0.05140378104639256 -0.2041202049229592 0.0 
v -0.0389992374820659 -0.1950862487173195 0.0 
v -0.038037541877981244 -0.1817387979074861 0.0 
v -0.029032794490451156 -0.18759967614557696 0.0 
v -0.02134117653706212 -0.18029715489113798 0.0 
v -0.018996267975248612 -0.1908998543797069 0.0 
v -0.02400212579422808 -0.17063667147137807 0.0 
v -0.014631093918065092 -0.17237649002021366 0.0 
v -0.008105482147739408 -0.1646116300642036 0.0 
v -0.005369859309520207 -0.17394947749191658 0.0 
v -0.01015793254007962 -0.1550686850681365 0.0 
v -0.0017409525681050797 -0.15754792618965885 0.0 
v 0.004572254030155618 -0.15138115385495512 0.0 
v 0.00596174420203339 -0.1595181038630427 0.0 
v 0.0038752990878570025 -0.14235842787481098 0.0 
v 0.011207689216108454 -0.14635366598908559 0.0 
v 0.018119227020071536 -0.14385130429808043 0.0 
v 0.016536517018646505 -0.1502307378780511 0.0 
v 0.024163958256463804 -0.1443039804073456 0.0 
v 0.029509888925362247 -0.14648290038043246 0.0 
v 0.02492117859514553 -0.150029523815021 0.0 
v 0.016782853201561528 -0.15607244644153778 0.0 
v 0.02075845999139092 -0.152871076307088 0.0 
v 0.02458861857615871 -0.15544897984110417 0.0 
v 0.02334973806395736 -0.1604646765342567 0.0 
v 0.028114177057256152 -0.15896560934690243 0.0 
v 0.03126558481181184 -0.1625718796923594 0.0 
v -0.004253107298706687 -0.13922905760109952 0.0 
v -0.011452110175558698 -0.14524851412225712 0.0 
v -0.019228173608019317 -0.15204917520277134 0.0 
v -0.02717498424877688 -0.1601695960236882 0.0 
v -0.034142112132835856 -0.17013414560430695 0.0 
v -0.046664282997719825 -0.17224189248537197 0.0 
v -0.061557701911267096 -0.17646783019941897 0.0 
v -0.07842940913644841 -0.18185020570204596 0.0 
v -0.008362177062802779 -0.19274873493719624 0.0 
v -0.0019061988955730526 -0.18344830117063288 0.0 
v 0.00210568827301267 -0.19312677771236716 0.0 
v 0.0037030057695254877 -0.1747331909172384 0.0 
v 0.008425202065804027 -0.16706562549404233 0.0 
v 0.012732605400254888 -0.16081051298196758 0.0 
v 0.018456136700075038 -0.1612061562384811 0.0 
v -0.027377015808773563 -0.27501301023513774 0.0 
v -0.03227270522415655 -0.29054336412325077 0.0 
v -0.019037972895216252 -0.2970051665656301 0.0 
v -0.011166957629749494 -0.2861454842396171 0.0 
v -0.015221292673982523 -0.2754723502541758 0.0 
v 0.03417375315951061 -0.16552337765073974 0.0 
v 0.03756331128531796 -0.16442282475852005 0.0 
v 0.039170209907703375 -0.16105039699843549 0.0 
v -0.32112359357161147 0.12020499658561264 0.0 
v -0.35437974203795664 0.0715811360177661 0.0 
v -0.3781340948976688 0.011807918707097895 0.0 
v -0.38937149303361474 -0.05878431003503827 0.0 
v 0.019059278344117032 -0.2831839124400999 0.0 
v 0.01918745537493736 -0.2864321030648459 0.0 
v 0.021327081156591383 -0.28755911579317184 0.0 
v -0.17866159878176244 -0.4484063453141491 0.0 
v -0.22809098448720502 -0.4855378122689337 0.0 
v -0.2970978599584798 -0.5414111514053609 0.0 
v -0.3730433925302738 -0.46980865403841665 0.0 
v -0.12822193569724186 0.22163171112558444 0.0 
v -0.15050625744759416 0.20147485483125416 0.0 
v -0.0866444973121275 0.16196994964460368 0.0 
v -0.08400153069646482 0.16956150941307738 0.0 
v -0.07791227467619721 0.17875506671673413 0.0 
v -0.08048347299752535 0.19367506255465794 0.0 
v -0.08968456146692247 0.15345454970662364 0.0 
v -0.0882685085449517 0.1568276643255821 0.0 
v -0.16631937326134538 0.18192919604988217 0.0 
v -0.08923591033307494 -0.16945530173449186 0.0 
v -0.095371735246697 -0.18467589573974172 0.0 
v -0.10719421922706573 -0.19964598555651256 0.0 
v -0.11007488107320772 -0.181639278376103 0.0 
v -0.12275586699095664 -0.21371950575190166 0.0 
v -0.1417032981988969 -0.20418355204480793 0.0 
v -0.13871868249246044 -0.18218354668792144 0.0 
v -0.1232937572064371 -0.1740290674173245 0.0 
v -0.1102084781697358 -0.1665853223992194 0.0 
v -0.08781281307843765 -0.1543348030647255 0.0 
v -0.09886982711042797 -0.16092555613484483 0.0 
v -0.10769172300251192 -0.15271351457544846 0.0 
v -0.09028773467070497 -0.14067003512743828 0.0 
v -0.10274231613896448 -0.14009440189788233 0.0 
v -0.0956741860573156 -0.1276916371925957 0.0 
v -0.11625348243553033 -0.1417116407670858 0.0 
v -0.12447505149901704 -0.12740496992477499 0.0 
v -0.11473867763942434 -0.11409376947160364 0.0 
v -0.10164854365261664 -0.1151967727761 0.0 
v -0.08656840466894546 0.13785309088861167 0.0 
v -0.08637374353208821 0.1407945969818118 0.0 
v -0.08910486542690901 0.141281937226964 0.0 
v -0.08944279826053605 0.1382256886508335 0.0 
v 0.10117355047705645 -0.08260407639252522 0.0 
v 0.10347342963470778 -0.08761394716541855 0.0 
v -0.013688091402880806 -0.10535066550751812 0.0 
v -0.016774506271841568 -0.10897030109245615 0.0 
v -0.01124642355042224 -0.10028593659431376 0.0 
v -0.08019086900272783 -0.05920538170536092 0.0 
v -0.08079792144068647 -0.05199196430481334 0.0 
v -0.07752411683806347 -0.06362682918609337 0.0 
v -0.07738853671663609 -0.06885789174202868 0.0 
v -0.07672936253973583 -0.07442181847776264 0.0 
v -0.07228823114661598 -0.07797258680362967 0.0 
v -0.06714013923210485 -0.0825413505596478 0.0 
v -0.06168664747388617 -0.08668003806456064 0.0 
v -0.056553532632399525 -0.08999448900597352 0.0 
v -0.051737032587756714 -0.09211617544301769 0.0 
v -0.04681718069315996 -0.09396456165350263 0.0 
v -0.04118802690370083 -0.0961703578637447 0.0 
v -0.03511969939217067 -0.09711174571916126 0.0 
v -0.03164993426995813 -0.10176062585581354 0.0 
v -0.027952884370041522 -0.10474933588801652 0.0 
v -0.019908539636483577 -0.10956773592600182 0.0 
v -0.022711202987800886 -0.10865253864889596 0.0 
v -0.07306539458571577 -0.05097331930957226 0.0 
v -0.06709787405975084 -0.054990136526714736 0.0 
v -0.059357543030983215 -0.055894494995973966 0.0 
v -0.05167360661781884 -0.06016894778652163 0.0 
v -0.044836523633565634 -0.06548406343243966 0.0 
v -0.03845705491719044 -0.07037137886704331 0.0 
v -0.032357207273389595 -0.07394693356628673 0.0 
v -0.026020847422859456 -0.07748606974024648 0.0 
v -0.02021643294121811 -0.08256157503542433 0.0 
v -0.01607324037028983 -0.08877597284456337 0.0 
v -0.01337424732586596 -0.09498880051248046 0.0 
v -0.02521346552118061 -0.10696756746836943 0.0 
v 0.10740393916124057 -0.09750957503784616 0.0 
v 0.10373294800406359 -0.09594214051900177 0.0 
v 0.11096292303891021 -0.09751940717043008 0.0 
v 0.11320371889370809 -0.09457132807216478 0.0 
v 0.11471203915542429 -0.09094072562973199 0.0 
v 0.10223146633540846 -0.09220640308483197 0.0 
v 0.1582706043436955 -0.039925226682553314 0.0 
v 0.15632226960981846 -0.03491824857822839 0.0 
v 0.15807922042558079 -0.04409296924843176 0.0 
v 0.15997229092892482 -0.04739150096134504 0.0 
v 0.1612508714973573 -0.0515063516793093 0.0 
v 0.15827404991704458 -0.055287235699874995 0.0 
v 0.15461743108621087 -0.05954172642959832 0.0 
v 0.15001115298543283 -0.06426037709045383 0.0 
v 0.14428742388216742 -0.06890399883096533 0.0 
v 0.13813992888404636 -0.07289695837232198 0.0 
v 0.1322235129311978 -0.07648682928300977 0.0 
v 0.12685714582320595 -0.07987909719440446 0.0 
v 0.12228672279679821 -0.08365791180226398 0.0 
v 0.11828087371218404 -0.08801555700178829 0.0 
v 0.15059623947524803 -0.03745622382525803 0.0 
v 0.14670876369952246 -0.042627967717810154 0.0 
v 0.1400530859518367 -0.044429865465309956 0.0 
v 0.13324713692061158 -0.047823187009798776 0.0 
v 0.126742804273182 -0.05183724457398624 0.0 
v 0.120472142794404 -0.05616059236142553 0.0 
v 0.11438343536652124 -0.060749286913762836 0.0 
v 0.10848776348389493 -0.06572495720827393 0.0 
v 0.10328754700191815 -0.07129291483141119 0.0 
v 0.09920600288329467 -0.0767825184223978 0.0 
v 0.15574253756566422 -0.04404675939423566 0.0 
v 0.154451669765652 -0.04399209662448207 0.0 
v 0.1551730136708263 -0.04505998225394757 0.0 
v 0.15673747453668463 -0.04874307120243311 0.0 
v 0.15502877015963787 -0.048162108581745355 0.0 
v 0.15520031006625562 -0.0501840275334226 0.0 
v 0.1515757420730594 -0.05591396208135379 0.0 
v 0.15140299671765908 -0.05318602920297892 0.0 
v 0.14915397552020782 -0.05482159074235589 0.0 
v 0.14155527665387624 -0.053483275642005626 0.0 
v 0.14437323255168213 -0.05191500898470578 0.0 
v 0.14193046287634284 -0.050119131625638656 0.0 
v -0.07058280384456508 -0.058525845348505474 0.0 
v -0.07245658882193126 -0.05951897048966783 0.0 
v -0.07091183718257565 -0.0606790428333234 0.0 
v -0.07025188433152839 -0.06713467980435929 0.0 
v -0.07183481845346086 -0.06504242285121647 0.0 
v -0.0729741912615891 -0.06744123920702641 0.0 
v -0.06196025722026689 -0.06261415620693114 0.0 
v -0.0647714209859629 -0.06454791675424193 0.0 
v -0.06201220647195007 -0.06632939846606394 0.0 
v -0.06015872723696228 -0.07596116127222995 0.0 
v -0.06283444660394508 -0.0737181707350792 0.0 
v -0.06338353011156965 -0.07738760542669428 0.0 
v 0.1064859315860909 -0.08942861224421489 0.0 
v 0.10713540465671752 -0.09105823921059503 0.0 
v 0.10822571958646539 -0.0896199094101508 0.0 
v 0.11219350872135532 -0.08934077111098322 0.0 
v 0.11124257506510997 -0.09025567123071786 0.0 
v 0.11244917711069027 -0.0904112043027601 0.0 
v 0.1131795753162463 -0.08355022894328802 0.0 
v 0.11272685667610341 -0.0860344516787745 0.0 
v 0.11492711025950182 -0.08536516834873731 0.0 
v 0.10583368521610947 -0.08062447613946683 0.0 
v 0.10845232501441662 -0.08131297868804337 0.0 
v 0.10793020262200964 -0.0784050398153999 0.0 
v 0.11229213045142288 -0.07048069983838233 0.0 
v 0.11273543796180047 -0.07392473551366924 0.0 
v 0.11536430308592498 -0.07165308615692563 0.0 
v 0.11835683121658214 -0.07288734354778034 0.0 
v 0.11808961191297396 -0.06940458302594762 0.0 
v -0.021646783595464843 -0.1063762236424053 0.0 
v -0.02055555249822858 -0.10545095627699826 0.0 
v -0.021917055114453955 -0.10500291371245216 0.0 
v -0.025418232677379946 -0.10200054261683757 0.0 
v -0.02336138368385374 -0.10174540086433338 0.0 
v -0.024505126690578156 -0.099850341048917 0.0 
v -0.023397782888596876 -0.09752509368461704 0.0 
v -0.02587164516641401 -0.09786012578275848 0.0 
v -0.031335539198276426 -0.09443810515981917 0.0 
v -0.028981113000678575 -0.09384883355334886 0.0 
v -0.030615906126156167 -0.09205945814088462 0.0 
v -0.030187851464026322 -0.08940652607169927 0.0 
v -0.03247259831470339 -0.0906660196757004 0.0 
v -0.03955255055343502 -0.09064925165929166 0.0 
v -0.03729968887118388 -0.08851655643099506 0.0 
v -0.04007563728782585 -0.0874949106801089 0.0 
v 0.032847991280791085 -0.2748299063050121 0.0 
v 0.03442352316777446 -0.2733063618328221 0.0 
v 0.03246956648395223 -0.27249384956467076 0.0 
v 0.03247931965968831 -0.26985891693808634 0.0 
v 0.030269666015157813 -0.2714317666716245 0.0 
v 0.027997786697477673 -0.270192961507559 0.0 
v 0.02802267279512663 -0.27300315620683396 0.0 
v 0.025899667885175757 -0.27443476128024946 0.0 
v 0.027816655483930357 -0.2756233885643238 0.0 
v 0.0388035942191448 -0.2402181008549204 0.0 
v 0.03701555793558418 -0.24257854655882655 0.0 
v 0.03981850176709559 -0.24320682851819436 0.0 
v 0.040265760248687596 -0.24673031237356213 0.0 
v 0.043082770529832344 -0.24420033433216393 0.0 
v 0.04017938982273402 -0.2543629439295625 0.0 
v 0.036921673776174814 -0.2560124192119588 0.0 
v 0.03951404738110988 -0.25819444871262437 0.0 
v 0.03855673150949002 -0.26164015782918526 0.0 
v 0.04167098907123293 -0.26077735317746076 0.0 
v 0.035611690427494805 -0.27981535305948374 0.0 
v 0.034486560674213275 -0.27834010700185347 0.0 
v 0.03369157706416405 -0.28025381559126905 0.0 
v 0.031759629481724394 -0.28050208115777653 0.0 
v 0.032747449634188575 -0.28215100898697637 0.0 
v 0.028079504178799897 -0.28133067818704605 0.0 
v 0.026887287047396 -0.27995570238245177 0.0 
v 0.026335720977279868 -0.28181720361978896 0.0 
v 0.02472868782433608 -0.2822487991650671 0.0 
v 0.025683154905309615 -0.28346307766461853 0.0 
v 0.025041928148385142 -0.2848463797575552 0.0 
v 0.026341574963801326 -0.2847410931708825 0.0 
v 0.026694003157579214 -0.28590536364638214 0.0 
v 0.02755557021782833 -0.28502750110310004 0.0 
v 0.02708062160102224 -0.2875720813287164 0.0 
v 0.026696671764704406 -0.2880908565467864 0.0 
v 0.02720453124070713 -0.2881381214096878 0.0 
v 0.027305462233868868 -0.2885613295375406 0.0 
v 0.02760874566649421 -0.2882889222747518 0.0 
v 0.027476075101936625 -0.28905346108095026 0.0 
v 0.02742665172322301 -0.2892436163403638 0.0 
v 0.02758365660844917 -0.28915787037974794 0.0 
v 0.027735315575468662 -0.28922729942554143 0.0 
v 0.0276994267665731 -0.289040834554613 0.0 
v 0.0279024155875964 -0.28852133900546945 0.0 
v 0.028023808437404332 -0.28807528128321763 0.0 
v 0.028551409733850994 -0.28794551058311785 0.0 
v 0.028163727029296922 -0.2874739055802786 0.0 
v 0.02851290242982068 -0.2856561789060805 0.0 
v 0.028757001945016552 -0.28432193015484947 0.0 
v 0.030200513759347906 -0.2839296868587155 0.0 
v 0.0292140608934091 -0.2826800085164272 0.0 
v 0.019071932374123142 -0.2599254424290389 0.0 
v 0.022388576927571024 -0.26127978744358166 0.0 
v 0.02224258364791107 -0.2573475168158958 0.0 
v 0.02557719050792152 -0.25538474316060017 0.0 
v 0.022661259519626026 -0.25317649809077575 0.0 
v 0.022831928691555956 -0.2424906685923466 0.0 
v 0.024847775585721345 -0.2454673328506026 0.0 
v 0.026293497578189714 -0.24207398945369896 0.0 
v 0.029215801847209434 -0.2419256503745004 0.0 
v 0.028128730958819147 -0.23930686729970857 0.0 
v 0.03443737782655496 -0.24013218029367167 0.0 
v 0.035227480604684065 -0.23845073367460454 0.0 
v 0.03358379485896445 -0.23898241725973948 0.0 
v 0.03212913821133764 -0.2381810428231002 0.0 
v 0.03242634145813355 -0.23996031414072538 0.0 
v 0.027772491878437087 -0.23625005954353667 0.0 
v 0.028105007178827673 -0.2331618487979735 0.0 
v 0.02532289405834631 -0.23447105150888284 0.0 
v 0.036305177365344644 -0.23384727575269018 0.0 
v 0.03851552789038426 -0.23277065046181425 0.0 
v 0.03666498801629142 -0.23135944187691584 0.0 
v 0.03695541195370139 -0.22893751297372253 0.0 
v 0.03490929596593166 -0.22997662399344457 0.0 
v 0.037413866525139984 -0.2245254154052362 0.0 
v 0.039060980181853125 -0.22351419802675535 0.0 
v 0.03760053782084686 -0.22258342959428287 0.0 
v 0.03776252320864245 -0.2208260974268216 0.0 
v 0.036299063085310654 -0.22157149715390112 0.0 
v 0.03801213024625774 -0.21784823946679205 0.0 
v 0.03905217222972988 -0.21715375916470905 0.0 
v 0.03809944767608858 -0.21660969597323404 0.0 
v 0.03816233971992201 -0.21552228949242244 0.0 
v 0.0372783971387443 -0.21600340776331578 0.0 
v 0.03821891900030044 -0.21374338638426224 0.0 
v 0.038805431970269234 -0.21328569027405794 0.0 
v 0.03821594679174444 -0.2130173092766046 0.0 
v 0.038195540866428054 -0.21237060138811256 0.0 
v 0.037698606096095856 -0.21272030008177997 0.0 
v 0.03725118317317458 -0.21241953904296584 0.0 
v 0.037168133821234337 -0.21300485278011538 0.0 
v 0.036603264259988645 -0.21319792931865789 0.0 
v 0.037027156129204465 -0.21367274123930052 0.0 
v 0.036588729984051375 -0.21534835394190252 0.0 
v 0.03629817752247772 -0.2163883799923399 0.0 
v 0.035221287976142546 -0.21666358757475324 0.0 
v 0.035961893899890546 -0.2175813933489412 0.0 
v 0.03515874646817695 -0.22048030929205426 0.0 
v 0.034701485722114025 -0.2222099139662449 0.0 
v 0.03296151773067213 -0.22273901250896302 0.0 
v 0.034219235478070285 -0.22413474634535285 0.0 
v 0.033725380742371844 -0.22625098302468777 0.0 
v 0.03563581830585209 -0.22543346724603042 0.0 
v -0.04943803787758101 -0.07180151835530305 0.0 
v -0.05329557078314157 -0.07320333066166987 0.0 
v -0.05054054782501813 -0.07605113818389186 0.0 
v -0.051451822512415146 -0.08528727041318572 0.0 
v -0.05307677821275529 -0.08299571593439159 0.0 
v -0.053931929681580754 -0.08582814519744296 0.0 
v -0.042968000760218596 -0.08655622167871956 0.0 
v -0.04590106966311923 -0.08580298296967016 0.0 
v -0.04515802368516235 -0.08886408865612985 0.0 
v -0.04466931390094225 -0.07962585276649425 0.0 
v -0.04119799146858496 -0.0806613817795739 0.0 
v -0.04180290124708935 -0.07674938447340689 0.0 
v 0.14125354469358428 -0.06375264743638255 0.0 
v 0.14126588708536897 -0.060272465189983596 0.0 
v 0.1383844283556686 -0.06219627293749723 0.0 
v 0.12964851568334845 -0.06093504175042745 0.0 
v 0.1326444906609509 -0.058951358901415264 0.0 
v 0.12970266278778214 -0.05729082227390181 0.0 
v 0.12959814111749698 -0.07152559330915702 0.0 
v 0.12961631375884455 -0.0680553867227616 0.0 
v 0.1267662873990104 -0.0700417229887214 0.0 
v 0.1208912824979706 -0.06720556243676681 0.0 
v 0.1178324043598387 -0.06583445354093456 0.0 
v 0.37313518173394145 0.6399382563078269 0.0 
v 0.2957035553482974 0.5987577839211148 0.0 
v 0.36400134322888594 0.5647774750622717 0.0 
v 0.10595666549845492 -0.10725999572774994 0.0 
v 0.1086663556691228 -0.10709516650164114 0.0 
v 0.10749440523555848 -0.10456561222119419 0.0 
v 0.1823451492431009 0.09443640177964167 0.0 
v 0.17704109388608863 0.09474166055602276 0.0 
v 0.17955567663903899 0.09009591854106287 0.0 
v 0.2690171638725189 0.16014238715189227 0.0 
v 0.2537388730385687 0.1521405895569712 0.0 
v 0.2651446933826607 0.14278903944070295 0.0 
v -0.036022125035783566 0.7301803554237369 0.0 
v -0.05736877766047974 0.650778316239336 0.0 
v 0.03044018241055219 0.6603806286462524 0.0 
v -0.026308512796791243 -0.056828251936054376 0.0 
v -0.024542952528073803 -0.06148885720527646 0.0 
v -0.02134370869663381 -0.05750773472482879 0.0 
v -0.17798307696320986 0.0700262383808343 0.0 
v -0.16571389350074495 0.06468709610187028 0.0 
v -0.1661887006590355 0.07991326744078413 0.0 
v -0.08706006500916878 0.2527025489049527 0.0 
v -0.06448031322433204 0.2508607319213817 0.0 
v -0.07251855203083957 0.27406800259991926 0.0 
v -0.1276129311208819 0.10917158776894517 0.0 
v -0.1386804801646915 0.1077776314317965 0.0 
v -0.13170265184396188 0.09790790599575944 0.0 
v -0.09384746806187937 0.21159065810337047 0.0 
v -0.0919451261130603 0.2201295823817642 0.0 
v -0.09920491013325208 0.21574737378703895 0.0 
v -0.16984860646824637 0.2152260169548185 0.0 
v -0.18200370876610844 0.2274545595055359 0.0 
v -0.18347419744668314 0.20964447494880598 0.0 
v -0.2549447850051659 0.04796579681282146 0.0 
v -0.27344065720936783 0.04906943459194169 0.0 
v -0.26494087597295884 0.03167039913111961 0.0 
v 0.25700298876050337 0.032449360387965656 0.0 
v 0.2486651528237574 0.034440696506991254 0.0 
v 0.24984187733514862 0.025454472882684653 0.0 
v 0.2572417703261381 0.11133290940939872 0.0 
v 0.25363955460219306 0.11953917850878626 0.0 
v 0.2490964789673457 0.11159760297022152 0.0 
v 0.24104602909481415 -0.004930982825466064 0.0 
v 0.2389990808747824 -9.561262073494027e-06 0.0 
v 0.23669219993832896 -0.0051984957858223135 0.0 
v 0.10680536692860064 -0.1165197366849832 0.0 
v 0.10591274431184626 -0.11346394144139191 0.0 
v 0.10362302413287726 -0.1159624714592181 0.0 
v 0.07144151921196595 -0.1825056700731051 0.0 
v 0.0728012709204219 -0.1833255558884569 0.0 
v 0.07252924423842595 -0.18164345965683135 0.0 
v 0.02610072956459271 0.21020606247109577 0.0 
v 0.021755384904574245 0.19227700951725218 0.0 
v 0.03921692629630892 0.19667557445413966 0.0 
v -0.026764050785345148 -0.12867742310769575 0.0 
v -0.026698399104847035 -0.13162518992449734 0.0 
v -0.02457874626128827 -0.12965020354644244 0.0 
v 0.03374301997862005 -0.17644524364879827 0.0 
v 0.03321804174864912 -0.17821722587587838 0.0 
v 0.034799148916794476 -0.17754052309036705 0.0 
v -0.02027173823840381 -0.12137919094723575 0.0 
v -0.018207850604061927 -0.12067478519752715 0.0 
v -0.019817942931288652 -0.11930123337626657 0.0 
v -0.012581232419080416 -0.11865346473487572 0.0 
v -0.010850159807032963 -0.12207155797163258 0.0 
v -0.008655988552107377 -0.1184583403782691 0.0 
v -0.2363087039132846 0.15179140133970193 0.0 
v -0.2480494791810888 0.1492612677699696 0.0 
v -0.23802483888077505 0.14141579064813234 0.0 
v -0.47236086909922487 0.02704796542403827 0.0 
v -0.5177476122611009 0.021660395419468646 0.0 
v -0.4875562092726723 -0.020197698752066 0.0 
v -0.4524690248150474 -0.15190971218003854 0.0 
v -0.4973995481938636 -0.13288517413669587 0.0 
v -0.48689053343572497 -0.19124333903700227 0.0 
v 0.018115805371935474 -0.2696661120407346 0.0 
v 0.01619139487589268 -0.2723406291333436 0.0 
v 0.019009459598467223 -0.27254072504021754 0.0 
v 0.02265883440083743 -0.2772602810710457 0.0 
v 0.020804300627788125 -0.27714684396078115 0.0 
v 0.021662356529702487 -0.2788024627860814 0.0 
v 0.01883933629286326 -0.191770918117726 0.0 
v 0.019670499586857633 -0.19411567026589585 0.0 
v 0.021030747420784122 -0.1920301365369714 0.0 
v 0.026731524199361225 -0.18979583003500408 0.0 
v 0.025464008243365338 -0.19193174336256136 0.0 
v 0.027676295605387733 -0.19193393328646707 0.0 
v -0.01861987218996878 -0.1270683451798031 0.0 
v -0.01947837902383793 -0.12958101548826687 0.0 
v -0.017001764861082222 -0.12874398371014492 0.0 
v -0.009000472089462832 -0.1293442202395021 0.0 
v -0.011881269571273174 -0.13183631021866551 0.0 
v -0.008516993096690836 -0.13333875373737591 0.0 
v -0.08750257758904695 0.15174797920001212 0.0 
v -0.08694369420165518 0.15010656222410246 0.0 
v -0.08581766665340332 0.15146664579136243 0.0 
v -0.08057461464510492 0.15094092715068252 0.0 
v -0.08258980238472355 0.15004212110793877 0.0 
v -0.08115002725360118 0.1486131078712119 0.0 
v -0.08204961103310768 0.1593942829818143 0.0 
v -0.08109626541296741 0.15648850287978494 0.0 
v -0.07897496024849046 0.15882080876629764 0.0 
v -0.06909169400690598 0.1588780762827569 0.0 
v -0.07235921329193092 0.1563473258865238 0.0 
v -0.06882365805462554 0.15448727074271612 0.0 
v -0.0720376746889381 0.17210663676624505 0.0 
v -0.07083674047228275 0.16771908422729664 0.0 
v -0.06780927608841116 0.17109662464841532 0.0 
v -0.05357887627784894 0.17351054745209843 0.0 
v -0.0579026815771394 0.16897135030942903 0.0 
v -0.05226745400569626 0.1670342469967838 0.0 
v -0.06513717015964998 0.1941039321381016 0.0 
v -0.05951742015323318 0.18711650654073284 0.0 
v -0.05543902828150961 0.19565947948377166 0.0 
v -0.02619992486208509 0.1976443691218317 0.0 
v -0.03520398602400605 0.1910335110878311 0.0 
v -0.025920687834839376 0.18626845571116393 0.0 
v -0.03148175628549314 0.23839767866666775 0.0 
v -0.029420795740425196 0.223975504753865 0.0 
v -0.01822992753945858 0.23284996726655455 0.0 
v 0.027407018922157814 0.23050319701371902 0.0 
v 0.01082004307730163 0.22031129052016088 0.0 
v -0.04645818389754725 0.16440434637486995 0.0 
v -0.04067850200950653 0.16116373366734135 0.0 
v -0.040716195308413826 0.16831312022508133 0.0 
v -0.026521830363327302 0.17624652988723463 0.0 
v -0.017375786992064195 0.18002402293638514 0.0 
v -0.00980645284459863 0.17215901556842156 0.0 
v -0.006417345046240287 0.1837750561126976 0.0 
v -0.09547781406111733 0.1522830307192614 0.0 
v -0.0940136726611577 0.15219825751105706 0.0 
v -0.09469760785499266 0.1535593560612748 0.0 
v -0.09340974841879371 0.15815218493661956 0.0 
v -0.09295067854665064 0.15618869645410233 0.0 
v -0.09156641504378953 0.15738710416053564 0.0 
v -0.10071257769215416 0.15729618080426355 0.0 
v -0.09805013105087859 0.15825513439631453 0.0 
v -0.10002978275730744 0.16065038420234795 0.0 
v -0.0977457640486096 0.1728554447860734 0.0 
v -0.09598546516784352 0.16782038447166145 0.0 
v -0.09245411468729743 0.17159492691886946 0.0 
v -0.1108543056224816 0.1698307590587443 0.0 
v -0.10739702532529574 0.17075425725262114 0.0 
v -0.1102825192390136 0.17309083695643915 0.0 
v -0.1203340160636829 0.18318979915768538 0.0 
v -0.11306847481710025 0.18307685477276753 0.0 
v -0.11584708580476435 0.19080336253692834 0.0 
v -0.10930853792359717 0.19706878553414006 0.0 
v -0.11783324180230871 0.20096044039624802 0.0 
v 0.07484929190436215 -0.15868654580306768 0.0 
v 0.07766182153970089 -0.15821198092139377 0.0 
v 0.07595565407473737 -0.15583670569536337 0.0 
v 0.07573577457496011 -0.14725776107548977 0.0 
v 0.07797110262648484 -0.14958562062701686 0.0 
v 0.07895968481064435 -0.14613212351328933 0.0 
v 0.0293014046804154 -0.2912540583297681 0.0 
v 0.028798695039947673 -0.29196355161053056 0.0 
v 0.029647229531801475 -0.2920393727231756 0.0 
v 0.03153376089685653 -0.29401297396047316 0.0 
v 0.03041802797664971 -0.29397212822704266 0.0 
v 0.030838546586328962 -0.29504726768035144 0.0 
v 0.024048840854973403 -0.32260007459358236 0.0 
v 0.025639023512596202 -0.32319121157801645 0.0 
v 0.025492967414089282 -0.3213015596614929 0.0 
v 0.028447185354434922 -0.31729855937279455 0.0 
v 0.028566966119091836 -0.318980266456564 0.0 
v 0.029847223283676942 -0.3177683188757849 0.0 
v 0.02459569740072822 -0.3144234478174394 0.0 
v 0.02589014038551945 -0.31553535450987324 0.0 
v 0.026249649865486672 -0.31374708734855206 0.0 
v 0.0296033013191697 -0.31140743508297253 0.0 
v 0.029218011097369868 -0.31277364795303836 0.0 
v 0.030509275533083927 -0.3122594008803464 0.0 
v 0.027410826682485838 -0.3081351822009023 0.0 
v 0.028114752911141096 -0.3092594589514043 0.0 
v 0.02873182242563197 -0.3079334917338108 0.0 
v 0.032045574042496174 -0.3062303645818581 0.0 
v 0.03144711100642738 -0.30762907337002987 0.0 
v 0.032916734666816404 -0.3074168589064928 0.0 
v 0.029939558263391418 -0.3035324073365002 0.0 
v 0.030513319271701214 -0.30431742939310796 0.0 
v 0.030831609759517327 -0.30327742140154323 0.0 
v 0.028838394318754002 -0.30551379316640237 0.0 
v 0.028449150545479137 -0.30447187673220594 0.0 
v 0.027748523405490205 -0.3053584914113684 0.0 
v 0.025553388880441882 -0.30524902334592297 0.0 
v 0.026102901362913822 -0.3048022274713735 0.0 
v 0.025484545810328996 -0.3046296296957841 0.0 
v 0.02475055173387625 -0.30745632489995267 0.0 
v 0.025181148831080444 -0.306691146371524 0.0 
v 0.024449616982245966 -0.3067424370268228 0.0 
v 0.02348555542769756 -0.30569265055456535 0.0 
v 0.023945320630525343 -0.3056820067290189 0.0 
v 0.023705562786922135 -0.30527987327212075 0.0 
v 0.02414738441847221 -0.3081923268453682 0.0 
v 0.025098434455454018 -0.3083467597916929 0.0 
v 0.023630781195928444 -0.30380847912408177 0.0 
v 0.024049701202881597 -0.3042323420891131 0.0 
v 0.024259026094152234 -0.30359317576200684 0.0 
v 0.026062931687553127 -0.3026580385318815 0.0 
v 0.025641504485950938 -0.3033946227687868 0.0 
v 0.026404237193209994 -0.3034075298040752 0.0 
v 0.03155009352106595 -0.31793864563148133 0.0 
v 0.030776684983831102 -0.3163744242198135 0.0 
v 0.031660657888675316 -0.3130546515863829 0.0 
v 0.0316762243892779 -0.311497567150986 0.0 
v 0.03377200173549242 -0.3088394278576801 0.0 
v 0.034572801063979385 -0.3070839679145262 0.0 
v 0.03878411827171815 -0.30286562068004125 0.0 
v 0.038678496086106816 -0.3055498039102723 0.0 
v 0.041172433939809835 -0.3040376210406324 0.0 
v 0.03383751310212093 -0.3011748920263507 0.0 
v 0.03519109875564066 -0.301632275426934 0.0 
v 0.0348854302567993 -0.300091796257659 0.0 
v 0.03176595763019232 -0.30277358120699477 0.0 
v 0.03091373941901855 -0.30229628473655157 0.0 
v 0.029533312642627815 -0.30013470509434126 0.0 
v 0.030537708089233596 -0.3002716453593659 0.0 
v 0.030214738427285698 -0.29922375640823523 0.0 
v 0.02777217059684378 -0.3026777111825321 0.0 
v 0.028322125782264302 -0.3018516067911951 0.0 
v 0.027411395857707157 -0.3018273125649196 0.0 
v 0.025562077445068863 -0.3002381610858777 0.0 
v 0.02654497558379364 -0.30011267297102007 0.0 
v 0.026022447335836987 -0.2992288063161903 0.0 
v 0.024511705725855558 -0.30287226526262656 0.0 
v 0.024811066941452704 -0.30206891649169826 0.0 
v 0.02400755143648284 -0.3022937436483098 0.0 
v 0.026556163309436834 -0.29597766495403094 0.0 
v 0.02713205986723164 -0.297065901700653 0.0 
v 0.027794151943514016 -0.29592453139643027 0.0 
v 0.030125871115263634 -0.2960692176237685 0.0 
v 0.03126208528606868 -0.29615029341290666 0.0 
v 0.4545602457565833 -0.4595779944009864 0.0 
v 0.40274300630836574 -0.44127260467480417 0.0 
v 0.41106465871329423 -0.49939497950050893 0.0 
v 0.30271621980465974 -0.6691870204299679 0.0 
v 0.3056084454895605 -0.5868916710725715 0.0 
v 0.23463423284303575 -0.6241473516276339 0.0 
v 0.6560459262553888 -0.7547209700569535 0.0 
v 0.5073514742561059 -0.7250505503481338 0.0 
v 0.5506202945395398 -0.8347558273178992 0.0 
v 0.3420447268099966 -0.939683672765189 0.0 
v 0.2420435682495371 -0.9702653817739927 0.0 
v 0.19306189657381587 -0.5756918800218614 0.0 
v 0.16347359948432127 -0.6363194515481436 0.0 
v 0.037001081758056824 -0.6324742850777146 0.0 
v 0.0687751372753158 -0.6118576523857463 0.0 
v 0.03953462077947123 -0.5998080558169416 0.0 
v -0.03654221252386778 -0.7554643873558059 0.0 
v -0.0009254819621720747 -0.7135507787547403 0.0 
v -0.04264889006871279 -0.7101194687049552 0.0 
v -0.09118822768641682 -0.6213582756381257 0.0 
v -0.05869196689834387 -0.6335513492322496 0.0 
v -0.061345952771768214 -0.5972005422225091 0.0 
v 0.1837700551323922 -0.31296485521698225 0.0 
v 0.19461703060782803 -0.3354110711709924 0.0 
v 0.2086217749482646 -0.3106690643852284 0.0 
v 0.2730218841286016 -0.27212242121423963 0.0 
v 0.26502305231233847 -0.30161118901960055 0.0 
v 0.2935932031217753 -0.2902944674923874 0.0 
v 0.22835909722429906 -0.2201995614617679 0.0 
v 0.24147586699267962 -0.23692357939619163 0.0 
v 0.24869178432152012 -0.214615324291909 0.0 
v 0.28812078115756345 -0.18518802342433685 0.0 
v 0.2857728008725546 -0.20243725972670212 0.0 
v 0.3013268718893218 -0.1932996918687666 0.0 
v 0.20975072738027645 -0.2630178473747376 0.0 
v 0.2009139056076489 -0.24397833560813575 0.0 
v 0.18905369596415672 -0.2613855303870045 0.0 
v 0.05178966243024949 -0.18826778585242093 0.0 
v 0.05096651613225077 -0.18936785935800887 0.0 
v 0.05222433692015904 -0.18959703516539325 0.0 
v 0.05418735351856222 -0.19325880900984 0.0 
v 0.052712626479557434 -0.19261362929510287 0.0 
v 0.05274099602647347 -0.19433564157350924 0.0 
v 0.058171142058022575 -0.1889021645672745 0.0 
v 0.05691214544050751 -0.1905297670508927 0.0 
v 0.0588171205547481 -0.19087545664802233 0.0 
v 0.06224835808779296 -0.1962310988760565 0.0 
v 0.05981794800445931 -0.1954438966442761 0.0 
v 0.060071518316438595 -0.19814579955523 0.0 
v 0.06699431205212823 -0.18914945838450403 0.0 
v 0.0656628974002863 -0.19153208245679154 0.0 
v 0.06827186721253037 -0.1914076940807119 0.0 
v 0.07449562219462501 -0.19621314572572915 0.0 
v 0.07122876921723546 -0.19658191588943122 0.0 
v 0.07284504626847473 -0.19952662916522534 0.0 
v 0.0776311680222836 -0.18539583618720734 0.0 
v 0.07701550478913116 -0.18921114507074874 0.0 
v 0.08061803017132323 -0.1877181627145845 0.0 
v 0.08910062489501727 -0.19394262369213378 0.0 
v 0.08540153225321073 -0.1943469366968229 0.0 
v 0.08748827978614877 -0.1974745105294539 0.0 
v 0.08746828814972002 -0.20979155096294153 0.0 
v 0.08453985631690024 -0.20579643534947323 0.0 
v 0.08233115768234663 -0.21053919968614804 0.0 
v 0.07096158677344744 -0.21270933197994107 0.0 
v 0.07365676040298275 -0.2096833101493619 0.0 
v 0.07011290963030424 -0.20906922813424322 0.0 
v 0.06901512903183314 -0.20575000558230186 0.0 
v 0.06694844464828378 -0.20850015668640653 0.0 
v 0.06019211658459464 -0.20964521903364314 0.0 
v 0.06162499706652965 -0.2077746307989035 0.0 
v 0.05949111984535484 -0.20772802076911398 0.0 
v 0.05488404837091538 -0.20519564942844526 0.0 
v 0.05691367760180962 -0.20441957142423212 0.0 
v 0.055346437366036796 -0.2029628675142306 0.0 
v 0.054213064924401984 -0.19724050596614315 0.0 
v 0.05594249228375453 -0.1983216219027044 0.0 
v 0.05598000197763904 -0.1960643120670796 0.0 
v 0.0486750287299422 -0.20001607496450197 0.0 
v 0.0505877919773238 -0.19914676662664624 0.0 
v 0.04909721910614434 -0.19785247965162597 0.0 
v 0.04913153418648615 -0.19321265284022346 0.0 
v 0.05004662672391646 -0.19421246527128247 0.0 
v 0.05030950307297996 -0.19277842181171428 0.0 
v 0.07326526854554498 -0.18008077861683858 0.0 
v 0.07174181161244575 -0.1806039354653172 0.0 
v 0.06730156063879401 -0.18095298300898727 0.0 
v 0.06876879905774043 -0.17941375880652255 0.0 
v 0.06688598101467608 -0.17879658293422154 0.0 
v 0.07039507817640105 -0.18639591580443687 0.0 
v 0.06909285889160557 -0.18468159272453977 0.0 
v 0.06812752806122514 -0.18683187905190388 0.0 
v 0.0623077297412184 -0.18920520869198268 0.0 
v 0.06357906382414227 -0.18712440450744974 0.0 
v 0.06140190725658125 -0.18714561787914274 0.0 
v 0.0557456840112801 -0.18385395653316805 0.0 
v 0.056633469497286794 -0.18541227965200716 0.0 
v 0.057533882736577606 -0.18365744388961133 0.0 
v 0.06243366204438554 -0.18106300002609615 0.0 
v 0.06148379429242621 -0.18321393576414263 0.0 
v 0.0636859342793792 -0.18295383443691693 0.0 
v 0.058644577471186767 -0.1765347714690999 0.0 
v 0.059821930249374 -0.17795139137761606 0.0 
v 0.06040282298696889 -0.17605967137983844 0.0 
v 0.06403174878366198 -0.1731164149432468 0.0 
v 0.06375461157761557 -0.17479567613094263 0.0 
v 0.0652129250581038 -0.17400393069723985 0.0 
v 0.06069578975472431 -0.16951224765976378 0.0 
v 0.061875376500320795 -0.17075406424842923 0.0 
v 0.06240484074422326 -0.16893308275321597 0.0 
v 0.06693156410301937 -0.16640152712087689 0.0 
v 0.06602446571263222 -0.16829482836154686 0.0 
v 0.0679377244012222 -0.16817471422847713 0.0 
v 0.06310635243660427 -0.1616942317058451 0.0 
v 0.06451461998260855 -0.16310979622435404 0.0 
v 0.06511495468895016 -0.16088179981135695 0.0 
v 0.06201589607285483 -0.16551892343469468 0.0 
v 0.06106813009783554 -0.1641593660686285 0.0 
v 0.06038022446641415 -0.1656611550606897 0.0 
v 0.0571865280903582 -0.16607142734275016 0.0 
v 0.05795875790427555 -0.1653406273462922 0.0 
v 0.057061314748116314 -0.16509915131646188 0.0 
v 0.056790227756270635 -0.16969833023184783 0.0 
v 0.05708302074292291 -0.16839723390478337 0.0 
v 0.05598039640710514 -0.16883141847072625 0.0 
v 0.05383511964598601 -0.16757844097402208 0.0 
v 0.0546654440892702 -0.16738837821996028 0.0 
v 0.05413846105241075 -0.16677134925337422 0.0 
v 0.05245223617747638 -0.17005392735194724 0.0 
v 0.05299070564314267 -0.16926623370925156 0.0 
v 0.052154518850795695 -0.16924391198403402 0.0 
v 0.05442745064475516 -0.17017232569056595 0.0 
v 0.05376895763269365 -0.17125035802818483 0.0 
v 0.055010368300055124 -0.17124798278024989 0.0 
v 0.05817430757536735 -0.17344514717341836 0.0 
v 0.05655766916881261 -0.1737810225287337 0.0 
v 0.05754857603692732 -0.1751469530660587 0.0 
v 0.05942679604950816 -0.16849757593342782 0.0 
v 0.059145263162269784 -0.17016422056606129 0.0 
v 0.0572783518441924 -0.18025757427681324 0.0 
v 0.056162124313722396 -0.17876528296553626 0.0 
v 0.05546959914651751 -0.1806095397092266 0.0 
v 0.051598020734451376 -0.18311590617285392 0.0 
v 0.05207755874445187 -0.18146651683488338 0.0 
v 0.05055890960774176 -0.18201945036177278 0.0 
v 0.05406066763294517 -0.18701576325701452 0.0 
v 0.053343295162824086 -0.1856117363847788 0.0 
v 0.052582151995936514 -0.1870150354642488 0.0 
v 0.04948935405735152 -0.18814310818553956 0.0 
v 0.050046840896068805 -0.18713296502051766 0.0 
v 0.049000042839205456 -0.1872736726899009 0.0 
v 0.0666558775348311 -0.17470924116299585 0.0 
v 0.06645138615392787 -0.1729814006081355 0.0 
v 0.06876702228089562 -0.17002350531561133 0.0 
v 0.06998466059687379 -0.16818111651132264 0.0 
v 0.17848666519330494 0.10499942044888937 0.0 
v 0.18447420065724024 0.10427425672064705 0.0 
v 0.18217843254187815 0.11008441707022469 0.0 
v 0.18675757123563033 0.13175471501814456 0.0 
v 0.1908150161913483 0.12336845512757424 0.0 
v 0.1967259210900744 0.13114159459828081 0.0 
v 0.15254933044714375 0.12134946020940862 0.0 
v 0.16475892992686583 0.12775795499959003 0.0 
v 0.15406307440585543 0.13638066676294575 0.0 
v 0.3873483913255599 0.058858181537240276 0.0 
v 0.36633206906479127 0.049382442512081216 0.0 
v 0.3813941267502604 0.035673629039202445 0.0 
v 0.3776288321877171 -0.019964277480926333 0.0 
v 0.36729036772444396 -0.0048617835713682875 0.0 
v 0.35976701907266545 -0.022501098353331514 0.0 
v 0.4412624173704955 -0.015473255944772692 0.0 
v 0.418350007356172 -0.016444468664542213 0.0 
v 0.4276361815899274 -0.03675025749889612 0.0 
v 0.4034905839306117 -0.09333272088572693 0.0 
v 0.3996291499694059 -0.07308331349739831 0.0 
v 0.3856383617183446 -0.08792434039210904 0.0 
v 0.470707515991022 -0.11709597460427665 0.0 
v 0.44544468112800994 -0.10801822336814305 0.0 
v 0.4467258464112748 -0.1361875563433426 0.0 
v 0.13482490117831972 -0.44162191552466057 0.0 
v 0.15068285322119473 -0.44989755280758686 0.0 
v 0.1477671837139317 -0.43042904088373307 0.0 
v 0.14594919883953691 -0.3843754437882468 0.0 
v 0.16174962937456525 -0.39339454691098014 0.0 
v 0.16139170197239275 -0.3718442295252316 0.0 
v 0.11387647097887249 -0.40544924569027424 0.0 
v 0.12292222966459893 -0.40084228034056923 0.0 
v 0.1148001830825146 -0.3962259640080625 0.0 
v 0.251089857025992 0.05570508360394828 0.0 
v 0.24866617962904022 0.05928720991194486 0.0 
v 0.24667382474081603 0.055333760154232185 0.0 
v 0.23667348716897318 0.053277289531856196 0.0 
v 0.23917105847407633 0.05583599089414148 0.0 
v 0.23611390902026455 0.05649808608571174 0.0 
v 0.23544104279358963 0.05925277666781219 0.0 
v 0.23349023172003686 0.057318591645937916 0.0 
v 0.22755181213651937 0.0582203086006592 0.0 
v 0.22938350169589933 0.05919626643076991 0.0 
v 0.2278141065338956 0.06017205989276805 0.0 
v 0.22791590387742672 0.06188806697589578 0.0 
v 0.22651188848129772 0.06113956935983704 0.0 
v 0.22337281458072802 0.06270411553563084 0.0 
v 0.2245343734596783 0.06300142380285619 0.0 
v 0.22373486737017453 0.06383896870491425 0.0 
v 0.22098482904937353 0.058805531790962685 0.0 
v 0.22198347299166402 0.060225068466670965 0.0 
v 0.2204723550680185 0.06038345861286824 0.0 
v 0.21877091961253634 0.06361740072633337 0.0 
v 0.2198966981569588 0.06318438287697499 0.0 
v 0.21972526533100598 0.06442289608343765 0.0 
v 0.221406745635518 0.06814476820129484 0.0 
v 0.2216811353218563 0.06645157903245408 0.0 
v 0.2230147170025143 0.06758922889217162 0.0 
v 0.22631843307431918 0.06574649764622213 0.0 
v 0.22514828014084187 0.06550292954223089 0.0 
v 0.22594758553866115 0.06463614687156129 0.0 
v 0.22857601040680187 0.06880612719324324 0.0 
v 0.22770287886303256 0.06789414600218562 0.0 
v 0.22889219846230419 0.06770845736200119 0.0 
v 0.23135378593281852 0.06529509349295246 0.0 
v 0.229885925461913 0.06539836182699105 0.0 
v 0.2303578177072798 0.0639895314620728 0.0 
v 0.23316701090492123 0.06987847943347636 0.0 
v 0.23277581867931613 0.06826133983200315 0.0 
v 0.23443618907209923 0.06878648895237759 0.0 
v 0.23950814612790428 0.06632845354268048 0.0 
v 0.23709298435584125 0.06578638103880534 0.0 
v 0.23846642932041928 0.06381129462441973 0.0 
v 0.24071727400578263 0.07430997404850466 0.0 
v 0.24062945744396447 0.07161205694533122 0.0 
v 0.24310194392601553 0.07306515693655603 0.0 
v 0.25173346385938444 0.0714877538061125 0.0 
v 0.24831129221479045 0.06965481759024791 0.0 
v 0.25118117559733777 0.06740904511373719 0.0 
v 0.2508508037730975 0.08275738465760268 0.0 
v 0.2514569345863619 0.07927093692593211 0.0 
v 0.25422386951737463 0.08203188070843588 0.0 
v 0.22444696832795138 0.05896520141490977 0.0 
v 0.22364834718079696 0.05715717563592859 0.0 
v 0.2256229597636826 0.05753637337140782 0.0 
v 0.23128960327433112 0.05568902787737928 0.0 
v 0.22888925207533814 0.05441544865975379 0.0 
v 0.23110641213163063 0.05276289340429431 0.0 
v 0.23064432623103914 0.04940333175399294 0.0 
v 0.23381021829485135 0.05110391555671948 0.0 
v 0.24412704185809384 0.05154897486513496 0.0 
v 0.24098509498074316 0.04807402866178764 0.0 
v 0.24559751464371848 0.04695143584344507 0.0 
v -0.49076566496036295 -0.8712916056613955 0.0 
v -0.49166046327353374 -0.7565481452279736 0.0 
v -0.5809469874940167 -0.8139413969823791 0.0 
v -0.7508945804747867 -0.6604220839838671 0.0 
v -0.8231020117371419 -0.5678935448429309 0.0 
v -0.1521934725768928 -0.41381738481146424 0.0 
v -0.13352451253623507 -0.41143747156275445 0.0 
v -0.14136887449278815 -0.3940795593485752 0.0 
v -0.11572426923916868 -0.3530554928192772 0.0 
v -0.11598992434162077 -0.36826686366592293 0.0 
v -0.10496528691173965 -0.3596499940150011 0.0 
v -0.14888464252245323 -0.3147375707288376 0.0 
v -0.13803289336569402 -0.33119399997468635 0.0 
v -0.13017140840381547 -0.31314253764252814 0.0 
v -0.09617621671181896 -0.30522394301496875 0.0 
v -0.10291396610722899 -0.3140288824737533 0.0 
v -0.09325545447599341 -0.3142475836331875 0.0 
v -0.104329551180279 -0.410122788641789 0.0 
v -0.09826104988710573 -0.4221051474001196 0.0 
v -0.09167340216748497 -0.409659672086569 0.0 
v -0.06402489490202665 -0.3957675639080217 0.0 
v -0.06836138449210855 -0.4067284410750208 0.0 
v -0.057700018462901265 -0.4038674738367031 0.0 
v -0.07622630019677136 -0.36962299935596915 0.0 
v -0.07329180067148942 -0.3786649116752615 0.0 
v -0.06788677881176948 -0.37080543273999944 0.0 
v -0.05089974859589774 -0.3657921122714223 0.0 
v -0.053718406097155745 -0.3708302542456098 0.0 
v -0.04844778415353275 -0.3694935980945272 0.0 
v -0.05260092540257728 -0.346010790610137 0.0 
v -0.05225785593677717 -0.353694408870832 0.0 
v -0.046177008685992386 -0.34935954853467255 0.0 
v -0.025649001323488053 -0.35697176274939313 0.0 
v -0.03490123341146872 -0.3592736485705413 0.0 
v -0.03010380602147682 -0.3671645578199263 0.0 
v -0.021894687938008608 -0.3238929610028086 0.0 
v -0.02278714510085968 -0.33509262446346944 0.0 
v -0.013677013507822926 -0.3296245494474386 0.0 
v 0.004913964419821818 -0.33577342824092715 0.0 
v -0.0005576696486345658 -0.33995506140323456 0.0 
v 0.005745287783166386 -0.34224954531717405 0.0 
v 0.008705712685433527 -0.3215246379430517 0.0 
v 0.006724126346903672 -0.32517018528979075 0.0 
v 0.01042385925091721 -0.32449106696885377 0.0 
v 0.00804414932937689 -0.3490298766544278 0.0 
v 0.011737780186535918 -0.3429136234087758 0.0 
v 0.02253452922808887 -0.3361012180990107 0.0 
v 0.021928336415316316 -0.340518755705174 0.0 
v 0.025812934647618805 -0.33801420854945385 0.0 
v 0.03760143351894813 -0.3344821673449522 0.0 
v 0.034968112605457145 -0.3396852774842061 0.0 
v 0.0407379214673406 -0.33924174491086645 0.0 
v 0.05327587036236516 -0.3499047091081911 0.0 
v 0.046958871041323534 -0.350698491530342 0.0 
v 0.05054446734699111 -0.35614126288024206 0.0 
v 0.0636195109695042 -0.33266755889628075 0.0 
v 0.05973424095038153 -0.3384424667938467 0.0 
v 0.06583380695839089 -0.33885934924003724 0.0 
v 0.07186378326938483 -0.34949868699001707 0.0 
v 0.06861065012983371 -0.34883213026178406 0.0 
v 0.07009087494339852 -0.35194190053763935 0.0 
v 0.08371469380423774 -0.3450219970494008 0.0 
v 0.07895899641266621 -0.34627760010649133 0.0 
v 0.08176608437795177 -0.3499513118545622 0.0 
v 0.07791244012496552 -0.3633768656802 0.0 
v 0.07663800642811297 -0.358381687058946 0.0 
v 0.07308221921696896 -0.36201765984837564 0.0 
v 0.0957110378261059 -0.36445566790421974 0.0 
v 0.08925841637565644 -0.364567659132442 0.0 
v 0.0918418978676429 -0.37071867683536663 0.0 
v 0.08414538654168116 -0.39026702562953974 0.0 
v 0.08238123870067089 -0.38264025087496073 0.0 
v 0.07683886931239152 -0.38842423896431477 0.0 
v 0.10722272841457538 -0.3938103753139472 0.0 
v 0.09952066031382743 -0.3926994737923109 0.0 
v 0.10201123388586188 -0.4003749351988184 0.0 
v 0.09476853348031715 -0.4257086295512153 0.0 
v 0.09124018285188712 -0.4159311402241408 0.0 
v 0.08445863949061273 -0.4244311935511434 0.0 
v 0.10209267170869302 -0.3779820673954768 0.0 
v 0.11045756195077253 -0.3782968472477554 0.0 
v 0.10670034939967575 -0.3704957323981263 0.0 
v 0.10744969608411149 -0.349656869499414 0.0 
v 0.11278324194712984 -0.35403143077113436 0.0 
v 0.11331992676822994 -0.3460948814452819 0.0 
v 0.0896511048729885 -0.35372296341427023 0.0 
v 0.09539913650800223 -0.3528970694650981 0.0 
v 0.09210285884069443 -0.3482088055160389 0.0 
v 0.09273193394166612 -0.33307584917685895 0.0 
v 0.0961777722213418 -0.33697400785537895 0.0 
v 0.09772751540039153 -0.33133949031529086 0.0 
v 0.07641191899952575 -0.33742034250647496 0.0 
v 0.08205781984954415 -0.335545720608555 0.0 
v 0.07815911460196856 -0.3310181082923182 0.0 
v 0.080855314443494 -0.3123708362165416 0.0 
v 0.08415515614806761 -0.3183279784512324 0.0 
v 0.0878105406500939 -0.31188529718636826 0.0 
v 0.06064757808501084 -0.31443743332198 0.0 
v 0.06733027489232445 -0.3137863655373855 0.0 
v 0.06388342940979923 -0.30796810602452485 0.0 
v 0.06640216947698142 -0.2908187239811052 0.0 
v 0.06992965187235888 -0.29550664506858654 0.0 
v 0.07215483615652903 -0.2892064238156401 0.0 
v 0.0517170462333353 -0.2927484052410946 0.0 
v 0.056176747703887926 -0.2924845458572572 0.0 
v 0.0538289755635669 -0.28856904981671694 0.0 
v 0.05451274108517155 -0.2774921896138161 0.0 
v 0.057102398553706475 -0.28013501922994877 0.0 
v 0.05799537394693664 -0.27600454708989125 0.0 
v 0.061642022979713294 -0.2740127844972489 0.0 
v 0.05840706621600002 -0.27201300217521274 0.0 
v 0.05062891591584447 -0.3326291148927214 0.0 
v 0.05427793388227847 -0.32677977003136316 0.0 
v 0.0481755685471659 -0.32677295132092143 0.0 
v 0.039833352602973576 -0.3174342444373624 0.0 
v 0.04396292470119981 -0.31718050504175965 0.0 
v 0.04170804524264519 -0.3136260490411904 0.0 
v 0.043892358727319926 -0.30581634428999205 0.0 
v 0.04397423409384029 -0.3020581776110208 0.0 
v 0.047884820238218745 -0.29308277394335214 0.0 
v 0.049449471390990825 -0.2965290009193501 0.0 
v 0.04082041785692397 -0.2934690981231125 0.0 
v 0.04255879821368998 -0.2935687722484844 0.0 
v 0.04165765984738636 -0.2919863344675126 0.0 
v 0.04135193285016173 -0.297531689268689 0.0 
v 0.03965061467646846 -0.29644274236241663 0.0 
v 0.0392801939618504 -0.2985185476755791 0.0 
v 0.03583937873574658 -0.2988403587887077 0.0 
v 0.03447011197468129 -0.29872938165812346 0.0 
v 0.03402347031006237 -0.29749469555310337 0.0 
v 0.03322442735990601 -0.2985682634585113 0.0 
v 0.03093411619859077 -0.29826722116971655 0.0 
v 0.029836604357820266 -0.29816478813518765 0.0 
v 0.10941012121422211 -0.3055393404522994 0.0 
v 0.10277367086796287 -0.3130742426483223 0.0 
v 0.11116948641454025 -0.3158944059654074 0.0 
v 0.11162883104411676 -0.339198271931317 0.0 
v 0.10796432044635004 -0.3333773995928249 0.0 
v 0.10544402592358784 -0.33976532881996624 0.0 
v 0.1416180047400414 -0.34633932671651746 0.0 
v 0.12903259330820044 -0.34231345404553853 0.0 
v 0.12985570937938148 -0.3552524218125562 0.0 
v 0.13108135414377195 -0.31915995805092806 0.0 
v 0.14571647479941832 -0.31751091162780615 0.0 
v 0.13699263830323788 -0.30482408665131266 0.0 
v 0.06885592439798516 -0.36002142527288705 0.0 
v 0.06875930027942256 -0.36544756782221255 0.0 
v 0.05714647342263528 -0.3795682384336788 0.0 
v 0.057866094217832106 -0.37207759023586745 0.0 
v 0.05134304314316312 -0.3753795206131795 0.0 
v 0.06989100129595685 -0.38605301790877855 0.0 
v 0.07072468136660376 -0.3941782505097642 0.0 
v 0.05702475048623614 -0.41552107473846256 0.0 
v 0.056686442298601425 -0.4056792640300948 0.0 
v 0.04878167830500085 -0.41142294602629503 0.0 
v 0.07477314166509766 -0.4221298348649468 0.0 
v 0.07661639470157748 -0.43293080932767014 0.0 
v 0.05817132757314464 -0.46027116324130746 0.0 
v 0.0584966687690501 -0.4484177018320464 0.0 
v 0.04925389607719679 -0.45505728359141134 0.0 
v 0.09819331308342386 -0.482431389983091 0.0 
v 0.08079829873194361 -0.475087348093842 0.0 
v 0.07910928467932508 -0.496031670784266 0.0 
v 0.09065562761069419 -0.44794837291405126 0.0 
v 0.10450393574546125 -0.4492191319836365 0.0 
v 0.09911069646424782 -0.436625610303009 0.0 
v 0.10549379139999907 -0.4076212622131791 0.0 
v 0.11058750680064504 -0.4151268292737489 0.0 
v 0.04590637501385382 -0.3705024294184879 0.0 
v 0.04411873969274003 -0.3787259536836016 0.0 
v 0.025815360367868554 -0.3959778928003611 0.0 
v 0.027670476887839284 -0.3858370616246004 0.0 
v 0.018560961476976768 -0.3897125675030781 0.0 
v 0.040867157396157774 -0.4068114500025218 0.0 
v 0.04034116237562044 -0.4171665032833305 0.0 
v 0.021151400427527292 -0.44044308162264745 0.0 
v 0.022035689887503082 -0.4287203430241997 0.0 
v 0.012241450027843354 -0.4345001672157562 0.0 
v 0.03992541940481514 -0.45072752642286334 0.0 
v 0.040535077813826224 -0.46227572875962064 0.0 
v 0.02011838771394987 -0.49850260727832135 0.0 
v 0.019663561833979493 -0.4807434774042974 0.0 
v 0.005376952328889596 -0.4899440142292236 0.0 
v 0.05794539149794293 -0.5020934399330852 0.0 
v 0.0707559418072418 -0.5212056476747903 0.0 
v -0.038831104374343825 -0.3357889607492436 0.0 
v -0.03908376839953824 -0.32607663555685246 0.0 
v -0.04644776867042653 -0.3320776809560046 0.0 
v -0.06704534610940943 -0.3330277082001079 0.0 
v -0.06177010316805922 -0.3270850627014047 0.0 
v -0.0690119734966931 -0.32603771566029066 0.0 
v -0.06434506179329695 -0.3564887601009976 0.0 
v -0.06537227623433754 -0.34852846866987175 0.0 
v -0.07153362867729338 -0.3541348535402517 0.0 
v -0.09518220278625009 -0.3527431924145702 0.0 
v -0.08655827386301065 -0.3470472143118851 0.0 
v -0.09416389104172099 -0.3416009282026438 0.0 
v -0.08969282835858085 -0.38722719452845134 0.0 
v -0.09293024294620618 -0.37591192424822667 0.0 
v -0.10120000238431208 -0.38575734404445006 0.0 
v -0.08863473402201409 -0.3218728768195795 0.0 
v -0.08499626895822247 -0.3134322710093867 0.0 
v -0.06311481448487759 -0.3012161898614611 0.0 
v -0.06805052459216099 -0.31075778815368665 0.0 
v -0.05858355604643228 -0.31068344455345187 0.0 
v -0.03687877996343834 -0.3747903960691872 0.0 
v -0.027819241633929185 -0.3778794417891095 0.0 
v -0.021535711654465668 -0.40847865682652224 0.0 
v -0.029915415736414236 -0.40184167629736756 0.0 
v -0.03176335917976055 -0.41379133369564736 0.0 
v 0.008939178156033577 -0.3938350085017336 0.0 
v -0.0010882720580147887 -0.39830989447574405 0.0 
v 0.006923025189559852 -0.40511461596188053 0.0 
v 0.0036455157648689965 -0.4282460412840257 0.0 
v 0.0021090648918454954 -0.44015494581965786 0.0 
v -0.0067940382067833375 -0.37833411098379727 0.0 
v 0.00435697917776155 -0.3752140792633193 0.0 
v -0.0023192976361376323 -0.3663943151361 0.0 
v -0.04219893132937964 -0.41902524741484604 0.0 
v -0.033621118818701785 -0.42592325010989074 0.0 
v -0.0277009218592416 -0.4553878180534359 0.0 
v -0.03613253097866576 -0.45013326903669376 0.0 
v -0.03618225744450461 -0.4613298584108747 0.0 
v -0.00817768593930372 -0.4455304633775513 0.0 
v 0.0003927120206356277 -0.4524232212756867 0.0 
v -0.005256124319828534 -0.4793496072441965 0.0 
v -0.010889285082296678 -0.4952362961794109 0.0 
v -0.09681314151679493 -0.4833739148296399 0.0 
v -0.10143063226458006 -0.47129506382177305 0.0 
v -0.10882121090800245 -0.48339814540633885 0.0 
v -0.1497742075698471 -0.5033868667887852 0.0 
v -0.13835553603354495 -0.48457317374681164 0.0 
v -0.1569987152520443 -0.48201626456877683 0.0 
v -0.09980968382845956 -0.5468529572644842 0.0 
v -0.12121237594024242 -0.5374522629743452 0.0 
v -0.12233325256544209 -0.5672634599762727 0.0 
v -0.10395835576908122 -0.5057525192058965 0.0 
v -0.09047404317863204 -0.5102652684925975 0.0 
v -0.0934255783531743 -0.4958199429258006 0.0 
v -0.08016924100517868 -0.4597150495588366 0.0 
v -0.0763027561813716 -0.4733282496149781 0.0 
v -0.06703486535051495 -0.46199397298471356 0.0 
v -0.04445067487768654 -0.46912966319183325 0.0 
v -0.034482267400223345 -0.47174155956360353 0.0 
v -0.026433076919513313 -0.4955532556417831 0.0 
v -0.02117144340915755 -0.5117490706998381 0.0 
v -0.03615496623721251 -0.526495196664262 0.0 
v -0.016874397198011003 -0.5328342037349917 0.0 
v 0.01447415955977469 -0.5917297946298866 0.0 
v -0.010615556799323963 -0.585588831383233 0.0 
v -0.0053894688872026635 -0.6137924375695946 0.0 
v 0.05487464215550464 -0.5470207493564633 0.0 
v 0.08500385814828161 -0.5472471280174941 0.0 
v 0.03887463834031882 -0.15182256333135213 0.0 
v 0.03682494820299736 -0.15154067828123954 0.0 
v 0.03756917739363537 -0.15363548947451872 0.0 
v 0.03626633306108959 -0.1594977949750945 0.0 
v 0.03517046622584391 -0.15763903191160786 0.0 
v 0.03418995719186279 -0.15977893305123986 0.0 
v -0.005334841104194085 0.32484740658861466 0.0 
v -0.01909037954663838 0.2971434063868489 0.0 
v 0.008922314756097954 0.2982168859503967 0.0 
v 0.04582752722314398 0.24378447525364916 0.0 
v 0.024643732475584552 0.25204367900653746 0.0 
v -0.09755949038727593 0.1104054189343714 0.0 
v -0.09685367776765424 0.10588763982289533 0.0 
v -0.09379467736712177 0.1093683689380371 0.0 
v -0.08353468794244855 0.11506235726302474 0.0 
v -0.08501889640965789 0.11017249285176393 0.0 
v -0.08001980890740111 0.11129798385384942 0.0 
v -0.09275550347643083 0.12234122102718248 0.0 
v -0.09004832088059221 0.12026725014619179 0.0 
v -0.08977213992446308 0.1239022226531984 0.0 
v -0.08520622365374596 0.13153856853297738 0.0 
v -0.08428628768863891 0.12825471412453457 0.0 
v -0.08201911640250721 0.13104740883876273 0.0 
v -0.06915609215333626 0.10312056908678095 0.0 
v -0.07388754365289914 0.10267688808253782 0.0 
v -0.07105237149898451 0.09883012140376222 0.0 
v -0.06988389985946887 0.0855410953840586 0.0 
v -0.07359348351864693 0.08897208794424628 0.0 
v -0.07455254509047207 0.08369354301337802 0.0 
v -0.07956029514491451 0.08117935931961287 0.0 
v -0.07463752523144103 0.07817347128645606 0.0 
v -0.046516172554111515 0.1513969977094688 0.0 
v -0.0515463231310488 0.15465018377388529 0.0 
v -0.0518816345311834 0.14862530716293348 0.0 
v -0.06335416202649932 0.13882415916656826 0.0 
v -0.062009707899100285 0.1441720769315956 0.0 
v -0.06679740619051211 0.14267420651377793 0.0 
v -0.06971922913666607 0.14598545224614862 0.0 
v -0.07107993926911013 0.14205696974528909 0.0 
v -0.07786856157939767 0.14059972786371663 0.0 
v -0.07684687592543402 0.1420522236241688 0.0 
v -0.07849258110316504 0.14184130029563585 0.0 
v -0.08248471866086812 0.1422591774745656 0.0 
v -0.081218818964821 0.1433854164694114 0.0 
v -0.08279299653049876 0.1439306568881822 0.0 
v -0.08485815134183362 0.14714146577921186 0.0 
v -0.08367516476898161 0.14696365693395474 0.0 
v -0.08429527662269992 0.14801423224689336 0.0 
v -0.08894237933424379 0.1446559503387652 0.0 
v -0.08724772773899758 0.14568660838121542 0.0 
v -0.08884063517563723 0.1467839137590321 0.0 
v -0.019798997121283843 -0.11706591660247162 0.0 
v -0.021528048998869367 -0.11843575497554637 0.0 
v -0.027513931756018142 -0.11915257401385347 0.0 
v -0.025589852577518554 -0.11722325158343436 0.0 
v -0.027935786782534746 -0.11631474614526163 0.0 
v -0.02777560907404225 -0.11360200838620255 0.0 
v -0.03021060316095769 -0.11474264806804577 0.0 
v -0.0370538125280555 -0.1095989199473214 0.0 
v -0.03362216865633001 -0.10982935128415844 0.0 
v -0.034694319676466585 -0.10656281581888614 0.0 
v -0.04113862443368923 -0.12048655449093379 0.0 
v -0.03999063786030651 -0.11706040174856727 0.0 
v -0.043292451807804735 -0.11805796628666958 0.0 
v -0.05351640000867694 -0.11519756206222938 0.0 
v -0.049190663539567116 -0.11314326940767008 0.0 
v -0.05255572919134577 -0.11009399969068157 0.0 
v -0.05110524601947654 -0.10561461216818989 0.0 
v -0.05532075123824053 -0.10638737891879718 0.0 
v -0.06151010220159693 -0.09759055242000976 0.0 
v -0.058172460313945934 -0.09872246617790088 0.0 
v -0.05879742507597012 -0.09519774845956223 0.0 
v -0.07197368161372111 -0.1050967725288645 0.0 
v -0.06806585123895516 -0.10271639056135227 0.0 
v -0.07159070077529144 -0.1004663171881442 0.0 
v -0.07428417345989201 -0.09018888203680799 0.0 
v -0.07114337408876764 -0.09218230667707067 0.0 
v -0.07098220404769919 -0.08812084330336639 0.0 
v -0.08222434329861393 -0.09491058690296045 0.0 
v -0.07991409507030184 -0.09395559276263081 0.0 
v -0.08196215780617166 -0.09270850304908204 0.0 
v -0.0870992332104524 -0.08711389976166639 0.0 
v -0.08369220748191962 -0.0873164188208253 0.0 
v -0.08486977486869704 -0.08390527848470208 0.0 
v -0.08242065111547017 -0.0813715106095878 0.0 
v -0.08542428711409412 -0.08014802960160962 0.0 
v -0.08581101297367413 -0.07001488217101674 0.0 
v -0.08402447536801629 -0.0731835315770227 0.0 
v -0.08231459534190681 -0.070176272939715 0.0 
v -0.09896851371075299 -0.07250068330451502 0.0 
v -0.09424757523358815 -0.0712890009621789 0.0 
v -0.09730817070676846 -0.06723983338867999 0.0 
v -0.0946656343592381 -0.05222154648109196 0.0 
v -0.09230472940423141 -0.057486069052888056 0.0 
v -0.08907116210153646 -0.052887951773001825 0.0 
v -0.10895675289119758 -0.05356575664405313 0.0 
v -0.10510727254929611 -0.05332063607668147 0.0 
v -0.10781720804172792 -0.050129779010958074 0.0 
v -0.11747794527609395 -0.0365457506404893 0.0 
v -0.10913569851274092 -0.038591270212469046 0.0 
v -0.11064127391802267 -0.029002098628087482 0.0 
v -0.0338595443187843 -0.15230977667641948 0.0 
v -0.03380212080795573 -0.145991319798743 0.0 
v -0.03908958675393799 -0.14908261649151539 0.0 
v -0.05254477153692759 -0.14066175886614532 0.0 
v -0.04687870059979678 -0.14019154513979948 0.0 
v -0.04958794571741966 -0.1354195000937043 0.0 
v -0.27306832601032055 0.014774470557177483 0.0 
v -0.2568905933109226 0.016313342889974828 0.0 
v -0.23256539287297084 -0.007780465391060774 0.0 
v -0.2430033508400879 -0.008055812975342186 0.0 
v -0.2371909287866365 -0.01688555840565423 0.0 
v -0.2034148987488931 0.019644145696366397 0.0 
v -0.21547127093887883 0.009928779459500733 0.0 
v -0.20318481058722987 0.0033011067002734888 0.0 
v -0.20307202962688456 -0.028674954652549517 0.0 
v -0.20847042940852112 -0.021502601456687205 0.0 
v -0.21078496662706755 -0.030547125741325364 0.0 
v -0.17459813339609476 -0.03383623826454915 0.0 
v -0.1845765058974032 -0.030553204586622938 0.0 
v -0.18243801999131948 -0.04132611323329224 0.0 
v -0.1960274905688965 -0.06564707438310306 0.0 
v -0.19697168531215495 -0.05513903496022006 0.0 
v -0.20473504817235003 -0.06135132225051954 0.0 
v -0.16926254461949855 -0.07427911920287812 0.0 
v -0.17783357923607906 -0.07177166509620281 0.0 
v -0.17566556021266452 -0.08152520985081282 0.0 
v -0.1862488313011497 -0.10752812478454221 0.0 
v -0.18895094094844234 -0.09723309003347085 0.0 
v -0.19574098584733615 -0.10522584749085408 0.0 
v -0.15513221184989523 -0.1123473847714655 0.0 
v -0.16615550815941502 -0.11147428056896098 0.0 
v -0.1620548336002599 -0.12297581652155572 0.0 
v -0.1421635621260208 -0.011593635955760512 0.0 
v -0.15486840484127187 -0.018948232433298955 0.0 
v -0.14353754857113912 -0.0269917762952629 0.0 
v -0.14442915644817714 -0.05480833384597991 0.0 
v -0.14952125993578236 -0.0492268509289013 0.0 
v -0.15078253537096675 -0.057414563056563665 0.0 
v -0.12476328230198182 -0.05655545680386864 0.0 
v -0.13084444304036388 -0.05488409194572074 0.0 
v -0.1289487664734565 -0.06156631592468887 0.0 
v -0.13341326733937406 -0.0783325080775457 0.0 
v -0.1361803999633273 -0.07255174828174343 0.0 
v -0.1396130678516758 -0.07857972831675336 0.0 
v -0.11847608880134183 -0.07768516484220285 0.0 
v -0.12278865364536878 -0.07768599768950693 0.0 
v -0.12043571895017012 -0.08164409490623073 0.0 
v -0.11808121556045592 -0.0947370702031549 0.0 
v -0.12254605125186074 -0.09188996050789915 0.0 
v -0.12292950343689514 -0.09816806897070143 0.0 
v -0.10747878525884519 -0.08589094381451108 0.0 
v -0.11053144943126493 -0.08855193318534309 0.0 
v -0.10685727678907209 -0.08978408897151302 0.0 
v -0.0983230691099501 -0.0980925535787016 0.0 
v -0.10346633445143232 -0.09844800352343745 0.0 
v -0.10086686150767903 -0.10352267148274137 0.0 
v -0.15686579535186013 -0.061929336667212107 0.0 
v -0.15050271390061695 -0.06457560896838496 0.0 
v -0.14631666547542757 -0.07846723045646149 0.0 
v -0.1430890463248766 -0.08527971814838924 0.0 
v -0.14668031818208682 -0.09292711593563827 0.0 
v -0.13909429712495833 -0.09169656940076192 0.0 
v -0.1287117615309241 -0.10190155517880617 0.0 
v -0.12269279287837438 -0.10514562076022173 0.0 
v -0.19606224618589288 0.1749326567361977 0.0 
v -0.2027618463906538 0.18641600762618732 0.0 
v -0.20737927500431938 0.17354177001397106 0.0 
v -0.22728803169502812 0.1492692428882792 0.0 
v -0.22923733473324628 0.16099254995384585 0.0 
v -0.19350674933642778 0.12492778980527833 0.0 
v -0.20776224176589767 0.1339073989188697 0.0 
v -0.20886458150460338 0.11588211339788261 0.0 
v -0.25622051780844746 0.10222349908465367 0.0 
v -0.2440799500126568 0.11660139599594042 0.0 
v -0.26112392212414537 0.12182171736806316 0.0 
v -0.23759809749216376 0.04571542996869351 0.0 
v -0.24337809335173607 0.0638207656284356 0.0 
v -0.21025329795580625 0.07574311643250232 0.0 
v -0.20842563905634293 0.054908349123652236 0.0 
v -0.19342732345710398 0.0666850586140678 0.0 
v -0.16988191281006818 0.050634536141706835 0.0 
v -0.17517697257024822 0.04873260240271827 0.0 
v -0.1699898329007249 0.04649354299382101 0.0 
v -0.15094970763624363 0.047246704258681216 0.0 
v -0.15816711325035984 0.03849322443711749 0.0 
v -0.14714195672478037 0.034646442302257247 0.0 
v -0.12980725287587466 -0.0017199455516629383 0.0 
v -0.1436395320121219 0.004807419363218233 0.0 
v -0.10113965649204873 0.02810989507864825 0.0 
v -0.11007878729381104 0.01960361133175699 0.0 
v -0.09888402693311837 0.01631721819845738 0.0 
v -0.10203031244574241 0.062451840505521244 0.0 
v -0.10272178871058381 0.05153560059349662 0.0 
v -0.09391793005012952 0.056950677014094064 0.0 
v -0.06966371196116984 0.05556865313770891 0.0 
v -0.07686596516188428 0.04891393675862377 0.0 
v -0.06781108591950583 0.045698086281695346 0.0 
v -0.07363678173417726 0.07185037375890062 0.0 
v -0.06931611751296261 0.07664394140490884 0.0 
v 0.03348951543375971 -0.12198966327868022 0.0 
v 0.030026665033294486 -0.12366385200933613 0.0 
v 0.032684187038603 -0.12598693411061349 0.0 
v 0.031439133349313426 -0.1355499146934408 0.0 
v 0.029910146324297594 -0.13254300554189352 0.0 
v 0.02807211328943101 -0.13553373010585848 0.0 
v 0.040829127046114376 -0.13525750474463966 0.0 
v 0.037869145237547634 -0.13511603090861213 0.0 
v 0.03915222252648793 -0.13781953683210849 0.0 
v -0.09238944317218319 0.0754343498103103 0.0 
v -0.09814170348776925 0.08130362525870616 0.0 
v -0.10045944806964764 0.07244935505432348 0.0 
v -0.12297672929081796 0.05258577958012276 0.0 
v -0.12055946719642754 0.06570228584728748 0.0 
v -0.13274479993955499 0.061821994163267655 0.0 
v -0.14162993714797023 0.07233663883023342 0.0 
v -0.14563976158142036 0.059019470436861544 0.0 
v -0.1653642512078435 0.11198408264815765 0.0 
v -0.16283250779609448 0.12766999620893685 0.0 
v -0.1771400900685154 0.12290057841564186 0.0 
v -0.19886650207585974 0.15572861857689696 0.0 
v -0.18782990477317763 0.1522267948324805 0.0 
v -0.19141201035111946 0.16416388719414304 0.0 
v 0.03776831392571514 -0.14035956451645423 0.0 
v 0.04029698665764246 -0.14026547919206905 0.0 
v 0.04418615719083964 -0.14493809923299789 0.0 
v 0.04209838895848228 -0.14463850370761713 0.0 
v 0.04279335741296056 -0.14669492270561627 0.0 
v 0.04147489842222271 -0.14840976999582528 0.0 
v 0.04341506542271781 -0.14870302283311415 0.0 
v 0.046346523967834535 -0.1528316359274354 0.0 
v 0.04458509711918313 -0.15253468793943217 0.0 
v 0.04516999321254485 -0.15432324528997302 0.0 
v -0.14331518746463992 -0.16758310006719385 0.0 
v -0.14246669285452326 -0.1584708794243021 0.0 
v -0.1499473991603866 -0.16323081611816037 0.0 
v -0.1756530048670533 -0.1644372082466244 0.0 
v -0.167389281642803 -0.1561091166233689 0.0 
v -0.1774814398450011 -0.15251288030101579 0.0 
v -0.17917870880987216 -0.1407052055197398 0.0 
v -0.18764591915555465 -0.14874488379913145 0.0 
v -0.21430122361258105 -0.14668214691294207 0.0 
v -0.2064730000974449 -0.14074390139052093 0.0 
v -0.2147101336797533 -0.13709211482915815 0.0 
v -0.21795469137060908 -0.18516602180347086 0.0 
v -0.2166089489517756 -0.1703169103463668 0.0 
v -0.22886910776117766 -0.17599330101214974 0.0 
v -0.25860023859667547 -0.15302240242469567 0.0 
v -0.24495525871880347 -0.15366035236951225 0.0 
v -0.24996068578725306 -0.14094903367969944 0.0 
v -0.28784957199612854 -0.20650612901958085 0.0 
v -0.27768030436449004 -0.18545080384727453 0.0 
v -0.2984581469672733 -0.1851873657530862 0.0 
v -0.19546989252327113 -0.16911706951222458 0.0 
v -0.19405198164458715 -0.18295100361681146 0.0 
v -0.18431970995564242 -0.17342787518296388 0.0 
v -0.15640539410942614 -0.16952791709299814 0.0 
v -0.16242440250015092 -0.17798020192478498 0.0 
v -0.15304224258995702 -0.17803919403443083 0.0 
v -0.28258918307602293 -0.020591364618585104 0.0 
v -0.29847944999017073 -0.029439157482962115 0.0 
v -0.2834908742464051 -0.03846181826754955 0.0 
v -0.26397129265091385 -0.07182186328018461 0.0 
v -0.27699308522250576 -0.07100402628318636 0.0 
v -0.27030989178240766 -0.08395841985098636 0.0 
v -0.2412249541548747 -0.047793307441510835 0.0 
v -0.24909405437300797 -0.05410938035303627 0.0 
v -0.24059316593686603 -0.057585963027158675 0.0 
v -0.23219967514905188 -0.074960093261431 0.0 
v -0.2374378046237423 -0.073624223504467 0.0 
v -0.23507495088286148 -0.07892889309888455 0.0 
v -0.2130305481505455 -0.06613965578838445 0.0 
v -0.2208813879944916 -0.06936146149374796 0.0 
v -0.21536197036069538 -0.0754954023007156 0.0 
v -0.2222652884071727 -0.09872224306041137 0.0 
v -0.22420155696494598 -0.09021950361527854 0.0 
v -0.23002621286598438 -0.09614822171535281 0.0 
v -0.20496896223379804 -0.1029780418389628 0.0 
v -0.20260829210489037 -0.11299696027993973 0.0 
v -0.21638121731013846 -0.12761573191726336 0.0 
v -0.2228067801052999 -0.1346632497649479 0.0 
v -0.24192613675876307 -0.13100387440306316 0.0 
v -0.25302324076716115 -0.12772271090807372 0.0 
v -0.26236260211930834 -0.09423426391395964 0.0 
v -0.2537925466319658 -0.10204909407763492 0.0 
v -0.2518608460486921 -0.09073980839366298 0.0 
v -0.31021611077518324 -0.11193227370874101 0.0 
v -0.29077070541680744 -0.10399135224665308 0.0 
v -0.3038142202009411 -0.08817718182925766 0.0 
v -0.23646238637784028 -0.08485259804813339 0.0 
v -0.23156084628795867 -0.08188863213247587 0.0 
v -0.3061177991361164 -0.1622048416849237 0.0 
v -0.3218564621554137 -0.18293090319260205 0.0 
v -0.40105794611880025 -0.20398744119685644 0.0 
v -0.37856302545008663 -0.1726911966849518 0.0 
v -0.41307146110398457 -0.16425194374398824 0.0 
v -0.34778718818755805 -0.29349608837332297 0.0 
v -0.36636140844958515 -0.26869501181125655 0.0 
v -0.3761823321023623 -0.3031130289720719 0.0 
v -0.22645869765531454 -0.0562824928019283 0.0 
v -0.21930724040111843 -0.05183411475440385 0.0 
v -0.2261957075231637 -0.04729199935331765 0.0 
v -0.23122457876906125 -0.02346127161612452 0.0 
v -0.22466992131499106 -0.028839576223447298 0.0 
v -0.22356760474282505 -0.019667982893899563 0.0 
v -0.25946540937677587 -0.03718446167350398 0.0 
v -0.2491956771589383 -0.03129220355458631 0.0 
v -0.25817831283883425 -0.02374837039479438 0.0 
v 0.05176266062822241 -0.16848851772152346 0.0 
v 0.051360394353949 -0.1692982720165039 0.0 
v 0.049266237430164526 -0.17067454033628537 0.0 
v 0.04958523206291518 -0.16968607928334487 0.0 
v 0.04865303972487572 -0.16996052438438644 0.0 
v 0.05169912004392118 -0.1733526613718496 0.0 
v 0.05063066326381109 -0.17240856265125232 0.0 
v 0.050192745209698325 -0.17392260497771012 0.0 
v 0.046211606762225674 -0.17477930093956479 0.0 
v 0.04726395631300239 -0.17369147266791166 0.0 
v 0.04596020586656607 -0.1733116599122901 0.0 
v 0.046810448988004356 -0.17955918908149252 0.0 
v 0.04668583809284037 -0.17793606066547338 0.0 
v 0.04545330645306253 -0.17899096862812247 0.0 
v 0.04152946331528636 -0.17902846555830557 0.0 
v 0.04271602570312334 -0.17796572975654804 0.0 
v 0.04133997781896268 -0.17745209982422122 0.0 
v 0.04229903648732813 -0.18366449058451254 0.0 
v 0.04199424572097785 -0.1821535653012668 0.0 
v 0.04087612179135338 -0.18330914583468993 0.0 
v 0.03653656803457666 -0.1836993810783877 0.0 
v 0.03784952670723265 -0.18242739681111997 0.0 
v 0.03626772893417977 -0.1818613233949938 0.0 
v 0.03798492998369292 -0.1890831518607698 0.0 
v 0.037409598799823404 -0.18732196410352936 0.0 
v 0.03620848031720766 -0.18885712157602594 0.0 
v 0.031082397608118397 -0.19008856839207747 0.0 
v 0.03241349103063467 -0.18828521401516496 0.0 
v 0.030342886252151056 -0.18796715278121193 0.0 
v 0.03353742092631173 -0.19580174896885572 0.0 
v 0.03268779003772297 -0.19398868819301107 0.0 
v 0.03159833090453804 -0.19584730571981396 0.0 
v 0.02638388831906906 -0.19809658493153073 0.0 
v 0.027477394619405803 -0.19600531930664877 0.0 
v 0.02530634738394839 -0.19611429716769407 0.0 
v 0.03571043627597395 -0.19231585830884707 0.0 
v 0.03644781609855835 -0.19408573608574461 0.0 
v 0.037532047590137584 -0.19243020782031894 0.0 
v 0.04217527751477122 -0.1909937870030336 0.0 
v 0.04109399646368112 -0.19263868896177272 0.0 
v 0.04290314930687666 -0.1927445915814255 0.0 
v 0.040195535632336625 -0.18617086821772993 0.0 
v 0.04074547459150947 -0.1877663722243783 0.0 
v 0.041728624565127576 -0.18637809927479146 0.0 
v 0.04514407947235197 -0.18544963307668613 0.0 
v 0.04447979323133408 -0.18651202500223163 0.0 
v 0.045613962006263976 -0.18642197155695767 0.0 
v 0.04444390698301611 -0.1815303790869084 0.0 
v 0.04463198409024856 -0.18296537534797266 0.0 
v 0.04570133228381535 -0.1820270859501664 0.0 
v 0.0491843817769885 -0.1826264792881076 0.0 
v 0.0479504086752289 -0.1832638245940568 0.0 
v 0.048929210919772106 -0.18405173268630898 0.0 
v 0.0496097841165718 -0.17735398227095583 0.0 
v 0.04956405573050648 -0.1792961796089376 0.0 
v 0.051208522284916444 -0.1783194727625843 0.0 
v 0.046605250190063174 -0.1861614383228376 0.0 
v 0.04758327179641697 -0.18575735719624312 0.0 
v 0.04679301661524662 -0.18509732671099105 0.0 
v 0.04353265534875634 -0.19453765337428885 0.0 
v 0.04467819577873895 -0.19297041457145056 0.0 
v 0.04853901112677661 -0.1921402663984141 0.0 
v 0.04780322665541813 -0.1933351365742345 0.0 
v 0.047937276275238506 -0.1886071685688105 0.0 
v 0.04800025900387863 -0.1897368382748609 0.0 
v 0.04882856780854759 -0.18897271389274245 0.0 
v 0.04629753781619635 -0.18726527889048428 0.0 
v 0.02966637628206893 -0.18567442570802523 0.0 
v 0.028119693144757544 -0.18767945516687665 0.0 
v 0.022171949880462876 -0.18995857277315553 0.0 
v 0.023252773775741503 -0.1876179584831335 0.0 
v 0.02081353598653937 -0.18809909086540344 0.0 
v 0.03608115828162155 -0.17833324371211526 0.0 
v 0.03608152946032891 -0.176767946345974 0.0 
v 0.038286090213258996 -0.17323669422442287 0.0 
v 0.03844601552827074 -0.1748062869708272 0.0 
v 0.03964833740948281 -0.17378021419430803 0.0 
v 0.033834215313976596 -0.17155471331207345 0.0 
v 0.03543106707423958 -0.17214681544326776 0.0 
v 0.03529466254977845 -0.17037149491302606 0.0 
v 0.038111065530656955 -0.16700139816754508 0.0 
v 0.038015534588640654 -0.16848000047518608 0.0 
v 0.03918957571172098 -0.1676691327476218 0.0 
v 0.02944548966824038 -0.17722301044620414 0.0 
v 0.03085820137229345 -0.17481202724407802 0.0 
v 0.028254595779822315 -0.17455471832569824 0.0 
v 0.026099678982836997 -0.16696705393365552 0.0 
v 0.02810148513560246 -0.16859752960454816 0.0 
v 0.028487400073818312 -0.1659068452372259 0.0 
v 0.04100282320693107 -0.17432006829265653 0.0 
v 0.04085056149694428 -0.17276001219850273 0.0 
v 0.04314812934560609 -0.1691301899902499 0.0 
v 0.043257753438611976 -0.17074502690787166 0.0 
v 0.044507672475336456 -0.16977364870864106 0.0 
v 0.04040643790447483 -0.16815439076253363 0.0 
v 0.04019147341921193 -0.16676428153407563 0.0 
v 0.04169209158488714 -0.16277644093232108 0.0 
v 0.04214832059173061 -0.16441987457241408 0.0 
v 0.04328582288117285 -0.16316497517218467 0.0 
v 0.04660976145544138 -0.16339823271354958 0.0 
v 0.04579802473041097 -0.1641045698536755 0.0 
v 0.04676836639708541 -0.16433784765670803 0.0 
v 0.04884867757037759 -0.16572002473269662 0.0 
v 0.047812292920817456 -0.16606075957641564 0.0 
v 0.04858773146693972 -0.16687591278657216 0.0 
v 0.047908645238094086 -0.16927060585919151 0.0 
v 0.04775309582036752 -0.17039772850226756 0.0 
v 0.04578199959024587 -0.1718939600428018 0.0 
v 0.04467646906361475 -0.17283305244292663 0.0 
v 0.04280539885931611 -0.325977840903964 0.0 
v 0.03857436061844527 -0.32462776180428893 0.0 
v 0.03877601616155091 -0.3292669314686825 0.0 
v 0.028815903846883314 -0.33502515267872796 0.0 
v 0.03094280510027147 -0.3317819847956773 0.0 
v 0.027812586423984997 -0.3317460643690318 0.0 
v 0.02694862622860856 -0.3292643297285742 0.0 
v 0.0252631421240786 -0.33111674890605514 0.0 
v 0.01977711417074109 -0.3289039491942539 0.0 
v 0.02186480545794903 -0.32862171636876863 0.0 
v 0.020869675411403436 -0.3269917105194235 0.0 
v 0.014582584470309945 -0.3380805285595987 0.0 
v 0.0167670969951788 -0.3342780057030365 0.0 
v 0.013070038817403599 -0.3339481933301342 0.0 
v 0.012602186773236247 -0.3266675715831013 0.0 
v 0.013243943427554083 -0.3238119416662514 0.0 
v 0.0402275477574068 -0.2068005634858977 0.0 
v 0.03942921641671723 -0.2056945312646652 0.0 
v 0.038895407113119146 -0.20706095641636743 0.0 
v 0.03613197393122424 -0.20900600746880213 0.0 
v 0.036370648456402234 -0.20769941244589718 0.0 
v 0.03512618138414446 -0.2082709940435131 0.0 
v 0.03399845333280767 -0.20737863097886702 0.0 
v 0.0338440218808463 -0.2089664300647006 0.0 
v 0.031773858421182334 -0.21200295077808193 0.0 
v 0.03149845240886681 -0.21073773509365665 0.0 
v 0.030619945636042287 -0.21185062376579902 0.0 
v 0.03457870817832361 -0.21302281562864767 0.0 
v 0.033735603356189796 -0.2127192896058182 0.0 
v 0.033903473295332553 -0.2137377471868345 0.0 
v 0.03277849404244506 -0.21682384921470219 0.0 
v 0.03235288142135995 -0.21554761474788434 0.0 
v 0.03141704663631835 -0.21666204375681067 0.0 
v 0.03462310551442449 -0.2110793012582751 0.0 
v 0.0352528147216099 -0.21167959221189073 0.0 
v 0.03553396154009303 -0.21084976526708488 0.0 
v 0.03733786836485024 -0.21082657577980576 0.0 
v 0.036841260844635106 -0.21112599925667958 0.0 
v 0.03728021962295562 -0.21137169078494025 0.0 
v 0.0383388025337733 -0.20830560108510604 0.0 
v 0.03784527595919976 -0.20933126150715656 0.0 
v 0.03880411908351169 -0.20929833450407895 0.0 
v 0.026588114216569803 -0.20633718813274257 0.0 
v 0.02535824761938877 -0.20845897695960713 0.0 
v 0.027555076228644716 -0.20843201732186914 0.0 
v 0.02919922891994249 -0.21196724442287995 0.0 
v 0.03007442461553765 -0.21313175555131114 0.0 
v 0.029964924646098894 -0.21627918487095268 0.0 
v 0.03034934120414327 -0.21798000752799482 0.0 
v 0.028980218833393658 -0.22346696304122698 0.0 
v 0.027928089166817115 -0.221459455729105 0.0 
v 0.026681318773511858 -0.22366971491079038 0.0 
v 0.024137788118034267 -0.22377993017058426 0.0 
v 0.02546479997482386 -0.22617526485453293 0.0 
v 0.023172843222457957 -0.23208722123078135 0.0 
v 0.02205845730664646 -0.23559182434200687 0.0 
v 0.018493072118430712 -0.23633741231328417 0.0 
v 0.020694214005260544 -0.23937036694018757 0.0 
v -0.060661948539531045 -0.13427524271503807 0.0 
v -0.06503031595273995 -0.13961498018266932 0.0 
v -0.058620139967664533 -0.1404790508316605 0.0 
v -0.04536907706789658 -0.1514336725679692 0.0 
v -0.05228983159186717 -0.15273345534435587 0.0 
v -0.04802318589722642 -0.1587847293789763 0.0 
v -0.050591262796060174 0.12556626721987196 0.0 
v -0.05516914475567761 0.13030560219173415 0.0 
v -0.05708734812410761 0.12388137297936021 0.0 
v -0.07190573767466768 0.1174012787980822 0.0 
v -0.0690847537321743 0.12256723322957186 0.0 
v -0.07451445150001873 0.12242011189388263 0.0 
v -0.0645847540640467 0.10268732556574456 0.0 
v -0.06646887350839913 0.10745009880918127 0.0 
v -0.04812506397545825 0.09692716873984489 0.0 
v -0.05426633857517155 0.09918379337440802 0.0 
v -0.05359174229194841 0.09240926558612467 0.0 
v -0.06651545252531255 0.08165517494658903 0.0 
v -0.06489342779247624 0.08711375170106019 0.0 
v -0.05508551591638149 0.06315161303241355 0.0 
v -0.059507976358062535 0.0703521825689437 0.0 
v -0.06374676148999135 0.06284572735407472 0.0 
v -0.07846529341922909 0.13074386975248536 0.0 
v -0.08008640749994275 0.13389649637950107 0.0 
v -0.07910508234594713 0.14001831597131129 0.0 
v -0.07793135980184196 0.13880148412845925 0.0 
v -0.08374137980049975 0.14115498779743688 0.0 
v -0.08217935345409813 0.14055919106818304 0.0 
v -0.1369224581417098 0.18511983834765813 0.0 
v -0.1358103301903375 0.17448469418651952 0.0 
v -0.1282856428207757 0.1802705536417494 0.0 
v -0.11350664205835817 0.17362722758538446 0.0 
v -0.11738401549280421 0.17208744004278176 0.0 
v -0.11389008237911301 0.17014490234114396 0.0 
v -0.10642581559384082 0.16324064374051997 0.0 
v -0.11059250369252274 0.16284027074670965 0.0 
v -0.10827386239856401 0.15922370322300702 0.0 
v -0.10870971017547955 0.14979571816946155 0.0 
v -0.1109290230555397 0.151767276665509 0.0 
v -0.11112933343901539 0.14845829521292417 0.0 
v -0.10154665764305541 0.1503263219802649 0.0 
v -0.10377160450231453 0.15049512735395698 0.0 
v -0.10272102559799727 0.14846373630658585 0.0 
v -0.0970120291571333 0.15445441489578263 0.0 
v -0.0985858811995673 0.15346184268238652 0.0 
v -0.0969547860889467 0.15269956933796808 0.0 
v -0.09377259352348412 0.1488026873487557 0.0 
v -0.09583004248765024 0.14912625566734325 0.0 
v -0.09511553440623573 0.1470369560114714 0.0 
v -0.12031372979691074 0.1321877004308265 0.0 
v -0.12278950309737689 0.12580554752131745 0.0 
v -0.11663581590765507 0.1273155390540808 0.0 
v -0.1056701589408596 0.12288563571606956 0.0 
v -0.10890786419189699 0.12062356213801181 0.0 
v -0.10524251721760494 0.11934264263372825 0.0 
v -0.10285459122705709 0.13239760341423093 0.0 
v -0.10408805764061291 0.12958876720749699 0.0 
v -0.10125156040078441 0.13016328837563876 0.0 
v -0.1050542674911695 0.13996072171768123 0.0 
v -0.10482579531747095 0.13742254740950408 0.0 
v -0.1030685776612421 0.13906054687213582 0.0 
v -0.09865851784198795 0.1396962570368516 0.0 
v -0.09950212724172162 0.13838039662428178 0.0 
v -0.09798293339364228 0.13848762751322607 0.0 
v -0.09928965342080515 0.14331601185247084 0.0 
v -0.0992722156421019 0.14224524452645756 0.0 
v -0.09849354358490728 0.14298685977561287 0.0 
v -0.09516296698844898 0.1448716305323038 0.0 
v -0.09600677945520034 0.1430930856410667 0.0 
v -0.09411896073921658 0.14309946651392288 0.0 
v -0.0999997270755894 0.1466990151916293 0.0 
v -0.09838312096620218 0.14644364465660076 0.0 
v -0.09891446117531111 0.14812739148031895 0.0 
v -0.10163120865256951 0.1420993372834889 0.0 
v -0.10138303043130409 0.14372685072162045 0.0 
v -0.10299128129395575 0.1431324915392628 0.0 
v -0.10796070602643201 0.1457430768293207 0.0 
v -0.10573975584417354 0.14616398770201539 0.0 
v -0.10709005890045932 0.14798705715169988 0.0 
v -0.11012715571264126 0.13644215909789292 0.0 
v -0.10978627558781805 0.14018450534717009 0.0 
v -0.11330785928460785 0.13885767626137574 0.0 
v -0.1225461806769865 0.14846893139134287 0.0 
v -0.11746530735558797 0.14700216456730678 0.0 
v -0.11811877501920855 0.15222990409557988 0.0 
v -0.13322023553064344 0.1309419323238502 0.0 
v -0.12996974668506833 0.13717604341600895 0.0 
v -0.1366207235055274 0.13678695404260938 0.0 
v -0.15400399946509213 0.15030063670218974 0.0 
v -0.14469768836127345 0.15054337041059676 0.0 
v -0.14856858752921542 0.15929525519930055 0.0 
v -0.07402800969197308 0.3077631523014627 0.0 
v -0.0646854249031669 0.3484409064990593 0.0 
v -0.10645175118265697 0.3349903585736058 0.0 
v -0.22276641734562969 0.3901950806011409 0.0 
v -0.17649493865760987 0.4063182471788903 0.0 
v -0.2162984879094532 0.4428382471530936 0.0 
v -0.22986527331394765 0.2538100344845598 0.0 
v -0.23040702997191378 0.29515333291133183 0.0 
v -0.2659719670128571 0.27239688247170996 0.0 
v -0.38464916137836247 0.2890637678692339 0.0 
v -0.34823111705240395 0.31954356084310337 0.0 
v -0.3942225825718019 0.34187792919974763 0.0 
v -0.35804918878010134 0.16055711694299524 0.0 
v -0.366551210693783 0.19853081103003214 0.0 
v -0.3924403097691957 0.16964404667302635 0.0 
v -0.49030278493389945 0.14537990716903448 0.0 
v -0.4695987142638455 0.18222919209704702 0.0 
v -0.5100661195823996 0.18354292537483638 0.0 
v -0.4331298568803695 0.033094629845206225 0.0 
v -0.4545953083816522 0.0680346340628976 0.0 
v -0.20804801568557463 0.49801836702901175 0.0 
v -0.2598739103129206 0.4803280320908199 0.0 
v -0.4162723256434727 0.5335709347428695 0.0 
v -0.35932831321329894 0.5624672146772819 0.0 
v -0.418008650678927 0.6096399143142416 0.0 
v -0.40326676616206764 0.400034933474045 0.0 
v -0.44458892184171006 0.36286849647496056 0.0 
v -0.5988004937024995 0.3397262405483554 0.0 
v -0.5619720179561284 0.3990890925741688 0.0 
v -0.631080565040479 0.41355698000454544 0.0 
v -0.5361954180684988 0.22552681036484198 0.0 
v -0.5513710614414649 0.17507739642881653 0.0 
v -0.642373398382406 0.02573837631257965 0.0 
v -0.6530320862503775 0.11703472905239233 0.0 
v -0.7221033035430068 0.06632143478610479 0.0 
v -0.4144198933318679 0.6935049131136465 0.0 
v -0.48566831247265985 0.6603059002233694 0.0 
v -0.7156046746537786 0.6985055115127293 0.0 
v -0.6486537784421077 0.7610836193959091 0.0 
v -0.6619080944340416 0.4984093337639774 0.0 
v -0.7087423714657491 0.4256005171132779 0.0 
v -0.943077352358149 0.3325734617631774 0.0 
v -0.8960748625790099 0.44390296310568644 0.0 
v -0.799312220586581 0.14231326876091618 0.0 
v -0.8120773860693633 0.02025911228323543 0.0 
v -0.9878101977713215 -0.1556631400781271 0.0 
v -0.9994479418529604 -0.033223659128422435 0.0 
v -0.8831366282431233 -0.469115866130498 0.0 
v -0.9300293640761772 -0.36748521324818156 0.0 
v -0.7750822951622796 -0.22205054423267598 0.0 
v -0.7264101325791384 -0.3303199720813844 0.0 
v -0.6742039220562752 -0.2226656255731008 0.0 
v -0.5216717838950083 -0.2435716437413211 0.0 
v -0.46687139756063184 -0.24415129909539973 0.0 
v -0.43990778375829204 -0.28779079993410456 0.0 
v -0.4221557940022486 -0.2418815878167321 0.0 
v -0.03174045621501347 0.10708853428378605 0.0 
v -0.028321010731062333 0.11053473280270575 0.0 
v -0.03293293622120821 0.11080808409245398 0.0 
v -0.045788834982847255 0.11437088276149758 0.0 
v -0.04031618334267915 0.11744008020127691 0.0 
v -0.04545714118662409 0.12115253457499682 0.0 
v -0.041330412615112465 0.09572529484416271 0.0 
v -0.04362596981621158 0.10202214737864508 0.0 
v -0.04795111172685935 0.13873339639443938 0.0 
v -0.043085510230232674 0.13464561370852937 0.0 
v -0.0420934703495183 0.1412517471735664 0.0 
v -0.028312093260872053 0.4336325554418418 0.0 
v 0.023169509480399867 0.43190721398251014 0.0 
v -0.0017004134744873492 0.48029240073233814 0.0 
v 0.07250431619293254 0.5889078621206827 0.0 
v 0.12620703486927595 0.6525312514601314 0.0 
v -0.1328888442202088 -0.2714630650555754 0.0 
v -0.1425147524940711 -0.25771789552054775 0.0 
v -0.15046624331443204 -0.2754082072493362 0.0 
v -0.20767474096585184 -0.2977864126302489 0.0 
v -0.1921532511362114 -0.27511559733041485 0.0 
v -0.21573645442699677 -0.2708639765934164 0.0 
v -0.16273975028068857 -0.36110541073486907 0.0 
v -0.17941863319948945 -0.3433719514372648 0.0 
v -0.18665118160258257 -0.3714734526028132 0.0 
v -0.2518821755218449 -0.42790699649556746 0.0 
v -0.24355899360476133 -0.3916529271070813 0.0 
v -0.27579091928139293 -0.40262610828713236 0.0 
v -0.3471506961080966 -0.3469824072424081 0.0 
v -0.3158086627436997 -0.34519554170635064 0.0 
v -0.33154463885334196 -0.31779895767159927 0.0 
v -0.3242837695383661 -0.23414121728075654 0.0 
v -0.3088780736386904 -0.25841950554095705 0.0 
v -0.29824864305062404 -0.23094285501014267 0.0 
v -0.24818877117269092 -0.19851988632841308 0.0 
v -0.2533024729720475 -0.21958876233180918 0.0 
v -0.23479976054469248 -0.21143562178015746 0.0 
v -0.1878329089036966 -0.21561282268162185 0.0 
v -0.20192024654111776 -0.23000429596073205 0.0 
v -0.18341701882895178 -0.23528175413940564 0.0 
v 0.265744874821118 0.05969399190422848 0.0 
v 0.26078216889057865 0.058033297997525005 0.0 
v 0.26430124105437974 0.05438440987336852 0.0 
v 0.2666112752083052 0.03442623286646255 0.0 
v 0.2608604240361438 0.041072355237092566 0.0 
v 0.476069860981194 -0.038829515015072105 0.0 
v 0.4920689249829843 -0.014151720665738188 0.0 
v 0.4658360221107386 -0.01483998036128535 0.0 
v 0.41780283817669783 0.02483092293069995 0.0 
v 0.44216149862913295 0.028947410958761938 0.0 
v 0.4280344478793721 0.04948632294119591 0.0 
v 0.06786748825691376 -0.15089577529750983 0.0 
v 0.07025787820877231 -0.14981902510688233 0.0 
v 0.06827748311584578 -0.14826781882279713 0.0 
v 0.06649869531232264 -0.14220365814356123 0.0 
v 0.0684457186958972 -0.143068408735241 0.0 
v 0.06811331897193847 -0.14072724929662211 0.0 
v 0.06985047057249166 -0.1335188780596989 0.0 
v 0.07124301662842368 -0.13627088684896024 0.0 
v 0.07300280099042805 -0.13344526815941407 0.0 
v 0.08066535275427547 -0.13189938585105632 0.0 
v 0.07895124913678776 -0.1341486386401339 0.0 
v 0.08155370324035018 -0.13426301223621223 0.0 
v 0.0822839907612039 -0.14532334593601623 0.0 
v 0.08021586146254076 -0.14265162191079658 0.0 
v 0.08294546363311467 -0.13652035905669457 0.0 
v 0.08397402885301367 -0.13388875898246017 0.0 
v 0.05687488151267422 -0.16425052069263849 0.0 
v 0.056294660904494594 -0.16484233977174034 0.0 
v 0.05456859939275364 -0.16471103112089674 0.0 
v 0.05504632530199665 -0.16434493380432486 0.0 
v 0.054520507832070624 -0.1641480339340782 0.0 
v 0.05436038606103456 -0.16601716119382343 0.0 
v 0.05369050626341797 -0.16620196532756554 0.0 
v 0.05249808450093633 -0.16520259825307196 0.0 
v 0.053012499599756645 -0.1651785209184466 0.0 
v 0.05274257434557551 -0.16474108730448192 0.0 
v 0.05261565370934586 -0.1631095012699327 0.0 
v 0.05310588893272614 -0.1636061189829445 0.0 
v 0.053363150438419875 -0.16286113154835258 0.0 
v 0.055362494658021164 -0.1626131191086935 0.0 
v 0.05482655997602577 -0.16306287197342162 0.0 
v 0.05541570851941125 -0.16326662734188857 0.0 
v 0.05571980938003721 -0.15977574489019356 0.0 
v 0.055529754539220696 -0.16089087217954567 0.0 
v 0.056490502404010934 -0.16051510816479697 0.0 
v 0.0589586304858037 -0.14668540358364188 0.0 
v 0.06064147401716609 -0.14783080996366826 0.0 
v 0.06084137442832723 -0.14558646382113105 0.0 
v 0.06484361385812273 -0.1411958872499063 0.0 
v 0.06468407239986772 -0.14337495406397988 0.0 
v 0.059615238737757516 -0.1371602211923967 0.0 
v 0.06151591997319619 -0.1385464178207866 0.0 
v 0.06189218086991423 -0.13598218795891417 0.0 
v 0.06791238937631254 -0.13102135536929044 0.0 
v 0.06692327887121326 -0.1341202239122919 0.0 
v 0.060754815164069345 -0.12533032868862748 0.0 
v 0.06320580419915257 -0.1270777978394154 0.0 
v 0.06357503591844638 -0.12379997967106227 0.0 
v 0.06957043474814298 -0.11773250460743531 0.0 
v 0.06920530717839658 -0.12079806843786177 0.0 
v 0.07176564797297706 -0.11927209446430233 0.0 
v 0.06238836677729233 -0.11127128718955445 0.0 
v 0.06505650821171396 -0.11353957900296514 0.0 
v 0.06589282592584662 -0.10978236324935495 0.0 
v 0.17483526968806062 -0.11361302507099481 0.0 
v 0.18013522625264738 -0.10984873579913734 0.0 
v 0.17510056815268527 -0.10693724416820179 0.0 
v 0.1731657074508022 -0.09212796140362124 0.0 
v 0.17699364037757007 -0.09540485359288882 0.0 
v 0.1780252664156718 -0.0899517419487721 0.0 
v 0.16093987848230165 -0.09655556448376561 0.0 
v 0.16459029166697706 -0.0958201094804742 0.0 
v 0.16215240982486784 -0.09322979271459447 0.0 
v 0.16529725834764405 -0.10427626354939484 0.0 
v 0.1602468738241112 -0.10406431583009254 0.0 
v 0.1619084953352656 -0.10921372272172704 0.0 
v 0.15237066327161072 -0.12301240761786343 0.0 
v 0.15274632398069413 -0.11691755459437256 0.0 
v 0.14783967556761252 -0.11977700767594916 0.0 
v 0.14381385206178074 -0.11675630555970251 0.0 
v 0.14289216856716733 -0.12204098848968867 0.0 
v 0.13130701604690578 -0.12958492607801417 0.0 
v 0.13331960634651163 -0.12492993461235932 0.0 
v 0.12886604558739662 -0.12568391505189283 0.0 
v 0.12651867214311693 -0.12219513523210553 0.0 
v 0.12470432854782211 -0.12611312127293442 0.0 
v 0.18883453747176213 -0.10301456222011145 0.0 
v 0.19374638995883192 -0.10413785778324758 0.0 
v 0.19206645806992123 -0.09909704684643057 0.0 
v 0.1928761915052316 -0.08465097079558266 0.0 
v 0.19668336730041847 -0.08856422300238437 0.0 
v 0.19815631778530143 -0.0825844976010747 0.0 
v 0.1829811633149413 -0.08813636308096377 0.0 
v 0.1794202856078136 -0.08456339206236342 0.0 
v 0.17940960589209384 -0.07172422415246478 0.0 
v 0.1823557743127812 -0.0747266314037543 0.0 
v 0.18338371316846533 -0.07019774042176054 0.0 
v 0.20371467507081448 -0.07995151594073273 0.0 
v 0.19904496790320328 -0.07661503151425265 0.0 
v 0.19519374635056827 -0.06340879339165137 0.0 
v 0.19939215470763513 -0.06543071696678444 0.0 
v 0.19900228342359125 -0.06034062093976132 0.0 
v 0.18735441674917952 -0.06831156346509067 0.0 
v 0.18411801936969505 -0.06587959010973767 0.0 
v 0.18196853351778267 -0.05617639555296396 0.0 
v 0.1848192017838356 -0.05789371746165821 0.0 
v 0.1848597779645878 -0.05424202267870281 0.0 
v 0.0639543608661392 -0.15038609347322862 0.0 
v 0.0634969374129967 -0.15269672787885374 0.0 
v 0.06561989479159883 -0.15185062314547357 0.0 
v 0.07148267445931453 -0.15444550636301949 0.0 
v 0.06898306346734227 -0.15523392154166407 0.0 
v 0.07063411378710589 -0.15713819307264817 0.0 
v 0.0697266870168542 -0.15969365408913871 0.0 
v 0.07221062806402966 -0.15917760869108022 0.0 
v 0.06674570567073931 -0.2584696079017732 0.0 
v 0.06238620638398581 -0.25840621707619116 0.0 
v 0.0639641850550479 -0.26238016327225394 0.0 
v 0.05835728966967443 -0.26823967176335406 0.0 
v 0.05554734347017205 -0.27031720848061 0.0 
v 0.05302987690729114 -0.26884768950592286 0.0 
v 0.05277253869580238 -0.27194228723628255 0.0 
v 0.04632766671918435 -0.2769174350588235 0.0 
v 0.04739813808038403 -0.27405529723726674 0.0 
v 0.044753829387274235 -0.27463268410913644 0.0 
v 0.05172565741671454 -0.28501689096177424 0.0 
v 0.04990836259524456 -0.2819035417576403 0.0 
v 0.048202515339595534 -0.28509276210888795 0.0 
v 0.04188220552527507 -0.28643649536640087 0.0 
v 0.04303133863138271 -0.28474592550669997 0.0 
v 0.04115469076750943 -0.28487904635760597 0.0 
v 0.04209129883636018 -0.2901935519495048 0.0 
v 0.0405930714872274 -0.2909405862013393 0.0 
v -0.03997731684506761 -0.05929712084582346 0.0 
v -0.035688052622089295 -0.05800471772516834 0.0 
v -0.03880750255703964 -0.0545778087515157 0.0 
v -0.039751533192368536 -0.04043192907519291 0.0 
v -0.03606443732560615 -0.0442466425795678 0.0 
v -0.034646354694048254 -0.038852088907742305 0.0 
v -0.05598267454320252 -0.04688681876736845 0.0 
v -0.05040677913276621 -0.044154095189153364 0.0 
v -0.05521491141981223 -0.04012726077430293 0.0 
v -0.053414970054998234 -0.021864261671769036 0.0 
v -0.05043174513595139 -0.027305930025209403 0.0 
v -0.04759418998330753 -0.02185694241023333 0.0 
v -0.07450579660182874 -0.021547059575127807 0.0 
v -0.0669245275576823 -0.021611635279152813 0.0 
v -0.07014836255015394 -0.01443137629511601 0.0 
v -0.06117704862508596 0.006868194079291508 0.0 
v -0.059820600807215414 -0.0016651050135768548 0.0 
v -0.05371325781368948 0.003636669649290076 0.0 
v -0.08847564460977148 0.013783432979153281 0.0 
v -0.07880046255489756 0.011555188878134733 0.0 
v -0.08115363097010328 0.02159296905260006 0.0 
v -0.06648309607381173 0.03559715431551696 0.0 
v -0.059003249421431085 0.0419949458367374 0.0 
v -0.08196862287528227 -0.005676439552138585 0.0 
v -0.09163604574838916 -0.0051431337514492885 0.0 
v -0.08712686448535838 -0.014055234348546539 0.0 
v -0.08876738791133094 -0.03768861728157935 0.0 
v -0.09422062532787477 -0.03155964171050666 0.0 
v -0.09617171844250184 -0.03977679880909132 0.0 
v -0.06709171166966708 -0.03536000977841236 0.0 
v -0.07437099369865932 -0.035359547520792116 0.0 
v -0.07103004145093687 -0.0417056529760847 0.0 
v 0.07818075920564305 -0.10793788905549821 0.0 
v 0.07902063117120456 -0.11234892958356914 0.0 
v 0.08243992971284164 -0.10940755384140086 0.0 
v 0.09148604500957201 -0.11337881270511108 0.0 
v 0.08843265454430305 -0.11429803377372207 0.0 
v 0.09064480541445136 -0.11633855062797065 0.0 
v 0.09797013821516053 -0.10331408649503651 0.0 
v 0.09528041550687882 -0.10689930128482039 0.0 
v 0.09933840804734997 -0.10735803825155633 0.0 
v 0.10048032175333854 -0.11487986197734779 0.0 
v 0.1009299156236547 -0.11847783551546145 0.0 
v 0.09504801107800159 -0.12580166528308936 0.0 
v 0.09526935980924604 -0.12246743132542977 0.0 
v 0.09253386730601497 -0.12412690373285748 0.0 
v 0.08495839424478299 -0.1225677247841715 0.0 
v 0.08762739917512802 -0.12091846062459229 0.0 
v 0.08508997317663376 -0.11927994705069946 0.0 
v 0.08889015075593874 -0.10289498748469363 0.0 
v 0.09197475026785987 -0.09897907236361284 0.0 
v 0.08738116689360605 -0.09807630373600765 0.0 
v 0.08411123344487907 -0.0866257706770667 0.0 
v 0.08706162781911068 -0.08874400639559644 0.0 
v 0.0871822720051352 -0.0850254188357321 0.0 
v 0.08987366666305019 -0.08297617469422013 0.0 
v 0.0870328350279757 -0.08171312036550582 0.0 
v 0.08301836827729804 -0.0723968860207537 0.0 
v 0.08658126489217689 -0.07446234921262 0.0 
v 0.08700733053626983 -0.07016225289941479 0.0 
v 0.0724505267400596 -0.08429906037622965 0.0 
v 0.07578473465579653 -0.07952000322250695 0.0 
v 0.07036690597199108 -0.07871142844521674 0.0 
v 0.06409102393214561 -0.06506521436679075 0.0 
v 0.06886488714854415 -0.0669997459663745 0.0 
v 0.06825488319084141 -0.06148749163075212 0.0 
v 0.051564139598598124 -0.07441828726513372 0.0 
v 0.05562742669829699 -0.07158099041388416 0.0 
v 0.051354886646840923 -0.0694766225042162 0.0 
v 0.04605643134967567 -0.05745283085240868 0.0 
v 0.050533532214084166 -0.05927790712562653 0.0 
v 0.050050788328064026 -0.054084184068931264 0.0 
v 0.034980241358017077 -0.06729047989073728 0.0 
v 0.038512439209919445 -0.06420338152768856 0.0 
v 0.034350526302750824 -0.06283953435405426 0.0 
v 0.026387489616589117 -0.0522577842208682 0.0 
v 0.03171257717014183 -0.05311477353259588 0.0 
v 0.0302275035356599 -0.047576650906945434 0.0 
v 0.01617356185335961 -0.06893759654716786 0.0 
v 0.01940393605884989 -0.06260074790677454 0.0 
v 0.012772844103838478 -0.06268880403038427 0.0 
v 0.0028116678937361896 -0.048629191721742744 0.0 
v 0.008862711447603 -0.04968303174736102 0.0 
v 0.0070051383942905995 -0.043365903049137886 0.0 
v -0.006766811178846378 -0.05997637651233465 0.0 
v -0.0039055874232943855 -0.0575348068218946 0.0 
v -0.007428381125548976 -0.05696415766140355 0.0 
v -0.01743652764444269 -0.05392498582684727 0.0 
v -0.013018498692369962 -0.0513129212118983 0.0 
v -0.017242789816238106 -0.04829327736392081 0.0 
v -0.016356631820547057 -0.04238669014649739 0.0 
v -0.021658659567127078 -0.044765266635271146 0.0 
v -0.029618468018040592 -0.03719260494042331 0.0 
v -0.03326204361347404 -0.03354466994877726 0.0 
v 0.08287083078555359 -0.09592435744910208 0.0 
v 0.07901464569177181 -0.09258963021562251 0.0 
v 0.07786044028196328 -0.0980815520756008 0.0 
v 0.06689196031216427 -0.10565334964215013 0.0 
v 0.06795369424120826 -0.10103342217411956 0.0 
v 0.06370674599280733 -0.10286735020817764 0.0 
v 0.07328335373957628 -0.11455294491940796 0.0 
v 0.07178550649041306 -0.1116409821272719 0.0 
v 0.07037396477425778 -0.11479863235816648 0.0 
v 0.09089761488398573 -0.06889949161913185 0.0 
v 0.08832904216763633 -0.06580184424624885 0.0 
v 0.09066683133836072 -0.05628437961164131 0.0 
v 0.09183930481963277 -0.05874566130834091 0.0 
v 0.09286293956853746 -0.05613711958414698 0.0 
v 0.08100149790672606 -0.050477468045231004 0.0 
v 0.0849805325556791 -0.05324562968495839 0.0 
v 0.0858231062903003 -0.04832576262505316 0.0 
v 0.09690486383629125 -0.04556655047469557 0.0 
v 0.09409745931030793 -0.048412924726313825 0.0 
v 0.09750589170912365 -0.04939755173028364 0.0 
v 0.09584531453894828 -0.03229286145337838 0.0 
v 0.09589863714655879 -0.036916411600640436 0.0 
v 0.09955335356789811 -0.034261469151942094 0.0 
v 0.07236874163930362 -0.05780759795077282 0.0 
v 0.0675915660976818 -0.05610387893969457 0.0 
v 0.06153223584692253 -0.044826921128446974 0.0 
v 0.06576414663310916 -0.04594693265985171 0.0 
v 0.06445583076575502 -0.04156033755998221 0.0 
v 0.054081877119690855 -0.05083804636890431 0.0 
v 0.04964127957414687 -0.04877380552615939 0.0 
v 0.04443881799820064 -0.03353459909077521 0.0 
v 0.04972271010101317 -0.03723009448374891 0.0 
v 0.05082248270626707 -0.030489416400929975 0.0 
v 0.03437854765661496 -0.0429423650243567 0.0 
v 0.02865480391856575 -0.041737034267905704 0.0 
v 0.019356177755276746 -0.02986800449717586 0.0 
v 0.02471285673453545 -0.030169078209727623 0.0 
v 0.022156475013092265 -0.025240291869676065 0.0 
v 0.01152067327649729 -0.03856167469435743 0.0 
v 0.005719342307280465 -0.03683668879874446 0.0 
v 7.237302294630907e-05 -0.021616098072185657 0.0 
v 0.005010055579758302 -0.024319395644911403 0.0 
v 0.004994905602821813 -0.018286878727527076 0.0 
v -0.01478014744911063 -0.030689222921808132 0.0 
v -0.009821376745537914 -0.027938466626379263 0.0 
v -0.01435408275779149 -0.02499303733749587 0.0 
v -0.018844277343130104 -0.011798184029390204 0.0 
v -0.014313525258128257 -0.013916059241700297 0.0 
v -0.014738537817874145 -0.008441386244126785 0.0 
v 0.09786770404570796 -0.05299784878591619 0.0 
v 0.10079347814696024 -0.05074040043419237 0.0 
v 0.11063131619847967 -0.05145349645106092 0.0 
v 0.10744897395300185 -0.0538537054255061 0.0 
v 0.11081918643440716 -0.05540389974987676 0.0 
v 0.11014612621214102 -0.039411119540447445 0.0 
v 0.1102983361957721 -0.04346512328791824 0.0 
v 0.11356859771942596 -0.041068734725912194 0.0 
v 0.12363866470636672 -0.0421509661669665 0.0 
v 0.12031238535318221 -0.04443651630515203 0.0 
v 0.1236130625574465 -0.04617434098410779 0.0 
v 0.12340221225290914 -0.029736416327275448 0.0 
v 0.12356500041728681 -0.03389718041531114 0.0 
v 0.12699896081588882 -0.031403082797519875 0.0 
v 0.13843920461143389 -0.032813956278780435 0.0 
v 0.1343588644982014 -0.0352613482513489 0.0 
v 0.13798521855426446 -0.03763585134488176 0.0 
v 0.13721109596391912 -0.017336197035711595 0.0 
v 0.1380566687104741 -0.022630115922974838 0.0 
v 0.14234702713971428 -0.018992771366404548 0.0 
v 0.15688102075706142 -0.022307710244811218 0.0 
v 0.15165814078503576 -0.02452469532455563 0.0 
v 0.1555033752264524 -0.027792654151344527 0.0 
v 0.15979302501909046 -0.0030002347572338204 0.0 
v 0.15890147480449043 -0.009648624269340175 0.0 
v 0.16490398188047897 -0.0068418416635973 0.0 
v 0.18268972344537157 -0.01332821429717558 0.0 
v 0.1751270008725212 -0.015521508015799447 0.0 
v 0.17984953528137043 -0.021068453609606994 0.0 
v 0.18344113937617815 0.010812188062475952 0.0 
v 0.1837357497105156 0.003421376039865727 0.0 
v 0.1898476400679722 0.008111069051225295 0.0 
v 0.21081123379571923 0.009740890800693597 0.0 
v 0.20447204631055496 0.0032847368271327914 0.0 
v 0.21255316288051948 0.0011744295328865316 0.0 
v 0.17492819329155757 -0.03417213962046407 0.0 
v 0.17346934526194566 -0.03093685694936915 0.0 
v 0.17178915643423245 -0.0343641377483192 0.0 
v 0.16563302435216556 -0.040573458773381726 0.0 
v 0.1656940423934572 -0.03726293663888165 0.0 
v 0.1629456610112069 -0.03922469474438838 0.0 
v 0.1728311780307443 -0.04435102007668948 0.0 
v 0.1705737107403176 -0.04308532711485116 0.0 
v 0.1705119751465789 -0.04586379898927873 0.0 
v 0.16631838888732237 -0.05105747629212518 0.0 
v 0.1663054832640906 -0.04883276070701929 0.0 
v 0.16459820735322325 -0.05024100452015813 0.0 
v 0.17168790311759496 -0.055510041934963665 0.0 
v 0.16976440110138705 -0.05381126528883839 0.0 
v 0.16911874175791086 -0.056486752540535416 0.0 
v 0.16280393984759117 -0.060152634774772416 0.0 
v 0.1640974537165789 -0.057642552802738965 0.0 
v 0.16159499862406465 -0.05780127099773236 0.0 
v 0.16764096183589572 -0.06782113369435527 0.0 
v 0.16584930752492386 -0.06515706515370524 0.0 
v 0.16437033714724247 -0.06827055250780244 0.0 
v 0.15577006653930148 -0.07202563807606124 0.0 
v 0.15774193713443077 -0.06868995015251807 0.0 
v 0.15419397972641566 -0.06860488516819756 0.0 
v 0.161122284508388 -0.08042475581134008 0.0 
v 0.1595689052690835 -0.07782601633939258 0.0 
v 0.15831800797295706 -0.08078556754781599 0.0 
v 0.15186703152937248 -0.08658841927879972 0.0 
v 0.15235032201164983 -0.08304409324439252 0.0 
v 0.14915037899049358 -0.08460226827925452 0.0 
v 0.14637247900600298 -0.08250158206738072 0.0 
v 0.1458676097601512 -0.08629784139601294 0.0 
v 0.1382409311135499 -0.09386039531514576 0.0 
v 0.1389942220102217 -0.08971336876020007 0.0 
v 0.1353034177103891 -0.09121909400972583 0.0 
v 0.13289860813543955 -0.08849914698304961 0.0 
v 0.13153591454516825 -0.09208670973526906 0.0 
v 0.12257834317239591 -0.09498812964022207 0.0 
v 0.12472205252782778 -0.09215683815889171 0.0 
v 0.12152124281324349 -0.09178969616336494 0.0 
v 0.12552859693168147 -0.10377892296775708 0.0 
v 0.12494298005628264 -0.10097502151851127 0.0 
v 0.12311675969256214 -0.1031720095318977 0.0 
v 0.11686648812443624 -0.1054355598672317 0.0 
v 0.11814341102494003 -0.10318359391567705 0.0 
v 0.1157961537276986 -0.10334355910238924 0.0 
v 0.11470058574028526 -0.10149539453564668 0.0 
v 0.11362890361002115 -0.10341840115276109 0.0 
v 0.10953566086092104 -0.1028041154051403 0.0 
v 0.1073469956894368 -0.10175242222819168 0.0 
v 0.10316173180051351 -0.03604838384768854 0.0 
v 0.10309709713655743 -0.031816287657839996 0.0 
v 0.10985696376053225 -0.023212759963514386 0.0 
v 0.10987646389827063 -0.02719282025457597 0.0 
v 0.11313850952968454 -0.024907650842205063 0.0 
v 0.10075514387586532 -0.01769726186815036 0.0 
v 0.10356969588606976 -0.01963053807033829 0.0 
v 0.1037302389837341 -0.016010686288573703 0.0 
v 0.10960753379251946 -0.007481187856536236 0.0 
v 0.10972968297685583 -0.011575710663888497 0.0 
v 0.11302615313015926 -0.009334803472014071 0.0 
v 0.09672783802881353 -0.003360574298557495 0.0 
v 0.10163662074365953 -0.004360704854368556 0.0 
v 0.10063763103346356 0.0008849699981273404 0.0 
v 0.11031715921312238 0.013200520622176205 0.0 
v 0.10993770490114838 0.007272925926279957 0.0 
v 0.11505830939262035 0.00995047499478275 0.0 
v 0.0977417210799006 0.02011211379323191 0.0 
v 0.10098622929290965 0.017842172498761133 0.0 
v 0.10070243868037988 0.021982936394865114 0.0 
v 0.10247317464176588 0.03551207179624057 0.0 
v 0.10598279349230914 0.030352685384469353 0.0 
v 0.10926569629242686 0.036357795848536024 0.0 
v 0.08543608144892136 0.025467515508372677 0.0 
v 0.09083956535747562 0.030005076380520815 0.0 
v 0.08468747510428712 0.03299088454973162 0.0 
v 0.08310166895812383 0.05026252424633091 0.0 
v 0.08678787558733274 0.04694407695700264 0.0 
v 0.08702694288388772 0.052162474168847894 0.0 
v 0.0629722029918856 0.0511244797986405 0.0 
v 0.0712045396187067 0.05060109578653242 0.0 
v 0.06852165564740476 0.05860653106126645 0.0 
v 0.0863990940347359 0.07551066862395897 0.0 
v 0.08341194204589097 0.06703149056497723 0.0 
v 0.09128986763947038 0.06854305635242534 0.0 
v 0.06469211483975128 0.09810172754804941 0.0 
v 0.07286086628749351 0.09042373681317135 0.0 
v 0.07606098609171634 0.10210746593675149 0.0 
v 0.10867220001279479 0.1228784653355044 0.0 
v 0.10171324672258485 0.10813942751211307 0.0 
v 0.11697586753704088 0.10919581256453667 0.0 
v 0.07444413138439929 0.1493561872364485 0.0 
v 0.08478008449834502 0.14181472959097963 0.0 
v 0.08554992972593 0.15503159140919084 0.0 
v 0.06974778331892376 0.12320031312015446 0.0 
v 0.05954058629731536 0.13151605229365268 0.0 
v 0.05752125006164471 0.11817225787138037 0.0 
v 0.03566882039948174 0.0948682308362556 0.0 
v 0.03550843712627698 0.10625217755273736 0.0 
v 0.02639460284501026 0.09947693139132105 0.0 
v 0.05979426167643363 0.07502299875713095 0.0 
v 0.05203962945948357 0.0825641352968923 0.0 
v 0.04941033392839323 0.07182433339654869 0.0 
v 0.03087544049206349 0.06330575683253431 0.0 
v 0.03305221140337002 0.06861699849378253 0.0 
v 0.027908966482408055 0.06664482061429931 0.0 
v 0.033383141435912485 0.0422156974639843 0.0 
v 0.032955369253940506 0.050753995271940626 0.0 
v 0.025953726147338606 0.046147565513256356 0.0 
v 0.008845603626605506 0.057210273013261335 0.0 
v 0.016052958957442843 0.05757612822086851 0.0 
v 0.012634995650352084 0.06384716640419064 0.0 
v -0.003302216368850223 0.03646368271504224 0.0 
v 0.0009928353544044716 0.043172106466743555 0.0 
v -0.006562192218999584 0.043262077426175036 0.0 
v -0.02145304707939119 0.055662477117283456 0.0 
v -0.013985448260447108 0.056419036393017034 0.0 
v -0.018173749696287066 0.06298831191786754 0.0 
v -0.02983429084065949 0.036452631178906396 0.0 
v -0.027239089900984708 0.042222340695003704 0.0 
v -0.03328247445173525 0.04106619468706538 0.0 
v -0.017381001130694098 0.03690333982605391 0.0 
v -0.020950924083422605 0.03103234792825201 0.0 
v -0.014461979170910806 0.030743077076339363 0.0 
v -0.0033555435728169097 0.016664482904404764 0.0 
v -0.009783852869390137 0.018036098011318103 0.0 
v -0.008076990650838296 0.011644684388007512 0.0 
v 0.013060880928632416 0.03524882875116305 0.0 
v 0.00721020436864464 0.028192101155835522 0.0 
v 0.015582403887550226 0.02628361412247003 0.0 
v 0.022375203392688312 0.005364652474691708 0.0 
v 0.016283138444895998 0.009150288475472276 0.0 
v 0.01613430576026825 0.001642728832152745 0.0 
v 0.042625900730463524 0.015023401675800805 0.0 
v 0.03588745730438391 0.012150015043163508 0.0 
v 0.04146404225046886 0.0075619423850304445 0.0 
v 0.045441725070772127 -0.012927198559572571 0.0 
v 0.0393568734630413 -0.007988388109900428 0.0 
v 0.03790715471037423 -0.01624529705691726 0.0 
v 0.06455026099538849 -0.0012274939916376995 0.0 
v 0.05847854494330212 -0.004678388123080969 0.0 
v 0.06395180796737054 -0.008107001145797403 0.0 
v 0.06866462776501096 -0.02227760444996429 0.0 
v 0.06423687072103179 -0.020445542973327464 0.0 
v 0.06520720906337771 -0.02540319866637832 0.0 
v 0.08227699069022666 -0.015714478116623822 0.0 
v 0.0774536412528158 -0.01766143639947215 0.0 
v 0.08114421977773839 -0.02094326499857502 0.0 
v 0.08275617373986921 -0.03527442890650806 0.0 
v 0.07886413249397563 -0.03139451980115871 0.0 
v 0.07721563184047316 -0.037050074120227 0.0 
v 0.09609893744924485 -0.02770670315152303 0.0 
v 0.09207727025026682 -0.03000538599227719 0.0 
v 0.0892154541123203 -0.022332557691656787 0.0 
v 0.0934518219988612 -0.020614069990286425 0.0 
v 0.09033641184275863 -0.017533349223138064 0.0 
v 0.09115706467147627 -0.003414738447736342 0.0 
v 0.09388479294334397 -0.008109566625050397 0.0 
v 0.07429818916419093 -0.008599270275119983 0.0 
v 0.07978191138794567 -0.006362152749216535 0.0 
v 0.07545313635827337 -0.0023203423776148413 0.0 
v 0.07362330433293371 0.017018623650261112 0.0 
v 0.07874720867718074 0.011464667788275753 0.0 
v 0.0812410716198138 0.018955443958098943 0.0 
v 0.0535258050255665 0.006582947248561265 0.0 
v 0.05990177619135967 0.009997364915455876 0.0 
v 0.054306655766311565 0.01388895837342652 0.0 
v 0.05079943246957974 0.029518184064726456 0.0 
v 0.05496075916081732 0.02709953114252947 0.0 
v 0.0541994228407811 0.03210949044486272 0.0 
v 0.03178801970636892 0.02580909366372021 0.0 
v 0.03963507873805345 0.0272063726393619 0.0 
v 0.03558437451327686 0.033860151788995506 0.0 
v 0.04709620603156873 0.05375244020415016 0.0 
v 0.047183658586511745 0.04509067358910964 0.0 
v 0.054446609251112554 0.04930320946562298 0.0 
v 0.07105149161732784 0.03657936749102612 0.0 
v 0.06339399690871891 0.0368505231979811 0.0 
v 0.06628223935167897 0.02974123586328485 0.0 
v 0.08815024819196945 0.019213745281441 0.0 
v 0.06694312808919162 -0.03763655398405299 0.0 
v 0.06256952407602062 -0.037765521968907596 0.0 
v 0.05707693829630369 -0.029586203162548043 0.0 
v 0.05398533396925301 -0.02391920738634546 0.0 
v 0.02423061995567601 -0.019686706680378925 0.0 
v 0.018873007786691376 -0.021339291193733206 0.0 
v 0.01001221280744559 -0.015052500480912601 0.0 
v 0.005021922928841835 -0.012144052325230314 0.0 
v 0.004961587481128619 -0.005796247640511237 0.0 
v -0.00010849403216726704 -0.009428488890737005 0.0 
v -0.010426428645852857 -0.004790046404781854 0.0 
v -0.015494804265601642 -0.002946279051037957 0.0 
v -0.016608551550423515 0.002601697852292466 0.0 
v -0.02045344394753538 -0.0014577882735661268 0.0 
v -0.03255221366771625 -0.003386317973595025 0.0 
v -0.029937448055115116 0.0003122626178646675 0.0 
v -0.03435750877058244 0.00040813257504023273 0.0 
v -0.029956384943246803 -0.015597480116980072 0.0 
v -0.0305331048891196 -0.011589705070062547 0.0 
v -0.03337835132034373 -0.014430731155991607 0.0 
v -0.04458292799863855 -0.017056228526892665 0.0 
v -0.04144932522295778 -0.012934719436007578 0.0 
v -0.04628764984269757 -0.011896611795674547 0.0 
v -0.0366573652013178 -0.029846680958067803 0.0 
v -0.039724271203095435 -0.02595627726645365 0.0 
v -0.041658937588325555 -0.03102104860406934 0.0 
v -0.03366705968740749 -0.0208236334500248 0.0 
v -0.03083708585148954 -0.02377771568859715 0.0 
v -0.030048309903666706 -0.019536248811609654 0.0 
v -0.023203897596597186 -0.009997772251656602 0.0 
v -0.02276362312797102 -0.014817598620703915 0.0 
v -0.04775544864689808 0.00011328017165389894 0.0 
v -0.047054979396828414 0.0071984158892633545 0.0 
v -0.03161644676114302 0.014872923195240272 0.0 
v -0.034696666357159824 0.00954298912651461 0.0 
v -0.029117112410933448 0.009563246359842141 0.0 
v -0.03838898373238274 0.03252335125415296 0.0 
v -0.03663574042194826 0.026485583953565435 0.0 
v -0.03286645203208441 0.03142820691365264 0.0 
v -0.05117344037256068 0.038040370281165255 0.0 
v -0.05115476466426107 0.04705331312707918 0.0 
v -0.03353438623959188 0.06045444874563632 0.0 
v -0.036019178077706264 0.052818181531061235 0.0 
v -0.028774704795471874 0.05450208416662898 0.0 
v -0.0488683238658669 0.07951727027289245 0.0 
v -0.04371241828171201 0.07308007760183215 0.0 
v -0.04080784537141565 0.08130869915311492 0.0 
v -0.021838743413539422 0.09298717671563095 0.0 
v -0.02451928566349399 0.0844257764674095 0.0 
v -0.015853995613625785 0.08632088774654782 0.0 
v -0.03540752300405976 0.10582529118463398 0.0 
v -0.032409468926534554 0.10223734819537167 0.0 
v -0.010805612466139812 0.07867712814134999 0.0 
v -0.006454697980480765 0.08730920954509483 0.0 
v 0.018620612545521654 0.09253356185083668 0.0 
v 0.01202904727571267 0.08552534192580996 0.0 
v 0.020377256121121866 0.08330823745471014 0.0 
v 0.00869364129510711 0.1267507790258555 0.0 
v 0.013309650616236795 0.11435029059563782 0.0 
v 0.022314298660253994 0.12479266239665841 0.0 
v 0.021791392331982837 0.07527053568319292 0.0 
v 0.027922624285971243 0.08014793915634107 0.0 
v -0.021683813219179466 0.12250603818055522 0.0 
v -0.013446633516979403 0.12379827728660382 0.0 
v -0.019043611977031947 0.13033421871444312 0.0 
v -0.02414976042619735 0.15062463389679168 0.0 
v -0.01728731749148285 0.14756039806414487 0.0 
v -0.018837529532474646 0.15551280804234613 0.0 
v -0.03611442357636818 0.14402772228446897 0.0 
v -0.041380070678103995 0.1478232483172633 0.0 
v 0.09477059397215601 0.06174244772364519 0.0 
v 0.09957682650081986 0.06864997186999093 0.0 
v 0.12436361582168931 0.07232470825467004 0.0 
v 0.11684959865687916 0.06547081356459838 0.0 
v 0.12530737566458294 0.06240516602367239 0.0 
v 0.12029359912161786 0.09505635947111735 0.0 
v 0.13099846226131512 0.10502319346468719 0.0 
v 0.15686386648486056 0.09325820590143129 0.0 
v 0.1487496888181296 0.09073887054598113 0.0 
v 0.15483361997937065 0.08550317504047421 0.0 
v 0.17164351293598773 0.11288698984442724 0.0 
v 0.16545670568729473 0.10783001950261241 0.0 
v 0.17248563030465358 0.10607396633846619 0.0 
v 0.11609471730956016 0.03582153054305678 0.0 
v 0.11373226567497374 0.042652893971480574 0.0 
v 0.1255393037017497 0.05360336531276294 0.0 
v 0.13264589356707418 0.05812911006986791 0.0 
v 0.11648132344278354 -0.02654278515591577 0.0 
v 0.11632439505646948 -0.022607672387476758 0.0 
v 0.12199531585216392 -0.014534006865753738 0.0 
v 0.12232901008054636 -0.01794348265278185 0.0 
v 0.12492715835373336 -0.015538025867297828 0.0 
v 0.11620141812621171 -0.011214054273826483 0.0 
v 0.11645632242456562 -0.007295055338452404 0.0 
v 0.1245073955993144 -0.0003781290776946187 0.0 
v 0.12350664095956929 -0.00414822492284925 0.0 
v 0.12699409617945975 -0.002930249163827138 0.0 
v 0.11889932695111341 0.0062005771214457914 0.0 
v 0.12070431371153727 0.011679189698118118 0.0 
v 0.1363592162938209 0.01709445834196783 0.0 
v 0.13224382318950575 0.011844522044913349 0.0 
v 0.13820208770985812 0.010650753202671358 0.0 
v 0.12822126736933692 0.03411036675637211 0.0 
v 0.13069489978574747 0.028782184784930855 0.0 
v 0.1337487557663116 0.03417015584840237 0.0 
v 0.14869146327458166 0.043540915860923644 0.0 
v 0.14615537947703208 0.036492813994184636 0.0 
v 0.15314933380184453 0.03788561957768035 0.0 
v 0.1385306194113243 0.05326223258613219 0.0 
v 0.1403364243064072 0.06107979346213207 0.0 
v 0.15514870894040605 0.06799259986775745 0.0 
v 0.1532292138456311 0.06371559386652663 0.0 
v 0.15746805231111086 0.06521042482757625 0.0 
v 0.12835594364431352 -0.016099346948520082 0.0 
v 0.12697790355050909 -0.012761335408316577 0.0 
v 0.1297548714281057 -0.005421525858030674 0.0 
v 0.13044153976389453 -0.0013118028538828665 0.0 
v 0.13876234068797755 0.00432866225534409 0.0 
v 0.1440917090791802 0.008087550840133436 0.0 
v 0.16061896506499812 0.0036962205816004077 0.0 
v 0.15468936053878013 0.0007547906690325982 0.0 
v 0.16379380531817994 0.02230230868630123 0.0 
v 0.16245848575537522 0.016583580151675627 0.0 
v 0.16764077401708893 0.018923290930291672 0.0 
v 0.18281566450483253 0.017665899167342316 0.0 
v 0.17758865633280488 0.013514234000759734 0.0 
v 0.17908080133992496 0.03614932968944688 0.0 
v 0.18061194536884714 0.030167956175586663 0.0 
v 0.18499997169247215 0.03488979839537592 0.0 
v 0.20155459240843684 0.03795801016074714 0.0 
v 0.19729557805947706 0.03252953816601722 0.0 
v 0.2039249869420026 0.0316779325114844 0.0 
v 0.05102507141641508 -0.16678433987318636 0.0 
v 0.0516498070617308 -0.16617121993100167 0.0 
v 0.050949275042886946 -0.1658833282678894 0.0 
v 0.051013453601361954 -0.1642759230232449 0.0 
v 0.0512459802418388 -0.1645932211800963 0.0 
v 0.05133275315504781 -0.1641745457729044 0.0 
v 0.049713441054980836 -0.1637040019958422 0.0 
v 0.050170816720205104 -0.1640105515820046 0.0 
v 0.050204067570904246 -0.16343625424755134 0.0 
v 0.04761587703912433 -0.1643443915063578 0.0 
v 0.04840497727144728 -0.16417399232904178 0.0 
v 0.0479246434159651 -0.16356775461078593 0.0 
v 0.04812939508461139 -0.16110352208997783 0.0 
v 0.048585954446088805 -0.16195944374581514 0.0 
v 0.049113948366103874 -0.16113378213586954 0.0 
v 0.04457610705143541 -0.1621703016983185 0.0 
v 0.0458773472013589 -0.16156927950672523 0.0 
v 0.044880521089603054 -0.1605469888452256 0.0 
v 0.045767238519252164 -0.15600105750983673 0.0 
v 0.046380306757384436 -0.15754074353088554 0.0 
v 0.047345227577419345 -0.15618003989032903 0.0 
v 0.04038571248336186 -0.15569440209972624 0.0 
v 0.0422765588525169 -0.1557816207889709 0.0 
v 0.04154265928741104 -0.15395611778681062 0.0 
v 0.05165521236525198 -0.16391148903253636 0.0 
v 0.0512820548845608 -0.16383209975036853 0.0 
v 0.05068809628353298 -0.1631521414011907 0.0 
v 0.05021445896596279 -0.16285414472013188 0.0 
v 0.050012159525790155 -0.16131401192263703 0.0 
v 0.04979867183131848 -0.1603071066122936 0.0 
v 0.05146024335465077 -0.15724895303739192 0.0 
v 0.051591197620721216 -0.15863331978483133 0.0 
v 0.05265709217125818 -0.15779253501606355 0.0 
v 0.048813476490165694 -0.15644101402018032 0.0 
v 0.048425266507319466 -0.1548784799365579 0.0 
v 0.05068042826666182 -0.15055045929590594 0.0 
v 0.05090913763385193 -0.15240134259914065 0.0 
v 0.05231064353500818 -0.15121206274488289 0.0 
v 0.05377523058027788 -0.15840911410454364 0.0 
v 0.05382168270626212 -0.15697687624928577 0.0 
v 0.05670788064943542 -0.15374122923143216 0.0 
v 0.05647850923662246 -0.15547868529347025 0.0 
v 0.05800060005287161 -0.15479388366532212 0.0 
v 0.05385921137990823 -0.1519608231917016 0.0 
v 0.05381905666705473 -0.15005004781727543 0.0 
v 0.05722756058932043 -0.14560688924071066 0.0 
v 0.05715001655066096 -0.14779170905635658 0.0 
v 0.05157264100133359 -0.1427877500654263 0.0 
v 0.053545946110461144 -0.143650763359997 0.0 
v 0.05341916022346275 -0.14128672723385963 0.0 
v 0.05755919780657925 -0.13581623477925078 0.0 
v 0.05744569666491934 -0.13845444005018437 0.0 
v 0.05051544873414501 -0.13222406643615217 0.0 
v 0.053011130099800664 -0.13333827659569428 0.0 
v 0.05288824241357349 -0.1303574533422548 0.0 
v 0.058207933990788684 -0.12364324251168894 0.0 
v 0.05802048320906396 -0.12691995650600826 0.0 
v 0.04979097980276503 -0.11881032915016106 0.0 
v 0.05273271134700324 -0.12039110101083589 0.0 
v 0.0527855636684459 -0.11676855142512287 0.0 
v 0.059453029843856295 -0.10906023329818226 0.0 
v 0.05905710627788524 -0.1129747090415885 0.0 
v 0.04960295867981198 -0.10334712504983382 0.0 
v 0.05299747280289916 -0.1050789026887927 0.0 
v 0.05293875073377347 -0.10089313551199863 0.0 
v 0.05993241774671878 -0.0901394994489236 0.0 
v 0.06030750139389475 -0.09548916490951642 0.0 
v 0.06479370236290699 -0.09235839712697788 0.0 
v 0.048624068507665034 -0.08816660012068298 0.0 
v 0.05145511703103611 -0.08886008900952198 0.0 
v 0.050259216765058456 -0.08612282237123489 0.0 
v 0.047827743391495564 -0.0771568590873757 0.0 
v 0.051520840749684195 -0.0790484623954994 0.0 
v 0.03890622932250794 -0.088114339053794 0.0 
v 0.04149308251395815 -0.08359300031874992 0.0 
v 0.036450876336955755 -0.08324239848089304 0.0 
v 0.031151342180741056 -0.06979409477034101 0.0 
v 0.03515271068282298 -0.0721225701155305 0.0 
v 0.014155804462059145 -0.07626215538285663 0.0 
v 0.020759563619724714 -0.07393492322663077 0.0 
v 0.04912900108574377 -0.09512417320676984 0.0 
v 0.04570962629650636 -0.09347390970243931 0.0 
v 0.04583675542890024 -0.09760551118266116 0.0 
v 0.04977081545799745 -0.111283258258798 0.0 
v 0.046606380580836916 -0.10964334526114006 0.0 
v 0.04668573700401744 -0.11345474951621215 0.0 
v 0.040515191363002884 -0.1218726037782527 0.0 
v 0.04048557702265565 -0.11779564677517172 0.0 
v 0.03711017633637073 -0.1200160862722194 0.0 
v 0.05002670352050611 -0.12586695776752824 0.0 
v 0.04708162151333515 -0.12457347641167511 0.0 
v 0.04743346381416063 -0.12799941392683156 0.0 
v 0.043619049341271816 -0.13564734681340798 0.0 
v 0.04278128031744676 -0.13272578085762296 0.0 
v 0.05106824671957419 -0.13782843081214602 0.0 
v 0.048725366047679165 -0.1369686056570904 0.0 
v 0.049130948289628294 -0.13957059530163693 0.0 
v 0.04623820000922515 -0.14536018756215444 0.0 
v 0.04569411014593216 -0.14314963457918703 0.0 
v 0.051990862190836665 -0.14722760992844836 0.0 
v 0.05015025782700623 -0.14651335212194772 0.0 
v 0.05042827041672289 -0.14858731236208403 0.0 
v 0.04802410932338593 -0.15318969322455125 0.0 
v 0.04761106000671434 -0.15138539264778417 0.0 
v 0.026809981540180976 -0.1175723507917773 0.0 
v 0.030717862636896576 -0.1153676736506105 0.0 
v 0.027240168912478345 -0.11262187073967886 0.0 
v 0.027798208469081816 -0.09737587325447501 0.0 
v 0.030646642844750653 -0.10244743195732499 0.0 
v 0.033667410727140204 -0.09739461183340653 0.0 
v 0.01043342381790029 -0.10334847754435728 0.0 
v 0.01587808987828873 -0.1009923673843396 0.0 
v 0.011371633317085163 -0.09713058216832306 0.0 
v 0.007765888978943624 -0.07978789142891785 0.0 
v 0.013356124209479996 -0.08368643708892051 0.0 
v -0.005295514321479621 -0.09046069291478755 0.0 
v -0.0017518204936716208 -0.08751075833476972 0.0 
v -0.00601230794086834 -0.08608130678539141 0.0 
v -0.014364729360874478 -0.07724837794507684 0.0 
v -0.009457148345231618 -0.0769630831640582 0.0 
v -0.011973325816772793 -0.07249210647790566 0.0 
v 0.038506863580577935 -0.09876570490850275 0.0 
v 0.03788995988087748 -0.0935338575981913 0.0 
v -0.009453812907540897 -0.06788800242730071 0.0 
v -0.014200159657225363 -0.06795009120399274 0.0 
v -0.01680531060059958 -0.05891603338901392 0.0 
v 0.0017260287603811267 -0.09536183973278153 0.0 
v -0.002460309562115145 -0.09666248159372684 0.0 
v -0.00012663225865636594 -0.0999760843588359 0.0 
v -0.0059354005890126125 -0.11022843316269582 0.0 
v -0.005664477750472076 -0.10597760284473715 0.0 
v -0.00905897611607717 -0.10783206196149729 0.0 
v 0.005202291165298644 -0.1155696295934131 0.0 
v 0.0018426360149275127 -0.11366426617418347 0.0 
v 0.0020907502987885574 -0.11771390581192082 0.0 
v -0.002532905539221827 -0.12751821761440363 0.0 
v -0.003507262270953682 -0.12347157805062965 0.0 
v -0.006246566415225881 -0.1265123531470342 0.0 
v 0.010254966322731294 -0.12974348349644774 0.0 
v 0.0055864006704658044 -0.12926363193996632 0.0 
v 0.007108996206734192 -0.13401374349874093 0.0 
v 0.018374474858587612 -0.11076699087240997 0.0 
v 0.013370065945062773 -0.11226499685851528 0.0 
v 0.01657658739394737 -0.11605659043023336 0.0 
v 0.015033380722355261 -0.12919860847962716 0.0 
v 0.012523818613979684 -0.1251669317221885 0.0 
v 0.025168901012056617 -0.12712418832953892 0.0 
v 0.022605754344995604 -0.12721082805642425 0.0 
v 0.024233864853501964 -0.1291979673680514 0.0 
v 0.024834421962352478 -0.1349807978494509 0.0 
v 0.025776324966471722 -0.13840747274933737 0.0 
v 0.20611006981530217 0.024839430511076833 0.0 
v 0.21074501489111605 0.030789064651668942 0.0 
v 0.2265891245424249 0.03608630370262068 0.0 
v 0.2239638543149246 0.030350716118665345 0.0 
v 0.2303474670860201 0.03156787851231566 0.0 
v 0.22033725204995083 0.04779692040537675 0.0 
v 0.22170639934082645 0.044287320674270866 0.0 
v 0.22378313005926803 0.04769921460640177 0.0 
v 0.22969965289656746 0.010970486578589055 0.0 
v 0.232735423981621 0.01912790008113909 0.0 
v 0.22457342285638124 0.01729769173547427 0.0 
v 0.21223971976699094 0.05177973381207098 0.0 
v 0.2143393114519624 0.04993953769668628 0.0 
v 0.2146033100392477 0.05272240243059817 0.0 
v 0.2179238339976035 0.057746065350126136 0.0 
v 0.21829553429513734 0.055712606863802944 0.0 
v 0.21976206880077148 0.057289963563512555 0.0 
v 0.21273608737905525 0.060328519975397385 0.0 
v 0.21444316758034782 0.05925528754972818 0.0 
v 0.21459231253762254 0.061261544227243524 0.0 
v 0.21778815480928593 0.0642680555745599 0.0 
v 0.21760625191170685 0.0628852725092152 0.0 
v 0.21516376759787173 0.06760361005932417 0.0 
v 0.216007397158637 0.06632983309156341 0.0 
v 0.2167106724829056 0.06775591506018022 0.0 
v 0.2205780255082117 0.06962886758055324 0.0 
v 0.21970952221698603 0.06807037857903576 0.0 
v 0.21370796242004375 0.06434418284034726 0.0 
v 0.2126137380651448 0.06578259175368674 0.0 
v 0.21178446705443255 0.06388239096640258 0.0 
v 0.2229210407961142 0.07530575659498229 0.0 
v 0.22372084369833656 0.07523334410812638 0.0 
v 0.223273030498453 0.07593302966635504 0.0 
v 0.22207803964501854 0.07811756591842572 0.0 
v 0.22324577784392519 0.07789742557098653 0.0 
v 0.22297609693668127 0.07922928255076997 0.0 
v 0.22418697583203837 0.08038585289604343 0.0 
v 0.22253206346223703 0.08081344851883612 0.0 
v 0.21831496117254684 0.08488909091788764 0.0 
v 0.2210426513988267 0.08493423135309368 0.0 
v 0.21994752838132478 0.08760921196144614 0.0 
v 0.222184243277404 0.09033780280297307 0.0 
v 0.21857597717828114 0.09081445487621602 0.0 
v 0.20873722840251152 0.09910844222353558 0.0 
v 0.2148083444323722 0.09935439007250169 0.0 
v 0.2123205614935806 0.10513502338065883 0.0 
v 0.21745712098921824 0.11067478124120764 0.0 
v 0.21004041574090246 0.11233569187974109 0.0 
v 0.20615350767192026 0.12946848806966166 0.0 
v 0.2037797205198243 0.13911914528291555 0.0 
v 0.21190122115024707 0.14700152359171179 0.0 
v 0.20107340291537296 0.1497589280414529 0.0 
v 0.1806600136895586 0.17831437368558456 0.0 
v 0.19546309345964838 0.17517143917208042 0.0 
v 0.19264859474446058 0.1907326208900191 0.0 
v 0.25370979490993323 0.08834521962901942 0.0 
v 0.2500993127097114 0.09011717351568012 0.0 
v 0.25041362430861913 0.08620170325323992 0.0 
v 0.24557190777929944 0.0780650129469419 0.0 
v 0.2451098109510102 0.08128768951468056 0.0 
v 0.24271916490488443 0.07902673908257782 0.0 
v 0.23998333925386053 0.0797271860636343 0.0 
v 0.24050040581140308 0.07701674849132867 0.0 
v 0.23657632844947657 0.07162981027862318 0.0 
v 0.23658456635586 0.07379348052105894 0.0 
v 0.23488193208084251 0.07255926897513963 0.0 
v 0.23328384303688893 0.0732449481235615 0.0 
v 0.23333971602688852 0.07155059796921377 0.0 
v 0.2304683695123842 0.06882746632249413 0.0 
v 0.23067850801765907 0.07008284390535506 0.0 
v 0.22955098841911167 0.0694991835662981 0.0 
v 0.22846603446673117 0.07003900802015732 0.0 
v 0.3189601002261843 -0.3082240437406181 0.0 
v 0.3203104291577935 -0.2745177364576127 0.0 
v 0.35617299120777274 -0.20927574097794496 0.0 
v 0.36407947649364625 -0.23341450478730807 0.0 
v 0.3801299951208511 -0.2098981506420181 0.0 
v 0.31697231569076895 -0.20036662378794934 0.0 
v 0.31496699355686664 -0.18249697951231833 0.0 
v 0.036596487784890136 0.2939306744972064 0.0 
v 0.06309198764962405 0.2853698353973157 0.0 
v 0.058948160644122546 0.3149443411957242 0.0 
v 0.12457348622359503 0.4038993928323072 0.0 
v 0.12161464190280788 0.3567393958516218 0.0 
v 0.16532754644101494 0.3742369961819408 0.0 
v 0.1494535174416004 0.24962908703430217 0.0 
v 0.1746463185128958 0.2511007575301376 0.0 
v 0.16101315248042325 0.2742501287297311 0.0 
v 0.1930487045213968 0.3388127920797625 0.0 
v 0.21650776728996735 0.38094157547346125 0.0 
v 0.2677591212546564 0.3754935411473257 0.0 
v 0.2522616532946909 0.42519057403504884 0.0 
v 0.35667351092608574 0.498762001582302 0.0 
v 0.42114958356922444 0.5266717667483416 0.0 
v 0.7151476175233754 -0.3846729407501179 0.0 
v 0.8077980839172847 -0.42257083889978414 0.0 
v 0.796683238694609 -0.29217743769455456 0.0 
v 1.0 0.0 0.0 
v 0.992699451007505 -0.1206142610531544 0.0 
v 0.721750768972015 0.06835501589658359 0.0 
v 0.8062777391202273 0.05174584118457478 0.0 
v 0.7875980698149548 0.1476702354765667 0.0 
v 0.891867515438655 0.45229673324630665 0.0 
v 0.940236212043774 0.34052292956800323 0.0 
v 0.6053498146744746 0.3623570237391328 0.0 
v 0.6775597510597622 0.38776764413354176 0.0 
v 0.6209295140669052 0.42672001933281095 0.0 
v 0.49470995305227644 0.5486299158149269 0.0 
v 0.5790442422086296 0.5637766933102766 0.0 
v 0.5261928899173028 0.6244128284099992 0.0 
v 0.42079247904220746 0.3850891096086594 0.0 
v 0.44238623311438574 0.4303177568959773 0.0 
v 0.3922524086748512 0.4163857836245752 0.0 
v 0.5068289552552825 0.8620466403361473 0.0 
v 0.5871656288904357 0.8094668147921193 0.0 
v 0.04493830076342144 -0.9989897642741372 0.0 
v -0.04111421977812332 -0.999154452991146 0.0 
v -0.08319799436862738 -0.7878925031484897 0.0 
v -0.03722232373207905 -0.8170205230788369 0.0 
v -0.2719164753733976 -0.7762346581348888 0.0 
v -0.204869498673248 -0.7994511025602802 0.0 
v -0.21324516173902955 -0.7226263427981828 0.0 
v -0.12378224643169848 -0.6054223564354013 0.0 
v -0.12479042101025001 -0.650191831442802 0.0 
v -0.19113125823979596 -0.5291059242250428 0.0 
v -0.17592934100406724 -0.559414331342261 0.0 
v -0.16219225448968222 -0.5277862238944506 0.0 
v -0.24443058597296802 -0.9696667925843967 0.0 
v -0.325453017847773 -0.945558212472282 0.0 
v 0.03341995290579932 -0.29044937425142886 0.0 
v 0.032834457129308305 -0.29177322445809256 0.0 
v 0.03417125294316129 -0.2916523630723421 0.0 
v 0.03621930726047943 -0.2944362936206467 0.0 
v 0.03508734214192431 -0.29421785611179807 0.0 
v 0.03545239260414697 -0.2953607067868509 0.0 
v 0.03935924750993562 -0.2917111364196559 0.0 
v 0.038238203736002785 -0.2926195385899129 0.0 
v 0.0394654848553689 -0.293126081322783 0.0 
v 0.03673567353505878 -0.2905812180575475 0.0 
v 0.03803642518897279 -0.2895394798634738 0.0 
v 0.0366183534657137 -0.288869365307142 0.0 
v 0.02459818475189897 -0.3105787494582303 0.0 
v 0.023359340188124952 -0.310077993738638 0.0 
v 0.023368134169945914 -0.31159312282827584 0.0 
v 0.020006701342043725 -0.31491322936795463 0.0 
v 0.02033747980457233 -0.3131067105203568 0.0 
v 0.018682006125237252 -0.3138100888677989 0.0 
v 0.0239648787582822 -0.31825828851286864 0.0 
v 0.022613660543234756 -0.31708791370880246 0.0 
v 0.022210669936765553 -0.3189741274172308 0.0 
v 0.018788150683215606 -0.3211115355368869 0.0 
v 0.019162888104474782 -0.31993121110009853 0.0 
v 0.018082709405195452 -0.32046194147309787 0.0 
v 0.020185161705156038 -0.3252791271171841 0.0 
v 0.01968422586608171 -0.3236300257731939 0.0 
v 0.018476291016232733 -0.32495436493693086 0.0 
v 0.015399055507329423 -0.3231656240189093 0.0 
v 0.014219324582010235 -0.32153818649525917 0.0 
v 0.022337916942436326 -0.3223219263507036 0.0 
v 0.02287463327145659 -0.3239855957136431 0.0 
v 0.015403574525342448 -0.3198004758182613 0.0 
v 0.013394628118541002 -0.3194337868333849 0.0 
v 0.01099604512149564 -0.3125032615772192 0.0 
v 0.013127375899242892 -0.31428415949474586 0.0 
v 0.013765246849721276 -0.3115864595858507 0.0 
v -0.000925966464910552 -0.3197862552164191 0.0 
v 0.00389679347607019 -0.31626495349926237 0.0 
v -0.000570620990812894 -0.3131904618207263 0.0 
v 0.0042891853049059426 -0.3010789057084576 0.0 
v 0.004837648054216984 -0.30441173446690073 0.0 
v 0.006903058522870076 -0.3018030367304495 0.0 
v -0.003373730629346981 -0.29141774482885435 0.0 
v -0.0010212859740461088 -0.2959337619273623 0.0 
v 0.0013613971807372453 -0.2914894124739839 0.0 
v 0.010005233139628691 -0.2905357151269721 0.0 
v 0.007999059319928708 -0.29254271220379147 0.0 
v 0.010408775567502124 -0.2930370421753979 0.0 
v 0.014113738525679964 -0.29716255980110956 0.0 
v 0.011991321279864351 -0.2973172347355778 0.0 
v 0.013059129602684832 -0.2992816429605597 0.0 
v 0.012461059153158321 -0.30587494930466336 0.0 
v 0.010790379175233247 -0.30397403712219123 0.0 
v 0.009727340522653933 -0.3068622892140609 0.0 
v 0.01751501488040447 -0.30375342960490714 0.0 
v 0.016216447651609057 -0.30416644429223216 0.0 
v 0.01724417868037472 -0.304989048719368 0.0 
v 0.01994952349142995 -0.30067683269612533 0.0 
v 0.018976641253534016 -0.3015692976092744 0.0 
v 0.02006437853781724 -0.3018867717844416 0.0 
v 0.021244398165627273 -0.30406192070268967 0.0 
v 0.020445702093617898 -0.30388936622387464 0.0 
v 0.020694484529912918 -0.3047272888990959 0.0 
v 0.023242430655951846 -0.30260316600778914 0.0 
v 0.02252213947507226 -0.3030004178319075 0.0 
v 0.02312406654948687 -0.3033983179641038 0.0 
v 0.021835991063732556 -0.3016326805229392 0.0 
v 0.022720706470782833 -0.30113253233479226 0.0 
v 0.021920580374151573 -0.3005408091293636 0.0 
v 0.02138401955970624 -0.2971163738737909 0.0 
v 0.022356726055336392 -0.2980333366821683 0.0 
v 0.02275349470465309 -0.2966324175359418 0.0 
v 0.017338178527330196 -0.29969512049158437 0.0 
v 0.018707276001505572 -0.2986529346378999 0.0 
v 0.017332266034888015 -0.2978684347137658 0.0 
v 0.01715988966402279 -0.2936105551882326 0.0 
v 0.017999096494343766 -0.29455373360253473 0.0 
v 0.018287839471917988 -0.2932393005976639 0.0 
v 0.01247457825800585 -0.29342929923631633 0.0 
v 0.01427666514891863 -0.29366854063448905 0.0 
v 0.013832845100439702 -0.29191682440798555 0.0 
v 0.025884737543451306 -0.294925558795005 0.0 
v 0.025316927391978033 -0.29615415494381814 0.0 
v 0.20672227532651785 -0.10680132701596692 0.0 
v 0.20744005433400628 -0.1155553062147989 0.0 
v 0.2148686827533808 -0.10972100097094754 0.0 
v 0.24180434758983094 -0.11248972774584792 0.0 
v 0.23228044990241006 -0.11880995057385503 0.0 
v 0.24110784035762842 -0.1242083256357136 0.0 
v 0.23850987712383218 -0.078789132381144 0.0 
v 0.2401120168461979 -0.08953612685930702 0.0 
v 0.2484384182192005 -0.08164399165347076 0.0 
v 0.2763678090297381 -0.08016419783169597 0.0 
v 0.2684980431215987 -0.08824504720867211 0.0 
v 0.27867021063983616 -0.09081004585066658 0.0 
v 0.27187437040902884 -0.05235905142528957 0.0 
v 0.27276058165034556 -0.06072179569637856 0.0 
v 0.278869363486594 -0.05450932559322171 0.0 
v 0.3010352303712362 -0.04570083267103036 0.0 
v 0.2960507705433864 -0.05514435296288532 0.0 
v 0.30629090183296226 -0.05467197884638343 0.0 
v 0.2839670142905163 -0.02602578089742412 0.0 
v 0.28960644175417755 -0.03154425798267965 0.0 
v 0.291490991278399 -0.022788267691417313 0.0 
v 0.30975144755032663 0.0021772774810836265 0.0 
v 0.30995891917413654 -0.011664400711598901 0.0 
v 0.3224466711303598 -0.004193942628526284 0.0 
v 0.27249336777661487 0.005960931336312777 0.0 
v 0.28488241363403627 0.006230197873161085 0.0 
v 0.27938710559811103 0.017633405384610352 0.0 
v 0.3435508925935963 -0.025503007960351612 0.0 
v 0.3520121975173756 -0.038395849224199786 0.0 
v 0.34045074894064115 -0.0784868056777722 0.0 
v 0.3358170146459508 -0.06541647554711079 0.0 
v 0.32749646357337764 -0.07693392634664455 0.0 
v 0.36935282624847904 -0.08375319249405766 0.0 
v 0.3720321072868142 -0.10057861227234931 0.0 
v 0.3465734875657493 -0.13331738808871493 0.0 
v 0.3473136461441139 -0.12005296408971519 0.0 
v 0.3369946551116979 -0.12761305590152677 0.0 
v 0.30699793615210486 -0.12947957340739916 0.0 
v 0.3157223891993684 -0.1207543542315876 0.0 
v 0.3048767695909268 -0.11788625246856088 0.0 
v 0.28905539422764676 -0.0930116108385088 0.0 
v 0.29973181618921485 -0.09506883573830961 0.0 
v 0.2967423543221526 -0.08406575307669321 0.0 
v 0.2651291029914208 -0.11973199143812745 0.0 
v 0.27308735776050186 -0.11058389059743991 0.0 
v 0.26216499829742024 -0.10828477845324076 0.0 
v 0.3111051464026579 -0.06476261173570502 0.0 
v 0.31764492401860084 -0.05395246695829902 0.0 
v 0.2150025268485413 -0.0722108831027528 0.0 
v 0.22166887690834397 -0.07454660665167635 0.0 
v 0.22024545398548684 -0.06711915598112293 0.0 
v 0.22581666939429987 -0.05022645629095339 0.0 
v 0.22865821783596563 -0.055392210039318976 0.0 
v 0.23130244165107755 -0.04939225405047424 0.0 
v 0.20971539685178728 -0.04859027272313433 0.0 
v 0.21500062202477402 -0.04928796348760893 0.0 
v 0.21317327966995805 -0.04398072687323778 0.0 
v 0.2189062411335049 -0.028301424919685788 0.0 
v 0.22072755323847482 -0.034325977716870466 0.0 
v 0.22506265469904663 -0.02939295364041489 0.0 
v 0.1981462058566999 -0.028223665683528333 0.0 
v 0.20556383113779306 -0.027355127966914524 0.0 
v 0.2017366464714514 -0.020639325727022276 0.0 
v 0.21369280720499048 -0.007281055423570303 0.0 
v 0.22025018328592208 -0.0016080388902722075 0.0 
v 0.23208050621103013 -0.007741628824667361 0.0 
v 0.2364776420164688 -0.00957061610913849 0.0 
v 0.24773244263756702 -0.019792360732264563 0.0 
v 0.2404760042212229 -0.019922462705570885 0.0 
v 0.24301384352589464 -0.026854467900901267 0.0 
v 0.2520134597731095 0.006654189215608638 0.0 
v 0.2523555465411598 -0.003154998037401805 0.0 
v 0.261121773630461 0.0023768385762424162 0.0 
v 0.2830337989032467 -0.012441614566018265 0.0 
v 0.27416788433240336 -0.013292443411516822 0.0 
v 0.27900201339000685 -0.020246204863440056 0.0 
v 0.2792212423224797 -0.04191462992755558 0.0 
v 0.2739953208968942 -0.036668392968412504 0.0 
v 0.27230244466409453 -0.04460466951087699 0.0 
v 0.25675609032674485 -0.06314087132922888 0.0 
v 0.25751915105425394 -0.05316103369519377 0.0 
v 0.2490761467173201 -0.05772901469933736 0.0 
v 0.23733274519502168 -0.04704733034760564 0.0 
v 0.232424230566455 -0.04342910598273973 0.0 
v 0.23113677921416265 -0.030768978973171223 0.0 
v 0.2296580243729987 -0.024370815686676144 0.0 
v 0.20269274844981486 -0.05683671633672084 0.0 
v 0.19830087689627807 -0.05560572696349236 0.0 
v 0.19254994861601102 -0.04706538527273615 0.0 
v 0.19599316776091757 -0.04731818881173444 0.0 
v 0.19432071287071956 -0.043978794862959934 0.0 
v 0.18764066517682515 -0.052069932749135094 0.0 
v 0.1847543426577485 -0.05081811651537644 0.0 
v 0.1818131312546897 -0.04370060948277714 0.0 
v 0.18425273150662033 -0.04455554594380715 0.0 
v 0.1837552610831119 -0.04169789374685595 0.0 
v 0.1863677226973855 -0.030738618861959503 0.0 
v 0.18827258706616876 -0.035655724037969905 0.0 
v 0.19202491638098101 -0.031377757955315756 0.0 
v 0.20551007723618483 -0.03854144450579972 0.0 
v 0.20022519141996678 -0.03897825153018222 0.0 
v 0.20275069122382477 -0.04335976820280293 0.0 
v 0.3786482690174053 -0.16798957191922895 0.0 
v 0.36673919722591203 -0.1535929016767919 0.0 
v 0.3593098407052502 -0.17149661713091222 0.0 
v 0.3265989127435889 -0.17056970437934046 0.0 
v 0.3128924844656186 -0.16712874181616635 0.0 
v 0.3108674089950907 -0.1536212727539965 0.0 
v 0.30071569212938803 -0.16255488345943064 0.0 
v 0.27214068303131844 -0.15786121463781583 0.0 
v 0.28069524457696055 -0.15267599078688118 0.0 
v 0.27264403732559467 -0.14872584857102417 0.0 
v 0.25659293115704224 -0.1952833379046058 0.0 
v 0.2642143239931812 -0.18029109987540218 0.0 
v 0.25013990279157056 -0.18059160784934333 0.0 
v 0.2419710432159058 -0.15545243579093357 0.0 
v 0.24752878102144835 -0.15864215035565615 0.0 
v 0.24649820056852803 -0.15190999780688058 0.0 
v 0.21635620429484903 -0.15524528385908548 0.0 
v 0.22653589067569568 -0.15667624543532835 0.0 
v 0.2237379966223591 -0.14661516452718545 0.0 
v 0.23957444138796993 -0.13476318017071384 0.0 
v 0.24855908263667614 -0.13092198471561695 0.0 
v 0.2537608391312246 -0.13845809902412323 0.0 
v 0.2585101652965156 -0.1293507854376293 0.0 
v 0.28608300283806104 -0.12380653086996572 0.0 
v 0.27829594792376044 -0.13201233833826628 0.0 
v 0.2881024317909732 -0.13472554023278827 0.0 
v 0.15398940735496786 0.07840624375818164 0.0 
v 0.15979934430051784 0.08105500496031764 0.0 
v 0.1733455912556762 0.07330640160755858 0.0 
v 0.16733037521288008 0.0725058131516342 0.0 
v 0.17036854307187582 0.06743499734758855 0.0 
v 0.1774523345967586 0.08505081554542776 0.0 
v 0.18257781951231464 0.08631336852054468 0.0 
v 0.16297167355479272 0.05143238741329334 0.0 
v 0.16214850947455475 0.05803231102708227 0.0 
v 0.15688246457761962 0.054090362633759013 0.0 
v 0.28723602734042997 0.12565839455256944 0.0 
v 0.30030858304349933 0.1159940450590016 0.0 
v 0.30463022467853246 0.13511172274487632 0.0 
v 0.3720468989224103 0.18193089366788143 0.0 
v 0.355563458761055 0.14850229623220146 0.0 
v 0.3902237110804197 0.14954193043040903 0.0 
v 0.278516181980448 0.22483857128235865 0.0 
v 0.3103124690636595 0.21795447991456018 0.0 
v 0.3024852288229547 0.25262551051956733 0.0 
v 0.35534131670861024 0.3540851257281143 0.0 
v 0.36538735977915254 0.3142231815737581 0.0 
v 0.39589538982477196 0.3476353347094296 0.0 
v 0.5234511488049297 0.39376607692478915 0.0 
v 0.49236530433395354 0.3470208706338702 0.0 
v 0.5466614647224672 0.3502465847607253 0.0 
v 0.6714418937055764 0.2428848400600243 0.0 
v 0.5985924499901761 0.2472330887978635 0.0 
v 0.6148622269020665 0.18231855718409237 0.0 
v 0.5275837525439416 0.07112401608154695 0.0 
v 0.526489714363251 0.10814286489184205 0.0 
v 0.499564226416454 0.08151882442399885 0.0 
v 0.43880611051572793 0.0771693729228871 0.0 
v 0.4113694541797751 0.06860890234977447 0.0 
v 0.3937423305095327 0.1145927134419951 0.0 
v 0.42499491937748873 0.1360625518308793 0.0 
v 0.23950091815084124 0.17130670081970037 0.0 
v 0.2494828607624015 0.18400403559894718 0.0 
v 0.23336003074878447 0.18334987489088736 0.0 
v 0.2071245376290507 0.20263830208450528 0.0 
v 0.1891119367981094 0.20864975809091954 0.0 
v 0.1963413273168976 0.05451266357733865 0.0 
v 0.1975329410106637 0.048996651460597916 0.0 
v 0.20132402790787376 0.05302269819082685 0.0 
v 0.21100054120233164 0.05402886556736687 0.0 
v 0.20925932667412261 0.05148773737408658 0.0 
v 0.21106826363583137 0.06170636252797084 0.0 
v 0.2105963895282217 0.05924693280780801 0.0 
v 0.20546872156310667 0.059925845513761275 0.0 
v 0.20686896498130608 0.0631205426440373 0.0 
v 0.2034698551881036 0.06303351372490108 0.0 
v 0.19693218017919778 0.10073575262793096 0.0 
v 0.19675658565546736 0.094168674307881 0.0 
v 0.20246041875959833 0.09724613869265525 0.0 
v 0.21455832107624792 0.0906499169401651 0.0 
v 0.21021483197074806 0.08970453703680006 0.0 
v 0.2130474640506705 0.08675142431415542 0.0 
v 0.2122519665473789 0.08309756549834585 0.0 
v 0.21536411901077399 0.08430251201301893 0.0 
v 0.22070879311666994 0.0809020895566904 0.0 
v 0.2187452529198555 0.08059435127091151 0.0 
v 0.21991855583875577 0.07920883010206538 0.0 
v 0.21948240173002978 0.07767510270278807 0.0 
v 0.2208074250586192 0.0780511532543135 0.0 
v 0.22271137469549745 0.07624816219349395 0.0 
v 0.22196289902539343 0.07626268215838947 0.0 
v 0.2223893082158262 0.07564743548314695 0.0 
v 0.22226039718504245 0.07484940189051044 0.0 
v 0.1959443710006162 0.08242281625244854 0.0 
v 0.19073947679803824 0.07979820320495551 0.0 
v 0.19527131263529415 0.07665151999411854 0.0 
v 0.1992929368265075 0.06380104978628955 0.0 
v 0.19463988901044707 0.06559503306180234 0.0 
v 0.1953440317318607 0.060103939894747535 0.0 
v 0.20784976824760415 0.07018059162253433 0.0 
v 0.2054150987088931 0.06893407516620385 0.0 
v 0.2077290538574233 0.06782440742874654 0.0 
v 0.21235582935775826 0.0768435464286322 0.0 
v 0.21033126256840395 0.07484690911362422 0.0 
v 0.212768422480782 0.07432372286601384 0.0 
v 0.21534894830900647 0.07035973431771594 0.0 
v 0.21374574846653 0.07052162259416224 0.0 
v 0.21440217832887834 0.06899657520412011 0.0 
v 0.21794450632073542 0.07286041881367972 0.0 
v 0.21718369255895614 0.07235650404394484 0.0 
v 0.21805598386064204 0.07214193059199817 0.0 
v 0.22083911470794515 0.07124704677923913 0.0 
v 0.21943338295621498 0.07062646209007648 0.0 
v 0.21965760728444217 0.07440442284253801 0.0 
v 0.2200438510007724 0.0735618951948933 0.0 
v 0.22052101388028464 0.07437828789585116 0.0 
v 0.21864163976199874 0.07297887133356289 0.0 
v 0.21821432031119065 0.07367313342566471 0.0 
v 0.1877699027083966 0.04569223210474119 0.0 
v 0.18636714613750033 0.05171074984692898 0.0 
v 0.18185846169744 0.04704920092498347 0.0 
v 0.1646030241868582 0.04449772867068779 0.0 
v 0.1694671591994043 0.04982023700491499 0.0 
v 0.17110854082852867 0.02703631935775751 0.0 
v 0.16923064731314968 0.03227693451084182 0.0 
v 0.16598609134248687 0.027390518378292324 0.0 
v 0.15173959211239776 0.018704801701693013 0.0 
v 0.15410362699266933 0.0255293712965988 0.0 
v 0.14727869949551092 0.024077061723338247 0.0 
v 0.11318757715447164 -0.10742562834833475 0.0 
v 0.11401066591143143 -0.1096131684937392 0.0 
v 0.11549016046786142 -0.1075862597319703 0.0 
v 0.12171320226720196 -0.10531243516891724 0.0 
v 0.12047268772757654 -0.10764930497694758 0.0 
v 0.12300368176364482 -0.1073561386466987 0.0 
v 0.12474777954755477 -0.10941706932786556 0.0 
v 0.12546122263642537 -0.10652341792595722 0.0 
v 0.13056594428915688 -0.09919951635208418 0.0 
v 0.1309066500896089 -0.10303314924475956 0.0 
v 0.13413405283300625 -0.10063233906869971 0.0 
v 0.1376091220376205 -0.10265449171146492 0.0 
v 0.1377767714716432 -0.09825906746030391 0.0 
v 0.14543092863112872 -0.09014139892238614 0.0 
v 0.14509458743610798 -0.09410425746552445 0.0 
v 0.14843968102010074 -0.09209908645394847 0.0 
v 0.15149613330384626 -0.09384689438422106 0.0 
v 0.15158359526736645 -0.09017099292021934 0.0 
v 0.15760212785142177 -0.08366834655336533 0.0 
v 0.15732467096475905 -0.08672202153000748 0.0 
v 0.15987984049898976 -0.08511572120813501 0.0 
v 0.16254870711199695 -0.08630406173160884 0.0 
v 0.1621150812346757 -0.08316131659301468 0.0 
v 0.16447788606704283 -0.07440526597226918 0.0 
v 0.16614062956654915 -0.07749171418869638 0.0 
v 0.16796346583419708 -0.07411324080070385 0.0 
v 0.17163188664138512 -0.073650364678888 0.0 
v 0.16957365452152315 -0.07062989274680806 0.0 
v 0.17008433635641096 -0.0614517867623547 0.0 
v 0.17211188338391897 -0.06378074962043909 0.0 
v 0.1730461707128881 -0.06050653805281459 0.0 
v 0.17602854477716723 -0.059311313921872645 0.0 
v 0.17376977218168435 -0.057350398474463174 0.0 
v 0.17250542907363567 -0.04989818014035643 0.0 
v 0.17466114874395808 -0.051356668495962154 0.0 
v 0.17489450691795438 -0.04847910303270663 0.0 
v 0.1772919065237766 -0.0469610790467236 0.0 
v 0.17505227613284777 -0.04564809085538844 0.0 
v 0.17309994003959317 -0.03876490404648125 0.0 
v 0.1753452484271464 -0.039997604892703424 0.0 
v 0.17540898362168048 -0.037127245386229 0.0 
v 0.1780028391651991 -0.03508510469701169 0.0 
v 0.04320971260850265 -0.26346184661773014 0.0 
v 0.04489582842218159 -0.2606177274847396 0.0 
v 0.05277586370337336 -0.26045557664877333 0.0 
v 0.05046972769956413 -0.2621507650904569 0.0 
v 0.05277371870729137 -0.2632140403826673 0.0 
v 0.05393915249511076 -0.24892961404136746 0.0 
v 0.053565694947775924 -0.2534082558965377 0.0 
v 0.05743780796389731 -0.25150092216705905 0.0 
v 0.046925814138285726 -0.25394883265406637 0.0 
v 0.04681233703758286 -0.24975740354854808 0.0 
v 0.04352446005949704 -0.25225933935798156 0.0 
v 0.04512946999299867 -0.20013074200051215 0.0 
v 0.04514570215986695 -0.20209891773662006 0.0 
v 0.04680950679493539 -0.20102691986801335 0.0 
v 0.051813231779670656 -0.20254481427736076 0.0 
v 0.04993042058844556 -0.2034356987243581 0.0 
v 0.051451416115139925 -0.20469767683062828 0.0 
v 0.051069915403967145 -0.20681250774642046 0.0 
v 0.05294930036057184 -0.205997499228931 0.0 
v 0.05762013629055418 -0.20804841524372208 0.0 
v 0.0558004960952605 -0.20868879013016936 0.0 
v 0.057146810861859 -0.20996166726303625 0.0 
v 0.058237515779371744 -0.21570457008805405 0.0 
v 0.05649521052484163 -0.21425924469803131 0.0 
v 0.05599400783437047 -0.21666038597516704 0.0 
v 0.0507043149172878 -0.22007496611529717 0.0 
v 0.05163369958263267 -0.21790954863033846 0.0 
v 0.04958588290575538 -0.21826447896696863 0.0 
v 0.05455487756021079 -0.2268505766295269 0.0 
v 0.05317207340814111 -0.22433261334558532 0.0 
v 0.05170310902876525 -0.2269088772690516 0.0 
v 0.044871766837645495 -0.22823217142491461 0.0 
v 0.046657747487296265 -0.2263343080587231 0.0 
v 0.044465904852052714 -0.2257908417870356 0.0 
v 0.04573000521224927 -0.23757091207255726 0.0 
v 0.04552257083183483 -0.23404054213014344 0.0 
v 0.04284499810777296 -0.2360047944757738 0.0 
v 0.05085269836391094 -0.2324641519539523 0.0 
v 0.05180404887744744 -0.23590465863266968 0.0 
v 0.05412729735254673 -0.23285014221059191 0.0 
v 0.041939909979527054 -0.22117659215002214 0.0 
v 0.04359872130565273 -0.2216284191058076 0.0 
v 0.043157991991978145 -0.21986398828385334 0.0 
v 0.04440749066609713 -0.21566129952079152 0.0 
v 0.04512933381159437 -0.21700498763129816 0.0 
v 0.04588058488338127 -0.21547606455261256 0.0 
v 0.04077601253611761 -0.21552788889128643 0.0 
v 0.04186179291426451 -0.21568062396105922 0.0 
v 0.04145312262140328 -0.21462218309963413 0.0 
v 0.04185689257173951 -0.21204614212851494 0.0 
v 0.04240453517207717 -0.21270516274246926 0.0 
v 0.04264186307875512 -0.2117459586400964 0.0 
v 0.03973302243457094 -0.2122622120752861 0.0 
v 0.04037027530535236 -0.2122501153590264 0.0 
v 0.04002898667780038 -0.21168351746513328 0.0 
v 0.03970996626058454 -0.209593248778385 0.0 
v 0.04043565251972102 -0.21014884438781273 0.0 
v 0.040666959326872316 -0.20910391584513402 0.0 
v 0.03807904256728072 -0.21122236486622561 0.0 
v 0.038483960201290586 -0.21075301165215785 0.0 
v 0.037888928553661674 -0.2106969467503744 0.0 
v 0.047489730715294914 -0.21517430799958506 0.0 
v 0.0464778047437412 -0.21388327061210094 0.0 
v 0.045857117766796504 -0.20948745185302947 0.0 
v 0.04723688596095408 -0.2104417839727716 0.0 
v 0.047445896633543656 -0.20850918778160188 0.0 
v 0.04351876112555665 -0.2112066012979728 0.0 
v 0.042627958470969236 -0.21080065954271565 0.0 
v 0.041798411142494996 -0.20884221002247835 0.0 
v 0.04105185893052006 -0.20785261337894473 0.0 
v 0.04157153526798765 -0.2064868739234727 0.0 
v 0.0648303263774502 -0.2108894643378837 0.0 
v 0.062671663325613 -0.21287486191943752 0.0 
v 0.06522347060278103 -0.2139878858851133 0.0 
v 0.06781091548987155 -0.223143118443282 0.0 
v 0.06497059002320225 -0.22092851214750744 0.0 
v 0.06425896879862474 -0.22469234732237994 0.0 
v 0.07912749653026512 -0.21493877377889467 0.0 
v 0.07529388138888005 -0.2184049965778081 0.0 
v 0.07975812430201214 -0.22046237030536212 0.0 
v 0.4071394144244657 -0.2069598813105707 0.0 
v 0.3920410621068199 -0.1855796529712451 0.0 
v 0.3876035680173376 -0.12667286916457074 0.0 
v 0.4041291453269428 -0.1375472992864273 0.0 
v 0.40514255968053864 -0.11484220054138085 0.0 
v 0.062143027121316995 -0.1570976218263871 0.0 
v 0.06025730250825128 -0.1573436547985922 0.0 
v 0.06113409187692738 -0.15893795803967936 0.0 
v 0.05927137967627497 -0.16247487801867663 0.0 
v 0.05913632685553806 -0.16135483080184262 0.0 
v 0.05841161044547291 -0.16215686694586062 0.0 
v 0.05754437971131337 -0.16208824624602836 0.0 
v 0.05786953962029479 -0.1628695468573607 0.0 
v 0.11499031754340908 -0.11464750038538854 0.0 
v 0.11245425505158728 -0.11582833475011683 0.0 
v 0.1145994115260019 -0.11783150247268953 0.0 
v 0.11435595446501351 -0.12678120987293315 0.0 
v 0.11252688544398473 -0.1244126656961282 0.0 
v 0.11159929913591077 -0.12745569554351113 0.0 
v 0.12086917835904717 -0.12634781988819394 0.0 
v 0.12259366763063431 -0.12984991957357717 0.0 
v 0.11792153972043962 -0.14059458256619323 0.0 
v 0.11736201045056276 -0.1363273340427656 0.0 
v 0.11425043603255187 -0.13897614623742555 0.0 
v 0.1329367059471127 -0.1450687299635262 0.0 
v 0.12704983804134837 -0.14372147782297154 0.0 
v 0.12800723229281105 -0.15002128383837746 0.0 
v 0.11602232899429987 -0.1617782793668361 0.0 
v 0.11735488072912263 -0.15612307464955422 0.0 
v 0.1124322510223761 -0.15808430746069443 0.0 
v 0.12711871460952548 -0.17651685733656663 0.0 
v 0.12350634454660096 -0.17092792653967537 0.0 
v 0.12062378521169118 -0.17715875424246091 0.0 
v 0.106214568671266 -0.18279717449864585 0.0 
v 0.10915450697758741 -0.1779246324446383 0.0 
v 0.10403270665526249 -0.17809277035495968 0.0 
v 0.11142308367707424 -0.19935186509673475 0.0 
v 0.10997058559804007 -0.1933736176843538 0.0 
v 0.10592637754467792 -0.19786052238678534 0.0 
v 0.09335907204457451 -0.19813477723002657 0.0 
v 0.09658327371558638 -0.19515120840149122 0.0 
v 0.09271074794312746 -0.19419578392281486 0.0 
v 0.09142055512876725 -0.21378701481306148 0.0 
v 0.09253674065915217 -0.2078263623923211 0.0 
v 0.08487826728965192 -0.18666319011290847 0.0 
v 0.08939538248781427 -0.1864311804294955 0.0 
v 0.08725183897890251 -0.18222331124954788 0.0 
v 0.09091159293112144 -0.17013537582408383 0.0 
v 0.09271522618400099 -0.17403759120102807 0.0 
v 0.09507858557681839 -0.16998944721107534 0.0 
v 0.0801240276844785 -0.16933861780746584 0.0 
v 0.08337283380073109 -0.1697689106881389 0.0 
v 0.08212505874773549 -0.16648234228101588 0.0 
v 0.07376622981630461 -0.1755435188671374 0.0 
v 0.07582849641047118 -0.17391360979250947 0.0 
v 0.07350417730293238 -0.17305152446803082 0.0 
v 0.07219402824212993 -0.16830664653391395 0.0 
v 0.07122530404702626 -0.16611802274443663 0.0 
v 0.07246502552966759 -0.16384015824873138 0.0 
v 0.07008577382435596 -0.1640519786000677 0.0 
v 0.09945624981034107 -0.16965058044087855 0.0 
v 0.0971862656115706 -0.16587055119089078 0.0 
v 0.09805276098698282 -0.1543667401832444 0.0 
v 0.10061784059301467 -0.15744883557074224 0.0 
v 0.10193535853949835 -0.15321607309517582 0.0 
v 0.08716516550897141 -0.15671057792894608 0.0 
v 0.09065678997862534 -0.15607512299501983 0.0 
v 0.08854905301134133 -0.15322514609223084 0.0 
v 0.08873585968667445 -0.14366625036603953 0.0 
v 0.0909389974332564 -0.1461660547121411 0.0 
v 0.09195127003351711 -0.14266954157919906 0.0 
v 0.09108704040148126 -0.16285606196247862 0.0 
v 0.08741384895544128 -0.16318445673507967 0.0 
v 0.08916105546630003 -0.1665155310902788 0.0 
v 0.10592380497128573 -0.15180824321760394 0.0 
v 0.10299656709110908 -0.14903268765058453 0.0 
v 0.10172408014503642 -0.138790091525134 0.0 
v 0.10446134815402325 -0.14099672517564682 0.0 
v 0.10495987365543487 -0.1372036381859743 0.0 
v 0.09519125065697996 -0.1415276604894318 0.0 
v 0.09283483934469022 -0.13922693181528842 0.0 
v 0.09183833740468562 -0.13057601571510521 0.0 
v 0.09419882525973243 -0.13248664276366579 0.0 
v 0.09468605414903401 -0.12914655063072847 0.0 
v 0.0864468553292491 -0.13301250214530966 0.0 
v 0.08455314366002468 -0.1313550007914998 0.0 
v 0.08237791782281455 -0.12432687361280796 0.0 
v 0.08486652432903329 -0.12569685260928623 0.0 
v 0.07512952318785837 -0.13067527216063451 0.0 
v 0.07751038023067788 -0.12829222841742322 0.0 
v 0.07455932632924082 -0.12726077402888222 0.0 
v 0.07427636220800715 -0.12051736700889516 0.0 
v 0.07403727172815061 -0.11744056004941603 0.0 
v 0.10099273711369888 -0.12223297363170728 0.0 
v 0.10064701260575498 -0.12595382612404007 0.0 
v 0.10384589622629392 -0.12426363676847654 0.0 
v 0.10881116186037708 -0.12862337761813727 0.0 
v 0.11112209825082704 -0.13043300823140527 0.0 
v 0.11101118697602705 -0.13728997972429036 0.0 
v 0.11089548662388145 -0.14126478470868015 0.0 
v 0.1414799305078032 -0.12757821816266035 0.0 
v 0.1394590229052838 -0.1333204670331444 0.0 
v 0.14536558818123088 -0.13185803332637175 0.0 
v 0.16287038782423083 -0.13872401853189084 0.0 
v 0.1549828315969559 -0.14191328405582174 0.0 
v 0.16087559116258518 -0.1479136773879786 0.0 
v 0.16306616082892064 -0.11549458457289716 0.0 
v 0.16344880447992755 -0.12257140774945464 0.0 
v 0.1691823386012866 -0.11800619413089879 0.0 
v 0.186071531875658 -0.11783500385313198 0.0 
v 0.18171402803920114 -0.12263137486997171 0.0 
v 0.18791058925891263 -0.12350790409310251 0.0 
v 0.20481924783620412 -0.13453771223969213 0.0 
v 0.19558531519410097 -0.13647618342174042 0.0 
v 0.20082978108501137 -0.1445624801120391 0.0 
v 0.19290817721712417 -0.17122328202871534 0.0 
v 0.1897381252128881 -0.1625758265875412 0.0 
v 0.18462028143185402 -0.1704524099133141 0.0 
v 0.2255130448127264 -0.17813483144699094 0.0 
v 0.21273947080358374 -0.17623989461694095 0.0 
v 0.2157902021900383 -0.1899496745653097 0.0 
v 0.18548133508702946 -0.21613882237365362 0.0 
v 0.19054269296309762 -0.20319255360157862 0.0 
v 0.17880906290744755 -0.20578965371666952 0.0 
v 0.15864685746825893 -0.18926555634452777 0.0 
v 0.16781961609382176 -0.1885032755439268 0.0 
v 0.16311125351742173 -0.18061387301933904 0.0 
v 0.1666152575750985 -0.15515334960102947 0.0 
v 0.17158062467974625 -0.1631689127998154 0.0 
v 0.17617694769559486 -0.15407219214160783 0.0 
v 0.1406810511032103 -0.16014364561071837 0.0 
v 0.14898342538524953 -0.15863502669989227 0.0 
v 0.1440595660852409 -0.15190869919983727 0.0 
v 0.06085283210420947 -0.2257930522706602 0.0 
v 0.06312505900289869 -0.22858107561041857 0.0 
v 0.061558859454629716 -0.24075468263334096 0.0 
v 0.05950974387654985 -0.23657176122136017 0.0 
v 0.05692007729000108 -0.24060951461055707 0.0 
v 0.07662837660685091 -0.23787842659349354 0.0 
v 0.07141571759830498 -0.23918108101352956 0.0 
v 0.07456109278822899 -0.24348074440435075 0.0 
v 0.0716622027898008 -0.25878729244132304 0.0 
v 0.0694911870046531 -0.25392825325940377 0.0 
v 0.09121319270873275 -0.26021191674977623 0.0 
v 0.08362858877729058 -0.25983641708137595 0.0 
v 0.08596379556008715 -0.2672252309787078 0.0 
v 0.07371935410409182 -0.2827753209643774 0.0 
v 0.07447921363300612 -0.27630970410429306 0.0 
v 0.06930538642805618 -0.2792804557635503 0.0 
v 0.08772266746919129 -0.29820814663220224 0.0 
v 0.08317249263169851 -0.29219693329543683 0.0 
v 0.08039601320278705 -0.2995291342283143 0.0 
v 0.09341632867549071 -0.28089267493506276 0.0 
v 0.09958993463093258 -0.2879299192965732 0.0 
v 0.10287315364943261 -0.27766575109730085 0.0 
v 0.1266252690879131 -0.2591417787106023 0.0 
v 0.12424446779767952 -0.27112057516709703 0.0 
v 0.1356013786929908 -0.26626867405929955 0.0 
v 0.10522989689924052 -0.24116011769746312 0.0 
v 0.11153444448871501 -0.24668332824132314 0.0 
v 0.11290938019204504 -0.23742616133617567 0.0 
v 0.1271744185378703 -0.21828718668899394 0.0 
v 0.1280551525275266 -0.22732994237967627 0.0 
v 0.13523606531883572 -0.22098760488344196 0.0 
v 0.10734910070708746 -0.2102835411571643 0.0 
v 0.11330797312057735 -0.212909146706072 0.0 
v 0.11254406440276839 -0.20585396530892128 0.0 
v 0.11988181132410407 -0.18887305002074323 0.0 
v 0.12215661080211514 -0.19531093357862156 0.0 
v 0.12651005765191076 -0.18926040383675596 0.0 
v 0.08382665189856237 -0.24737033560833876 0.0 
v 0.09050259802999665 -0.24604110937038126 0.0 
v 0.08625469230083439 -0.24079409117326295 0.0 
v 0.10727261635228355 -0.2248045456250439 0.0 
v 0.1015330086541421 -0.22108658740629228 0.0 
v 0.10078342066791762 -0.22844251114306374 0.0 
v 0.08809114123663858 -0.23407653785884122 0.0 
v 0.08217359231934718 -0.23619159177922086 0.0 
v 0.07823777203508522 -0.23215675106702113 0.0 
v 0.14576134314585146 -0.274328693557922 0.0 
v 0.14719857736720693 -0.25980802028975863 0.0 
v 0.16548791352643286 -0.2279509069035153 0.0 
v 0.16919916653997946 -0.24104461750688846 0.0 
v 0.1782917185860299 -0.22903538603328655 0.0 
v 0.14419681564969214 -0.2236053658125595 0.0 
v 0.14197046731693733 -0.21386051091298974 0.0 
v 0.14982667440996758 -0.18961190346498993 0.0 
v 0.15369793314041327 -0.19781215997229426 0.0 
v 0.13371189213465892 -0.189537402077886 0.0 
v 0.1305252952086703 -0.1827324400201098 0.0 
v 0.13286197181698525 -0.16208259720529597 0.0 
v 0.13754225529238015 -0.1682295674653649 0.0 
v 0.04074206519897674 -0.2767285035583055 0.0 
v 0.03906647351005633 -0.2780978274710604 0.0 
v 0.04084873126272016 -0.27908721134841735 0.0 
v 0.03999690614813238 -0.2835395875627491 0.0 
v 0.03957361969000872 -0.28534895745747274 0.0 
v 0.036640175031629724 -0.2870880215284695 0.0 
v 0.03520007529240238 -0.28809332796147596 0.0 
v 0.03158437005722681 -0.2876368568522033 0.0 
v 0.0325878956651768 -0.28674528583764286 0.0 
v 0.0313655628940227 -0.2864110415623559 0.0 
v 0.031070215417222997 -0.29102350389098663 0.0 
v 0.031413449363873684 -0.28996156906277026 0.0 
v 0.03047919636660483 -0.290288619640748 0.0 
v 0.02883975800000806 -0.2895746697032378 0.0 
v 0.029369000391938793 -0.2892976516830275 0.0 
v 0.028879952139289275 -0.28902113580637373 0.0 
v 0.027983923084229298 -0.2910787035767121 0.0 
v 0.02838846353829708 -0.29061784385346595 0.0 
v 0.027905433282321576 -0.29053111192343656 0.0 
v 0.02755851310579993 -0.2897591449706219 0.0 
v 0.027753164726155903 -0.28981787180935636 0.0 
v 0.027674614123753653 -0.2896258854088524 0.0 
v 0.037990870988947004 -0.2714213216094487 0.0 
v 0.03919532810589161 -0.27295049864390253 0.0 
v 0.04003290164780041 -0.270887125667826 0.0 
v 0.04545680906312147 -0.26793586347266635 0.0 
v 0.04447645808849685 -0.27013973012642806 0.0 
v 0.04665619993913858 -0.26969185365105713 0.0 
v 0.49756642713652777 -0.5587455934809532 0.0 
v 0.57090020904627 -0.5295822793141588 0.0 
v 0.5081279376510425 -0.4858866107199129 0.0 
v 0.4326451411111703 -0.3483997651418208 0.0 
v 0.484125988890512 -0.3555805406825701 0.0 
v 0.46383257849454057 -0.3053059225700928 0.0 
v 0.4695752756319467 -0.18620053052122837 0.0 
v 0.5000058645033062 -0.2101377036495459 0.0 
v 0.5033707634462983 -0.1656047849873542 0.0 
v 0.5448786792962874 -0.06715422305350693 0.0 
v 0.5623857566580667 -0.09934193637165543 0.0 
v 0.5789788993050068 -0.05852005470319165 0.0 
v 0.4591712663444247 -0.06170399442163173 0.0 
v 0.4852923792409223 -0.06487758212555834 0.0 
v 0.6191696432120389 -0.03535498252288402 0.0 
v 0.5816961687831136 -0.018452933346362204 0.0 
v 0.520248674361129 0.03993619531413674 0.0 
v 0.552007657851042 0.04940489264720517 0.0 
v 0.2824830442666052 0.09709189641883025 0.0 
v 0.2744925502372457 0.10447146433418981 0.0 
v 0.2720728278312484 0.09415613100842474 0.0 
v 0.2564921143705699 0.08552116068799669 0.0 
v 0.2581280217660783 0.09021548997263501 0.0 
v 0.22975712743242802 0.0836235158995507 0.0 
v 0.23223743320841275 0.08441291426800607 0.0 
v 0.23035640665239476 0.08629508109297941 0.0 
v 0.22854844918047454 0.0953503833322449 0.0 
v 0.23175842354465928 0.09307374965878663 0.0 
v 0.23264693507357725 0.0973751754576882 0.0 
v 0.237295649351233 0.09889592544715001 0.0 
v 0.2337350480589416 0.10245160277740825 0.0 
v 0.2304772614230559 0.12009029471335217 0.0 
v 0.23669669927059256 0.11558016606347972 0.0 
v 0.23853001507825897 0.12401195325957784 0.0 
v 0.22609572794423605 0.07568688232254271 0.0 
v 0.22695088886422285 0.07461323058443046 0.0 
v 0.22752105436203626 0.0760658504977533 0.0 
v 0.23159895523902563 0.0782619439127752 0.0 
v 0.23067094922313944 0.07660079372084111 0.0 
v 0.23241856818951612 0.07661458820504488 0.0 
v 0.22757993717156086 0.08264458964424004 0.0 
v 0.22918791221884163 0.08132850829584072 0.0 
v 0.2586376142865546 0.06656618002196535 0.0 
v 0.2634777060560116 0.06883879900756137 0.0 
v 0.2593163289545498 0.07165848938681728 0.0 
v 0.2583269905103623 0.08152640722821508 0.0 
v 0.3007715591884592 0.0579810844254631 0.0 
v 0.29938037455249633 0.06804565035596039 0.0 
v 0.292596319002744 0.06063433230229522 0.0 
v 0.2732763413598936 0.05555972831965585 0.0 
v 0.2772070717984603 0.061320095734118646 0.0 
v 0.2709965621939427 0.060859399815357755 0.0 
v 0.2759807196906033 0.02965364669044802 0.0 
v 0.2752282991175704 0.040422555612192115 0.0 
v 0.29020827076630995 0.04657229603247407 0.0 
v 0.2946940198652835 0.038281592785562604 0.0 
v 0.2992295572835144 0.0481767353902888 0.0 
v 0.3208558153197275 0.074523710632571 0.0 
v 0.32150459743487453 0.05948373514782602 0.0 
v 0.3353404269075567 0.06898890463010961 0.0 
v 0.02539633736419153 -0.17340364444245826 0.0 
v 0.022789228829653455 -0.1713339347616662 0.0 
v 0.022138851068319785 -0.1751001967949498 0.0 
v 0.013367378222134397 -0.18171602080792296 0.0 
v 0.01461970598053438 -0.17737973221455197 0.0 
v 0.010447719125274892 -0.17846405112777874 0.0 
v 0.01888337368822445 -0.1862599184472518 0.0 
v 0.01854037544555032 -0.18921833253254788 0.0 
v 0.015512536244058624 -0.19655265792581147 0.0 
v 0.014259418771395417 -0.19363515768795841 0.0 
v 0.012363752258461024 -0.19669532260472028 0.0 
v 0.027527603476218288 -0.2903661605920394 0.0 
v 0.02725356597538937 -0.2901371156619761 0.0 
v 0.027131948503961674 -0.2905556100550526 0.0 
v 0.02567394735255912 -0.29132614415451646 0.0 
v 0.026073645557226598 -0.2906941743334216 0.0 
v 0.02542470041270365 -0.29061798122364274 0.0 
v 0.02733680773908891 -0.29326660231771723 0.0 
v 0.026605235550840375 -0.2926631030254823 0.0 
v 0.0263282005452833 -0.2937237581699428 0.0 
v 0.02335046810142702 -0.29526358618075316 0.0 
v 0.02404937619408528 -0.2940565358018097 0.0 
v 0.02280335517435712 -0.2940285888993815 0.0 
v 0.02530245951268498 -0.28988963170392723 0.0 
v 0.024706733931764906 -0.29043544163112767 0.0 
v 0.022231469481608077 -0.29043212669436175 0.0 
v 0.023094812587609308 -0.2897626951806021 0.0 
v 0.0222130161949126 -0.2892997511192176 0.0 
v 0.02249850932111948 -0.2927639836840995 0.0 
v 0.021537080026482077 -0.29374080729412383 0.0 
v 0.01933595233939394 -0.2926327710155782 0.0 
v 0.018405202284865443 -0.2920705469003074 0.0 
v 0.01839071817055628 -0.2909040925443546 0.0 
v 0.0174660309180955 -0.29163109164529194 0.0 
v 0.16140931228493807 0.15167586881659975 0.0 
v 0.1443874898461715 0.14999588053499102 0.0 
v 0.11723981636441481 0.18360216388005413 0.0 
v 0.1318625933082373 0.1821544284930986 0.0 
v 0.12529284674917487 0.1958434196896897 0.0 
v 0.09637284189988961 0.16310436780891874 0.0 
v 0.08393294230358885 0.1675092930513085 0.0 
v 0.057954103171508675 0.19801836000007494 0.0 
v 0.07553087410387178 0.19551485188708453 0.0 
v 0.07064357682681656 0.21338813675882595 0.0 
v 0.036911207484407495 0.1502764547928901 0.0 
v 0.0424391502982831 0.16634770450351677 0.0 
v 0.02596179022042738 0.1628877546020573 0.0 
v 0.10869939693087978 0.2598191086434374 0.0 
v 0.1054813608941622 0.23675151762424237 0.0 
v 0.12628289307556537 0.24463148387073327 0.0 
v 0.16977773842409288 0.21177559970767867 0.0 
v 0.1504667134278317 0.2123460574690932 0.0 
v 0.15828893079064404 0.19603712965809283 0.0 
v -0.3843110511425563 0.9232036698203184 0.0 
v -0.23321821369918386 0.8528261006177565 0.0 
v -0.24988994169270654 0.968274246812759 0.0 
v -0.009532121483639753 0.9999545682979908 0.0 
v 0.09713387591981684 0.99527132489025 0.0 
v 0.3105030838969138 0.9505723722528997 0.0 
v 0.415003544969326 0.9098197940597317 0.0 
v 0.4605678282284732 0.6772268442204404 0.0 
v 0.38403287106272754 0.7236116209305973 0.0 
v -0.0923287295379768 0.13805111661889818 0.0 
v -0.09384854378106092 0.13899305495349623 0.0 
v -0.09392172779731295 0.13704003213378602 0.0 
v -0.09803096545952815 0.1332830012452138 0.0 
v -0.09743046541706987 0.1354430847029079 0.0 
v -0.09941755036053096 0.1349790216487941 0.0 
v -0.09227391223156088 0.12866952982985433 0.0 
v -0.09445374248342174 0.1301348389604647 0.0 
v -0.09476327584438218 0.12732954676484 0.0 
v -0.10085039891432063 0.12226479028603233 0.0 
v -0.10011451051572492 0.12522205258526503 0.0 
v -0.10286888726345186 0.12427249007024507 0.0 
v -0.09411097282311287 0.11542444644402287 0.0 
v -0.09653502087845492 0.11770745239806078 0.0 
v -0.09731468140603373 0.11421692637242048 0.0 
v -0.1074068414165864 0.10484363074351162 0.0 
v -0.10554399075428277 0.11125518357763906 0.0 
v -0.1117744336933313 0.11051855634201205 0.0 
v -0.09227470342433472 0.13385717858703672 0.0 
v -0.09026193865211951 0.13288316358243402 0.0 
v -0.0905525979060986 0.1351629518032555 0.0 
v -0.11112100386670526 -0.04882748742656583 0.0 
v -0.11534516682732655 -0.049662767602867315 0.0 
v -0.11207125934063171 -0.05249669043318255 0.0 
v -0.10535287860288801 -0.062339825663214804 0.0 
v -0.11020007706040114 -0.06144858555567586 0.0 
v -0.10874960931468106 -0.06665554643775203 0.0 
v -0.11240258409892165 -0.07046154397786815 0.0 
v -0.10783399838744115 -0.07207629478017633 0.0 
v -0.1043600746623296 -0.08382607728632273 0.0 
v -0.1075563780334935 -0.08176089390607622 0.0 
v -0.09247649694793394 -0.07943327195657013 0.0 
v -0.09672918628941286 -0.08078184677257182 0.0 
v -0.09370568346784405 -0.08408547045289215 0.0 
v -0.09350412629317593 -0.09668340354736457 0.0 
v -0.09661406928765122 -0.09311565862402583 0.0 
v -0.08395611096108226 -0.09247701957087917 0.0 
v -0.08638714138681897 -0.09326939037537195 0.0 
v -0.08428676255976679 -0.09472533408498199 0.0 
v -0.07825172708619682 -0.09958460512134357 0.0 
v -0.08187869270802708 -0.10043085423477181 0.0 
v -0.07944327840813728 -0.10375516009902727 0.0 
v -0.08103608967187698 -0.10858138675697943 0.0 
v -0.07629281699975303 -0.10711444387594828 0.0 
v -0.06351755340724331 -0.10979754788495952 0.0 
v -0.06803347911440084 -0.1131573957946065 0.0 
v -0.06307328966477707 -0.11564026046956334 0.0 
v -0.06276913209828548 -0.12183423283057578 0.0 
v -0.05809792771328818 -0.1181154171543512 0.0 
v -0.04638173342088596 -0.11970384222219707 0.0 
v -0.049511045902065655 -0.12224296985001981 0.0 
v -0.04591419071287387 -0.12337714259219972 0.0 
v -0.044568400073257367 -0.1269965925620021 0.0 
v -0.04258630016097386 -0.12366244131341825 0.0 
v -0.03443623222542747 -0.11913580907603612 0.0 
v -0.03582206084648048 -0.12263533301664922 0.0 
v -0.03243510116380143 -0.12199287819342731 0.0 
v -0.03060280705959698 -0.12469972090003391 0.0 
v -0.029266744017595183 -0.12168637068027409 0.0 
v -0.022959771442143905 -0.1199173195913471 0.0 
v -0.02420964775451375 -0.12174728977548295 0.0 
v -0.022177461263163684 -0.12171509991678674 0.0 
v -0.021093651105072237 -0.12342382224776648 0.0 
v 0.01991666609398549 -0.2503656507764792 0.0 
v 0.017544922041645164 -0.24714136315176768 0.0 
v 0.015899739843243544 -0.2512250711319745 0.0 
v 0.006634103437214646 -0.2553629210879897 0.0 
v 0.00827365584771884 -0.25205740845732144 0.0 
v 0.004904631190214918 -0.2526185977770696 0.0 
v 0.010483744884198733 -0.26559630909471554 0.0 
v 0.009240501556773998 -0.2620344617427626 0.0 
v 0.006902405876152668 -0.26527701135903126 0.0 
v 0.015348519874992415 -0.2590584613293319 0.0 
v 0.016350177194160424 -0.2629229394050363 0.0 
v 0.023410063816407256 -0.3049623419083434 0.0 
v 0.02301630125872864 -0.304702843378807 0.0 
v 0.0230191513902247 -0.3052075561907827 0.0 
v 0.022507307101580488 -0.30626909914927486 0.0 
v 0.022383033858820223 -0.30590756710699224 0.0 
v 0.022180451370210665 -0.30627774547681924 0.0 
v 0.023813597995309837 -0.3066808057802675 0.0 
v 0.023281705224936205 -0.30654821937955573 0.0 
v 0.0233379947746641 -0.307141281673222 0.0 
v 0.02159262753742929 -0.3085781124794698 0.0 
v 0.02204406895740241 -0.30769144572240026 0.0 
v 0.02120866856759374 -0.3076431193015543 0.0 
v 0.021191929328841765 -0.3067690432028195 0.0 
v 0.020378221217491603 -0.30719758771709005 0.0 
v 0.018254978284463486 -0.30538702191631967 0.0 
v 0.019261587705392883 -0.3054977527281985 0.0 
v 0.018934071835230742 -0.3045646263995744 0.0 
v 0.014919003353770355 -0.30927116593089715 0.0 
v 0.01624407527434106 -0.3075704764469797 0.0 
v 0.01438669048025121 -0.30708182001140666 0.0 
v 0.018645922309905576 -0.3089947740207931 0.0 
v 0.017954815665625606 -0.310683610196913 0.0 
v 0.019630976032558343 -0.31023977788300755 0.0 
v 0.01079902307147422 -0.20017496616081243 0.0 
v 0.009680204413754504 -0.20396972478375042 0.0 
v 0.01297894810812805 -0.2027663325248617 0.0 
v 0.019308985283124004 -0.2054064432593834 0.0 
v 0.01720272646003755 -0.20648434428872017 0.0 
v 0.019146498862157878 -0.20766713372477638 0.0 
v 0.02191842203536226 -0.19847844265631906 0.0 
v 0.020855732388048567 -0.20078933652420689 0.0 
v 0.02312225451926765 -0.2004787324559855 0.0 
v 0.02769401064715365 -0.2041096771376353 0.0 
v 0.02545769551221053 -0.20433020319825898 0.0 
v 0.030564127572295645 -0.19777494529455467 0.0 
v 0.029583108587508747 -0.19978010931861356 0.0 
v 0.03158427796518125 -0.19953941249329502 0.0 
v 0.03541359479637119 -0.20233575349466434 0.0 
v 0.03371921823926088 -0.2026844718526279 0.0 
v 0.03478748281861618 -0.20402152190245665 0.0 
v 0.03794499487609078 -0.1974459078776221 0.0 
v 0.03700835009214096 -0.19905151003354837 0.0 
v 0.03866505474547346 -0.19902191017765378 0.0 
v 0.041280231384964255 -0.20195529820353336 0.0 
v 0.0399626498706465 -0.2018789016296767 0.0 
v 0.04054547311271359 -0.2030871959730025 0.0 
v 0.04477139106544538 -0.19815763015215 0.0 
v 0.043451040347056026 -0.199593179413901 0.0 
v 0.015132327535263064 -0.29074284952120216 0.0 
v 0.013692454050928568 -0.290024468928755 0.0 
v 0.013307706064290397 -0.2839774404523178 0.0 
v 0.014549576369932864 -0.2859546252159177 0.0 
v 0.015697953570635775 -0.28390875016358474 0.0 
v 0.0039157131121776295 -0.22247145350843123 0.0 
v 0.00269152727258489 -0.21802069693461623 0.0 
v -0.0004705572321801963 -0.22186201607627198 0.0 
v -0.014101890754437074 -0.2258623785804799 0.0 
v -0.010618372588080694 -0.22063100615323997 0.0 
v -0.016384470196573016 -0.22008099061310002 0.0 
v -0.00583746972170388 -0.2401852745113132 0.0 
v -0.008759965315139803 -0.23595779881869136 0.0 
v -0.01090352593110832 -0.24140896220977306 0.0 
v -0.02482818711817666 -0.25279221532387564 0.0 
v -0.0229481360035629 -0.2448679439271276 0.0 
v -0.030494836325268077 -0.2470677254318662 0.0 
v -0.008911095791060688 -0.26140215626680136 0.0 
v -0.013651682507706521 -0.2593216328970192 0.0 
v -0.01297831930394123 -0.2652172760116975 0.0 
v -0.0014148324760812085 -0.23066812380564145 0.0 
v 0.0008034894115450637 -0.2347673208206871 0.0 
v 0.0030360934188430094 -0.23053591727392103 0.0 
v 0.013042510773448474 -0.22684446131146213 0.0 
v 0.011028259001249935 -0.2303151087107601 0.0 
v 0.014667453748221577 -0.2301396826625287 0.0 
v 0.009582371393445583 -0.21593459181032412 0.0 
v 0.010452222711850928 -0.21974147373706548 0.0 
v 0.012946827155677179 -0.21685779519652462 0.0 
v 0.021087890970130085 -0.21542879741746146 0.0 
v 0.019125162735205984 -0.2179924884856662 0.0 
v 0.022060396780164918 -0.21833250208746569 0.0 
v 0.019482454503528875 -0.21006740486253692 0.0 
v 0.021087743845664964 -0.20829128891526888 0.0 
v 0.004401515314661806 -0.2881789347704218 0.0 
v 0.00761115876146278 -0.2860810678612054 0.0 
v 0.004758057406509418 -0.28384434218839616 0.0 
v 0.006051215194341647 -0.2723711678434652 0.0 
v 0.007804698506471451 -0.27581288377323543 0.0 
v 0.009706782558320994 -0.27231186941732993 0.0 
v -0.006753445519619187 -0.27159645857447984 0.0 
v -0.0021687425611150025 -0.27212442770508966 0.0 
v -0.0035978486165092346 -0.26761279174608593 0.0 
v 0.0016342287258779575 -0.2573424877101034 0.0 
v 0.0022292212091894834 -0.26100917846606403 0.0 
v 0.004684665106193589 -0.25823020494548227 0.0 
v -0.008624319074911343 -0.2506565216310501 0.0 
v -0.0049123767474698495 -0.25346001235401905 0.0 
v -0.004164902124238109 -0.24865564825052702 0.0 
v 0.005444445478535926 -0.2419643290904663 0.0 
v 0.003893647205377814 -0.24602998354827643 0.0 
v 0.0077240003212364645 -0.24521627830024306 0.0 
v -0.018404616730887537 -0.21395822576132767 0.0 
v -0.022556867818929207 -0.21946690373592181 0.0 
v -0.0413547834548509 -0.2237619359769726 0.0 
v -0.03601918357130688 -0.2173671368545865 0.0 
v -0.04326372972679324 -0.21553003609901256 0.0 
v -0.03507402892138223 -0.23973573562693537 0.0 
v -0.03940483430207225 -0.2485409125425931 0.0 
v -0.06661794037504354 -0.25908935210096645 0.0 
v -0.05972945140562516 -0.2483979514331815 0.0 
v -0.07115954468481242 -0.24710427085634992 0.0 
v -0.04785604390481318 -0.2877313569550297 0.0 
v -0.05431945012879333 -0.279053322588883 0.0 
v -0.05849627626427266 -0.2903174247857932 0.0 
v -0.08193529211176455 -0.3049692516025843 0.0 
v -0.07934125120453867 -0.29520585064161486 0.0 
v -0.088419548414491 -0.2991658930925758 0.0 
v -0.11959986889448267 -0.2987757900025839 0.0 
v -0.10790196258788189 -0.2886750352612273 0.0 
v -0.12058026500292564 -0.28187142502198803 0.0 
v -0.1233487568679938 -0.2424527050501399 0.0 
v -0.1154592622655706 -0.2511011128386523 0.0 
v -0.11322787946852043 -0.2388773055262864 0.0 
v -0.09548129585967266 -0.21354257266673793 0.0 
v -0.09445174845975882 -0.22576746434910738 0.0 
v -0.08512345864918999 -0.21787314063783206 0.0 
v -0.05776093979885589 -0.2192806493599527 0.0 
v -0.06535074552168273 -0.2264796567932163 0.0 
v -0.055973863942395355 -0.22921535725246434 0.0 
v -0.05757070293522594 -0.19093657024964542 0.0 
v -0.058483147781132304 -0.19999553262589587 0.0 
v -0.051234399110427715 -0.1955828267578836 0.0 
v -0.0332788839015697 -0.19776455127506634 0.0 
v -0.038597954053635516 -0.20232764288027855 0.0 
v -0.03237557322409289 -0.20461241327242569 0.0 
v -0.03304895898274566 -0.17961033230953366 0.0 
v -0.03365715543340877 -0.18510230911409273 0.0 
v -0.029291310571452168 -0.1822602799979372 0.0 
v -0.016628926557637872 -0.18137434101446553 0.0 
v -0.02021636817943084 -0.1854397579931022 0.0 
v -0.015250978191169304 -0.18656976721514867 0.0 
v -0.020688680159583982 -0.1665040978603569 0.0 
v -0.01929781931600508 -0.17146627909189432 0.0 
v -0.015961857178435748 -0.16747653271709437 0.0 
v -0.0037471680648372956 -0.16550532117634068 0.0 
v -0.006823831383381344 -0.1692860752369647 0.0 
v -0.002386118609861564 -0.16998928059369606 0.0 
v -0.0066614955464900285 -0.15168160724817595 0.0 
v -0.005871718680765419 -0.15636911635256578 0.0 
v -0.0025466939321039032 -0.15306041842920579 0.0 
v 0.0080918317239985 -0.1527765409941001 0.0 
v 0.005147092200110949 -0.1555400762449923 0.0 
v 0.008638133667128402 -0.15661528091892188 0.0 
v 0.007837171485700963 -0.1392203091066702 0.0 
v 0.007783932322152719 -0.14422465163432646 0.0 
v 0.011777778557959051 -0.1417335188332843 0.0 
v 0.01975172942990941 -0.14642253086159276 0.0 
v 0.017025826915387312 -0.14710409245379485 0.0 
v 0.018957044293783996 -0.1490139988012547 0.0 
v 0.023335925037254318 -0.14111475926285683 0.0 
v 0.02653056752670149 -0.1419260871538652 0.0 
v 0.029671206593515933 -0.14956867296522797 0.0 
v 0.027162354419093135 -0.14831617230452618 0.0 
v 0.027263476228378453 -0.15133544594279394 0.0 
v 0.03606574669378741 -0.14509523676749864 0.0 
v 0.03406345585185399 -0.14618868572875196 0.0 
v 0.03592620631259178 -0.1472359930719225 0.0 
v 0.018718264567802855 -0.15167470182736084 0.0 
v 0.020810530283414685 -0.1503886854739721 0.0 
v 0.024880718312939133 -0.15278483680778487 0.0 
v 0.027001129328246345 -0.15431870034778372 0.0 
v 0.026402600771892226 -0.1571146975064818 0.0 
v 0.028927091958779044 -0.1562334725721178 0.0 
v 0.03200391961276018 -0.16021752594969685 0.0 
v 0.03338331033899035 -0.1619523754876053 0.0 
v 0.00028248202862272666 -0.14539392289033096 0.0 
v -0.0002158103426232148 -0.14075428573914903 0.0 
v -0.0037399331686162017 -0.1438353641290795 0.0 
v -0.015708827367511443 -0.14324949630086953 0.0 
v -0.011738643403262998 -0.14041998185310106 0.0 
v -0.015541431893702967 -0.13825278195859267 0.0 
v -0.013684900854113795 -0.15866997487522155 0.0 
v -0.014600911039002358 -0.15363384304310523 0.0 
v -0.018327490879417412 -0.15735299218052373 0.0 
v -0.032886845189388794 -0.1588891733342419 0.0 
v -0.02836532577623936 -0.15434177789387274 0.0 
v -0.026991500924010658 -0.17468880549833754 0.0 
v -0.028862735839714375 -0.17011690118782027 0.0 
v -0.03147900769899119 -0.1747301130625263 0.0 
v -0.043847302012254626 -0.18435209220156168 0.0 
v -0.04232959861799853 -0.177429155141949 0.0 
v -0.048836958105750825 -0.17966213778734175 0.0 
v -0.05382577272904564 -0.17417997340607486 0.0 
v -0.055992289637038554 -0.18234559056484104 0.0 
v -0.07459749735518777 -0.199193031141832 0.0 
v -0.07230360657815449 -0.18870490395351522 0.0 
v -0.08161833753551778 -0.19182072008843837 0.0 
v -0.013724283026219577 -0.1919902982382953 0.0 
v -0.010167513815934138 -0.18743037189457998 0.0 
v 0.003108138800258547 -0.1837068982304868 0.0 
v 4.742491887363853e-05 -0.18832557011685885 0.0 
v 0.005037335753567874 -0.1885507231494214 0.0 
v -0.0008006804637226312 -0.174471192783461 0.0 
v 0.00194651143722262 -0.17048732022756125 0.0 
v 0.012076341657084155 -0.16711774626730833 0.0 
v 0.010128562584627231 -0.17067289801457478 0.0 
v 0.013870037955084532 -0.1703421202600286 0.0 
v 0.00947469281955181 -0.16026358829572038 0.0 
v 0.011853911297106355 -0.15752848375305917 0.0 
v 0.01904514675678652 -0.15675273764145634 0.0 
v 0.017426430497268015 -0.15872160054484294 0.0 
v 0.019763301830122707 -0.15892408848864673 0.0 
v 0.020965310816701197 -0.1609850138992958 0.0 
v 0.021900549145560836 -0.1586674318752824 0.0 
v 0.00677613095744788 -0.19310938558946203 0.0 
v 0.00957881014694425 -0.18919732673251902 0.0 
v -0.023983754125426568 -0.2808033862282745 0.0 
v -0.030466104089010224 -0.28232837570625813 0.0 
v -0.02567095936558601 -0.28720302792768193 0.0 
v -0.01624123877156421 -0.3051121392700104 0.0 
v -0.024756793998852115 -0.3031235140553662 0.0 
v -0.02271026728361015 -0.31287013632958477 0.0 
v -0.005691783743622851 -0.2862790719991888 0.0 
v -0.008878987337375147 -0.2916559603813695 0.0 
v -0.01651044683464544 -0.2856141291016348 0.0 
v -0.013222579224103389 -0.28080647937307546 0.0 
v -0.01847521690676393 -0.2804246069225328 0.0 
v -0.030604745404321065 -0.267571654146502 0.0 
v -0.023222038049533114 -0.2686503710397643 0.0 
v -0.02491804699860306 -0.2610948437251875 0.0 
v 0.03275176397790806 -0.16414373313391895 0.0 
v 0.03469271141971971 -0.16350585019307942 0.0 
v 0.03846480924817579 -0.16561058447899984 0.0 
v 0.037061313054017296 -0.16605113354429032 0.0 
v 0.04102421450755178 -0.1610385144594459 0.0 
v 0.03998888938562368 -0.16267034351721998 0.0 
v 0.037314759695902706 -0.16119921396632853 0.0 
v 0.03824648633589665 -0.15934372265383726 0.0 
v -0.2797835802982446 0.12969650659765458 0.0 
v -0.3015472861087107 0.13956180281462305 0.0 
v -0.2968429805193926 0.1133566820096663 0.0 
v -0.31551668589203313 0.048289914620670164 0.0 
v -0.3275651587775432 0.07121751579751087 0.0 
v -0.34007665938135845 0.04628284959704772 0.0 
v -0.36759032536961206 0.04305824385704831 0.0 
v -0.3501272294642396 0.019015829080409875 0.0 
v -0.3364185567451911 -0.05779137323198273 0.0 
v -0.36101181505619634 -0.042392507934172104 0.0 
v -0.3610855754745561 -0.07663075221963271 0.0 
v -0.38950288808128913 -0.097198192383619 0.0 
v -0.35929344145633596 -0.11230005183654546 0.0 
v 0.021815667476094775 -0.2833101205945312 0.0 
v 0.020625003861921436 -0.28232445366747566 0.0 
v 0.020414059401007205 -0.28402864738349826 0.0 
v 0.018208820487474246 -0.28734639791593947 0.0 
v 0.017913392615896914 -0.28601312941025697 0.0 
v 0.017020455097637784 -0.28720712639850554 0.0 
v 0.021284163756695257 -0.2887860303758505 0.0 
v 0.020307246635605687 -0.2882558196747369 0.0 
v 0.020313377295911914 -0.2894806574898653 0.0 
v 0.021417336360467446 -0.2862565586196756 0.0 
v 0.022382829041676808 -0.2869383794471699 0.0 
v 0.022583161919354687 -0.2856473315953738 0.0 
v -0.15977030934816733 -0.4594896743584076 0.0 
v -0.17824997111955385 -0.4756886054324291 0.0 
v -0.2576305668417163 -0.46743541428273977 0.0 
v -0.22672527770040957 -0.44881445476691045 0.0 
v -0.2382039606447354 -0.6102356766248914 0.0 
v -0.2538239547276064 -0.558988059756428 0.0 
v -0.2921942987183973 -0.6032854745918157 0.0 
v -0.4624287958145287 -0.5546555366020822 0.0 
v -0.3930046709724877 -0.5332476876884175 0.0 
v -0.4319973478171239 -0.476594992032342 0.0 
v -0.3979331115649881 -0.4205541412912572 0.0 
v -0.4519582675071708 -0.4090986080209422 0.0 
v -0.11758199818347616 0.2131312606074021 0.0 
v -0.1281818165673719 0.2062172354941038 0.0 
v -0.16295644326659828 0.20342622728823678 0.0 
v -0.15486869200407027 0.21552194589635396 0.0 
v -0.08839903050399024 0.16856138793454437 0.0 
v -0.08732335407616379 0.17396445113637812 0.0 
v -0.07282478439369623 0.1768360428632504 0.0 
v -0.07647628706749954 0.17335620445795785 0.0 
v -0.07319518450595307 0.19964355170341352 0.0 
v -0.07300138196362027 0.19020110422521655 0.0 
v -0.08669597921035944 0.1875991488878239 0.0 
v -0.08842674918636721 0.19630329884577624 0.0 
v -0.09451837417517141 0.19024996094479937 0.0 
v -0.09158611881033166 0.15273236355709258 0.0 
v -0.09053667321809493 0.15226570911325762 0.0 
v -0.090892525564862 0.15346795069368116 0.0 
v -0.09008897964045497 0.15629995141910336 0.0 
v -0.0897515459327074 0.1584010035208453 0.0 
v -0.08751803400406712 0.15913604567893042 0.0 
v -0.08940081472232467 0.16104086152299593 0.0 
v -0.18150959226719937 0.1958680001917176 0.0 
v -0.1776309061934547 0.1838254387886536 0.0 
v -0.1701330598097538 0.19334048690935493 0.0 
v -0.13836627508487545 0.19760625616151384 0.0 
v -0.147499669716247 0.18885186362219172 0.0 
v -0.0870761129741055 -0.1839601440099337 0.0 
v -0.0913752990291444 -0.1931533807788857 0.0 
v -0.11582192748047805 -0.19649579574113188 0.0 
v -0.1088746930264496 -0.19015315010993838 0.0 
v -0.11655668789292163 -0.18701587000092382 0.0 
v -0.11266422908888914 -0.2280332274651745 0.0 
v -0.11354063269667646 -0.21737939986985663 0.0 
v -0.12137779201475556 -0.22439563456387596 0.0 
v -0.15302696998221926 -0.2265220743708732 0.0 
v -0.1418136751452114 -0.21716042002058342 0.0 
v -0.15309654972550676 -0.21066802258444856 0.0 
v -0.14750365390211898 -0.1856379526139906 0.0 
v -0.14488131498204382 -0.1762011548286982 0.0 
v -0.12828685847956672 -0.1603505635337091 0.0 
v -0.12962131019695364 -0.16912617429413537 0.0 
v -0.12235503015924452 -0.16554449670923538 0.0 
v -0.11645487926027578 -0.17010713749903386 0.0 
v -0.11553572819944537 -0.1623160284196125 0.0 
v -0.09569410698966888 -0.17150331132872357 0.0 
v -0.09416154204505402 -0.16482904295559184 0.0 
v -0.09983078604922556 -0.16726511386951173 0.0 
v -0.10921421180981357 -0.15951389823338558 0.0 
v -0.11404412218481384 -0.15480730658520386 0.0 
v -0.09327859184380695 -0.15167661962475762 0.0 
v -0.08861910066302571 -0.1473464111980253 0.0 
v -0.09433040240071032 -0.14582814064384503 0.0 
v -0.10598975760403374 -0.1341072087157941 0.0 
v -0.09934372019123233 -0.13395485266613966 0.0 
v -0.10240187535820348 -0.127696350194381 0.0 
v -0.11195514308196158 -0.1475965462128919 0.0 
v -0.11893027940236212 -0.149365842978288 0.0 
v -0.1388759303318706 -0.13711959526973844 0.0 
v -0.12900501232890357 -0.13575614291380284 0.0 
v -0.13391983662617454 -0.1268055630450899 0.0 
v -0.12160514705910357 -0.1126425363626192 0.0 
v -0.11654178289936012 -0.10726485238782066 0.0 
v -0.10428973180832062 -0.109111825097364 0.0 
v -0.09807138098233176 -0.10922499099215444 0.0 
v -0.09875035227931125 -0.1214097824954801 0.0 
v -0.10540412155000665 -0.12131017185581239 0.0 
v -0.08742190483858393 0.13893512732455013 0.0 
v -0.08628824516704545 0.13935537707346157 0.0 
v -0.08732518910619776 0.13999528889588062 0.0 
v -0.09020213671708124 0.14294907539694574 0.0 
v -0.08828329766889736 0.14272443929685996 0.0 
v -0.09076458165098591 0.13717006507883597 0.0 
v -0.09082953063147566 0.13902524740938363 0.0 
v -0.08842771856887817 0.13906927535739033 0.0 
v -0.08804989492342291 0.1378018639027295 0.0 
v 0.10306611153371502 -0.08011599352778896 0.0 
v 0.10395019899384299 -0.08289560103095668 0.0 
v -0.012447535889230732 -0.10823525709972198 0.0 
v -0.015124849042028831 -0.10757212261820055 0.0 
v -0.014735526516424194 -0.11037023097549344 0.0 
v -0.009071045023963506 -0.10024562474037751 0.0 
v -0.009980289204611909 -0.10239064015679607 0.0 
v -0.007885959984197126 -0.10164995929047782 0.0 
v -0.0819423329159658 -0.062103355273638194 0.0 
v -0.08343597699585252 -0.058648312194305434 0.0 
v -0.08571088509719917 -0.062214431416218616 0.0 
v -0.07523822145461496 -0.061648285069326576 0.0 
v -0.07682797965198848 -0.061601306792341805 0.0 
v -0.07583447952243637 -0.0629463003926454 0.0 
v -0.07544150781289964 -0.06700558715316703 0.0 
v -0.0747842552396692 -0.0697250643079496 0.0 
v -0.07859050589827818 -0.07563690291245287 0.0 
v -0.07885594081176074 -0.07347006820917443 0.0 
v -0.08022692040161819 -0.07517188581084179 0.0 
v -0.0731236156545698 -0.08153011857927489 0.0 
v -0.07523217084491472 -0.07901101917267842 0.0 
v -0.07643787757520876 -0.0821482946380201 0.0 
v -0.07051939108038505 -0.0840831532428177 0.0 
v -0.06980900157430471 -0.08026254551594313 0.0 
v -0.061868607806821116 -0.09021758434144075 0.0 
v -0.06471553340177547 -0.08838359987964524 0.0 
v -0.06485066301841531 -0.09214627808455136 0.0 
v -0.059076781497112416 -0.09179563976552385 0.0 
v -0.05906384180095442 -0.08846971166232605 0.0 
v -0.05130350519765448 -0.09477479387199998 0.0 
v -0.05374670255611957 -0.09401839772292156 0.0 
v -0.053100405188682746 -0.09677722625387179 0.0 
v -0.04901833648176395 -0.09572845467083516 0.0 
v -0.0493207200541405 -0.09297291678556847 0.0 
v -0.04040391244533718 -0.09986237545050174 0.0 
v -0.04375819444735925 -0.09852237004573916 0.0 
v -0.043530800098997006 -0.1024984230577829 0.0 
v -0.036810919267368264 -0.10022294662417469 0.0 
v -0.03810758092439684 -0.09691422825087553 0.0 
v -0.028312429663297004 -0.09836923913686546 0.0 
v -0.030822067287050604 -0.09898881875504308 0.0 
v -0.02912964198053421 -0.10088973210981252 0.0 
v -0.028094563242181975 -0.10675528058066762 0.0 
v -0.02985417816262334 -0.10584960189183523 0.0 
v -0.02955860220058903 -0.10803039151458432 0.0 
v -0.0210059130309054 -0.11084107825299239 0.0 
v -0.021342492276695085 -0.10922319932249208 0.0 
v -0.0225985221011919 -0.11030285414977585 0.0 
v -0.01722576497078436 -0.11105310689163017 0.0 
v -0.015741759135527587 -0.113242843049778 0.0 
v -0.07524015854781307 -0.0537793953134986 0.0 
v -0.076926622979642 -0.050818409995647976 0.0 
v -0.07807771565906065 -0.054258823889068816 0.0 
v -0.0683522080001748 -0.05794542457604522 0.0 
v -0.07008536947037494 -0.05592909553747044 0.0 
v -0.05888870197616692 -0.06031690985277938 0.0 
v -0.06234855552185477 -0.05882753703423035 0.0 
v -0.04697288672050318 -0.053077011263286324 0.0 
v -0.05139187529954077 -0.05531501607044052 0.0 
v -0.04760857729230875 -0.05807608207662466 0.0 
v -0.04543981898195119 -0.07004811973966668 0.0 
v -0.04875112426644638 -0.067311080458484 0.0 
v -0.03448646133746554 -0.06514160151660735 0.0 
v -0.037951047164715854 -0.06638875183746945 0.0 
v -0.035234153099436685 -0.06865146633811672 0.0 
v -0.032297071505628085 -0.07767765382162592 0.0 
v -0.035373612531177726 -0.07604197542963421 0.0 
v -0.03524204676926207 -0.07974058679936896 0.0 
v -0.022388995010780087 -0.07062241644098907 0.0 
v -0.025943376848930215 -0.07332375662215196 0.0 
v -0.02230418817918997 -0.07536547397614417 0.0 
v -0.021437558077672485 -0.08629471662957203 0.0 
v -0.023771603234794058 -0.0837112264745886 0.0 
v -0.024647680248035875 -0.08720249228395124 0.0 
v -0.010166623698000931 -0.08540013468764886 0.0 
v -0.014157627507582355 -0.08528220117246547 0.0 
v -0.012540683664409222 -0.08883142488296049 0.0 
v -0.01515575515243647 -0.09769913701980461 0.0 
v -0.016383364380086016 -0.09481859925081178 0.0 
v -0.01806524539107219 -0.09755313178069157 0.0 
v -0.007748062416301663 -0.09879471075281167 0.0 
v -0.00977802835687815 -0.09813441436109134 0.0 
v -0.0267035095558764 -0.10766425264799104 0.0 
v -0.02648489457353267 -0.10590905984742921 0.0 
v -0.024072130112416483 -0.10956145007813795 0.0 
v -0.024074425700206594 -0.11139960241281463 0.0 
v 0.10585592305328247 -0.09963491494274858 0.0 
v 0.105435524747001 -0.0970672620525332 0.0 
v 0.10332305403358943 -0.09869025610417496 0.0 
v 0.11150359606215446 -0.09880322397445995 0.0 
v 0.110106390979538 -0.09898384028568782 0.0 
v 0.11104946775017174 -0.09996708079336673 0.0 
v 0.11532691559520239 -0.09463698995771481 0.0 
v 0.11380839192305901 -0.09637842915543791 0.0 
v 0.11583237802771722 -0.09698798309065754 0.0 
v 0.1131687093553358 -0.09147521022090682 0.0 
v 0.11351342482456149 -0.0901024893028623 0.0 
v 0.10016599285923523 -0.09093949824490015 0.0 
v 0.10254362544647262 -0.08992711685891731 0.0 
v 0.10086287808828706 -0.08798519776170675 0.0 
v 0.10143777701781209 -0.09644568992957502 0.0 
v 0.10011235639230587 -0.09961785241463766 0.0 
v 0.1561933996802109 -0.039497664302035385 0.0 
v 0.15763045521604577 -0.03749430292218846 0.0 
v 0.1551462651588095 -0.037620901069652234 0.0 
v 0.15667784456402645 -0.04456013353625356 0.0 
v 0.15682785914887298 -0.04316214629261523 0.0 
v 0.15862025491429305 -0.04912916258811517 0.0 
v 0.15804269547588193 -0.04723976170812581 0.0 
v 0.16267480799251108 -0.04977217834730631 0.0 
v 0.1632194143220773 -0.05175836920773892 0.0 
v 0.16060688575855708 -0.05553842167908914 0.0 
v 0.159075264317269 -0.057700785404569396 0.0 
v 0.1519233675706923 -0.05879799985218385 0.0 
v 0.15404306112710245 -0.056758440015864886 0.0 
v 0.15317831972640905 -0.06511049261892896 0.0 
v 0.1506096551592238 -0.06791537387845381 0.0 
v 0.14125728948893 -0.0673172551114783 0.0 
v 0.14419062147117878 -0.06524721089895953 0.0 
v 0.1407054727282164 -0.07838614433276203 0.0 
v 0.14103001733372245 -0.07467146616838397 0.0 
v 0.13790122623531625 -0.07649524321015613 0.0 
v 0.1295503013176107 -0.07491424868111458 0.0 
v 0.13237843557217455 -0.07308022965129367 0.0 
v 0.12887527505896604 -0.08415601075338594 0.0 
v 0.1292524146947889 -0.08129411307382078 0.0 
v 0.12684330938250937 -0.08273046590219926 0.0 
v 0.11950079285711489 -0.08291136966483523 0.0 
v 0.12183352708037457 -0.08067647705874886 0.0 
v 0.11894420089992552 -0.07969587805743297 0.0 
v 0.12087699555065554 -0.08870585166591224 0.0 
v 0.11867263323975029 -0.09089643884361855 0.0 
v 0.11464229087428668 -0.08913505591793354 0.0 
v 0.11325544382998418 -0.08895129885335193 0.0 
v 0.1473520664480376 -0.036434211817845355 0.0 
v 0.15053200494332902 -0.0339428379248651 0.0 
v 0.14688342725739587 -0.032114305318904926 0.0 
v 0.15075759301876432 -0.044457558158414796 0.0 
v 0.1495182666123162 -0.04240860831263384 0.0 
v 0.14834332404231979 -0.04493203715986696 0.0 
v 0.14254038801974234 -0.046728434945080395 0.0 
v 0.13936847950228123 -0.04812752177340116 0.0 
v 0.13016970266418293 -0.04586996342634189 0.0 
v 0.13361587715638057 -0.04387076840550458 0.0 
v 0.13040385032735766 -0.04181251026690763 0.0 
v 0.12980402986731004 -0.053579449808293406 0.0 
v 0.12668445119861502 -0.05562501161003603 0.0 
v 0.11725639868861286 -0.05459022134061338 0.0 
v 0.12039811049575133 -0.05232347312954258 0.0 
v 0.11714083416815385 -0.05069636722582477 0.0 
v 0.11760031589748875 -0.062170617844020254 0.0 
v 0.11467709090561465 -0.06449241167167737 0.0 
v 0.10487688001675699 -0.06458274648723819 0.0 
v 0.10797473136182997 -0.06184517184862172 0.0 
v 0.10436650227889414 -0.06041685629154514 0.0 
v 0.10729846333457246 -0.07528903013525068 0.0 
v 0.10656535461271516 -0.07198301059381805 0.0 
v 0.10425738804612482 -0.07459016214443734 0.0 
v 0.09639116105862937 -0.07652184432697239 0.0 
v 0.09804574667496026 -0.07389820239023784 0.0 
v 0.09510322702676083 -0.07403080963628049 0.0 
v 0.09933662928778153 -0.08532772219621947 0.0 
v 0.09822562926456335 -0.08227393178201085 0.0 
v 0.09610012659525731 -0.08500022513628895 0.0 
v 0.154952244072551 -0.04104807147655765 0.0 
v 0.15318415294701065 -0.04070024703502139 0.0 
v 0.15377187004694293 -0.042499138394233235 0.0 
v 0.15278965618949283 -0.04415385855882172 0.0 
v 0.1520767908196174 -0.046068751293219884 0.0 
v 0.1560931072940002 -0.045582333580844486 0.0 
v 0.15499941297600464 -0.046427456053943855 0.0 
v 0.15348782847845238 -0.04729152928873897 0.0 
v 0.15162870296812067 -0.0482351836522599 0.0 
v 0.15550150576648686 -0.05242029344539572 0.0 
v 0.15342175763646207 -0.051648431634893736 0.0 
v 0.15141402247503002 -0.05061910214337411 0.0 
v 0.14946277512543127 -0.04929955629359577 0.0 
v 0.14669374331435453 -0.056559184623991156 0.0 
v 0.14676412790431267 -0.05348638127874686 0.0 
v 0.1470281248884438 -0.05051942996361286 0.0 
v 0.1475342277029458 -0.047659507975992076 0.0 
v -0.07446994068092817 -0.05630403396126372 0.0 
v -0.07611052454601243 -0.0579172073269079 0.0 
v -0.0741906040347287 -0.05858774817590288 0.0 
v -0.07404785038668954 -0.06057830087277159 0.0 
v -0.0740906899039889 -0.06220007584109065 0.0 
v -0.0692780065843057 -0.06184225963339262 0.0 
v -0.07121052592025567 -0.06279789361801327 0.0 
v -0.07305865522983165 -0.06337462123515007 0.0 
v -0.07462336537999342 -0.06350061204948843 0.0 
v -0.06744384447263234 -0.060329779752191864 0.0 
v -0.0672376117497051 -0.06305817349480783 0.0 
v -0.0674900339436323 -0.06606975663817624 0.0 
v -0.06809227424844251 -0.06937268690036512 0.0 
v -0.05911006951722724 -0.06837793517247572 0.0 
v -0.06234618490811941 -0.07002745284402465 0.0 
v -0.06550707253593367 -0.07153809960886187 0.0 
v -0.06869861457898982 -0.07295492459279376 0.0 
v 0.10486157334411177 -0.0924194119675989 0.0 
v 0.10528930736169005 -0.09353255558320203 0.0 
v 0.10618000592815054 -0.09242266071990038 0.0 
v 0.10766651650524822 -0.09260474162872762 0.0 
v 0.10813938690562776 -0.09419287289345918 0.0 
v 0.1092264472642637 -0.09280900943820766 0.0 
v 0.10948334139828667 -0.08823902570604998 0.0 
v 0.109823268855331 -0.08993629952566172 0.0 
v 0.1102572678618065 -0.09146628931116106 0.0 
v 0.11080492245503126 -0.09295603119302757 0.0 
v 0.10918461399854738 -0.08626396530572761 0.0 
v 0.11095424061663654 -0.08701796156598723 0.0 
v 0.1123526959353541 -0.08793719131144001 0.0 
v 0.10713546802518886 -0.08572086301158037 0.0 
v 0.10886103645759614 -0.08395242787832419 0.0 
v 0.11091166049196162 -0.08225285654064578 0.0 
v 0.11334248422778644 -0.08053170506616107 0.0 
v 0.11024107831402472 -0.07618061521091633 0.0 
v 0.11311151738705526 -0.07726370477443441 0.0 
v 0.11598759784597065 -0.07852708008271339 0.0 
v 0.11863008028190737 -0.07630570646775425 0.0 
v 0.12128069274751586 -0.07414756933079122 0.0 
v 0.12411819442031714 -0.07542451785031755 0.0 
v 0.12398684824008145 -0.07206558287358335 0.0 
v -0.019405104539666703 -0.10742040380805322 0.0 
v -0.018428213277351575 -0.10704133666927763 0.0 
v -0.019326378396080535 -0.10615662953897524 0.0 
v -0.019199668244921128 -0.1044980175368115 0.0 
v -0.017396101874513056 -0.10359291065346833 0.0 
v -0.019228346890348125 -0.10237965998527719 0.0 
v -0.023337264144521804 -0.10495452403609375 0.0 
v -0.02249327284656771 -0.10348326236037358 0.0 
v -0.02130208730295748 -0.10183770729244165 0.0 
v -0.019756457012463084 -0.09992555787937091 0.0 
v -0.020819559831146858 -0.09741755805773447 0.0 
v -0.0221642412471701 -0.09497503040957594 0.0 
v -0.020847573497263013 -0.09216527891807555 0.0 
v -0.023741573558694905 -0.09260209667196559 0.0 
v -0.027387490769047642 -0.09583157694828472 0.0 
v -0.0264516153381129 -0.09318945852768079 0.0 
v -0.025540079917549245 -0.09034051879648897 0.0 
v -0.027565693881682746 -0.08825417406099484 0.0 
v -0.029833901853335412 -0.08638975765574222 0.0 
v -0.02952632503685068 -0.0830470871816599 0.0 
v -0.03234730223142489 -0.08474158521550408 0.0 
v -0.03439576565143891 -0.092262808490582 0.0 
v -0.03472614316846843 -0.0895666371197887 0.0 
v -0.034923994889516766 -0.08654898649170928 0.0 
v -0.03508524171497537 -0.08326186843525994 0.0 
v 0.03604935563042018 -0.27549739167806886 0.0 
v 0.03702918423921811 -0.2748522607862517 0.0 
v 0.03596021290172785 -0.2740666782508596 0.0 
v 0.036127191291787396 -0.2721974650252889 0.0 
v 0.03649227021693187 -0.2699732345039611 0.0 
v 0.03702446787480557 -0.26746453390071984 0.0 
v 0.03470940250755927 -0.2685327990042209 0.0 
v 0.03267510683449568 -0.2670686405928676 0.0 
v 0.03299771040142477 -0.26409198743640366 0.0 
v 0.030427206304467175 -0.26559110191668633 0.0 
v 0.027981950230252833 -0.2641283759435232 0.0 
v 0.027962697862808757 -0.26725266027493194 0.0 
v 0.025624145486091536 -0.2690438265200616 0.0 
v 0.023071396814169948 -0.2680264154162951 0.0 
v 0.02346428284921336 -0.2709368827551717 0.0 
v 0.0215446228810684 -0.27293065365780306 0.0 
v 0.023824889066907308 -0.27355052005978 0.0 
v 0.02409495282006667 -0.2758435919485014 0.0 
v 0.02421282871653379 -0.2777915504374733 0.0 
v 0.03327523572631304 -0.24115061580134237 0.0 
v 0.03482648032948513 -0.2419364161653612 0.0 
v 0.03495867377119756 -0.2443825403999527 0.0 
v 0.0326236946526915 -0.24578267062972106 0.0 
v 0.03488935141036467 -0.24732863566712765 0.0 
v 0.034661146129996684 -0.25061050561710685 0.0 
v 0.03748521219221276 -0.24883839504684416 0.0 
v 0.040368361947745394 -0.25045830885256903 0.0 
v 0.03175821784832462 -0.2521896303620213 0.0 
v 0.034311079304887165 -0.2540678154016441 0.0 
v 0.033875534088583736 -0.2575451738560225 0.0 
v 0.0309486122730554 -0.2591095132711681 0.0 
v 0.033414230855991434 -0.26091146120327136 0.0 
v 0.03569087157330391 -0.2627707513586492 0.0 
v 0.037712670237322894 -0.26469746937623373 0.0 
v 0.03944594963165761 -0.26664982056914044 0.0 
v 0.03656819875494622 -0.2764961803657822 0.0 
v 0.035254042004144816 -0.27670214483942646 0.0 
v 0.03358066397777746 -0.2767365213313688 0.0 
v 0.03158154266911697 -0.27677716323264734 0.0 
v 0.029418711185061053 -0.2771707242576838 0.0 
v 0.030667320600760047 -0.2788701471031682 0.0 
v 0.029895027523999952 -0.2808414248826505 0.0 
v 0.027378931464174312 -0.277928422298422 0.0 
v 0.025596541720268345 -0.27874364255372047 0.0 
v 0.024055046467992773 -0.2794938695730317 0.0 
v 0.022602603259996686 -0.28005362595616234 0.0 
v 0.023668077625656862 -0.28112928940891313 0.0 
v 0.023246060606575754 -0.2827336961078895 0.0 
v 0.022872537508109195 -0.28424819587262923 0.0 
v 0.02379094633152047 -0.28516851386442227 0.0 
v 0.02455767841261698 -0.28605679312212673 0.0 
v 0.024220447836551515 -0.2871606313680897 0.0 
v 0.025178600322937582 -0.286873604324624 0.0 
v 0.025681803121064477 -0.2875822687787488 0.0 
v 0.026092185332818138 -0.28676090788593467 0.0 
v 0.026919552861268084 -0.2868384285291071 0.0 
v 0.027618209085082855 -0.2870902323900976 0.0 
v 0.025425273229369105 -0.2883743336911715 0.0 
v 0.026098110185341007 -0.2881660072436746 0.0 
v 0.026449531081967913 -0.2886247228539378 0.0 
v 0.02632605413811343 -0.2891600790467304 0.0 
v 0.026750046964926496 -0.2889668430213201 0.0 
v 0.027008482967802158 -0.28920565107893337 0.0 
v 0.027108230722735643 -0.28887281498596923 0.0 
v 0.0273925374490706 -0.2888612987941575 0.0 
v 0.027592031593901313 -0.28891649603435837 0.0 
v 0.026999264171639913 -0.28954051267094694 0.0 
v 0.027230676350795593 -0.2893590742675653 0.0 
v 0.02741905359311745 -0.2894521275246609 0.0 
v 0.027454322336561716 -0.28963594340056825 0.0 
v 0.027569168252615312 -0.2895210672090353 0.0 
v 0.02772619204179787 -0.2894370913082598 0.0 
v 0.02792488917170076 -0.2893238235329558 0.0 
v 0.02814592014406289 -0.28948610040579187 0.0 
v 0.028164359208892386 -0.2891434917364989 0.0 
v 0.02779670340539195 -0.28883684456254227 0.0 
v 0.02808564126304787 -0.2888136946662721 0.0 
v 0.028449368047374576 -0.28886724173548883 0.0 
v 0.028787029513842693 -0.28847044999381144 0.0 
v 0.029186225578106004 -0.2879288492360621 0.0 
v 0.029916479341056686 -0.2880541744543488 0.0 
v 0.029659436312033254 -0.28721625946705664 0.0 
v 0.02832460532883887 -0.28668366065333983 0.0 
v 0.0292009305014932 -0.2864057616447901 0.0 
v 0.03022575045198581 -0.2863048206391041 0.0 
v 0.03091389734640034 -0.28516957585077524 0.0 
v 0.03175443664297636 -0.2837924964749408 0.0 
v 0.03343428520425514 -0.28390717211311417 0.0 
v 0.02028484478741129 -0.2671563880226647 0.0 
v 0.02269690448237846 -0.26481817793292284 0.0 
v 0.025321712501582955 -0.2626926705810793 0.0 
v 0.02809314154763897 -0.2608011958415405 0.0 
v 0.028336198420028547 -0.2573028774379348 0.0 
v 0.028742918808828406 -0.25372958178805416 0.0 
v 0.02930353056038497 -0.25022562146412564 0.0 
v 0.023647526176129613 -0.24916006028290388 0.0 
v 0.02698926678126586 -0.24802661291855088 0.0 
v 0.029975292369632422 -0.2469438915502359 0.0 
v 0.030725529458185644 -0.24403603332802545 0.0 
v 0.03153907853134368 -0.24166030538316505 0.0 
v 0.03999606260576669 -0.23732078812782126 0.0 
v 0.03737303691889642 -0.2379831243752921 0.0 
v 0.03583834246571199 -0.23627631237934615 0.0 
v 0.03418046267408249 -0.23484659549307813 0.0 
v 0.032396680429205724 -0.2334817711120041 0.0 
v 0.03215124269872919 -0.2359460028849225 0.0 
v 0.030161592713262627 -0.23735255019761306 0.0 
v 0.032780932548654725 -0.23097445223410953 0.0 
v 0.03054001657494783 -0.23200900905159932 0.0 
v 0.028707125001089528 -0.23031324313931606 0.0 
v 0.029440022029008243 -0.22769771968531893 0.0 
v 0.026995511529502057 -0.22836082659285475 0.0 
v 0.040524774627972264 -0.23429961427071896 0.0 
v 0.04074114826454974 -0.2314910486398301 0.0 
v 0.04288559770045392 -0.22996784556824862 0.0 
v 0.04079730669233945 -0.22890384384428888 0.0 
v 0.040765845884013 -0.22652998388745896 0.0 
v 0.03891516971754233 -0.22779887022012665 0.0 
v 0.03720073593186785 -0.22664835402583597 0.0 
v 0.042480497023553006 -0.22512583397176894 0.0 
v 0.040684156284769346 -0.22436296995461238 0.0 
v 0.040572068604919194 -0.22239645001858876 0.0 
v 0.04044015215537286 -0.2206232601425697 0.0 
v 0.04029420805154475 -0.21903520157495263 0.0 
v 0.039094494635841005 -0.21997831239783125 0.0 
v 0.03789983347274897 -0.21925023312161185 0.0 
v 0.036855310451066894 -0.21844780422617407 0.0 
v 0.0413591274832466 -0.21800579988309501 0.0 
v 0.04013791031682439 -0.21762299939344706 0.0 
v 0.039974333080927515 -0.21637616947785868 0.0 
v 0.03980665327343 -0.21528276752050063 0.0 
v 0.039638232277429464 -0.21432929573487033 0.0 
v 0.03894957741664178 -0.2149592773134673 0.0 
v 0.03820173374776229 -0.21457212236262221 0.0 
v 0.0375610196603541 -0.21413734498736206 0.0 
v 0.04022511921728239 -0.21364715180255187 0.0 
v 0.0394726150786985 -0.21350140161085648 0.0 
v 0.03931514013480425 -0.21278562701942452 0.0 
v 0.03918020346718061 -0.21216778719562435 0.0 
v 0.039110273092880135 -0.21158657086232163 0.0 
v 0.03866105217487824 -0.21198031528524008 0.0 
v 0.03815621922746094 -0.21177761973389606 0.0 
v 0.03769395425423832 -0.21158750386084568 0.0 
v 0.03727970642763063 -0.21188548916026326 0.0 
v 0.03686782133412843 -0.2121437988179087 0.0 
v 0.03653093296328548 -0.2119438136180122 0.0 
v 0.036492283914444264 -0.2123144396361848 0.0 
v 0.03613947195670109 -0.2123084777032979 0.0 
v 0.03629909161175073 -0.21273514764266965 0.0 
v 0.03599523592232486 -0.2132731422469015 0.0 
v 0.03532683013701826 -0.21321450298547956 0.0 
v 0.035608560537635406 -0.21394458699349914 0.0 
v 0.0368325503941967 -0.2144479237615535 0.0 
v 0.036031263094434406 -0.2146581212193493 0.0 
v 0.03515353594747555 -0.21475507129260307 0.0 
v 0.034197850313786554 -0.21473093643364385 0.0 
v 0.03463418535711826 -0.21570878915901426 0.0 
v 0.03404760793240544 -0.21681479584538793 0.0 
v 0.033390047061430644 -0.2180901392733115 0.0 
v 0.035581028129221856 -0.21894098493240494 0.0 
v 0.03418613398898878 -0.21931579846225613 0.0 
v 0.03266363202952478 -0.21955806715756618 0.0 
v 0.030999926289376988 -0.2196491433923008 0.0 
v 0.03188058654591401 -0.22124193988505725 0.0 
v 0.03106290567918 -0.22315794493741647 0.0 
v 0.030238714621412574 -0.22531110004616237 0.0 
v 0.031669501015428876 -0.2269983513835145 0.0 
v 0.03323749710891695 -0.22854241707565057 0.0 
v -0.055696667490667796 -0.0665939813394454 0.0 
v -0.05617980207752205 -0.07066850588885404 0.0 
v -0.056831462480145714 -0.07456814136560572 0.0 
v -0.05756257826397524 -0.07827236122902043 0.0 
v -0.04835701052608113 -0.07930022519713623 0.0 
v -0.051904448029053404 -0.07977047145320412 0.0 
v -0.05515727891038274 -0.08063412467949926 0.0 
v -0.05824912274959027 -0.08178701779737053 0.0 
v -0.046915089731043594 -0.08264750314318016 0.0 
v -0.04877340089743332 -0.08534899463184482 0.0 
v -0.05041074733558951 -0.08764535792650772 0.0 
v -0.040608444959423555 -0.08419765665303261 0.0 
v -0.038028760461887745 -0.08190413957099771 0.0 
v 0.1467787942122948 -0.05975274921123971 0.0 
v 0.14405130219662432 -0.05838468909494587 0.0 
v 0.14135044165519337 -0.05685781089783305 0.0 
v 0.13863081720466686 -0.05520020582603854 0.0 
v 0.1354552059472536 -0.06413810520220797 0.0 
v 0.1355284707693556 -0.0605914343286354 0.0 
v 0.1356480313974451 -0.05703283810193196 0.0 
v 0.1358477891875052 -0.053442367670027566 0.0 
v 0.1353911466925454 -0.06768099872537355 0.0 
v 0.13252108546192062 -0.06609058468584775 0.0 
v 0.12962616453836234 -0.06452263282210585 0.0 
v 0.12668123910390383 -0.06297299598861818 0.0 
v 0.12386676123265863 -0.06860640007343284 0.0 
v 0.12375830023896763 -0.0650624304236015 0.0 
v 0.12366939495189401 -0.06144002853095037 0.0 
v 0.20193059137196115 0.7133902260548457 0.0 
v 0.2165742917260195 0.6285842443562452 0.0 
v 0.2285777216466084 0.5533415677950329 0.0 
v 0.1704813234738786 0.5050060719532564 0.0 
v 0.23883957695097838 0.48493744153172597 0.0 
v 0.10888767199688204 -0.110371673924228 0.0 
v 0.10971661638236598 -0.10915464625273803 0.0 
v 0.11096304589333371 -0.10723699720064044 0.0 
v 0.11233565616654345 -0.10530518735982279 0.0 
v 0.17460651540130417 0.10012174749400642 0.0 
v 0.17105949173656415 0.09471402573065497 0.0 
v 0.16435253172121728 0.09435097804790753 0.0 
v 0.16813190875897494 0.08882441282435252 0.0 
v 0.2302902227131941 0.16221510467417774 0.0 
v 0.24169014404413236 0.1582299813643323 0.0 
v 0.2416646485296569 0.14545453177587628 0.0 
v 0.23154253363342484 0.13930844584298646 0.0 
v 0.24035219981386435 0.1339460573179306 0.0 
v -0.19111601268785955 0.6760219508207401 0.0 
v -0.19010007940520254 0.6131581294130204 0.0 
v -0.1303632706631866 0.6333332296246352 0.0 
v -0.0778328202171266 0.5836115717402446 0.0 
v -0.096914756133186 0.5244775693648467 0.0 
v -0.03504008820726709 0.5315487976687068 0.0 
v -0.031045487251326474 -0.06469527026814503 0.0 
v -0.02986826066938864 -0.06806103791984885 0.0 
v -0.027332542128549804 -0.06507948212835414 0.0 
v -0.023266801137996895 -0.06598968553341983 0.0 
v -0.018878485010802443 -0.06719102958000428 0.0 
v -0.16684677408817733 0.04839626239840155 0.0 
v -0.16554135046819463 0.054358652634063705 0.0 
v -0.15719496517216625 0.05711678469952917 0.0 
v -0.06761396195029523 0.22105843902070374 0.0 
v -0.05343427524052694 0.21830832140357792 0.0 
v -0.058260432624102035 0.23329929404765867 0.0 
v -0.046140139797700784 0.24503237237238493 0.0 
v -0.031392178542994156 0.25415845255398345 0.0 
v -0.13724386283959553 0.12468780529282274 0.0 
v -0.14471432393257355 0.12688978042668164 0.0 
v -0.14307546506747998 0.11760631153766543 0.0 
v -0.15104779460741655 0.10844199651142351 0.0 
v -0.16093509681807677 0.09602755576203575 0.0 
v -0.0754600397333531 0.21067132900811614 0.0 
v -0.08099536691555044 0.22212180299867373 0.0 
v -0.09030117219651623 0.2333171714866108 0.0 
v -0.10556609996357692 0.24338290668757 0.0 
v -0.1474733919432893 0.2524322093754911 0.0 
v -0.16332627161654814 0.2814086408700194 0.0 
v -0.17588307889210233 0.2509654799239029 0.0 
v -0.20138120596449224 0.2404768484234824 0.0 
v -0.22239455087613677 0.22181156413858452 0.0 
v -0.2693009506035934 0.086149153685143 0.0 
v -0.2900498640541022 0.0898201776300732 0.0 
v -0.28200151085238584 0.06845182081240828 0.0 
v -0.2934679568349026 0.049182723830971165 0.0 
v -0.3031093423460731 0.028415139446422648 0.0 
v 0.25093430420376295 0.046377968134296545 0.0 
v 0.24712054845229794 0.04138816973255541 0.0 
v 0.24222941619625762 0.03707389335226902 0.0 
v 0.23713548211089366 0.03988157765880218 0.0 
v 0.2365116610641925 0.03378858498043065 0.0 
v 0.27257937831628537 0.13002352372969084 0.0 
v 0.2590835394715168 0.12958607313124507 0.0 
v 0.247919627417315 0.12728396724564883 0.0 
v 0.24772824723212744 0.01542717412587179 0.0 
v 0.24290560145026144 0.0067117698513987694 0.0 
v 0.23501267835848982 0.005325581869275754 0.0 
v 0.2274637256276553 0.00271566946578161 0.0 
v 0.1078265581494593 -0.11150106759767271 0.0 
v 0.1055687860837933 -0.11045015545378396 0.0 
v 0.10287620871850374 -0.10870991251369119 0.0 
v 0.07200741705411189 -0.18821687426832848 0.0 
v 0.07262764651118074 -0.18558613003213362 0.0 
v 0.07484520498539406 -0.18420249406971087 0.0 
v 0.07702716362954083 -0.18196037941959184 0.0 
v -0.004169878571544328 0.19712709351379004 0.0 
v 0.006582665154939348 0.1877920180728918 0.0 
v 0.01648996052373732 0.1763161154398908 0.0 
v 0.009921187610950396 0.1615405741095528 0.0 
v -0.03239226535379598 -0.13157574613308856 0.0 
v -0.032987325734465826 -0.1356998954687558 0.0 
v -0.029516174086390505 -0.13367838218082168 0.0 
v -0.026242564858999128 -0.13519155830791968 0.0 
v -0.025428928964469803 -0.13951798951096903 0.0 
v -0.02251932910954941 -0.13595541400391598 0.0 
v 0.028817795187263434 -0.1801852205080428 0.0 
v 0.031241832948983167 -0.1790237813999842 0.0 
v 0.03297796967495009 -0.18026106976238954 0.0 
v 0.03303540144897278 -0.18241559461819912 0.0 
v 0.03464588353398313 -0.18116362336320965 0.0 
v -0.01773374156925473 -0.12484156745594535 0.0 
v -0.015478707701596239 -0.12470580172375023 0.0 
v -0.0166940518407814 -0.1225146205835712 0.0 
v -0.015730809611496126 -0.11974114832107635 0.0 
v -0.015121022148497023 -0.1163880510176051 0.0 
v -0.014831585559691348 -0.1272464389062354 0.0 
v -0.012849062257314388 -0.12499702038207662 0.0 
v -0.009729189430732949 -0.12562201581583335 0.0 
v -0.2505365078521545 0.18426789374217403 0.0 
v -0.27609691955256765 0.182808121095957 0.0 
v -0.26016772104142577 0.16281823315764693 0.0 
v -0.26298302606312557 0.14188619408649433 0.0 
v -0.5127787062882381 0.11027070961892894 0.0 
v -0.5532197875711699 0.12367296515953655 0.0 
v -0.5408212311441895 0.0712185627927158 0.0 
v -0.5726172447479276 0.019300982758083392 0.0 
v -0.6036626340551902 -0.05295423373912256 0.0 
v -0.45444902363584017 -0.053072871067136394 0.0 
v -0.49710896619233486 -0.07425398622007136 0.0 
v -0.5483013613224831 -0.10256836269642605 0.0 
v -0.6112925948744988 -0.14510998032075537 0.0 
v 0.011753195619169246 -0.269051773011736 0.0 
v 0.01308679402076072 -0.2722811989338091 0.0 
v 0.014504315523674835 -0.2752162724809216 0.0 
v 0.013033236291152097 -0.278344479331261 0.0 
v 0.016029262095244468 -0.2778080629390671 0.0 
v 0.019913803218857353 -0.27504938527415673 0.0 
v 0.018608139843894325 -0.27733316901100796 0.0 
v 0.017682974657954608 -0.27980779495187336 0.0 
v 0.016957405574526185 -0.19906326707293143 0.0 
v 0.018261359281373377 -0.19646037759129836 0.0 
v 0.02074189195268499 -0.1963594289405588 0.0 
v 0.023067973473334002 -0.19623789303398995 0.0 
v 0.02322504096802605 -0.1919871933188512 0.0 
v 0.024254659345842786 -0.19406800538996696 0.0 
v -0.023127367748824276 -0.12765007689373017 0.0 
v -0.022091537051750307 -0.12989577633397612 0.0 
v -0.020684204792251963 -0.13252598802549728 0.0 
v -0.018618685745137187 -0.13549105331581512 0.0 
v -0.014752783723220683 -0.13028822797075365 0.0 
v -0.015033187615205529 -0.13392161541333025 0.0 
v -0.08991136317859975 0.14858042692214343 0.0 
v -0.08794408068137011 0.14862430706750512 0.0 
v -0.08635900422959465 0.14868451067269975 0.0 
v -0.08570373526829406 0.14766474950552028 0.0 
v -0.08514710414649387 0.14855524622290422 0.0 
v -0.08449717718155814 0.1528920660673331 0.0 
v -0.08416459827268631 0.15094892642277075 0.0 
v -0.08410131199677601 0.14928321107260545 0.0 
v -0.08513344900470582 0.1549751836235636 0.0 
v -0.08293222489695966 0.15452948603710964 0.0 
v -0.08059799163629924 0.15365845779202764 0.0 
v -0.07811170334026607 0.1522892266504558 0.0 
v -0.07655126467568917 0.16151395226789653 0.0 
v -0.07574176179209167 0.15779332750551756 0.0 
v -0.07535975768753737 0.15415331603285123 0.0 
v -0.07538535430019543 0.1505747336032005 0.0 
v -0.07778300389364448 0.1653691144461966 0.0 
v -0.07381910873313681 0.16450899372270383 0.0 
v -0.069786766476006 0.1633020571848834 0.0 
v -0.06557904601911788 0.1617745057615334 0.0 
v -0.06511806038614161 0.17508647918572975 0.0 
v -0.06314708812797144 0.1702537544056108 0.0 
v -0.06185533158800632 0.1651003396120354 0.0 
v -0.06112826387802733 0.15985882453705721 0.0 
v -0.06827879474198188 0.17923787819792916 0.0 
v -0.06256468096582049 0.18033121382534972 0.0 
v -0.05585743866206329 0.18020668505033868 0.0 
v -0.0486042149109629 0.17877050430486516 0.0 
v -0.04895940987309224 0.2052841674623765 0.0 
v -0.04508709563648725 0.19427771568432642 0.0 
v -0.04260261434584469 0.18467710778132487 0.0 
v -0.04125506066993603 0.17609019272478785 0.0 
v -0.03991472158233077 0.2148422377832889 0.0 
v -0.02743226179872299 0.21028216975891206 0.0 
v -0.015567808286593607 0.20449847153486647 0.0 
v -0.0073325137188040845 0.24327922359168194 0.0 
v -0.0041882699199628 0.22754844949527547 0.0 
v -0.0033054588635321822 0.21187587844968298 0.0 
v -0.040922064898072825 0.1544115558677948 0.0 
v -0.035101283721406834 0.1575090173773627 0.0 
v -0.029797118951001383 0.15380587110581187 0.0 
v -0.029069381633968775 0.1603488057309439 0.0 
v -0.0341799817740014 0.17232054127912913 0.0 
v -0.02772733147924796 0.1676212674678138 0.0 
v -0.02236751518528096 0.16212681143462576 0.0 
v -0.01408008672239136 0.16265536580754286 0.0 
v -0.0035262859504647673 0.16236887127399185 0.0 
v 0.0008965842355745037 0.15024047738665855 0.0 
v -0.09178887135220368 0.14933104098559097 0.0 
v -0.09311237340985846 0.15078672726972953 0.0 
v -0.09265653011633525 0.1523458899799012 0.0 
v -0.0922140535407122 0.15348956857013446 0.0 
v -0.09546621390560814 0.15489282608033056 0.0 
v -0.0939522062912014 0.15488394453082796 0.0 
v -0.09259022951947123 0.1546444119902944 0.0 
v -0.09153937465747748 0.15421762966483457 0.0 
v -0.09655929199358775 0.15638326308345696 0.0 
v -0.0955886083832022 0.1584879158649669 0.0 
v -0.09403180697528957 0.16063686063047128 0.0 
v -0.10230505578411217 0.1638149953396927 0.0 
v -0.09839601773769902 0.16418478083721266 0.0 
v -0.09486093672056152 0.16379640597601758 0.0 
v -0.09183881075103363 0.1626683493360774 0.0 
v -0.10472136621543472 0.167440261690358 0.0 
v -0.10305824339957967 0.17203174116900988 0.0 
v -0.10142434040489368 0.17775926851946633 0.0 
v -0.11111144275883977 0.1773027329732512 0.0 
v -0.10688030293856507 0.1812008434284474 0.0 
v -0.10098565112507937 0.18520922209496293 0.0 
v -0.10190752447756972 0.1936431445949356 0.0 
v -0.10272241498196878 0.20198732517848214 0.0 
v -0.09727687943985609 0.20624307837154457 0.0 
v -0.10238961127844216 0.20960766590885813 0.0 
v 0.07777528138104188 -0.1635889600584927 0.0 
v 0.08075170340602127 -0.1635011750354872 0.0 
v 0.0792615764298843 -0.16075854869353146 0.0 
v 0.08065566672720093 -0.15774170715188773 0.0 
v 0.08382708476034509 -0.15725272614423455 0.0 
v 0.08195929857779936 -0.15456985299873344 0.0 
v 0.07414412294494159 -0.15362797061680175 0.0 
v 0.07699195370425997 -0.1528092934519111 0.0 
v 0.0800195262727683 -0.1520245898127647 0.0 
v 0.08318846900626146 -0.15127564650578293 0.0 
v 0.02745976870626409 -0.29147970979869836 0.0 
v 0.02806471134569532 -0.29177420684527167 0.0 
v 0.028154066943632143 -0.2926366002049108 0.0 
v 0.028278984982263434 -0.29368510843411333 0.0 
v 0.03059793613242339 -0.29201490051289386 0.0 
v 0.03001828403649551 -0.29295594903649 0.0 
v 0.02933717744438147 -0.29388100109411264 0.0 
v 0.028558555915920814 -0.2948450072368056 0.0 
v 0.024586036676367284 -0.32566729351605855 0.0 
v 0.025469604916799535 -0.3262602654813847 0.0 
v 0.02567084973655508 -0.32487212592656545 0.0 
v 0.027116652624318994 -0.32399876104472647 0.0 
v 0.028610080608675766 -0.3250896875063686 0.0 
v 0.02879030116215065 -0.32294672248007145 0.0 
v 0.025469357557861567 -0.3193048687273267 0.0 
v 0.027076198533154686 -0.3201354539742638 0.0 
v 0.028726988200675 -0.32088332050101215 0.0 
v 0.030544463471925534 -0.32163189949897086 0.0 
v 0.025637515190811228 -0.31736579570024087 0.0 
v 0.027166117240923483 -0.31651427752434713 0.0 
v 0.028543483769796266 -0.3157733479030316 0.0 
v 0.02680570970773463 -0.31207482498525435 0.0 
v 0.027805776158093043 -0.31324217783463076 0.0 
v 0.028851765053777404 -0.3142641790848846 0.0 
v 0.029879247843634348 -0.315228392217493 0.0 
v 0.026026649121202915 -0.3107470439870473 0.0 
v 0.027477730494456218 -0.3106047355628989 0.0 
v 0.028839666094718525 -0.3103807201922213 0.0 
v 0.030109946915416304 -0.31018191892858843 0.0 
v 0.029388460364090915 -0.3066432145681051 0.0 
v 0.030079564672666002 -0.3077893333516341 0.0 
v 0.03076764167765107 -0.3089561709961068 0.0 
v 0.03135729748891513 -0.3101620059994644 0.0 
v 0.030022429847632426 -0.3054418897688003 0.0 
v 0.031227580742630344 -0.30520932685631924 0.0 
v 0.03248867510688675 -0.3048092535286158 0.0 
v 0.02953662496596981 -0.30275936784546864 0.0 
v 0.029027373408807015 -0.30358484887944176 0.0 
v 0.028108093198237972 -0.30354635627825866 0.0 
v 0.027226607435536843 -0.3034709268922094 0.0 
v 0.026895473542666276 -0.3060627897428705 0.0 
v 0.026843876553213228 -0.305061513409852 0.0 
v 0.02666863685579108 -0.3041952139462337 0.0 
v 0.026683848244641036 -0.3071847566462153 0.0 
v 0.02599958609198937 -0.30648210324235037 0.0 
v 0.02544623048953492 -0.30594011144109845 0.0 
v 0.025012681248622045 -0.3055070531024457 0.0 
v 0.024185915176142114 -0.3061635384129316 0.0 
v 0.024466417662069695 -0.3056260004977964 0.0 
v 0.024685983843611637 -0.30509997859849486 0.0 
v 0.02550761032453253 -0.30944419734637457 0.0 
v 0.026189866386280587 -0.3083240319091609 0.0 
v 0.023873590509612887 -0.30479456138390115 0.0 
v 0.024392744618665262 -0.30466784952937453 0.0 
v 0.02493205797262008 -0.3045917665369764 0.0 
v 0.024929177322573954 -0.30345437323542257 0.0 
v 0.025258477837292112 -0.30404091424296953 0.0 
v 0.03267644650307624 -0.3224574467932277 0.0 
v 0.03222613346294365 -0.31997400337382065 0.0 
v 0.033680633344334625 -0.3179114938660773 0.0 
v 0.03639046640660353 -0.31767154116529334 0.0 
v 0.034729346039652054 -0.31543542323185475 0.0 
v 0.03135853883248841 -0.31474835567921833 0.0 
v 0.033062151528905195 -0.314037003754273 0.0 
v 0.03498661736411081 -0.3128452234778151 0.0 
v 0.03276739862236214 -0.310343534678004 0.0 
v 0.03451599624741833 -0.31060688427201744 0.0 
v 0.03677073647631888 -0.3108548327249485 0.0 
v 0.03508696427713628 -0.30521213132256114 0.0 
v 0.036481834138771416 -0.30651410557977965 0.0 
v 0.0380129240146246 -0.3082656380935117 0.0 
v 0.03969119940008001 -0.31064405503538617 0.0 
v 0.03383858656003866 -0.3042102702273415 0.0 
v 0.03528490416912192 -0.30335835363609037 0.0 
v 0.03679630572522881 -0.30217368185562943 0.0 
v 0.038267536014978606 -0.30055477659412305 0.0 
v 0.03273505393552144 -0.30341192830986813 0.0 
v 0.03277903898959606 -0.3020691612935011 0.0 
v 0.03264873908130951 -0.30079155134668306 0.0 
v 0.03009539041739761 -0.30202619678008663 0.0 
v 0.030783489872186213 -0.30130197202622544 0.0 
v 0.03156466062625083 -0.3004886576966212 0.0 
v 0.032392211889423546 -0.2995746413325492 0.0 
v 0.029228267270694348 -0.30191237425194606 0.0 
v 0.02890285017660706 -0.3010061836898211 0.0 
v 0.028534264031334224 -0.30006555494800147 0.0 
v 0.02651680985023006 -0.30184660320719553 0.0 
v 0.02700594855879414 -0.30097591899164855 0.0 
v 0.027537185120876554 -0.3000575121332835 0.0 
v 0.028116462606781526 -0.2990986699570926 0.0 
v 0.02564852754158558 -0.3019229305705941 0.0 
v 0.025159841133888774 -0.3011881024956272 0.0 
v 0.02459305466292383 -0.3004432761090692 0.0 
v 0.025434623027425867 -0.2983157456663028 0.0 
v 0.02654472700036533 -0.29816930669211605 0.0 
v 0.02764919249209663 -0.2981024784030557 0.0 
v 0.028745490253241492 -0.298105989219096 0.0 
v 0.028982653512689922 -0.2959906768159312 0.0 
v 0.02941995314123406 -0.2970909930883313 0.0 
v 0.3883072660048849 -0.33818839686829033 0.0 
v 0.3956249487303008 -0.3866191413075492 0.0 
v 0.35325968286420056 -0.4212316999535979 0.0 
v 0.3079774823234982 -0.39663940330593644 0.0 
v 0.3045301898562495 -0.45416818994985486 0.0 
v 0.4282457555975306 -0.5602055723231001 0.0 
v 0.3640077518165797 -0.5431114094376499 0.0 
v 0.30590383741957405 -0.5174619929721104 0.0 
v 0.25427544432163796 -0.4889923839992853 0.0 
v 0.4606170650979776 -0.6319452067582085 0.0 
v 0.39663851729254174 -0.7003036880356286 0.0 
v 0.310248266850861 -0.7638793877664062 0.0 
v 0.4425703915268573 -0.8967337668136299 0.0 
v 0.32812576690911316 -0.8581919891274933 0.0 
v 0.21855441470086343 -0.8344818313691005 0.0 
v 0.20927495449681227 -0.46908878633727685 0.0 
v 0.20701417457461044 -0.5198236640578124 0.0 
v 0.16220293629877094 -0.5379723690219665 0.0 
v 0.137991300578783 -0.5083947119985287 0.0 
v 0.1210000044740454 -0.545175263795258 0.0 
v 0.11118317654997223 -0.6842152359713705 0.0 
v 0.1081366293985022 -0.6255160256828841 0.0 
v 0.09790552000125134 -0.5816467294322907 0.0 
v 0.08585221386802225 -0.7562707367620012 0.0 
v 0.05025547400513534 -0.7072224742577952 0.0 
v 0.023761973263225322 -0.6707351156806064 0.0 
v 0.005243140455506077 -0.641289311490122 0.0 
v -0.080511425339872 -0.7050383335818188 0.0 
v -0.051992298585811 -0.6711493959643395 0.0 
v -0.026566163415288717 -0.640378207368718 0.0 
v 0.15807567409945494 -0.3510006978691988 0.0 
v 0.1785029933124196 -0.35592919125972583 0.0 
v 0.20321025508348559 -0.3622907448217454 0.0 
v 0.20760702696118807 -0.3953736300889695 0.0 
v 0.23484101977006186 -0.36927663347704914 0.0 
v 0.2214422161903327 -0.28470440368918887 0.0 
v 0.23624173440225105 -0.3080240225972929 0.0 
v 0.2531699859135055 -0.3343427938621571 0.0 
v 0.27442871282908426 -0.36574006365023454 0.0 
v 0.23275333691382064 -0.2601268796181987 0.0 
v 0.2559762376216521 -0.25429686131250745 0.0 
v 0.278587077928342 -0.24582876473987195 0.0 
v 0.2682844920201273 -0.2095204381794003 0.0 
v 0.28264163814549387 -0.22260639206835078 0.0 
v 0.2997312013099996 -0.234759405366863 0.0 
v 0.21515445586493454 -0.2070748385336576 0.0 
v 0.20953844410017236 -0.22577953470933695 0.0 
v 0.19290483951000265 -0.22858771747897744 0.0 
v 0.049835540575557766 -0.18917704446400033 0.0 
v 0.050121207845799355 -0.19032841837825978 0.0 
v 0.04929078718833099 -0.19119533828011617 0.0 
v 0.05032220944238801 -0.19152352506228715 0.0 
v 0.0536257337558426 -0.18987402960189528 0.0 
v 0.052537888135713806 -0.19104130049382848 0.0 
v 0.05142667696952016 -0.19202220681324444 0.0 
v 0.05467593822042114 -0.18853741950524056 0.0 
v 0.055185008651270864 -0.19018973309704232 0.0 
v 0.05558028214844354 -0.19198756575527923 0.0 
v 0.0558508541623743 -0.19394466405411234 0.0 
v 0.06091076794098799 -0.1911968485638853 0.0 
v 0.05937393356528815 -0.1930401286147873 0.0 
v 0.0577147581469266 -0.1946718785426464 0.0 
v 0.06319778072248007 -0.1914402619359117 0.0 
v 0.06410015812834453 -0.19391445243870475 0.0 
v 0.06506746191419882 -0.19670672723545118 0.0 
v 0.07100309565315115 -0.19101891459854695 0.0 
v 0.06968805556427483 -0.193876823397276 0.0 
v 0.06810731720286622 -0.19675479808554813 0.0 
v 0.06630774074068152 -0.19967664819291098 0.0 
v 0.0738836931902829 -0.1903097850332226 0.0 
v 0.07590671135712378 -0.19279254403781612 0.0 
v 0.0779594698708785 -0.19565883527542244 0.0 
v 0.08318558855891474 -0.19101284817015535 0.0 
v 0.08162461666288491 -0.1949874547798946 0.0 
v 0.08001213685100587 -0.1988096068948482 0.0 
v 0.08995076707746485 -0.20017079868340626 0.0 
v 0.08615087060034292 -0.20140333532544488 0.0 
v 0.08214647709594818 -0.20217617557762577 0.0 
v 0.07820552667681142 -0.20258207722932228 0.0 
v 0.0776792571810076 -0.21024463763497817 0.0 
v 0.07609664458121693 -0.20625704671835843 0.0 
v 0.07447866968573698 -0.20273027694630788 0.0 
v 0.07099888837827237 -0.20272643037460267 0.0 
v 0.06772573545480846 -0.20266104338711316 0.0 
v 0.0645854425734016 -0.20265147339647485 0.0 
v 0.06411830374895566 -0.2080486020468423 0.0 
v 0.06307671930835097 -0.2054314704643596 0.0 
v 0.06166592638720536 -0.20300128353680894 0.0 
v 0.0583387469302773 -0.20601691680026255 0.0 
v 0.059126592140729274 -0.20368192410982006 0.0 
v 0.05982788293258466 -0.20100585596658074 0.0 
v 0.05373601933707191 -0.2016311179590775 0.0 
v 0.055722167952098514 -0.20065038621602496 0.0 
v 0.05781905428328631 -0.19953264987606076 0.0 
v 0.05214116764004062 -0.20037851801415182 0.0 
v 0.05242330224073531 -0.19824895509940496 0.0 
v 0.052635010468306265 -0.196219120362547 0.0 
v 0.04785944040376864 -0.1963771185427759 0.0 
v 0.0496233890348106 -0.19589901560058579 0.0 
v 0.05123174340061203 -0.1952154752633297 0.0 
v 0.07833330346453388 -0.1786940240424582 0.0 
v 0.07542509810191171 -0.17954744503247394 0.0 
v 0.07369443393153899 -0.17796306857111704 0.0 
v 0.07190964816996015 -0.17688019061809057 0.0 
v 0.07072763855037836 -0.1814527979378917 0.0 
v 0.07043318328494688 -0.1799616999357473 0.0 
v 0.07026854436800875 -0.17811079196073737 0.0 
v 0.07009745347234776 -0.17607070112602102 0.0 
v 0.06993243932057394 -0.18283851178718755 0.0 
v 0.06807732596176855 -0.18291327601990517 0.0 
v 0.06595395945963095 -0.18286331971718128 0.0 
v 0.06584005655465162 -0.1870397737343754 0.0 
v 0.06476614901695643 -0.18499662454506383 0.0 
v 0.05568000056236394 -0.18704504080767465 0.0 
v 0.05744258643248559 -0.1870885077325622 0.0 
v 0.05935064437224789 -0.1871282295317177 0.0 
v 0.05837623322169557 -0.18180365568456078 0.0 
v 0.059441614938001576 -0.1834512911325397 0.0 
v 0.06045255328828313 -0.18522960632107094 0.0 
v 0.059145612726134396 -0.17988482542365875 0.0 
v 0.061083688046634735 -0.1794345645246057 0.0 
v 0.06310464756641235 -0.17882499734492516 0.0 
v 0.06091281587149563 -0.17424371563397203 0.0 
v 0.06212431217288444 -0.1754816125120888 0.0 
v 0.06347564786946062 -0.17669552815735107 0.0 
v 0.06504957208612298 -0.1778734744853744 0.0 
v 0.05978366410755459 -0.17300119969871214 0.0 
v 0.06139050203683884 -0.17249411092198458 0.0 
v 0.06297280905636383 -0.17199120718391245 0.0 
v 0.06448698979326502 -0.1715891490096145 0.0 
v 0.06308210078128232 -0.16704119717623267 0.0 
v 0.06419942481819021 -0.1685474197641032 0.0 
v 0.06518718293335465 -0.17002336359577438 0.0 
v 0.06597707004510968 -0.17146612349216497 0.0 
v 0.06384033965252753 -0.16512490492178342 0.0 
v 0.06578323351252312 -0.16470411628750228 0.0 
v 0.0678625157711085 -0.16433881003559778 0.0 
v 0.06155787957985785 -0.1607419844088124 0.0 
v 0.061470658572772716 -0.1625311624601499 0.0 
v 0.06014925566928111 -0.1631413923770503 0.0 
v 0.05908895181512312 -0.1635088460402487 0.0 
v 0.05938109258674142 -0.16689612402977985 0.0 
v 0.05903756640136114 -0.16554149797616802 0.0 
v 0.058616349568924225 -0.16447073613687718 0.0 
v 0.0582041805513905 -0.16362517488320685 0.0 
v 0.05822115908797468 -0.16777281562337668 0.0 
v 0.05720826120121751 -0.1671765857221833 0.0 
v 0.05635744147122837 -0.16665013221819233 0.0 
v 0.05492040349798503 -0.16910500423076463 0.0 
v 0.05527605503627332 -0.16806847326601754 0.0 
v 0.05550996675824964 -0.1670845098415301 0.0 
v 0.05563620350272208 -0.1661713237188388 0.0 
v 0.05391744189789988 -0.16923959440768788 0.0 
v 0.05345111100576817 -0.1684209284768569 0.0 
v 0.05302092845868526 -0.16767506288211473 0.0 
v 0.05176704965674422 -0.17069487459361682 0.0 
v 0.052667516405338934 -0.17105518726918062 0.0 
v 0.05288991439661588 -0.17232416117424149 0.0 
v 0.05319989181361019 -0.17392234213987548 0.0 
v 0.05633204023190586 -0.1710534003180776 0.0 
v 0.05570916883545095 -0.17246418217889758 0.0 
v 0.05490836691664794 -0.1739682947709589 0.0 
v 0.05392888846379136 -0.17565594944640717 0.0 
v 0.057706871613873736 -0.17068699060046716 0.0 
v 0.058712685051220924 -0.17179829218019108 0.0 
v 0.05686363609557025 -0.17692548200181296 0.0 
v 0.05503369473251154 -0.1772626111046557 0.0 
v 0.05309928900609572 -0.17762229727945367 0.0 
v 0.054779266282063796 -0.18239135365946452 0.0 
v 0.053725924285225914 -0.18099750394645195 0.0 
v 0.05255792019700307 -0.17964238168439392 0.0 
v 0.054074111314498186 -0.18406623880000933 0.0 
v 0.05252377500614819 -0.1843142546410789 0.0 
v 0.051101253100092135 -0.18460806057249504 0.0 
v 0.051243344593124567 -0.18705212557636403 0.0 
v 0.05058334212517523 -0.18594852880430882 0.0 
v 0.049809335183760094 -0.18494952462507955 0.0 
v 0.06676277986450162 -0.17665883489432432 0.0 
v 0.06831664564862407 -0.17537927277858192 0.0 
v 0.06982743629702418 -0.17398930865975995 0.0 
v 0.06759079416665235 -0.17163514413467648 0.0 
v 0.06939561711127995 -0.17196099512578306 0.0 
v 0.07136952961835008 -0.17242267019429525 0.0 
v 0.18710565328731893 0.09325121864946069 0.0 
v 0.18610949841477356 0.09854029165819865 0.0 
v 0.19067168701912715 0.10297813170215539 0.0 
v 0.19607606273927672 0.10801139488358959 0.0 
v 0.17852921796809929 0.11557106610011335 0.0 
v 0.18602741933545072 0.1162142708564277 0.0 
v 0.19390259955736058 0.11558342677603464 0.0 
v 0.20198296228575427 0.11401934366698484 0.0 
v 0.1728104017608652 0.12116360313940339 0.0 
v 0.17616547018238043 0.1308515521369731 0.0 
v 0.18176419606657102 0.1412367602116626 0.0 
v 0.3513165446496466 0.08115217290834877 0.0 
v 0.3507138224079672 0.060592982896933656 0.0 
v 0.34755940575369243 0.04085373903775779 0.0 
v 0.33020575439332517 0.033724407893603835 0.0 
v 0.34265508608638956 0.021580698533360112 0.0 
v 0.39523893369456115 0.019897409710457753 0.0 
v 0.37456805975786256 0.014522485728031954 0.0 
v 0.3555669005335049 0.008919165125416382 0.0 
v 0.337902642032991 0.0029496739157415424 0.0 
v 0.40756512362818803 0.0024470584115418954 0.0 
v 0.3971412141271498 -0.017934088386686326 0.0 
v 0.3865217855441225 -0.036389600608779264 0.0 
v 0.43539160599259225 -0.058606479525858825 0.0 
v 0.4137090522286973 -0.056005717684363104 0.0 
v 0.39389844431419946 -0.054102123432255525 0.0 
v 0.3757722569710241 -0.052949176939652606 0.0 
v 0.44144909274826166 -0.0822572376498266 0.0 
v 0.4232674190065124 -0.10004106739192153 0.0 
v 0.12147716268004143 -0.48400669176932676 0.0 
v 0.14814790868818584 -0.4761151820124797 0.0 
v 0.17448958868035683 -0.4587757326195636 0.0 
v 0.19783720447247286 -0.4306690162856176 0.0 
v 0.14093669225895766 -0.4170488755820473 0.0 
v 0.1570726221483269 -0.41368437632109323 0.0 
v 0.17899735166704864 -0.4076769846813002 0.0 
v 0.1283888422791045 -0.4203258259798493 0.0 
v 0.13193619736124398 -0.4076865765717304 0.0 
v 0.13341811136678708 -0.3940183364380024 0.0 
v 0.1317957852853769 -0.3800135811446701 0.0 
v 0.25423509548070317 0.0647267548519286 0.0 
v 0.2501584353689431 0.06332682906057524 0.0 
v 0.24639369094648378 0.06234842558500128 0.0 
v 0.24423853554105582 0.06494305698198516 0.0 
v 0.2429564223394969 0.06174697319446057 0.0 
v 0.24268932028539758 0.05541430216675821 0.0 
v 0.24126867785560457 0.05868764857194625 0.0 
v 0.23986025637195332 0.06146333815472054 0.0 
v 0.23710699766389173 0.06143556217090433 0.0 
v 0.23468642975364412 0.06160601359057939 0.0 
v 0.23387534933887616 0.06360936061006475 0.0 
v 0.2325793197711891 0.06192449310814012 0.0 
v 0.23126116005655037 0.05823385247154082 0.0 
v 0.23107200534781486 0.06044130905319174 0.0 
v 0.23076101294958 0.062348748051805215 0.0 
v 0.22920550583458135 0.0628434785997334 0.0 
v 0.2278917080319644 0.06338005139397712 0.0 
v 0.22775491873845125 0.06465030052312509 0.0 
v 0.22681245833033478 0.06394738894278808 0.0 
v 0.22502942659084227 0.06060544629293283 0.0 
v 0.22543549190363518 0.06208709540030806 0.0 
v 0.22571379943307085 0.06342735457738424 0.0 
v 0.22350942874583732 0.06029712783331671 0.0 
v 0.22277799540308107 0.061527934697793295 0.0 
v 0.22224489201680145 0.06265634009270371 0.0 
v 0.21899514955959817 0.06075343922291756 0.0 
v 0.22012062443920288 0.061837620024022585 0.0 
v 0.22108531389816463 0.06285617209372876 0.0 
v 0.22195094846201455 0.06377255057606039 0.0 
v 0.21941959872141864 0.06557239984518845 0.0 
v 0.220630737667328 0.0653815240833514 0.0 
v 0.22181870455165695 0.0650127142543251 0.0 
v 0.2228706648402768 0.06450886836591374 0.0 
v 0.22468194022290963 0.06817639704758859 0.0 
v 0.22422238813082682 0.06650186576467017 0.0 
v 0.22395716819653758 0.06507608453161341 0.0 
v 0.2257478154240267 0.06965917734211399 0.0 
v 0.2263333308685141 0.06809423935218668 0.0 
v 0.22692418885186355 0.06683705725245168 0.0 
v 0.22743258713609676 0.06574746192788161 0.0 
v 0.2300402361756901 0.06769446976060647 0.0 
v 0.2293753617787032 0.06661869288970097 0.0 
v 0.2285916426340346 0.06557518947783274 0.0 
v 0.23131090172155236 0.06789954972308174 0.0 
v 0.23216793883295178 0.0667269008592597 0.0 
v 0.23302925228074686 0.06530490079696 0.0 
v 0.2362955962966962 0.06950050294803022 0.0 
v 0.23574706368050255 0.06743274352281697 0.0 
v 0.23493683385041425 0.06545768534735508 0.0 
v 0.23835927199765208 0.07043272387634839 0.0 
v 0.2402285121931614 0.06894155286254895 0.0 
v 0.24218633443363374 0.06712478315605097 0.0 
v 0.24576175746142254 0.07481478916938882 0.0 
v 0.24562516494960138 0.07152347798721764 0.0 
v 0.24512419133674926 0.06821841225036064 0.0 
v 0.24857358175404126 0.07687856507932601 0.0 
v 0.2518099640294178 0.07548130809015656 0.0 
v 0.25538160077733923 0.07379988247888414 0.0 
v 0.22167967798948524 0.057081448060933127 0.0 
v 0.22258811011753893 0.055184622367494954 0.0 
v 0.2212075516585956 0.05306511865656683 0.0 
v 0.22376357896350452 0.053087705977256004 0.0 
v 0.22708419112585765 0.05601557835449119 0.0 
v 0.22635428988025105 0.053539442695655026 0.0 
v 0.2252873749656582 0.05077377088778638 0.0 
v 0.22726492059133827 0.04824912796414101 0.0 
v 0.22981466389206537 0.04554943179121941 0.0 
v 0.2285049662583454 0.041133298677845 0.0 
v 0.23305952468707292 0.042735196920182864 0.0 
v 0.23707779413864402 0.04950772538654413 0.0 
v 0.23726535173916782 0.0450841140712182 0.0 
v -0.3424540720116609 -0.7433973853970172 0.0 
v -0.3456309345374162 -0.6529960714611619 0.0 
v -0.41371136879360576 -0.703426907919844 0.0 
v -0.4818269051684021 -0.6507585275736074 0.0 
v -0.5471112171571758 -0.5833419152099454 0.0 
v -0.6690970061654551 -0.7431750778520665 0.0 
v -0.6435542250187076 -0.6209982647133646 0.0 
v -0.6122087277152406 -0.5066399498911264 0.0 
v -0.1297692359891845 -0.44009407592297906 0.0 
v -0.11728642289297646 -0.43625838378392584 0.0 
v -0.12504639142238216 -0.42509922738399597 0.0 
v -0.11801357025351757 -0.41051235291992977 0.0 
v -0.10975625862728497 -0.39727450938052294 0.0 
v -0.14496847564897034 -0.3730126763904042 0.0 
v -0.12825014399342802 -0.3793398470190902 0.0 
v -0.11388124218986992 -0.38324629581520125 0.0 
v -0.14314796300277025 -0.3512109233864063 0.0 
v -0.126878705404833 -0.34382628203945176 0.0 
v -0.11320059206724467 -0.33847373274428866 0.0 
v -0.11498414072683705 -0.3135286810563277 0.0 
v -0.10877186692550754 -0.3252639410944803 0.0 
v -0.1016709165805281 -0.3344610811896559 0.0 
v -0.11125432805261942 -0.44703339633531475 0.0 
v -0.10481665880016124 -0.4348527871272668 0.0 
v -0.09191846064622215 -0.43388588285321905 0.0 
v -0.08547704710914424 -0.4462560324323096 0.0 
v -0.07853263837586519 -0.43247455982906563 0.0 
v -0.0852324697233218 -0.3981181044427471 0.0 
v -0.0797006376849093 -0.40863408403163404 0.0 
v -0.07312952597291267 -0.41894848869360807 0.0 
v -0.0653044041968193 -0.4291479975062244 0.0 
v -0.07907610675753393 -0.38776258174624967 0.0 
v -0.06923105422736657 -0.387380177253268 0.0 
v -0.06012926396634345 -0.38605584565944856 0.0 
v -0.06275802544521536 -0.364121104541185 0.0 
v -0.06031073283302279 -0.3712027495499927 0.0 
v -0.056709376103577215 -0.3776808938488492 0.0 
v -0.05176053383059997 -0.3836998169445503 0.0 
v -0.057666290506522375 -0.35849337852315843 0.0 
v -0.05183865315113064 -0.36044326168769214 0.0 
v -0.0473446271628789 -0.3627386455899662 0.0 
v -0.03920471526856132 -0.3450509912053505 0.0 
v -0.04026550264917274 -0.3535993022912256 0.0 
v -0.04210487601334932 -0.360928121431195 0.0 
v -0.04470935304448119 -0.3663747262076628 0.0 
v -0.031345948393762084 -0.3403605962227368 0.0 
v -0.023876170448234 -0.34588143458873516 0.0 
v -0.01584157555964191 -0.35203773969800956 0.0 
v -0.005029154908225843 -0.32651871876888516 0.0 
v -0.006974699545249106 -0.33574410295856955 0.0 
v -0.007400938213419377 -0.34543711960861084 0.0 
v -0.006399625725846462 -0.35601628623269616 0.0 
v 0.001776717158204771 -0.3258018705650154 0.0 
v 0.005327858938958452 -0.3299642584380231 0.0 
v 0.009186169225790089 -0.33258678092736055 0.0 
v 0.0033339860437188898 -0.35671170417395764 0.0 
v 0.012000118554877622 -0.3557903445071579 0.0 
v 0.017556703545671033 -0.36240970893263064 0.0 
v 0.019861307118614054 -0.35350386337909945 0.0 
v 0.017195163572622088 -0.34224899633630784 0.0 
v 0.021082632117386868 -0.3461979574411383 0.0 
v 0.026432157957966516 -0.3495875344153066 0.0 
v 0.029972128822124404 -0.3392796084281951 0.0 
v 0.03132362499898697 -0.34468884259947563 0.0 
v 0.033124042297031225 -0.35132986719179055 0.0 
v 0.04707213291989479 -0.338700717080251 0.0 
v 0.04374716955257813 -0.34494057620312674 0.0 
v 0.04021916398726089 -0.35133139293591853 0.0 
v 0.03630659563065044 -0.3584116249552658 0.0 
v 0.05349186077967614 -0.33848592480254136 0.0 
v 0.05630362783340105 -0.34407854451845815 0.0 
v 0.05909222530878859 -0.34920312754940763 0.0 
v 0.0712830907584412 -0.3404520801792096 0.0 
v 0.0672788299207981 -0.3444297386802482 0.0 
v 0.06427315413417027 -0.3487880431156633 0.0 
v 0.06200027677632646 -0.35364192260764477 0.0 
v 0.07558650367873664 -0.34312572710561845 0.0 
v 0.07489492240059034 -0.3477413425942294 0.0 
v 0.07396597694354173 -0.35122391463838243 0.0 
v 0.08429861873188774 -0.3542077335257775 0.0 
v 0.0794819630912915 -0.35439751538643677 0.0 
v 0.07537992121144924 -0.35426136995799173 0.0 
v 0.07221527886759704 -0.3536270295921583 0.0 
v 0.08675713283561681 -0.35907294703148446 0.0 
v 0.08331886114071857 -0.3642081363071189 0.0 
v 0.07927706403246983 -0.3691303807614347 0.0 
v 0.09447032974284247 -0.37753299447292193 0.0 
v 0.08738228172428976 -0.3767646615874564 0.0 
v 0.08076313736024655 -0.37557139180913335 0.0 
v 0.07460368294596034 -0.3738832237596664 0.0 
v 0.09705260511213869 -0.38493712971603344 0.0 
v 0.09174901972336733 -0.3916449644802711 0.0 
v 0.08610975362797349 -0.3983709889337717 0.0 
v 0.09701377248065346 -0.407791479038844 0.0 
v 0.08840897489082461 -0.40690214465462027 0.0 
v 0.07995627716336438 -0.4052239284247038 0.0 
v 0.11337060605961356 -0.38706674870461294 0.0 
v 0.1200621754914858 -0.37877775444877393 0.0 
v 0.12645415437619198 -0.3681385652369695 0.0 
v 0.10271798417579225 -0.3638004220518947 0.0 
v 0.1104447366574411 -0.36240412400610994 0.0 
v 0.11928160283581428 -0.3598470177293842 0.0 
v 0.0989109245837343 -0.35802594691830997 0.0 
v 0.101404285357817 -0.3516220122027422 0.0 
v 0.1033364569442878 -0.34554973999710736 0.0 
v 0.08887218030051368 -0.3438522844574566 0.0 
v 0.09424945464885445 -0.34260735336156756 0.0 
v 0.09977392705491514 -0.34118889802698193 0.0 
v 0.08557284810468345 -0.3397068902961888 0.0 
v 0.08754962828233959 -0.33423048216430606 0.0 
v 0.08980658591439547 -0.3289311675723539 0.0 
v 0.07429519188038593 -0.3256289836464148 0.0 
v 0.08091895628160871 -0.3246007763048507 0.0 
v 0.08712556887323394 -0.3239664697371352 0.0 
v 0.09289163984032289 -0.3240266143073723 0.0 
v 0.0674056839334058 -0.3263351852597913 0.0 
v 0.07077711427961937 -0.3196747958584166 0.0 
v 0.07405283027971164 -0.31308261105504537 0.0 
v 0.07729409768395232 -0.30642872422794426 0.0 
v 0.06091939753892317 -0.3022187323398183 0.0 
v 0.06714671302393788 -0.3017081383858809 0.0 
v 0.07359917367066542 -0.30074974017662187 0.0 
v 0.055272144688080886 -0.30178575796501145 0.0 
v 0.05851103252803849 -0.2969613801981422 0.0 
v 0.06107627051065163 -0.29189633485346594 0.0 
v 0.0630670683769903 -0.2867275126144685 0.0 
v 0.05571316927279217 -0.2843364596337627 0.0 
v 0.059956163489289165 -0.2831912212162656 0.0 
v 0.06447709017861301 -0.28153417324068136 0.0 
v 0.06527208325636202 -0.27640210620642364 0.0 
v 0.06543688460829905 -0.27143425348809536 0.0 
v 0.06935511722019717 -0.2681759926337006 0.0 
v 0.06498861646755588 -0.2667341531451815 0.0 
v 0.06067148736428654 -0.3265744345201621 0.0 
v 0.05758552628379523 -0.320799581880939 0.0 
v 0.054311100692538396 -0.3154318947650672 0.0 
v 0.04612037469758325 -0.32150620838176536 0.0 
v 0.048742177130139216 -0.3165455491236382 0.0 
v 0.05065034935883439 -0.3111321260190464 0.0 
v 0.04315796207427643 -0.3097078690518429 0.0 
v 0.047015740243481104 -0.3081073094239732 0.0 
v 0.05125468520321761 -0.30562074919050675 0.0 
v 0.04373438947083741 -0.2986258054052792 0.0 
v 0.04684216870009469 -0.2996202037058161 0.0 
v 0.050618130864899746 -0.30067841603194917 0.0 
v 0.04328960035356592 -0.2957662484388667 0.0 
v 0.04486295029343823 -0.29345370093786227 0.0 
v 0.045930719835215454 -0.29062543779562844 0.0 
v 0.039642423361652954 -0.2946488528452162 0.0 
v 0.03834561787274962 -0.2955560800632679 0.0 
v 0.03726286437711567 -0.2948667921768295 0.0 
v 0.03709980900461219 -0.2961534945692756 0.0 
v 0.03740869068300381 -0.2988198028721014 0.0 
v 0.036602406563228766 -0.2974896351010564 0.0 
v 0.03593044592082446 -0.2964013490581915 0.0 
v 0.034763543944656444 -0.29640110910549433 0.0 
v 0.033582642734476746 -0.29632657610809193 0.0 
v 0.03314717057464014 -0.2951796541960226 0.0 
v 0.03241238278215302 -0.2962366707670296 0.0 
v 0.032055828102774984 -0.2984056864163597 0.0 
v 0.031672466341349285 -0.29726863636262013 0.0 
v 0.09178237463242513 -0.3048943182480815 0.0 
v 0.09504876790842554 -0.31196907973869653 0.0 
v 0.09723710310681946 -0.3190055266216871 0.0 
v 0.09819798614469955 -0.3254875583041115 0.0 
v 0.11916292448354686 -0.32193300815432835 0.0 
v 0.11015486506869346 -0.32550854322044986 0.0 
v 0.10326143514735615 -0.3287027455872496 0.0 
v 0.12528366275111577 -0.33113781446499374 0.0 
v 0.11923699297831046 -0.34003414042619395 0.0 
v 0.15296498304250597 -0.3326673139819439 0.0 
v 0.16295009410243896 -0.31568796824032486 0.0 
v 0.17074197951709777 -0.2958365326309828 0.0 
v 0.06925059706930861 -0.3554662121637088 0.0 
v 0.06520021785668086 -0.35725655898527164 0.0 
v 0.060250659644552264 -0.35911067708669514 0.0 
v 0.06890921063675601 -0.3716393977700934 0.0 
v 0.06367824045177517 -0.36877975259951296 0.0 
v 0.058892981971341456 -0.3652519512458746 0.0 
v 0.05452315193385829 -0.36103030654909235 0.0 
v 0.06928775243228129 -0.3785259734778842 0.0 
v 0.06332603786875714 -0.3831131656086896 0.0 
v 0.05672097876887373 -0.38768761471794544 0.0 
v 0.07180479775709767 -0.4028788039202408 0.0 
v 0.0640090724182019 -0.3999294401086329 0.0 
v 0.05657454700834257 -0.3963992877035595 0.0 
v 0.04948404282687202 -0.392284014063414 0.0 
v 0.0731525483421206 -0.4121697600193787 0.0 
v 0.06565986644240258 -0.4191070875546486 0.0 
v 0.05753273825696314 -0.4259321255295092 0.0 
v 0.07852184931742662 -0.4448878666473065 0.0 
v 0.0678363406122939 -0.44103838873987367 0.0 
v 0.05810016000099324 -0.43691470466545806 0.0 
v 0.04889368100858676 -0.4326036075431505 0.0 
v 0.08013757886435352 -0.45858379033343605 0.0 
v 0.06801541849269895 -0.46722363832448743 0.0 
v 0.055425659671926815 -0.4726939287886771 0.0 
v 0.11153773653530213 -0.4644405136990566 0.0 
v 0.11968785619187072 -0.4474461154184981 0.0 
v 0.12447354470086622 -0.43290471436568284 0.0 
v 0.10565350919607887 -0.4255530252540667 0.0 
v 0.11693415315421053 -0.4236659330712103 0.0 
v 0.04806950259837978 -0.3629705549495255 0.0 
v 0.04085119689863121 -0.36487575783323767 0.0 
v 0.03271083229455972 -0.36677102623268 0.0 
v 0.04270903233879209 -0.3875597769207997 0.0 
v 0.036211359691314386 -0.38218574481432777 0.0 
v 0.02993495403172501 -0.3761034715939363 0.0 
v 0.023773965546667542 -0.3692843810603821 0.0 
v 0.04164028786332747 -0.39693462142436753 0.0 
v 0.033229756408773375 -0.40166974921744414 0.0 
v 0.024305320424459813 -0.4065141070884481 0.0 
v 0.04001517750962533 -0.4279784642491573 0.0 
v 0.03141372957809244 -0.4229290896717076 0.0 
v 0.02306907466394091 -0.41742679786844833 0.0 
v 0.014933762882158995 -0.41148418955417254 0.0 
v 0.03986072121442268 -0.4392046513519764 0.0 
v 0.03042471872697398 -0.4459012505790757 0.0 
v 0.020404186907094318 -0.45273076563989667 0.0 
v 0.04314633131307485 -0.4738552392430483 0.0 
v 0.031188683414076355 -0.47107832288831014 0.0 
v 0.019859982836976268 -0.4659183958339021 0.0 
v 0.009613890475403116 -0.45940671758931684 0.0 
v 0.04888463998614489 -0.4866810218951548 0.0 
v 0.03822320675462006 -0.5025699177011514 0.0 
v 0.023183859243379627 -0.5198001324587378 0.0 
v -0.031074105322243153 -0.3197478843546415 0.0 
v -0.03990847387857309 -0.31600593791572223 0.0 
v -0.0408983578746621 -0.3054782199122613 0.0 
v -0.048978272265875145 -0.3125717904321114 0.0 
v -0.053148271151992076 -0.3377595289219474 0.0 
v -0.05415013760751918 -0.32915363803788106 0.0 
v -0.05586176855916936 -0.32019075094469285 0.0 
v -0.059354613773829626 -0.34317774803540957 0.0 
v -0.06613882338089652 -0.34057270847940757 0.0 
v -0.07253079579636654 -0.3378417775136011 0.0 
v -0.07809408080679191 -0.36036182690030677 0.0 
v -0.07898768143465917 -0.3511097533124538 0.0 
v -0.079008949513357 -0.34219933485298654 0.0 
v -0.0781771316525611 -0.3340201783710916 0.0 
v -0.0852070986688206 -0.36753005145551665 0.0 
v -0.09478544188857002 -0.3643128068524536 0.0 
v -0.09188297142203548 -0.33124407485472057 0.0 
v -0.08343551347167232 -0.3285638866914235 0.0 
v -0.07599724435742085 -0.32657054917116235 0.0 
v -0.07681236612316192 -0.3118664208125662 0.0 
v -0.0724231383591655 -0.3190722238030553 0.0 
v -0.04376466681905096 -0.37219969706255024 0.0 
v -0.044064145748562704 -0.3800859092380564 0.0 
v -0.045459708074140924 -0.38953627113439054 0.0 
v -0.018119765233969066 -0.38347037130683104 0.0 
v -0.02840527098829903 -0.38994350634559277 0.0 
v -0.03803505566402658 -0.3955099512954837 0.0 
v -0.04766492255736127 -0.4001227498020835 0.0 
v -0.009304132674421428 -0.39104624410187583 0.0 
v -0.011310387608764592 -0.40323165355857926 0.0 
v -0.013138998828741639 -0.41518401269098587 0.0 
v 0.005203977195226775 -0.4165831111544675 0.0 
v -0.004769922614595842 -0.421791283259662 0.0 
v -0.014866880050011329 -0.42707880734050657 0.0 
v 0.011406971867777812 -0.38283715995457873 0.0 
v 0.014377751186004279 -0.3723166696769179 0.0 
v -0.05035021322832531 -0.41165659078355915 0.0 
v -0.053207285439074783 -0.42417827152889 0.0 
v -0.05578439688669673 -0.4378744694084522 0.0 
v -0.024999899010663122 -0.4324714191990029 0.0 
v -0.035179900440812616 -0.43815280688316405 0.0 
v -0.04559013725255908 -0.44451063559230414 0.0 
v -0.056510486196180244 -0.4521414799937059 0.0 
v -0.016538411940980522 -0.43891825034519566 0.0 
v -0.018280865108127042 -0.4505413597115124 0.0 
v -0.020480520501654883 -0.46161910141256884 0.0 
v -0.001858885911356277 -0.46531234646494457 0.0 
v -0.013488127667192071 -0.46972373501066594 0.0 
v -0.024440377291453305 -0.4721008252801784 0.0 
v -0.09352408550395006 -0.4591275861645561 0.0 
v -0.10633392338374235 -0.45889710217643565 0.0 
v -0.11866189696875559 -0.4582042723515828 0.0 
v -0.11456931327619399 -0.49706832479125923 0.0 
v -0.12235147816255387 -0.4845221696930372 0.0 
v -0.12787193989181952 -0.46996422577404906 0.0 
v -0.1307263612003358 -0.45497171189533436 0.0 
v -0.11852162625035699 -0.5145722264412675 0.0 
v -0.13790197032262352 -0.5223711499542083 0.0 
v -0.07608946435881347 -0.5468381690214627 0.0 
v -0.08547623658211154 -0.5273454645374132 0.0 
v -0.07578928068467167 -0.511242478447934 0.0 
v -0.06187524111018572 -0.5088071437011167 0.0 
v -0.06850451529521583 -0.4981454404252694 0.0 
v -0.0848376555986152 -0.4847209629090091 0.0 
v -0.07268545143732899 -0.48615244291463083 0.0 
v -0.06127195577265484 -0.4875353170131081 0.0 
v -0.05515319716117295 -0.4656611422278853 0.0 
v -0.05301020420601766 -0.4780904642819635 0.0 
v -0.050736083337342384 -0.4899524518282846 0.0 
v -0.030956783485874287 -0.48264923136348 0.0 
v -0.039601441107290324 -0.49326030931757253 0.0 
v -0.049874247860504956 -0.5026138359769877 0.0 
v -0.05117810029492926 -0.5182631387222217 0.0 
v -0.054309040072959225 -0.5385063906418531 0.0 
v -0.058984211886071565 -0.5646454669149484 0.0 
v 0.005332869744572621 -0.538638037743102 0.0 
v -0.013983517096341354 -0.5581073381450538 0.0 
v -0.035661490370104514 -0.5771868539962318 0.0 
v 0.029033920043283545 -0.5439333543151496 0.0 
v 0.03523057967764691 -0.5706038057628238 0.0 
v 0.037693600468141374 -0.14784256584554886 0.0 
v 0.036246636897349124 -0.14937963270901417 0.0 
v 0.034637322779517164 -0.15114712871773095 0.0 
v 0.03221976068337844 -0.15056278233955317 0.0 
v 0.03296813013764701 -0.15324045720119547 0.0 
v 0.0384054119275776 -0.15562194663692278 0.0 
v 0.036312298461082644 -0.15557670226207784 0.0 
v 0.03405401585126323 -0.15558068474092104 0.0 
v 0.03155909591936885 -0.1557038545462672 0.0 
v -0.04671641904228918 0.28955292426076956 0.0 
v -0.02745722474696525 0.2733405695318251 0.0 
v -0.0145576699830019 0.25828404566433466 0.0 
v 0.018663642243704502 0.2742998272015126 0.0 
v 0.0043039364607168375 0.2571297419749027 0.0 
v -0.10681100338393734 0.09662215643864898 0.0 
v -0.10111754407558803 0.10184675248953011 0.0 
v -0.0951108478409903 0.10065662270989574 0.0 
v -0.09229170743684342 0.09516761593824362 0.0 
v -0.08946813723308482 0.10056272777722379 0.0 
v -0.09185077112321478 0.11280339453028303 0.0 
v -0.08960268959155354 0.10944344385945082 0.0 
v -0.08702187046967814 0.10544082951686823 0.0 
v -0.08408646679319443 0.10109833644034298 0.0 
v -0.09071556286818053 0.11649142501400292 0.0 
v -0.08700502487275362 0.11792071777561929 0.0 
v -0.0830589599770485 0.11999015724653407 0.0 
v -0.08978332243697738 0.12725380105273168 0.0 
v -0.08690477770906206 0.12585554936545518 0.0 
v -0.08351884923778365 0.12444897342263007 0.0 
v -0.07942635368915957 0.12310092994830149 0.0 
v -0.07459582444828888 0.11213392077249518 0.0 
v -0.07683889654525144 0.10693394153275552 0.0 
v -0.07889235734820386 0.10190464021461647 0.0 
v -0.08083410548317968 0.09675409377771964 0.0 
v -0.06787116325913296 0.09562999593635746 0.0 
v -0.07238713303286798 0.09409992947612869 0.0 
v -0.07731098219866885 0.09267359136109606 0.0 
v -0.08266479687708822 0.0912384273103554 0.0 
v -0.08859047105334193 0.08989693847969571 0.0 
v -0.08427164963678721 0.08516578468420807 0.0 
v -0.08546278830416888 0.07835739297996105 0.0 
v -0.08608445031215982 0.07066390797396957 0.0 
v -0.05164578297275842 0.1607628698126045 0.0 
v -0.056435696761267994 0.15748761884380758 0.0 
v -0.06091712839882695 0.15462126534050913 0.0 
v -0.0526121632147384 0.14260976284597857 0.0 
v -0.05703856405498537 0.14619146080082357 0.0 
v -0.061205535461470784 0.14940433155906 0.0 
v -0.06511928186526954 0.15218011321045527 0.0 
v -0.06901514041205303 0.15017009048380187 0.0 
v -0.07253751654044692 0.1485553189324307 0.0 
v -0.07561761309893984 0.14719521200372715 0.0 
v -0.07331094137858288 0.1390141719044116 0.0 
v -0.07443405467768593 0.14206736932768496 0.0 
v -0.07605758075932396 0.14429017360943075 0.0 
v -0.07804547632712637 0.14585197784703147 0.0 
v -0.07960364889160439 0.14121845076547002 0.0 
v -0.0797084561294635 0.14270877458657252 0.0 
v -0.07981188343386024 0.1445506072962828 0.0 
v -0.08018654330472133 0.14665271257674403 0.0 
v -0.08431311829533426 0.14442353282945558 0.0 
v -0.08317735855297911 0.14554311232617828 0.0 
v -0.0821215807969224 0.14687101097170402 0.0 
v -0.08551529245146489 0.14337047007452866 0.0 
v -0.08577086712986935 0.14496561130075614 0.0 
v -0.08586390388402529 0.1464480023045809 0.0 
v -0.01782355788540686 -0.11544106212534477 0.0 
v -0.020083599353872553 -0.11479067712141088 0.0 
v -0.02054545927055723 -0.11268709753148214 0.0 
v -0.022096838835139784 -0.11416839503886646 0.0 
v -0.023449786415799364 -0.11785560127887713 0.0 
v -0.02378755032259443 -0.11563209044010284 0.0 
v -0.023988652056760984 -0.11343650971400167 0.0 
v -0.025778760441076846 -0.1124956684263459 0.0 
v -0.027400986282363628 -0.11128996833719437 0.0 
v -0.026983253597595822 -0.10937062357868423 0.0 
v -0.028726624355901294 -0.10982466014882031 0.0 
v -0.033209089983419614 -0.11566261708543163 0.0 
v -0.03210962830659959 -0.1125075941960936 0.0 
v -0.030885444229531125 -0.1099429622104999 0.0 
v -0.036570406048822515 -0.11632268916432216 0.0 
v -0.03870878192353156 -0.11337690614637115 0.0 
v -0.04105733730734411 -0.11009550660320273 0.0 
v -0.04601287180250034 -0.11573850343303906 0.0 
v -0.045147018631717786 -0.11147615444733026 0.0 
v -0.04403827450835805 -0.10697422577330341 0.0 
v -0.04725175657155232 -0.1043248286482419 0.0 
v -0.049916727800971825 -0.10179638429938818 0.0 
v -0.04917191394234428 -0.09856769915432498 0.0 
v -0.051895010776871094 -0.09932978782789377 0.0 
v -0.05982407929886848 -0.10608445777185335 0.0 
v -0.05708119008356284 -0.10243397688796384 0.0 
v -0.054911453507351875 -0.09932125847453162 0.0 
v -0.0641517818938292 -0.1046634488195266 0.0 
v -0.06458038363954326 -0.10015149925418142 0.0 
v -0.06480549829278157 -0.09603362848113717 0.0 
v -0.0747395860638572 -0.09810425264688355 0.0 
v -0.0713207186058502 -0.09622965379390627 0.0 
v -0.06801125927681205 -0.09418596084821945 0.0 
v -0.07751541529914482 -0.0958495041525758 0.0 
v -0.07725866923549082 -0.09229646298453296 0.0 
v -0.07748878222257108 -0.08868872343802134 0.0 
v -0.08259849394842189 -0.09024822635418028 0.0 
v -0.08061316113025091 -0.08782788222274673 0.0 
v -0.07834910790160161 -0.08516176947961426 0.0 
v -0.07952198945079945 -0.08200468103436374 0.0 
v -0.0804011248943491 -0.07926952057735819 0.0 
v -0.0790572045236144 -0.0774501712211784 0.0 
v -0.08073262934274202 -0.07700806262187057 0.0 
v -0.08845692507617255 -0.0779356215933447 0.0 
v -0.08506500161867743 -0.07648824773195337 0.0 
v -0.08232979615521575 -0.07553641196273933 0.0 
v -0.09134569885239917 -0.07483803045790087 0.0 
v -0.08985055186190688 -0.0704732533056661 0.0 
v -0.08787792991992323 -0.06626791357726607 0.0 
v -0.1001430391049087 -0.06253143193518051 0.0 
v -0.09496193971654691 -0.062243165365510854 0.0 
v -0.0901267319615599 -0.06213142255759849 0.0 
v -0.10260928847338606 -0.05763567622256469 0.0 
v -0.10027627227227365 -0.0526589333381723 0.0 
v -0.09808062516861857 -0.04687969286135805 0.0 
v -0.10802533371343055 -0.04537662088498847 0.0 
v -0.10290126342268763 -0.042233805756459554 0.0 
v -0.024672362633889486 -0.1446984362093476 0.0 
v -0.029310096058766475 -0.14283230283477186 0.0 
v -0.033455476450650105 -0.14046998691839666 0.0 
v -0.03705679361483685 -0.13756254703405124 0.0 
v -0.04341855595156534 -0.1447893855629338 0.0 
v -0.041696035194566536 -0.13911716721707362 0.0 
v -0.040102345638255335 -0.13423837075372475 0.0 
v -0.31044222486835593 0.006253278877269086 0.0 
v -0.2908090102903802 0.011467228469547739 0.0 
v -0.27903779324892597 -0.0027077937370028394 0.0 
v -0.26811090449749203 -0.014342553750609346 0.0 
v -0.24204294290668976 0.01610733872399194 0.0 
v -0.24953756032285568 0.0030513177457256106 0.0 
v -0.2549087533778951 -0.010246300195892562 0.0 
v -0.23255190245995253 0.029044396055031344 0.0 
v -0.22832866878162797 0.014049934276221568 0.0 
v -0.2252464825165891 0.0009212323008205359 0.0 
v -0.22354541196117447 -0.010127101431861447 0.0 
v -0.19365340616600804 -0.007002418810457443 0.0 
v -0.20574307165455313 -0.010521840918312046 0.0 
v -0.215493457370049 -0.015058239438039127 0.0 
v -0.1800562478255506 -0.007700043618180774 0.0 
v -0.18801526619431697 -0.019168171738645975 0.0 
v -0.19429925029430747 -0.028787304125501727 0.0 
v -0.19977837040662835 -0.03653972234117172 0.0 
v -0.18093666987716645 -0.051716468851226674 0.0 
v -0.18970353020042974 -0.04845388838143161 0.0 
v -0.19807084770899083 -0.045409104233946715 0.0 
v -0.2055267552590564 -0.04245865591778585 0.0 
v -0.17228590215729106 -0.05516361098511586 0.0 
v -0.17953083619054874 -0.06184882448234894 0.0 
v -0.18678701322940425 -0.06892102609912645 0.0 
v -0.19426409640036107 -0.0764808518343231 0.0 
v -0.1730030632063481 -0.0912232840580779 0.0 
v -0.18224343043920183 -0.08924498937969594 0.0 
v -0.19164555698693053 -0.08699638537506715 0.0 
v -0.20130374879681992 -0.08479477891458463 0.0 
v -0.163899655379218 -0.0926720168548059 0.0 
v -0.16984327365286644 -0.10108669581279288 0.0 
v -0.1764439916323002 -0.10969549006067439 0.0 
v -0.18360384493901596 -0.11812808824162618 0.0 
v -0.16903873076008152 0.0029217559587574257 0.0 
v -0.1669540072307301 -0.012612235107130922 0.0 
v -0.16558350800710933 -0.026269170729394345 0.0 
v -0.16502462856189293 -0.0382937738649695 0.0 
v -0.13612401830710114 -0.0371089093450209 0.0 
v -0.14706194963442532 -0.03934377433419186 0.0 
v -0.15647553590895316 -0.043561476536863444 0.0 
v -0.1647298049780921 -0.04897573379441797 0.0 
v -0.12628525879720232 -0.03965465902449028 0.0 
v -0.1329891864131784 -0.04700290921176621 0.0 
v -0.13760286423800067 -0.05414281553477459 0.0 
v -0.14109422981489939 -0.06047361902633354 0.0 
v -0.12702837448322735 -0.06752951112868451 0.0 
v -0.13268824420213887 -0.06693285072036556 0.0 
v -0.138654035522787 -0.0664943487205642 0.0 
v -0.14462124863185438 -0.06599398674874077 0.0 
v -0.1218106689045208 -0.06830475033740467 0.0 
v -0.12498061816673488 -0.07291999853112453 0.0 
v -0.12778384517376168 -0.07797042298716261 0.0 
v -0.13024546479489713 -0.08360469122292413 0.0 
v -0.11762333350983714 -0.08459268697893454 0.0 
v -0.12169766941856679 -0.08636453613612538 0.0 
v -0.12662430126584268 -0.08816927174267065 0.0 
v -0.1324110647511482 -0.09000049104714297 0.0 
v -0.11426330456207694 -0.08248116461034795 0.0 
v -0.1142166793514821 -0.08678527797747829 0.0 
v -0.11399906686132956 -0.09153866959789038 0.0 
v -0.11335641825778739 -0.09675626382922671 0.0 
v -0.10317278712070134 -0.0901053583003758 0.0 
v -0.10546738946410718 -0.09387937009125116 0.0 
v -0.10847621464483012 -0.09799030727612974 0.0 
v -0.11217179234276974 -0.1024366723266617 0.0 
v -0.1641669269907114 -0.05865619261426053 0.0 
v -0.16301410128737953 -0.06767532563626832 0.0 
v -0.1611355075431973 -0.07632787820232148 0.0 
v -0.1488225424102925 -0.07150224088050067 0.0 
v -0.15348844833920375 -0.07775143441386419 0.0 
v -0.15849889518359087 -0.08482557240400877 0.0 
v -0.15503999419855027 -0.09330121111244263 0.0 
v -0.1505403668192505 -0.10183735675570625 0.0 
v -0.144488531667509 -0.11030614461726664 0.0 
v -0.13427500878622076 -0.09736734711975266 0.0 
v -0.13571733746554965 -0.10600022487924726 0.0 
v -0.13628976801969211 -0.11625855565984454 0.0 
v -0.19466795097604425 0.1992105478313631 0.0 
v -0.21146406407536064 0.20104210885711227 0.0 
v -0.2322986070817831 0.19812489869078584 0.0 
v -0.20869732690060636 0.16125730178986422 0.0 
v -0.21884027566846187 0.16863685616442356 0.0 
v -0.23183882843987216 0.1767360640771528 0.0 
v -0.20815603039545205 0.14850121887491008 0.0 
v -0.21853143754311877 0.14260583180929098 0.0 
v -0.2286295313618089 0.13951685220883117 0.0 
v -0.21686818710595107 0.09675855663605228 0.0 
v -0.22710279142714615 0.11438432155568486 0.0 
v -0.2344757197046673 0.1290821484179615 0.0 
v -0.23050138989003505 0.0797050155087345 0.0 
v -0.24983072185851052 0.08283883422804757 0.0 
v -0.22130815856040437 0.042008621093083585 0.0 
v -0.20615718547536482 0.036817733447348705 0.0 
v -0.19175864615406463 0.03121766757067041 0.0 
v -0.182685035087977 0.055469129798366705 0.0 
v -0.18252870779892902 0.042174154620258954 0.0 
v -0.1782418635526038 0.02944063746850803 0.0 
v -0.16598119141248235 0.042383534889893514 0.0 
v -0.16695727130731133 0.0326127773381771 0.0 
v -0.1690151176213012 0.018982365000565955 0.0 
v -0.1345105378786451 0.02967124006864422 0.0 
v -0.14525774741589817 0.02019168131164507 0.0 
v -0.15661500618077331 0.011497673294725534 0.0 
v -0.12345636487078808 0.03844413772045055 0.0 
v -0.12198580989394213 0.0240834503938613 0.0 
v -0.11948161761750418 0.00970586777595683 0.0 
v -0.11552962862005281 -0.004974538382694307 0.0 
v -0.11255037798995225 0.045500019917285514 0.0 
v -0.10243181598289657 0.03997424499448975 0.0 
v -0.09261340848682686 0.03558503671757496 0.0 
v -0.08609250292557706 0.06202802875034637 0.0 
v -0.0855420995922393 0.052529874629921564 0.0 
v -0.08452412996169148 0.04239871257352949 0.0 
v -0.0830702215185301 0.03197164391473617 0.0 
v -0.07928798244626822 0.06696848477024753 0.0 
v -0.07190898185341463 0.06434423152765947 0.0 
v 0.023396807862033853 -0.12058456375548286 0.0 
v 0.027020307114050394 -0.12187790582668011 0.0 
v 0.027175797588078438 -0.12535502606080798 0.0 
v 0.026995279698832964 -0.12801080624805644 0.0 
v 0.03483914657364094 -0.128936884124534 0.0 
v 0.03141578027619085 -0.12946235431760125 0.0 
v 0.028465965469390897 -0.12992706041696853 0.0 
v 0.026080712171980405 -0.13000612000057138 0.0 
v 0.03846563828490633 -0.12892279312703966 0.0 
v 0.03646124771099775 -0.13213547493461725 0.0 
v 0.034742288168444775 -0.1352477834941166 0.0 
v 0.0332362372733872 -0.13841361389983858 0.0 
v -0.09529947052643033 0.08885465524796295 0.0 
v -0.10312164966275629 0.08834256594023819 0.0 
v -0.11263139495849203 0.08845452947942993 0.0 
v -0.10981192635079975 0.06927125381071446 0.0 
v -0.11715960826344243 0.07761087699215527 0.0 
v -0.12417860027288813 0.08758247789784539 0.0 
v -0.13705942119909287 0.08544180923957057 0.0 
v -0.15090210698940085 0.08326428776722375 0.0 
v -0.14366912666083448 0.13526558831848776 0.0 
v -0.15202695208439582 0.1320850320926395 0.0 
v -0.15880315364409123 0.14002813521962582 0.0 
v -0.16450602717306442 0.14999337152949577 0.0 
v -0.18360017924064884 0.13849415043818233 0.0 
v -0.17602034601210753 0.15036946202795126 0.0 
v -0.1692421245352477 0.160952850877637 0.0 
v 0.032271426008382946 -0.1416780501879357 0.0 
v 0.035111843102067976 -0.14079805241181154 0.0 
v 0.03672106982532771 -0.14281383476258863 0.0 
v 0.03800542561925302 -0.1445646138965482 0.0 
v 0.042732201249946866 -0.14043881355487473 0.0 
v 0.04127834192024897 -0.1425140287389342 0.0 
v 0.040016380474750625 -0.1444908002313501 0.0 
v 0.038897284304784445 -0.1462822856765758 0.0 
v 0.03954622427827137 -0.1481476125556211 0.0 
v 0.04017954182976112 -0.15010133932846825 0.0 
v 0.04084311232056721 -0.15205461800610595 0.0 
v 0.045325690780196125 -0.14905428058923104 0.0 
v 0.04400445446495837 -0.15065526564927234 0.0 
v 0.04274760322605353 -0.15228242462740094 0.0 
v -0.12647386725129894 -0.15164381632353202 0.0 
v -0.13444570130931546 -0.1546182703204049 0.0 
v -0.14123389206672282 -0.1483192750497599 0.0 
v -0.14931934227037022 -0.1413732316293946 0.0 
v -0.15800843009416407 -0.15964536316922873 0.0 
v -0.1588465402234858 -0.1484076377708138 0.0 
v -0.1595371123787956 -0.13578079530650472 0.0 
v -0.17069507015908011 -0.13226108069521392 0.0 
v -0.1811881707777441 -0.1291880755194587 0.0 
v -0.1910875368018471 -0.12618541329141478 0.0 
v -0.19643222816278005 -0.1564685724447655 0.0 
v -0.19740914495211168 -0.14476970284730373 0.0 
v -0.19873228397495057 -0.13377587962800727 0.0 
v -0.20049632446427296 -0.12324128906613506 0.0 
v -0.2059369023509326 -0.16373824387492436 0.0 
v -0.2152343662837086 -0.15753815085287323 0.0 
v -0.2228475198736104 -0.15070104676709625 0.0 
v -0.24302126767624285 -0.18058017569376836 0.0 
v -0.23792181285667652 -0.16542773321611765 0.0 
v -0.23300099629360385 -0.15282548277752567 0.0 
v -0.2282235635506345 -0.1426658479797663 0.0 
v -0.25924999253843667 -0.1838316228063814 0.0 
v -0.267874157734 -0.16771761317989473 0.0 
v -0.27392566552954734 -0.1505133822351273 0.0 
v -0.21893120372460437 -0.2023161584889582 0.0 
v -0.20544658680362676 -0.19270259308276946 0.0 
v -0.1916568343868388 -0.19828242698400317 0.0 
v -0.17692885429079125 -0.2014160853927245 0.0 
v -0.17306898269004786 -0.17643313824152154 0.0 
v -0.16901783057615538 -0.1885539699788547 0.0 
v -0.16265699600055394 -0.20067880976346736 0.0 
v -0.33241274652853736 -0.0010502623685333396 0.0 
v -0.31498442147377415 -0.01715193349492687 0.0 
v -0.31614204087437975 -0.04156552963380738 0.0 
v -0.3129835978347097 -0.06642639834409465 0.0 
v -0.27031969185570043 -0.04508287614861804 0.0 
v -0.2815846914621606 -0.05558626199439486 0.0 
v -0.2929983442671988 -0.06953688558795416 0.0 
v -0.25892512666500717 -0.05010018368671586 0.0 
v -0.25676403255560626 -0.061980531370503696 0.0 
v -0.25325827307733584 -0.0723740692975223 0.0 
v -0.23321328314559606 -0.06096717753243146 0.0 
v -0.23927689367161253 -0.0663456483572478 0.0 
v -0.24446835137791256 -0.07289481446430653 0.0 
v -0.24869401351521378 -0.08098062977353469 0.0 
v -0.22673729805223383 -0.06471712053766356 0.0 
v -0.22737281603877119 -0.07210559962772276 0.0 
v -0.2287178529243736 -0.0778966359286559 0.0 
v -0.21084337003572315 -0.08367502259234028 0.0 
v -0.2193412329150952 -0.08351547289362372 0.0 
v -0.22629106176042338 -0.0830952842035997 0.0 
v -0.20761732070257796 -0.09317934124180068 0.0 
v -0.2138615391933353 -0.10086430804732938 0.0 
v -0.22034822947798952 -0.10807636040960812 0.0 
v -0.20953146120551788 -0.12045174959987098 0.0 
v -0.21836781359646032 -0.11783585877266567 0.0 
v -0.22718121213133088 -0.11517279008607742 0.0 
v -0.23179754344177772 -0.13308028181427273 0.0 
v -0.23436770432571014 -0.12261993243544103 0.0 
v -0.23605400633173268 -0.11201086543386932 0.0 
v -0.2649556640898054 -0.1226222595838668 0.0 
v -0.2542514667046325 -0.11455323923601586 0.0 
v -0.2449591379452214 -0.10781223004505039 0.0 
v -0.23691989421162438 -0.10184401529329286 0.0 
v -0.2772257599714139 -0.1326945099818067 0.0 
v -0.27760371265054484 -0.1150163821838761 0.0 
v -0.2751215797323684 -0.09848075335194828 0.0 
v -0.24326646250751596 -0.08769432935930307 0.0 
v -0.23704090256999893 -0.09263466774647874 0.0 
v -0.29105367039684105 -0.14561090020466083 0.0 
v -0.31033386901782184 -0.1376550969608484 0.0 
v -0.3325953068360509 -0.12596851410481721 0.0 
v -0.3376621270728728 -0.20779572348368217 0.0 
v -0.3483545573681361 -0.17874948976309527 0.0 
v -0.35566013903428434 -0.14687495137881307 0.0 
v -0.35285228500701843 -0.23656183405132494 0.0 
v -0.3849054684122193 -0.23905550076612442 0.0 
v -0.2123326779406656 -0.05646124242381358 0.0 
v -0.212164931561756 -0.047291246130173485 0.0 
v -0.21195580541711734 -0.038763336181761206 0.0 
v -0.23335828224847208 -0.042590239846231934 0.0 
v -0.22564255702994684 -0.03808159219971212 0.0 
v -0.218134474227391 -0.03400787048383067 0.0 
v -0.24098228883321726 -0.03740783597484239 0.0 
v -0.2397033968378 -0.0269085287851139 0.0 
v 0.05264129892583344 -0.1669681561543857 0.0 
v 0.05220932257357443 -0.1677019589793017 0.0 
v 0.051361761915064454 -0.16768104651207436 0.0 
v 0.050410681002645855 -0.16763877963985688 0.0 
v 0.05108034317079625 -0.17016110811788554 0.0 
v 0.050510176816007994 -0.1694658609177368 0.0 
v 0.04994487457962661 -0.16866641046258207 0.0 
v 0.049332794066296606 -0.16776226987148737 0.0 
v 0.050883071243282466 -0.17117374128559995 0.0 
v 0.049865690353882726 -0.17149955654549665 0.0 
v 0.04882858144273377 -0.17162906691621668 0.0 
v 0.04926402368677509 -0.1754781502609857 0.0 
v 0.0486502509550471 -0.1739248760158775 0.0 
v 0.04815485015760456 -0.17262301490885176 0.0 
v 0.04783115800054954 -0.1714808088968894 0.0 
v 0.04796727862842155 -0.17679793946040512 0.0 
v 0.04647568445096399 -0.17632465831868346 0.0 
v 0.04507181434360624 -0.17585369303437792 0.0 
v 0.04426731791003228 -0.18002116126489978 0.0 
v 0.04408739662127185 -0.17847176729174824 0.0 
v 0.043898572513961474 -0.17691218927184887 0.0 
v 0.04370707412205907 -0.17536286471424037 0.0 
v 0.04311884064106751 -0.18106544335851268 0.0 
v 0.04174328621822085 -0.18060142453415312 0.0 
v 0.04033248865525319 -0.18011498486689292 0.0 
v 0.03974646911429537 -0.18454960734245163 0.0 
v 0.03938835133083417 -0.1829021540088913 0.0 
v 0.03911124973479941 -0.18124126240958383 0.0 
v 0.03890202899331503 -0.17958744479941186 0.0 
v 0.038592018349718725 -0.18588575221870515 0.0 
v 0.03692176683584882 -0.18552624151798128 0.0 
v 0.035175858110341275 -0.1850864887309314 0.0 
v 0.035007427914380246 -0.1904857522349828 0.0 
v 0.03435933859735326 -0.18858811242377532 0.0 
v 0.03378960329071646 -0.18661271652822464 0.0 
v 0.03333102528458429 -0.18455207192853987 0.0 
v 0.03382791197366686 -0.1921993503733857 0.0 
v 0.031866961111638885 -0.1920875788096676 0.0 
v 0.029816565497163734 -0.19199275322397566 0.0 
v 0.029577435439294014 -0.19591596711715223 0.0 
v 0.028617998092818103 -0.19396980674065945 0.0 
v 0.03440720274919754 -0.19752651315281503 0.0 
v 0.03540023546568419 -0.19578338998393435 0.0 
v 0.03719934759079836 -0.1957971976805938 0.0 
v 0.0389524542657677 -0.19584950270448448 0.0 
v 0.038629551615293495 -0.1908177563171779 0.0 
v 0.039316108062449034 -0.1925382874553134 0.0 
v 0.0400095936269068 -0.1942508726644057 0.0 
v 0.04068082269892922 -0.1959490926296571 0.0 
v 0.03971018056646152 -0.1892563511805827 0.0 
v 0.041406273014777194 -0.18935651848049212 0.0 
v 0.043092196759918495 -0.18933338268350472 0.0 
v 0.042680237526228175 -0.18511559841644837 0.0 
v 0.04317021800481622 -0.186495468953364 0.0 
v 0.04381287776243211 -0.18780407573381697 0.0 
v 0.044665323147298736 -0.1890342865806832 0.0 
v 0.04363537775330696 -0.1839835343397461 0.0 
v 0.04485327897603415 -0.18428791461855187 0.0 
v 0.04591029178029102 -0.18461870912309167 0.0 
v 0.0468640975437217 -0.18112767956888384 0.0 
v 0.04687382679296909 -0.18259346434451124 0.0 
v 0.04685394567260885 -0.18392469115156498 0.0 
v 0.0481398421874875 -0.18022896272730204 0.0 
v 0.04940184292227531 -0.1810473777556516 0.0 
v 0.048061037906135126 -0.1875638615126768 0.0 
v 0.048336683084259355 -0.1864997896598865 0.0 
v 0.048642267756264526 -0.18533675994541085 0.0 
v 0.04130703336269722 -0.19762255714734292 0.0 
v 0.04240749694391473 -0.19610528178882825 0.0 
v 0.044161324411149845 -0.19630976169289543 0.0 
v 0.045990063077990626 -0.1964915686756463 0.0 
v 0.04587591840140591 -0.1916209100789297 0.0 
v 0.0463154866912461 -0.1932385165383777 0.0 
v 0.046969154214200656 -0.1948011278137637 0.0 
v 0.04578233411760108 -0.1899944553799177 0.0 
v 0.047020063639681954 -0.19058742882507074 0.0 
v 0.048197964549666246 -0.19094976006987585 0.0 
v 0.045993253925244205 -0.188524191984188 0.0 
v 0.04709857656740001 -0.18801355336329217 0.0 
v 0.03133941223686545 -0.18390224658398255 0.0 
v 0.029103830937049133 -0.18312094043957677 0.0 
v 0.02643472545166266 -0.18226781959973543 0.0 
v 0.025737175691720512 -0.18751858564377102 0.0 
v 0.02461001484526294 -0.1850055015558872 0.0 
v 0.023203223969682267 -0.18209317146520002 0.0 
v 0.03612150562459151 -0.18005262078626144 0.0 
v 0.03747283288741133 -0.17900097867027226 0.0 
v 0.03874017744084684 -0.17796138263045777 0.0 
v 0.03595157019369408 -0.17531932299396297 0.0 
v 0.03725545846457636 -0.1758204848035527 0.0 
v 0.03859673248824346 -0.17637201752630732 0.0 
v 0.03996354234428217 -0.1769209567646521 0.0 
v 0.03457736179114047 -0.17501743655956198 0.0 
v 0.03567895709825356 -0.1738106496908252 0.0 
v 0.036895438180443586 -0.17269451753319634 0.0 
v 0.03814051418442869 -0.17164658217287654 0.0 
v 0.03531493096563163 -0.16854305932277475 0.0 
v 0.036700475437469446 -0.16936302032582679 0.0 
v 0.03804031597002736 -0.1700477954017335 0.0 
v 0.03937018081293248 -0.1706442098070542 0.0 
v 0.03292738033790539 -0.1749068289172219 0.0 
v 0.03234732080600902 -0.17299043355003466 0.0 
v 0.032062650108956176 -0.17083873294472218 0.0 
v 0.027963933929575434 -0.17147284624077322 0.0 
v 0.030125861799354205 -0.1698861575143843 0.0 
v 0.03206286782710649 -0.16859895054599927 0.0 
v 0.04116586690866913 -0.17588236649269517 0.0 
v 0.042354616219768354 -0.17484989773526396 0.0 
v 0.043527906640784875 -0.17382896151792715 0.0 
v 0.04070820206602393 -0.17119971803802203 0.0 
v 0.042049687709640696 -0.1717479001319038 0.0 
v 0.043376430080382354 -0.1722987646933158 0.0 
v 0.04056662639597453 -0.16965200279269166 0.0 
v 0.04173865074498112 -0.16862283129195443 0.0 
v 0.042911679949359585 -0.1675072851364144 0.0 
v 0.039783897407132826 -0.1654886208146923 0.0 
v 0.04113324263756469 -0.16565656711996435 0.0 
v 0.042543650890399354 -0.16595568942138642 0.0 
v 0.0439906149422979 -0.16627542286600547 0.0 
v 0.04464718221121011 -0.1636942455010903 0.0 
v 0.04492755626585792 -0.1650786682017108 0.0 
v 0.04540876673585135 -0.16639667877622064 0.0 
v 0.04719233671142759 -0.16521747622179625 0.0 
v 0.04668629522896116 -0.16628243683473498 0.0 
v 0.04615639845118438 -0.1675578621262296 0.0 
v 0.04820704621203991 -0.1680880612471286 0.0 
v 0.047056748977380554 -0.16848835573056037 0.0 
v 0.045807316373484994 -0.16900473366108634 0.0 
v 0.046815974095021445 -0.17106259129314305 0.0 
v 0.04571823177520802 -0.17047582559046587 0.0 
v 0.037707980973052474 -0.3207999073290206 0.0 
v 0.03528745487416767 -0.3234363598539247 0.0 
v 0.03273584112257972 -0.32532679784633556 0.0 
v 0.034620982149716976 -0.3310439176733429 0.0 
v 0.03221682967647517 -0.3284849510761133 0.0 
v 0.030262468088458793 -0.3265504146115459 0.0 
v 0.028038489466209578 -0.32722508487504104 0.0 
v 0.02619015555607409 -0.32745395859035403 0.0 
v 0.02481782426941872 -0.3272887741647512 0.0 
v 0.022969346209745094 -0.33267279857267346 0.0 
v 0.023296470498097015 -0.33003595218192683 0.0 
v 0.023586279147538986 -0.32805213675813627 0.0 
v 0.02394036524785387 -0.3266348406504939 0.0 
v 0.020109027916171782 -0.3337865112889286 0.0 
v 0.01845223821910225 -0.33128104697921407 0.0 
v 0.017446120372083578 -0.32876473514643795 0.0 
v 0.012475841947500942 -0.330082410048482 0.0 
v 0.015004080339554067 -0.32806211746269354 0.0 
v 0.016955708236026337 -0.32639105541008134 0.0 
v 0.041220872059202704 -0.20411028238191628 0.0 
v 0.039971437630578845 -0.20434761161390286 0.0 
v 0.03863842953063824 -0.20457275609089084 0.0 
v 0.03783844393464683 -0.20338177990449627 0.0 
v 0.03724757398537878 -0.2048474406740169 0.0 
v 0.037610336602414356 -0.20731236761527777 0.0 
v 0.03675427741433284 -0.20630065522754393 0.0 
v 0.03580712111149597 -0.20521627173032345 0.0 
v 0.0343079832200505 -0.20571596168358258 0.0 
v 0.03273505010371754 -0.20638741502740524 0.0 
v 0.03130624377881302 -0.20521933761185332 0.0 
v 0.031088566568625926 -0.20731495307692716 0.0 
v 0.03374081769414391 -0.21040141684188068 0.0 
v 0.03259742640205287 -0.20976837887037353 0.0 
v 0.031236717241238394 -0.20918817619599991 0.0 
v 0.029570895325992025 -0.20867356280460186 0.0 
v 0.03368129588481848 -0.2116333775831194 0.0 
v 0.03279520878297821 -0.2123512467746345 0.0 
v 0.03195624780315307 -0.21313195458997375 0.0 
v 0.03317078088858154 -0.21458177426558991 0.0 
v 0.03209710967487557 -0.21430233018028386 0.0 
v 0.031036120009317346 -0.21386751591885006 0.0 
v 0.03519965251763834 -0.21246458387915215 0.0 
v 0.03574370144211883 -0.21208982000985235 0.0 
v 0.03618166823895439 -0.21191106435771845 0.0 
v 0.036125097241122305 -0.21010888771407682 0.0 
v 0.03628026792647006 -0.21092472530457995 0.0 
v 0.0364352098500574 -0.21151056982384916 0.0 
v 0.03694502603553719 -0.2096021256895104 0.0 
v 0.037519324365556474 -0.21016492787510846 0.0 
v 0.02230442642866088 -0.20650947717262388 0.0 
v 0.023172018739476774 -0.2084662914933073 0.0 
v 0.02411996316724742 -0.21059676432045252 0.0 
v 0.02277069473466279 -0.21293099432411433 0.0 
v 0.02527184300614637 -0.21273819718404616 0.0 
v 0.028364301389985393 -0.21038523748542975 0.0 
v 0.027429239265502645 -0.21228826130565617 0.0 
v 0.026764411371880015 -0.21447515451104884 0.0 
v 0.0298732613719682 -0.21462769727851264 0.0 
v 0.02841466920862323 -0.21559283773672402 0.0 
v 0.026647873240666052 -0.21689637282535001 0.0 
v 0.029169396280308325 -0.21956433962733224 0.0 
v 0.027123828393463615 -0.21927600821239493 0.0 
v 0.024775687256379367 -0.21878134514497866 0.0 
v 0.023014801818155222 -0.22117201071702047 0.0 
v 0.021342819650273178 -0.22381627153877656 0.0 
v 0.018315913535152755 -0.22377806043253023 0.0 
v 0.01971381134356289 -0.22671211517811327 0.0 
v 0.024294680897238373 -0.2289709444095812 0.0 
v 0.02132251743835475 -0.22948492297784695 0.0 
v 0.018102200276903204 -0.22987228732722828 0.0 
v 0.016483905554716186 -0.233288701007684 0.0 
v 0.014840708572457333 -0.23691946519594462 0.0 
v 0.011082311724571178 -0.23742756999188325 0.0 
v 0.013181481459074303 -0.24069975598809318 0.0 
v -0.07314974324232223 -0.1305684108626797 0.0 
v -0.07863792344219168 -0.13611145664738789 0.0 
v -0.07170037752324625 -0.13808538103228324 0.0 
v -0.06979279377280775 -0.145576401910052 0.0 
v -0.07513377300088894 -0.15196732889763245 0.0 
v -0.06732050573498738 -0.1533881409267415 0.0 
v -0.05584811103759857 -0.14664503126355213 0.0 
v -0.059548946360477445 -0.15340244019649654 0.0 
v -0.06358359977030353 -0.16107128889078606 0.0 
v -0.053711035632694304 0.1365277443918626 0.0 
v -0.05938354417371503 0.1347183462143951 0.0 
v -0.06493910241119485 0.1332975311121776 0.0 
v -0.059900953352565546 0.1177113547597804 0.0 
v -0.06333547224713747 0.12306521638234397 0.0 
v -0.0667431325837795 0.1278186233129331 0.0 
v -0.07006713631638836 0.1320007401114192 0.0 
v -0.057184576426986655 0.11169773815891564 0.0 
v -0.06329367013229631 0.11226685376752836 0.0 
v -0.0690015427067332 0.11237765494425823 0.0 
v -0.05091330393836193 0.11016395657749119 0.0 
v -0.05546284643659575 0.10545290460564663 0.0 
v -0.059719598380660835 0.10124114280962676 0.0 
v -0.06376002582384979 0.09788266361464623 0.0 
v -0.05423822392890849 0.08505121459059826 0.0 
v -0.05943454263193882 0.08926153257229108 0.0 
v -0.06397518565325144 0.09266655651014934 0.0 
v -0.05638891847070901 0.07764057931594394 0.0 
v -0.06323405804412453 0.07660323468115537 0.0 
v -0.07659632513773558 0.12697417240938746 0.0 
v -0.07453044120898383 0.1310185411023768 0.0 
v -0.07329041963034046 0.13516097229550658 0.0 
v -0.08118567057643834 0.13655592425686827 0.0 
v -0.07865581670680814 0.13651106089962844 0.0 
v -0.07601621755687314 0.1372585897837051 0.0 
v -0.08336157169829642 0.13731817186118478 0.0 
v -0.08178396686054885 0.13873174109346478 0.0 
v -0.08058497652075383 0.14011516853248557 0.0 
v -0.1520793032718714 0.16914182466042935 0.0 
v -0.14252215605543603 0.1673567162514649 0.0 
v -0.13401497638176071 0.16537433306073987 0.0 
v -0.13152104618299876 0.15722052701457886 0.0 
v -0.12652820515449695 0.16351661857312394 0.0 
v -0.12202583974303621 0.17550007574770662 0.0 
v -0.12183039418021402 0.16868365205353167 0.0 
v -0.12014901050537627 0.16258802926468796 0.0 
v -0.11264941433582552 0.16654579505886422 0.0 
v -0.11497345974946861 0.16257874613295678 0.0 
v -0.11717803557608282 0.1577162158448773 0.0 
v -0.10633722585876337 0.15582413348551935 0.0 
v -0.10993986395820847 0.15541046611297002 0.0 
v -0.11379666430437752 0.15429502834112174 0.0 
v -0.10313658230583601 0.1553950605023289 0.0 
v -0.1049410029629915 0.1528910209937044 0.0 
v -0.10620323310183184 0.15036288394717234 0.0 
v -0.10058595815586135 0.15441605676757666 0.0 
v -0.10014236737234608 0.15203843706732484 0.0 
v -0.09954584353027233 0.14998130094215814 0.0 
v -0.09649546702071636 0.15096885905741714 0.0 
v -0.09769066407766723 0.14955856643696605 0.0 
v -0.1297700516017394 0.1247132730621648 0.0 
v -0.1251538876734234 0.11841012486070912 0.0 
v -0.1189212342628025 0.11287567681462499 0.0 
v -0.1114810576908337 0.1284290963622128 0.0 
v -0.11282440916373787 0.12327117671890932 0.0 
v -0.11311610717363037 0.117323185059468 0.0 
v -0.10930596273091692 0.13247933132772532 0.0 
v -0.10738867172008534 0.12904022342469662 0.0 
v -0.10512054112442643 0.12636312180908463 0.0 
v -0.10690189444955862 0.13531944964835346 0.0 
v -0.10408658620226181 0.13484795185847082 0.0 
v -0.10161773552945404 0.1347684288878897 0.0 
v -0.10157876244962188 0.14036285920893732 0.0 
v -0.10120604702814653 0.13855838275000817 0.0 
v -0.1004864984311125 0.13674690608609777 0.0 
v -0.10031691134611097 0.14140211844741274 0.0 
v -0.09904829223381062 0.14099274831998018 0.0 
v -0.09782465169044774 0.14075407502901255 0.0 
v -0.09809615920990591 0.14383176342395074 0.0 
v -0.09743554314837584 0.14298972342276242 0.0 
v -0.09691983685224866 0.14179135581958427 0.0 
v -0.09661425655391823 0.14042018684539387 0.0 
v -0.09892868203613969 0.1441790220645016 0.0 
v -0.09808591766439576 0.14498128627423512 0.0 
v -0.09680018910973794 0.14588415907043192 0.0 
v -0.1000222569570805 0.14409280285475182 0.0 
v -0.10083686771086071 0.14524735117308404 0.0 
v -0.1017427411677829 0.1467161907032675 0.0 
v -0.1048642243680149 0.14233190039449184 0.0 
v -0.10437381542738759 0.14450349080187447 0.0 
v -0.10365639535888574 0.14652598824949992 0.0 
v -0.10707404787521477 0.14134553907759068 0.0 
v -0.10895073326437428 0.14325910356195978 0.0 
v -0.11042653831142352 0.14563358335529925 0.0 
v -0.1179906719308716 0.13785169880379167 0.0 
v -0.11581406500792432 0.1425447889985297 0.0 
v -0.11349223645039953 0.14606074468268043 0.0 
v -0.12367697763683176 0.13741413953746304 0.0 
v -0.1264989796417241 0.14315657255069178 0.0 
v -0.1289574194055486 0.14975704899164752 0.0 
v -0.140593387925195 0.1430401921235849 0.0 
v -0.1364288812624659 0.1503845248324609 0.0 
v 0.014343873627531768 0.35529268055634783 0.0 
v -0.024666187750530418 0.355253639190349 0.0 
v -0.049216862897403575 0.39010677727987636 0.0 
v -0.07895761636039558 0.4289484650897842 0.0 
v -0.15038724152150476 0.32235263010063586 0.0 
v -0.14023793610290475 0.37032770742502774 0.0 
v -0.1284275738933049 0.41937341979991666 0.0 
v -0.11397612512695962 0.470340115019662 0.0 
v -0.1925952057681185 0.3114622746116856 0.0 
v -0.22753776343851081 0.34074595879805636 0.0 
v -0.266892384362828 0.3704726696471244 0.0 
v -0.3020796465679548 0.24814925248247524 0.0 
v -0.3057903510426982 0.2961677859626564 0.0 
v -0.3087742604323633 0.34681584159602 0.0 
v -0.31034189301727205 0.40089201394593826 0.0 
v -0.30177419550605944 0.2051018362917766 0.0 
v -0.3366913348952657 0.22461109992580833 0.0 
v -0.37529532394580684 0.24131913182560602 0.0 
v -0.41725111763226175 0.255603009604471 0.0 
v -0.4151552697083159 0.13827230317289727 0.0 
v -0.4299347035113754 0.17706277132118248 0.0 
v -0.4455651140160934 0.21962224578134373 0.0 
v -0.4627188052710701 0.2670860335203706 0.0 
v -0.40018823183699676 0.10288003513669623 0.0 
v -0.4355806670894324 0.10459085354453426 0.0 
v -0.4734829607894296 0.10633599767632693 0.0 
v -0.15417065605902247 0.5127598736689705 0.0 
v -0.19853040809154845 0.5550500714200789 0.0 
v -0.2443663667860962 0.5971063846713207 0.0 
v -0.3100569824498766 0.45864422282452816 0.0 
v -0.30728963108110663 0.5197130449616609 0.0 
v -0.30096366115384887 0.5829396970242106 0.0 
v -0.2885196334398164 0.6455924115683827 0.0 
v -0.358128527216785 0.43199736461803434 0.0 
v -0.4109417434245326 0.463846239897272 0.0 
v -0.46975529017789625 0.49634173955363325 0.0 
v -0.4812014388297048 0.3208800188771866 0.0 
v -0.5001794413904052 0.3820955913330135 0.0 
v -0.5186156220561562 0.45136877951572396 0.0 
v -0.5355470499064195 0.529081190063313 0.0 
v -0.5121421097376213 0.27472558549584636 0.0 
v -0.5665485992832623 0.27713065425903083 0.0 
v -0.6276826524980268 0.27330192343906673 0.0 
v -0.5975337799202973 0.15290406173197946 0.0 
v -0.6466499180463869 0.1994321649251093 0.0 
v -0.6977215551258577 0.2632893832117101 0.0 
v -0.26042667321925206 0.7033147855401087 0.0 
v -0.3373559894877967 0.7092550097048407 0.0 
v -0.40346476027748857 0.7904933051439551 0.0 
v -0.4915737177385381 0.8708359662007031 0.0 
v -0.550330586288637 0.6156042994696523 0.0 
v -0.5630647518184486 0.7115601221531243 0.0 
v -0.5753423055014539 0.8179127285354297 0.0 
v -0.6089684629905331 0.5615692252509146 0.0 
v -0.6902051739010486 0.5937893986137568 0.0 
v -0.7791752155030333 0.62680617701631 0.0 
v -0.7482430258903716 0.34255053067536595 0.0 
v -0.7964074083332903 0.4356545476644622 0.0 
v -0.8401818832177187 0.542304714263787 0.0 
v -0.7787760940924244 0.2486133608079651 0.0 
v -0.872014950973219 0.2315518125197049 0.0 
v -0.9771893638637156 0.21236983578565666 0.0 
v -0.8356754020853032 -0.11154601644848895 0.0 
v -0.9111787972720468 -0.00958291402704516 0.0 
v -0.9960416366392764 0.08888789614425423 0.0 
v -0.8769603758949112 -0.24147616584061707 0.0 
v -0.9640954316315208 -0.26555601802111656 0.0 
v -0.7744916320214239 -0.4458195434822628 0.0 
v -0.6736349303529264 -0.4239266535862018 0.0 
v -0.5823551273626341 -0.4017508678676829 0.0 
v -0.5895166981407782 -0.23684940740913252 0.0 
v -0.5540568568227441 -0.31296496215126735 0.0 
v -0.5072514562191829 -0.3733554022464365 0.0 
v -0.45133950634280967 -0.34326311402088583 0.0 
v -0.4091240652201417 -0.31986566307713576 0.0 
v -0.3779296258742853 -0.3396747628243873 0.0 
v -0.020928421756974677 0.10161517575079837 0.0 
v -0.014362333307149965 0.10757797364039023 0.0 
v -0.022211343157218767 0.1093545164187133 0.0 
v -0.024888450463451305 0.11579329954446507 0.0 
v -0.02865672337104305 0.12123110860907356 0.0 
v -0.03648046076467778 0.10950813215934296 0.0 
v -0.03599392159174978 0.1140638713995155 0.0 
v -0.03473550146252182 0.1196432444277023 0.0 
v -0.03318007944972669 0.12600669887007698 0.0 
v -0.03983101593390347 0.1064060718124026 0.0 
v -0.04505172609957653 0.1080387458879497 0.0 
v -0.04428425740779553 0.12797397797010923 0.0 
v -0.03809489942921002 0.1304153679975478 0.0 
v -0.03171760373128604 0.13288684102686393 0.0 
v 0.05193326006059127 0.3488335406710725 0.0 
v 0.040579795483968215 0.38781008363114544 0.0 
v 0.07468539533741847 0.4224867159445883 0.0 
v 0.11864448520333898 0.46040937647142244 0.0 
v 0.03134900621882014 0.5315714836166376 0.0 
v 0.10054021932964781 0.5226590280413188 0.0 
v -0.12843334847364743 -0.23261328371987888 0.0 
v -0.13520855401612636 -0.24356033658136686 0.0 
v -0.14920905735506382 -0.24264573928060387 0.0 
v -0.16534903427606193 -0.2394912290765689 0.0 
v -0.1600508539927433 -0.2959349893045645 0.0 
v -0.17045998515787267 -0.2763453740277371 0.0 
v -0.17817724894605214 -0.25603314236612423 0.0 
v -0.17042435589672583 -0.31843108549153964 0.0 
v -0.19453437265382684 -0.322226801190474 0.0 
v -0.22208481350854573 -0.3258115126096688 0.0 
v -0.19355292351167092 -0.4019368010292954 0.0 
v -0.21399747505282155 -0.38121844713709907 0.0 
v -0.23363811829359069 -0.3578166448924322 0.0 
v -0.2526175893172032 -0.331658870571543 0.0 
v -0.3114248578918461 -0.41282539115780603 0.0 
v -0.2973059879932264 -0.3743310056945715 0.0 
v -0.2841828268682481 -0.33934430515269903 0.0 
v -0.27229407723743837 -0.30568190576185755 0.0 
v -0.3198474851640516 -0.2879464627931278 0.0 
v -0.29165173728232374 -0.28179400830013507 0.0 
v -0.26376744449634604 -0.27327350892078367 0.0 
v -0.27451888453454737 -0.22619044270979738 0.0 
v -0.2583458477928617 -0.24427449883691932 0.0 
v -0.238754605430562 -0.2603476260109782 0.0 
v -0.21925207416604073 -0.22208954618558646 0.0 
v -0.218524684240407 -0.24484904382470069 0.0 
v 0.2574458840795386 0.061577682834864644 0.0 
v 0.25584405077098277 0.0566130865598679 0.0 
v 0.2537526396090135 0.051546400080240244 0.0 
v 0.26862590888960497 0.051263005522101036 0.0 
v 0.2629783367662825 0.048354109690639906 0.0 
v 0.25686459067820355 0.04672837803100467 0.0 
v 0.531526163087046 -0.03990970831498715 0.0 
v 0.5497729553512112 -0.012785453907832065 0.0 
v 0.5200673874084755 -0.013137105042878185 0.0 
v 0.5071359691961157 0.012065295733842383 0.0 
v 0.49353823467562585 0.03454800309919139 0.0 
v 0.4545720742066787 0.007580977173193322 0.0 
v 0.4677385511769604 0.03200270149637862 0.0 
v 0.48147578305161326 0.056936837934237906 0.0 
v 0.0722343784017059 -0.15160904419600857 0.0 
v 0.07284664469094733 -0.14860142375783902 0.0 
v 0.0732308532981841 -0.14537925835800042 0.0 
v 0.06635781628797881 -0.14691237701997453 0.0 
v 0.06848624986055114 -0.1456270860822682 0.0 
v 0.07070281585476809 -0.144074997011063 0.0 
v 0.07304719796396746 -0.1421134788711873 0.0 
v 0.06731781200891754 -0.1386780946855985 0.0 
v 0.06963902976519208 -0.1387350495845664 0.0 
v 0.07229124557922001 -0.13908170748055668 0.0 
v 0.07526601938018498 -0.13957847397168258 0.0 
v 0.07608903365032334 -0.13381104140767125 0.0 
v 0.07718181536574781 -0.13676586479414002 0.0 
v 0.07847783624016971 -0.1397512976645256 0.0 
v 0.08645727644013702 -0.1505186105644036 0.0 
v 0.08437130795699511 -0.14790729533193897 0.0 
v 0.08552664251266863 -0.14453626222810045 0.0 
v 0.08663147363651715 -0.14123420958757507 0.0 
v 0.08165652351162812 -0.13943200743082992 0.0 
v 0.08467411362732935 -0.1388505669717034 0.0 
v 0.0876264726856679 -0.13803787799574493 0.0 
v 0.057395882144050954 -0.16358041941694662 0.0 
v 0.05664941099387783 -0.16350332466668538 0.0 
v 0.0563767835670559 -0.1628500621440041 0.0 
v 0.055994073744389104 -0.16341598395821236 0.0 
v 0.05567084531502087 -0.16533895231169424 0.0 
v 0.055630298965232285 -0.1645864091777752 0.0 
v 0.0555334291629342 -0.1639021258445046 0.0 
v 0.055022335619339176 -0.1657314341060704 0.0 
v 0.054504038763739444 -0.16532715537400525 0.0 
v 0.05408099579616658 -0.1649529494611209 0.0 
v 0.05301675009917423 -0.16629376790418593 0.0 
v 0.05331875447350794 -0.16567101948507637 0.0 
v 0.053554369562907586 -0.16509197143636076 0.0 
v 0.05375480380126831 -0.16455737361974732 0.0 
v 0.05243740780162769 -0.1643874692850715 0.0 
v 0.05292023690989147 -0.16421893672592613 0.0 
v 0.053461447100302505 -0.16410167851972504 0.0 
v 0.054005033692081414 -0.16406291937777276 0.0 
v 0.053882754652650036 -0.16207326893029597 0.0 
v 0.05414913950843897 -0.1628994098190898 0.0 
v 0.05436572460341495 -0.16356750769918463 0.0 
v 0.05372597219574589 -0.16099710006036905 0.0 
v 0.05465961399094192 -0.1614047250851841 0.0 
v 0.05540893721927771 -0.1618379117159505 0.0 
v 0.05598252789006459 -0.1623057727818622 0.0 
v 0.05858746880481859 -0.15094901489151086 0.0 
v 0.06007326462790826 -0.15212773052523787 0.0 
v 0.060391896212725844 -0.15001863236111945 0.0 
v 0.06229958978423578 -0.1490560476451067 0.0 
v 0.0642938281376073 -0.14803359968305604 0.0 
v 0.06102290747828701 -0.14329956320924905 0.0 
v 0.06276747782980918 -0.1444874975018675 0.0 
v 0.06452751366721587 -0.145677396243327 0.0 
v 0.05923353629708215 -0.142113456050458 0.0 
v 0.061232053171902494 -0.1409651171595452 0.0 
v 0.06325261142859243 -0.13992481199840281 0.0 
v 0.06525374440271932 -0.1390857912954428 0.0 
v 0.06233544367125519 -0.13321845818038966 0.0 
v 0.06430505241398371 -0.13495677942830678 0.0 
v 0.0659997777386955 -0.13679013110361204 0.0 
v 0.060169977894666084 -0.13158702950242995 0.0 
v 0.0627908160352174 -0.13023919884827065 0.0 
v 0.06559153280186121 -0.12893591714378255 0.0 
v 0.06860686184625185 -0.1275678009171318 0.0 
v 0.06395209885478086 -0.1204596592089451 0.0 
v 0.06642667591584737 -0.12229773722081529 0.0 
v 0.06893552827399438 -0.12408493365698166 0.0 
v 0.07161904082833395 -0.12583391488875595 0.0 
v 0.06140160686294029 -0.11857672874627405 0.0 
v 0.06442018077034171 -0.11706009434663762 0.0 
v 0.06743637519373193 -0.11575046382935977 0.0 
v 0.1902837928646724 -0.113876093047455 0.0 
v 0.1852481018561231 -0.11205255714984452 0.0 
v 0.1847968317409948 -0.10639669064631248 0.0 
v 0.18467541999759587 -0.10123183425240566 0.0 
v 0.17076272336299392 -0.10315373730650648 0.0 
v 0.17601839915273973 -0.10092544742678977 0.0 
v 0.18082474233262183 -0.09855964569560091 0.0 
v 0.18524492570171297 -0.09646208495369676 0.0 
v 0.16739666591775237 -0.09917027815414566 0.0 
v 0.16868400025226082 -0.09430134691284317 0.0 
v 0.16928788399195224 -0.08946839456471192 0.0 
v 0.15769010932221325 -0.09633911737547361 0.0 
v 0.15878222650692492 -0.09985111375926405 0.0 
v 0.15586023138218677 -0.10316535790817193 0.0 
v 0.15194148335865076 -0.10180401903041618 0.0 
v 0.15235257211528833 -0.10632348324822663 0.0 
v 0.15748992090776767 -0.11342475647112854 0.0 
v 0.1526868999255441 -0.11134734081550032 0.0 
v 0.14845844588401155 -0.10920344605080513 0.0 
v 0.14462906320323923 -0.10701244221347975 0.0 
v 0.1443546290832122 -0.11174819547963799 0.0 
v 0.14017807366613466 -0.11393077043923011 0.0 
v 0.13683457233017507 -0.11130014416319496 0.0 
v 0.13603175885192711 -0.11573618093651482 0.0 
v 0.13801921775577938 -0.12374202186403215 0.0 
v 0.1348764955137012 -0.12028911017711849 0.0 
v 0.13198277708003184 -0.11716230973364383 0.0 
v 0.12930950081675274 -0.11431856019803618 0.0 
v 0.12805851520049583 -0.1182295012235595 0.0 
v 0.12424401577252144 -0.11899274039145978 0.0 
v 0.1220709316134731 -0.11593199501132233 0.0 
v 0.1204880931607764 -0.11956998431976602 0.0 
v 0.1951879377460234 -0.11626997872359374 0.0 
v 0.19486538768537168 -0.11001736790283621 0.0 
v 0.199621377179122 -0.10526662904758188 0.0 
v 0.2042091495862011 -0.09915640833571183 0.0 
v 0.18964341609368823 -0.09506825006387742 0.0 
v 0.19462004767778676 -0.09420450278648504 0.0 
v 0.2005050120312691 -0.09323167054588814 0.0 
v 0.2074740938906664 -0.09165231401068656 0.0 
v 0.18647548682487067 -0.09158763642657569 0.0 
v 0.18786525152341493 -0.08642525914172772 0.0 
v 0.18915488865123214 -0.08115334955454474 0.0 
v 0.1763183112827973 -0.08073693151157234 0.0 
v 0.18102055636182043 -0.07948806060656596 0.0 
v 0.18561676668064978 -0.07787214329339813 0.0 
v 0.19019127322466364 -0.07593694103564037 0.0 
v 0.21511907859175003 -0.08829431136917151 0.0 
v 0.20895858181364926 -0.08379711439425444 0.0 
v 0.20940934038865158 -0.0765185379805573 0.0 
v 0.2091911290888498 -0.06985223839197503 0.0 
v 0.19479654263109397 -0.07362934012485876 0.0 
v 0.19942874042982792 -0.07086612207610375 0.0 
v 0.20403215443102093 -0.06757870352690153 0.0 
v 0.20851785255090163 -0.06374863904057469 0.0 
v 0.19090778892479557 -0.07088367560009226 0.0 
v 0.1912997570797946 -0.06605684435293659 0.0 
v 0.19139053565803424 -0.06149437047265314 0.0 
v 0.18117286215221717 -0.0635732713255103 0.0 
v 0.1845853505291171 -0.061775233480443656 0.0 
v 0.18794551926760517 -0.059662884735504046 0.0 
v 0.19121396592759815 -0.057223327054064535 0.0 
v 0.05967410408246394 -0.15412914266990532 0.0 
v 0.06150857006229023 -0.1534458555957039 0.0 
v 0.06290616619291592 -0.15494283592150193 0.0 
v 0.06430308826049776 -0.15666018367187806 0.0 
v 0.06730024090020884 -0.1534676497589019 0.0 
v 0.06660484886570187 -0.1559806469674273 0.0 
v 0.06581528898616268 -0.15846263623079057 0.0 
v 0.0673692909329108 -0.1602492243622699 0.0 
v 0.06879642592697252 -0.16210021618128273 0.0 
v 0.061978668653134235 -0.25016121334222724 0.0 
v 0.06023496878252386 -0.2547914746387896 0.0 
v 0.05858791904884435 -0.2586629689119676 0.0 
v 0.05540433468951689 -0.2592825559845722 0.0 
v 0.05695603153292954 -0.2617478308817232 0.0 
v 0.06116736675822963 -0.2656230715936736 0.0 
v 0.05787195723772683 -0.26477563712699076 0.0 
v 0.055111981243394136 -0.26407764528621774 0.0 
v 0.05298233078777677 -0.26593987839595873 0.0 
v 0.05079692181500597 -0.2675620930699622 0.0 
v 0.04876173796947948 -0.2665194505388752 0.0 
v 0.048712898935499356 -0.26886897818166244 0.0 
v 0.0521678932634674 -0.2751966360624555 0.0 
v 0.05005962896530823 -0.2731728294994485 0.0 
v 0.04820811541499547 -0.27135641106400593 0.0 
v 0.05121419984004761 -0.2785502342783421 0.0 
v 0.048119022420906314 -0.27927535168646017 0.0 
v 0.04522345472915449 -0.27983931278899193 0.0 
v 0.046077433919346246 -0.2875880159201772 0.0 
v 0.045339445410868706 -0.284840691874815 0.0 
v 0.0441633540657739 -0.28253007337018643 0.0 
v 0.04264752859296781 -0.2805587271266985 0.0 
v 0.043917751246399205 -0.289168308455533 0.0 
v 0.04216785375986843 -0.2882630753470247 0.0 
v 0.04067160190378792 -0.28763602131573635 0.0 
v -0.03305331505939068 -0.06140416574430127 0.0 
v -0.031177398565494514 -0.057145081437492626 0.0 
v -0.02900414934591199 -0.052253844259407906 0.0 
v -0.0423037490454481 -0.051164229517555455 0.0 
v -0.037474515643620955 -0.04954119773285547 0.0 
v -0.032450342348920476 -0.04811329513407966 0.0 
v -0.02711548259405737 -0.04669663700601783 0.0 
v -0.04614579927516071 -0.04772987726907617 0.0 
v -0.04498437994298656 -0.042121441271717804 0.0 
v -0.043454787776385166 -0.03647095360185171 0.0 
v -0.05976732702050402 -0.034766141848586646 0.0 
v -0.05303028127702079 -0.0333875187970629 0.0 
v -0.047068727713270225 -0.03215416789014158 0.0 
v -0.06351896392597106 -0.028319938628701993 0.0 
v -0.059870703558834684 -0.021770444969260866 0.0 
v -0.05597727119642939 -0.015832496612500125 0.0 
v -0.07321954520002032 -0.006563754063192873 0.0 
v -0.0652623204055195 -0.007752671056179638 0.0 
v -0.05811375546566263 -0.009153165587847031 0.0 
v -0.051804462683447204 -0.010597759122802388 0.0 
v -0.0761206350013228 0.0021097957653128086 0.0 
v -0.06973285968694197 0.009339577824331284 0.0 
v -0.06287032332785927 0.016224452901917884 0.0 
v -0.07381283864421875 0.02879702015471476 0.0 
v -0.06486900676479165 0.02583376558029959 0.0 
v -0.056200089405075315 0.023130454671129543 0.0 
v -0.09567949762899934 0.005060327173454581 0.0 
v -0.1025933063405934 -0.004996426271714615 0.0 
v -0.10867235688344767 -0.016901331215306282 0.0 
v -0.08260178076831105 -0.02185317314807938 0.0 
v -0.09129174368301753 -0.022831595384083258 0.0 
v -0.10068667340114139 -0.02490762757987106 0.0 
v -0.07831109806774113 -0.028855972658017665 0.0 
v -0.08148748239229442 -0.03605902437173845 0.0 
v -0.0838436149598819 -0.042974406577242046 0.0 
v 0.07631793118751166 -0.11509360148430747 0.0 
v 0.0794128161534243 -0.11618662299607377 0.0 
v 0.07960652506956453 -0.11969299426094203 0.0 
v 0.0823645717207516 -0.11765284360119226 0.0 
v 0.08671070842234435 -0.10745142134080428 0.0 
v 0.0857910016467187 -0.11192067032433932 0.0 
v 0.08532927221487771 -0.11578356309299069 0.0 
v 0.09115931980808828 -0.10688218156626803 0.0 
v 0.09306271786482774 -0.11026939623289711 0.0 
v 0.09442972829183624 -0.11326178775136418 0.0 
v 0.09995950016653665 -0.11129704434994103 0.0 
v 0.09741157426226307 -0.11387968072519315 0.0 
v 0.09513168586503445 -0.11614360689149955 0.0 
v 0.09805589328312216 -0.120617242139222 0.0 
v 0.0953175220538895 -0.1192112244415414 0.0 
v 0.09283751571596287 -0.11790235129499896 0.0 
v 0.08984059693826654 -0.1256794667705065 0.0 
v 0.09007662211347038 -0.12252236326508997 0.0 
v 0.09030226605994275 -0.119380564238406 0.0 
v 0.09615433594145953 -0.09949775318878243 0.0 
v 0.0948722141987909 -0.09567195879183478 0.0 
v 0.09756515974065369 -0.09287864026035048 0.0 
v 0.09413488568256424 -0.09169510101806994 0.0 
v 0.08702871342298196 -0.0931008223645484 0.0 
v 0.09048296194299323 -0.09040994522486188 0.0 
v 0.09352542092832412 -0.08775691384833094 0.0 
v 0.09288210106246016 -0.08413130383807631 0.0 
v 0.09237884663935991 -0.08083335045693775 0.0 
v 0.0945851715919426 -0.07875259920540326 0.0 
v 0.0920876665335915 -0.07777959905445075 0.0 
v 0.08401671541252015 -0.0807462989005227 0.0 
v 0.08668015857500753 -0.0782981218237605 0.0 
v 0.0895344476001622 -0.07627899878271914 0.0 
v 0.09233012607336816 -0.07479092881174233 0.0 
v 0.08188824747090617 -0.08382012660050821 0.0 
v 0.08033503905159568 -0.08011887471923153 0.0 
v 0.0792749638555165 -0.07562588623268994 0.0 
v 0.07864073839292204 -0.07047291159460889 0.0 
v 0.06487200155500521 -0.0767675992108081 0.0 
v 0.06949202016946862 -0.07270780845527301 0.0 
v 0.07375954342311063 -0.06879339617435838 0.0 
v 0.07795024341392247 -0.0649995487521504 0.0 
v 0.05975246765829913 -0.07983654064011617 0.0 
v 0.060035982056763484 -0.07401151542443066 0.0 
v 0.0598578761782313 -0.06846476806095214 0.0 
v 0.059476005243529355 -0.06309644932464874 0.0 
v 0.04708302132104517 -0.06759088854805141 0.0 
v 0.05099009326993007 -0.06440753499326583 0.0 
v 0.054980835754927564 -0.06116361623415495 0.0 
v 0.05898824830554462 -0.057846711060228685 0.0 
v 0.043277890595868694 -0.07075660157901113 0.0 
v 0.04278470933502569 -0.06583635670301477 0.0 
v 0.04219479081457856 -0.060861553531786225 0.0 
v 0.04147671884433522 -0.05574774520123333 0.0 
v 0.030065788477820165 -0.06221273415823541 0.0 
v 0.03313192691910712 -0.05822402009603432 0.0 
v 0.036721696496061364 -0.05427073497328182 0.0 
v 0.04068038312830147 -0.050369107008060916 0.0 
v 0.02785916211658296 -0.06660696768138362 0.0 
v 0.025162080137887972 -0.0623086053696312 0.0 
v 0.02279787749891203 -0.05717317428678738 0.0 
v 0.02074297648938731 -0.05153657864666248 0.0 
v 0.00615478595470283 -0.06137802438430641 0.0 
v 0.010710491864837794 -0.05600018521551376 0.0 
v 0.014858830308263736 -0.05072139571045247 0.0 
v 0.018898122423186933 -0.04568329068757853 0.0 
v 0.0008170447092812368 -0.06528904649676083 0.0 
v 0.0005825855590565154 -0.05911761361291665 0.0 
v -0.0007265227963131448 -0.05365020004505481 0.0 
v -0.00306285487384137 -0.048486616701301784 0.0 
v -0.010230976375917425 -0.05782803455584921 0.0 
v -0.00964478722260982 -0.05417880713916225 0.0 
v -0.00833727408323041 -0.04952499337912637 0.0 
v -0.006666347539842025 -0.04387902710411111 0.0 
v -0.005483295688224827 -0.037494499294613765 0.0 
v -0.011059987547250105 -0.04001903775621195 0.0 
v -0.015464314536071933 -0.036503530288901284 0.0 
v -0.01971292174393969 -0.0331420380249847 0.0 
v -0.025763769042208808 -0.04091148175142291 0.0 
v -0.024646410530198667 -0.0353092191992314 0.0 
v -0.023733765279153857 -0.02990344135534894 0.0 
v 0.08029241500667675 -0.08778413768946312 0.0 
v 0.07561596449985884 -0.08881498063744978 0.0 
v 0.0701587324417464 -0.09001955902559905 0.0 
v 0.07601353976479903 -0.1034503257176924 0.0 
v 0.0726685388404028 -0.09948398425670159 0.0 
v 0.06899155353275432 -0.0958380896503436 0.0 
v 0.07368770019267334 -0.10793293013518684 0.0 
v 0.0696267226904057 -0.10862128774755149 0.0 
v 0.09322641213586463 -0.07158457625922487 0.0 
v 0.09457152638321778 -0.06807564473485007 0.0 
v 0.09830743220063877 -0.0675659052636817 0.0 
v 0.09614940792397887 -0.06431354680028273 0.0 
v 0.08625362455483693 -0.062005761002658234 0.0 
v 0.09020567732721999 -0.06195084794511892 0.0 
v 0.09377780367768869 -0.06141581651982947 0.0 
v 0.09734045294492673 -0.06038264618107415 0.0 
v 0.08181777482396785 -0.0611763890526427 0.0 
v 0.08516864935107649 -0.05772916545562113 0.0 
v 0.08814057270629566 -0.05524302037297335 0.0 
v 0.09067255867952029 -0.05388516659645722 0.0 
v 0.08838676142362091 -0.043652097806575245 0.0 
v 0.0903157434273274 -0.04796549920525751 0.0 
v 0.09192201212227862 -0.051258771153919046 0.0 
v 0.09289034604001219 -0.05383534964190278 0.0 
v 0.08740597756832699 -0.038227202721161944 0.0 
v 0.09214135933699993 -0.03994475223953783 0.0 
v 0.0962900153887902 -0.041394959427104 0.0 
v 0.10005481555309868 -0.04283652883778723 0.0 
v 0.07713902319831158 -0.05956295906739914 0.0 
v 0.07653421086089396 -0.0540747087207592 0.0 
v 0.0759525081524926 -0.04821441450098634 0.0 
v 0.06293943318046329 -0.0544405905013584 0.0 
v 0.06679293243136056 -0.05087277816230787 0.0 
v 0.07057931773279219 -0.04697517825986308 0.0 
v 0.07435179479724142 -0.04245779982247377 0.0 
v 0.058460407464795375 -0.05271812301799153 0.0 
v 0.05799035319352621 -0.047766629674136106 0.0 
v 0.0577885279782907 -0.04309058705855703 0.0 
v 0.04494836785308961 -0.046618826710301084 0.0 
v 0.04945849667133956 -0.04322992150073574 0.0 
v 0.05403438122157525 -0.04048563755291577 0.0 
v 0.05839373992880074 -0.038598518754802684 0.0 
v 0.03986263091336331 -0.04459198288128 0.0 
v 0.038999508373699164 -0.038236936039486635 0.0 
v 0.03781568230718729 -0.03107829212668438 0.0 
v 0.022895382228754275 -0.040790737319195 0.0 
v 0.026863394339963667 -0.03581478935264235 0.0 
v 0.030865759694236494 -0.030394485165538082 0.0 
v 0.03495962254602335 -0.0240039534254573 0.0 
v 0.017199645573473255 -0.03981554610813211 0.0 
v 0.015704227859869708 -0.03412234945743969 0.0 
v 0.014588757851808194 -0.0288010335344001 0.0 
v 8.875593045362158e-05 -0.03423257699551039 0.0 
v 0.005204405752183166 -0.03042253330048879 0.0 
v 0.009891584673464598 -0.026802242733692392 0.0 
v 0.014289589878344855 -0.023643994343812622 0.0 
v -0.005045362727216051 -0.03104217436920996 0.0 
v -0.004859043146376708 -0.024886472879015367 0.0 
v -0.004824546219913351 -0.018896819288204924 0.0 
v -0.018663359204848483 -0.02223231286711547 0.0 
v -0.01419329474100041 -0.019415707858213296 0.0 
v -0.009630918052364202 -0.01630191825804395 0.0 
v -0.004950147785951185 -0.012950542795524237 0.0 
v 0.09519785265019207 -0.05489582484454329 0.0 
v 0.0978424482775384 -0.056578921001564184 0.0 
v 0.100885537190488 -0.058596525066834396 0.0 
v 0.10388049946323866 -0.048331017570692386 0.0 
v 0.10409546388365763 -0.05227342748039085 0.0 
v 0.10423342352062592 -0.056260974577705125 0.0 
v 0.10361025490651143 -0.04433519583297287 0.0 
v 0.10706210019914246 -0.045889423546678784 0.0 
v 0.11046204054621675 -0.04747763342456345 0.0 
v 0.1138240101880695 -0.04908193196944326 0.0 
v 0.11686606394305979 -0.03869100685209765 0.0 
v 0.11695900235000359 -0.04273879519469438 0.0 
v 0.11704650173179319 -0.046744029252252496 0.0 
v 0.11675823500557933 -0.034620732549123005 0.0 
v 0.12019418852563768 -0.03631101374805037 0.0 
v 0.12363399850583053 -0.038050358074766415 0.0 
v 0.12705256046961283 -0.039874695723777207 0.0 
v 0.1305255769524086 -0.028759719566065982 0.0 
v 0.13066657909916582 -0.03321673404108093 0.0 
v 0.13060005880460832 -0.03758904697277634 0.0 
v 0.13012481487637745 -0.02431612377843435 0.0 
v 0.13418508326303363 -0.0258704230269445 0.0 
v 0.13840361460669046 -0.02776996076319431 0.0 
v 0.14268772318765416 -0.03000983016006455 0.0 
v 0.14741926057257093 -0.015492620563474214 0.0 
v 0.14723717155843885 -0.02158852877063792 0.0 
v 0.14700691897137616 -0.027089286231718013 0.0 
v 0.1479528022904569 -0.008918110405506644 0.0 
v 0.15307528925677913 -0.012475512199990388 0.0 
v 0.15794008418738253 -0.0161212345075873 0.0 
v 0.1625873764694372 -0.020011687427431542 0.0 
v 0.1710935220476437 -0.0038994240814564083 0.0 
v 0.17003427143510108 -0.01092942356253843 0.0 
v 0.16859390712500377 -0.017640124382151512 0.0 
v 0.16705374407567714 -0.023824626338492645 0.0 
v 0.1717654816983383 0.0031242396977077653 0.0 
v 0.1774222812444015 -0.0005668443546183588 0.0 
v 0.1835954051628187 -0.0046035092691209855 0.0 
v 0.1906394382760401 -0.009083499739833358 0.0 
v 0.19564993786229293 0.013342027766299575 0.0 
v 0.19685817836441166 0.005550397071305999 0.0 
v 0.19787281401388437 -0.002930149150519643 0.0 
v 0.19898722239005548 -0.01216591183742993 0.0 
v 0.1819579326041755 -0.027332003255298862 0.0 
v 0.17612176047434694 -0.026656823224254275 0.0 
v 0.17085925565290394 -0.027416534308930894 0.0 
v 0.1661190712718983 -0.02921379380979719 0.0 
v 0.17096643561746677 -0.03734030669554827 0.0 
v 0.16867501038026728 -0.035536015973325966 0.0 
v 0.16583263451826047 -0.03360722452105413 0.0 
v 0.1622827277767811 -0.031944344015733914 0.0 
v 0.17068558398486605 -0.04022730602140167 0.0 
v 0.16820818966138987 -0.04183435400357949 0.0 
v 0.1657959469932214 -0.04363203341292839 0.0 
v 0.17040967403185647 -0.04855518831098916 0.0 
v 0.16830595735478532 -0.04736642585101357 0.0 
v 0.16610716510070667 -0.046371674715713754 0.0 
v 0.16373288702344985 -0.04562943981417505 0.0 
v 0.1701828869745569 -0.05118729794919838 0.0 
v 0.16798334400326456 -0.05229803110077262 0.0 
v 0.16595341843323147 -0.05314207498410766 0.0 
v 0.16824296077665793 -0.0592593185264638 0.0 
v 0.16659552519752416 -0.05720520805583439 0.0 
v 0.1651646467293425 -0.055299920360989754 0.0 
v 0.1640051935915376 -0.053541690356738406 0.0 
v 0.1671481785300328 -0.06214919570236044 0.0 
v 0.16422795393688264 -0.06260406243242231 0.0 
v 0.1613037259361575 -0.06281998295275737 0.0 
v 0.16275908676467574 -0.0714625202392972 0.0 
v 0.16109853161448412 -0.06855549433741115 0.0 
v 0.1596095625305855 -0.06565284638694006 0.0 
v 0.1583574913158542 -0.06278790941335152 0.0 
v 0.1611098374025982 -0.07467961151535854 0.0 
v 0.15772271851405512 -0.07506936233576972 0.0 
v 0.15414328713439468 -0.0757084192443521 0.0 
v 0.15543007671820103 -0.08173375231001262 0.0 
v 0.15308011485547876 -0.07945323860296416 0.0 
v 0.15045819075524908 -0.07693876827513878 0.0 
v 0.14743438904345962 -0.07462174612965566 0.0 
v 0.14691827899722293 -0.07865008441389545 0.0 
v 0.14354311246858675 -0.08040010713063533 0.0 
v 0.1402487024225078 -0.08209534953240093 0.0 
v 0.1424948013499658 -0.08803094586130433 0.0 
v 0.13967649329406812 -0.0858392862361555 0.0 
v 0.13700336702548632 -0.08367097123593306 0.0 
v 0.134453207968047 -0.08163537938871164 0.0 
v 0.13382789526047326 -0.08504351271361282 0.0 
v 0.13079973482376664 -0.08611658729105462 0.0 
v 0.12802749155014018 -0.0867946770776082 0.0 
v 0.12951077723401383 -0.09551120431648225 0.0 
v 0.12799516840573105 -0.09226868500192283 0.0 
v 0.12658719794071677 -0.08942268286423088 0.0 
v 0.12546180871206059 -0.08688257361563764 0.0 
v 0.12712642399225216 -0.0984516747568993 0.0 
v 0.12391352838677483 -0.09804302879242406 0.0 
v 0.12073740117957897 -0.09794694444976877 0.0 
v 0.12062944660826373 -0.103077283743286 0.0 
v 0.11938972187837685 -0.10074456563212708 0.0 
v 0.11781972216583525 -0.09849045685676097 0.0 
v 0.11547066941088446 -0.09939826525300265 0.0 
v 0.11361750264259467 -0.10003837066373052 0.0 
v 0.1125942599526181 -0.09910783865872541 0.0 
v 0.11216880912839994 -0.1002961798869928 0.0 
v 0.11158662842458485 -0.10328270149889349 0.0 
v 0.11111901680916983 -0.10145574321835187 0.0 
v 0.10334774257855868 -0.0402385437151313 0.0 
v 0.10668386616283243 -0.03774731716151321 0.0 
v 0.11001890999195718 -0.03532743271537932 0.0 
v 0.10316312227960886 -0.027616316425510278 0.0 
v 0.10653413504108525 -0.029482099630187258 0.0 
v 0.10992795197504221 -0.03124229480532579 0.0 
v 0.1133359240900304 -0.032942906644148985 0.0 
v 0.09983992370118892 -0.02557928769214359 0.0 
v 0.10333839341421269 -0.023527159982618753 0.0 
v 0.10664827924049698 -0.02145429975288844 0.0 
v 0.10984872274656737 -0.019315552589460976 0.0 
v 0.10344700662662157 -0.012546998175020316 0.0 
v 0.1066247920427813 -0.013872624879412505 0.0 
v 0.10981631127974341 -0.015469569878420426 0.0 
v 0.11300419462625984 -0.017139147025020163 0.0 
v 0.10008303179058745 -0.011914832798820134 0.0 
v 0.1026463491416247 -0.008785456560587478 0.0 
v 0.1058596695786014 -0.005781456028893127 0.0 
v 0.10953269850496075 -0.0030339441172092764 0.0 
v 0.10032147071437611 0.006812177406269005 0.0 
v 0.1052058887544281 0.004301022875972598 0.0 
v 0.10962134895894637 0.0018688895827658715 0.0 
v 0.11351416956598188 -0.0006357328135019087 0.0 
v 0.095566395919494 0.010077298002956857 0.0 
v 0.10069904955875339 0.012684292844180284 0.0 
v 0.10532793079591524 0.015653328923087538 0.0 
v 0.10990811371877487 0.019318648570891023 0.0 
v 0.09910084567735815 0.025025537554775275 0.0 
v 0.10323336677498922 0.025469379690612054 0.0 
v 0.10837491475087506 0.025055299338917193 0.0 
v 0.11430381606977782 0.024095414419954494 0.0 
v 0.0960428755816186 0.023125227972946253 0.0 
v 0.09574571372564113 0.027501368773483845 0.0 
v 0.09636635996817101 0.033216108207157244 0.0 
v 0.09749516186212234 0.04003409643824278 0.0 
v 0.07887961661591421 0.03773369575618994 0.0 
v 0.08575155033063196 0.04049130344391071 0.0 
v 0.09182489842920498 0.043649594700431234 0.0 
v 0.09790037576941645 0.04749674030771353 0.0 
v 0.07456137987403705 0.043925688716298365 0.0 
v 0.07792951506438307 0.05003305936092609 0.0 
v 0.08143293198531773 0.054302362710561214 0.0 
v 0.06808288084725608 0.06850482276722332 0.0 
v 0.07585992389651383 0.0638429546816199 0.0 
v 0.08169924705792965 0.05986375615343733 0.0 
v 0.0854950447970092 0.05621176234307791 0.0 
v 0.07008317730926812 0.07935607781170607 0.0 
v 0.08017807527968965 0.08281099105306282 0.0 
v 0.09048575180238963 0.08509755351888124 0.0 
v 0.07944636410573835 0.11466093827383542 0.0 
v 0.0882572196021567 0.10552718069794184 0.0 
v 0.09557938098870503 0.09584352378159976 0.0 
v 0.10116116863043281 0.0860469763504486 0.0 
v 0.08256693088632967 0.12805787951777173 0.0 
v 0.0963817968434188 0.13339602896153357 0.0 
v 0.11190015134026206 0.14030036929790726 0.0 
v 0.06573498883301628 0.15788877361488463 0.0 
v 0.06215606475097636 0.14504652090305772 0.0 
v 0.04872360799854486 0.14025032769248366 0.0 
v 0.03455776419094809 0.13396548696360622 0.0 
v 0.05576533182102316 0.10553411917348389 0.0 
v 0.045979279095052124 0.1125586452558862 0.0 
v 0.03501080114302049 0.11910691230996538 0.0 
v 0.054012735602631395 0.09371782314839046 0.0 
v 0.044151233679093564 0.08921774941277266 0.0 
v 0.03538316265119889 0.08472735912788909 0.0 
v 0.04489519083946898 0.0627215048789526 0.0 
v 0.04020842293544339 0.07020899756783666 0.0 
v 0.0345397033934232 0.07588236822178553 0.0 
v 0.03902274744955251 0.05604776148532522 0.0 
v 0.03233208912109513 0.05792672021354636 0.0 
v 0.027494061532180595 0.060122575921982294 0.0 
v 0.017611507219286972 0.04354176385631193 0.0 
v 0.020298225435352295 0.05174628342513625 0.0 
v 0.022449922262101286 0.058456510799134664 0.0 
v 0.024658720985994042 0.0634687233229134 0.0 
v 0.008988657156251186 0.04310907060657025 0.0 
v 0.005047082008717127 0.05019722270033139 0.0 
v 0.0012746736576474704 0.05705888868711582 0.0 
v -0.013785133229886216 0.043194443614870834 0.0 
v -0.010127423610769978 0.04987511866108638 0.0 
v -0.00638467605029061 0.05685182880585241 0.0 
v -0.0024899232474628677 0.06400569204871746 0.0 
v -0.020695108674725418 0.04287476786576763 0.0 
v -0.024476689715467136 0.04869686796028784 0.0 
v -0.027109163226748643 0.031181551484039997 0.0 
v -0.024544817913550312 0.025511832906513276 0.0 
v -0.028147484615601463 0.020179618304470653 0.0 
v -0.02213078395853399 0.01971456312817708 0.0 
v -0.0076550697747412525 0.030218815190057226 0.0 
v -0.011919961305167214 0.02442993042535501 0.0 
v -0.01603345406297096 0.019026987216732787 0.0 
v -0.019953730408325206 0.01393252076603079 0.0 
v -0.000476571283941447 0.02940047967139599 0.0 
v 0.0017204475826721204 0.022119085462194855 0.0 
v 0.0032279211169462274 0.014809746397414435 0.0 
v 0.02351766280860387 0.022376307810756536 0.0 
v 0.01618369390078478 0.017279515112402055 0.0 
v 0.009845929569988112 0.012333261949667733 0.0 
v 0.0041706211297969226 0.007672959478182465 0.0 
v 0.030080382820141836 0.01708618181189972 0.0 
v 0.029027490368321942 0.008927440011067687 0.0 
v 0.028134113857170406 0.0011887721387291784 0.0 
v 0.047067716541792363 0.0032119985632062275 0.0 
v 0.040432651617806716 -0.00010208318530271583 0.0 
v 0.03371338187969449 -0.0032603605014460226 0.0 
v 0.02715117465310951 -0.0062246745751586875 0.0 
v 0.052772423235984245 -0.0008995372032459396 0.0 
v 0.05223284622381665 -0.008586666088665706 0.0 
v 0.05223533415261201 -0.016595065628625092 0.0 
v 0.06897022168121504 -0.011311941872848709 0.0 
v 0.06381187697984492 -0.014592814760970409 0.0 
v 0.05879965322121684 -0.018667031774197256 0.0 
v 0.07345015897923018 -0.014458148636418467 0.0 
v 0.07283243011491555 -0.01983920458304361 0.0 
v 0.07223251431947994 -0.024653135546070123 0.0 
v 0.08472188858629821 -0.02421361859250272 0.0 
v 0.08007706862715451 -0.02610577566153499 0.0 
v 0.07545576990438585 -0.027781340332750832 0.0 
v 0.07109193946876634 -0.029019635605550136 0.0 
v 0.08834767315560867 -0.02729530757819265 0.0 
v 0.08769582540377756 -0.03254365340399211 0.0 
v 0.09659968451294876 -0.02327845038453717 0.0 
v 0.09733583724297831 -0.01909695372190835 0.0 
v 0.09837685592903117 -0.015285968346127353 0.0 
v 0.08712376805377861 -0.014064261183955444 0.0 
v 0.09183256734545199 -0.012817921716121726 0.0 
v 0.09621692985463524 -0.012077915736814228 0.0 
v 0.08365175225780493 -0.010301488674734214 0.0 
v 0.08540063878360031 -0.004600469784639068 0.0 
v 0.08756902923336367 0.0015288184771524388 0.0 
v 0.0706659795722348 0.0018048084268756936 0.0 
v 0.07692216092705453 0.0043632834457225204 0.0 
v 0.08328699016037487 0.006379765541033993 0.0 
v 0.08964884561246837 0.0080387671788003 0.0 
v 0.06544471354375242 0.0059542928204499 0.0 
v 0.06646067086181139 0.013510229090563684 0.0 
v 0.06725633348883757 0.021645544604873643 0.0 
v 0.04897390625775075 0.017794959142621733 0.0 
v 0.05488388473297637 0.02085488002049561 0.0 
v 0.060554026727646565 0.02466040908708554 0.0 
v 0.04408558936418582 0.02206595552590598 0.0 
v 0.04598084315773937 0.02822163827568246 0.0 
v 0.048396314941292116 0.032888899540214886 0.0 
v 0.04111855170897145 0.04010314257368241 0.0 
v 0.04741228239756793 0.038067154313414425 0.0 
v 0.0518522385203751 0.035604840442498405 0.0 
v 0.05962348052624555 0.043169979947556655 0.0 
v 0.05689186903082882 0.0367090015203335 0.0 
v 0.091519947960671 0.014257045837429283 0.0 
v 0.0936310760294798 0.019427489829518082 0.0 
v 0.07177365136268091 -0.037529507660744435 0.0 
v 0.06921701803486034 -0.0333306172512682 0.0 
v 0.06689226603862858 -0.02949810265639095 0.0 
v 0.06001170788751417 -0.03401372308154757 0.0 
v 0.062354952268010105 -0.02944920789135744 0.0 
v 0.03055498319242447 -0.018106369944909384 0.0 
v 0.025890160945743944 -0.01325537136517117 0.0 
v 0.020979526459083058 -0.009088965238827003 0.0 
v 0.014712853609219785 -0.018107463021269535 0.0 
v 0.01528807088422173 -0.011994811457635302 0.0 
v 0.015791135695083384 -0.005394786983507704 0.0 
v 0.010347010969634243 -0.0020959102829575787 0.0 
v 0.004709610663858901 0.0008017207547087755 0.0 
v -0.0010324759160248733 0.003276385009393445 0.0 
v -0.005281146631997331 -0.006961906996195878 0.0 
v -0.005874176191529452 -0.0008776836590111524 0.0 
v -0.006787700581426477 0.005326549162833418 0.0 
v -0.012487076381685721 0.006969487170161893 0.0 
v -0.01809735015068946 0.008224349583474263 0.0 
v -0.023623821855443428 0.00909690701675962 0.0 
v -0.024037483204285635 -0.0051832226369517625 0.0 
v -0.02527890568145516 -0.0003546172308911829 0.0 
v -0.02697099654010673 0.00452823208981049 0.0 
v -0.027391360583542888 -0.008551401962324134 0.0 
v -0.031413893132359705 -0.007438606947008262 0.0 
v -0.035237390202625285 -0.006482676595293719 0.0 
v -0.03572461237758089 -0.017565111947766294 0.0 
v -0.03716699000192418 -0.013720225979376352 0.0 
v -0.03827470283607798 -0.009465390604006715 0.0 
v -0.03891763505765352 -0.005067819185173667 0.0 
v -0.03773945341851779 -0.021421259997534442 0.0 
v -0.042381948125438974 -0.021727534155599096 0.0 
v -0.03196248219861756 -0.028479371588322908 0.0 
v -0.02747135770751617 -0.02678696166083811 0.0 
v -0.023070372339680918 -0.02470260775464876 0.0 
v -0.026499032608418915 -0.017438767054960794 0.0 
v -0.02272595769915784 -0.01969323180506916 0.0 
v -0.04740280005699006 -0.006207900628800193 0.0 
v -0.04292471378901505 -0.002821636567731938 0.0 
v -0.03859437459243501 -0.0005548295044217448 0.0 
v -0.044573744030537224 0.01443555872097435 0.0 
v -0.04058245748350553 0.008867627825956997 0.0 
v -0.037099345566608134 0.004315918844774508 0.0 
v -0.04799879685746691 0.02149586075932269 0.0 
v -0.04070169231427955 0.02090746339588149 0.0 
v -0.034237730877482116 0.020531967321228143 0.0 
v -0.05011815484022602 0.02958140355426282 0.0 
v -0.04433274419904563 0.03482266521820853 0.0 
v -0.03882931122412857 0.038727933286252805 0.0 
v -0.04949313409217582 0.05621180838943335 0.0 
v -0.04337893778318372 0.050428140702505196 0.0 
v -0.03787413954132552 0.04548884684989899 0.0 
v -0.0466417954775483 0.06485023209277975 0.0 
v -0.03858369248709087 0.06665608497882501 0.0 
v -0.030666339804173298 0.06826574872674865 0.0 
v -0.037570374849823784 0.0891984962787137 0.0 
v -0.03266221505704463 0.08274910563760687 0.0 
v -0.027599655558385658 0.0762374036973519 0.0 
v -0.02272106186644156 0.0696155913089182 0.0 
v -0.0344559625021153 0.0962087479458618 0.0 
v -0.027778025349053072 0.09807912653360512 0.0 
v -0.014642408027053737 0.07063529310351221 0.0 
v -0.0064437029034345615 0.07119601725479556 0.0 
v 0.0017109114239323045 0.07122594586059883 0.0 
v -0.000878765307716595 0.09616724388457297 0.0 
v 0.0030406835365621946 0.08686662751184342 0.0 
v 0.006461215951237062 0.07842115841012456 0.0 
v 0.009563173398110606 0.07076468456600589 0.0 
v -0.0047234593328874174 0.10614048810963976 0.0 
v 0.005844344535742345 0.10498565242374941 0.0 
v 0.016359087536226093 0.10288635351212948 0.0 
v 0.01680999779878614 0.06988005881528489 0.0 
v 0.023083410563142892 0.06856988471605696 0.0 
v -0.008625756308210084 0.11569596158781292 0.0 
v -0.003516108712465994 0.1253292777914608 0.0 
v 0.0007258334626567118 0.13705208425720586 0.0 
v -0.02490459819897052 0.1355849775129217 0.0 
v -0.017421432712898643 0.1388878824853287 0.0 
v -0.008942781881025296 0.14341719747852216 0.0 
v -0.030637704942143074 0.14001526222555896 0.0 
v -0.030056171263850164 0.14709092665333048 0.0 
v 0.09065932895436521 0.056121526830419495 0.0 
v 0.0969221294782574 0.05482662964989694 0.0 
v 0.10406114580764302 0.05267106095740998 0.0 
v 0.10524576262464656 0.07658028930819019 0.0 
v 0.10817391571434404 0.06756812352056084 0.0 
v 0.1102218316200976 0.058908736145344746 0.0 
v 0.11178947027367353 0.050467544999114974 0.0 
v 0.11200785199546519 0.0854074761800588 0.0 
v 0.12252966139538476 0.08307520071651821 0.0 
v 0.1323566013576082 0.07957001387823948 0.0 
v 0.14406933709340494 0.11016288271673126 0.0 
v 0.14113489283667568 0.09724006115099461 0.0 
v 0.14045417727455747 0.08616443886398777 0.0 
v 0.1412208644585452 0.07647823742244461 0.0 
v 0.15626769987921604 0.1095726444578217 0.0 
v 0.1603732700764368 0.10100395556897782 0.0 
v 0.12073114725367014 0.023399947473453624 0.0 
v 0.11837345876760307 0.0295695168533895 0.0 
v 0.12243973328791743 0.03489531048325012 0.0 
v 0.1266522666560559 0.039629298573817015 0.0 
v 0.11930713259797393 0.04842664706996344 0.0 
v 0.12592138679760587 0.04604407358021545 0.0 
v 0.1314534526117391 0.04329202187416968 0.0 
v 0.11662980792965968 -0.030558784005873512 0.0 
v 0.1198972521772637 -0.028138044194663044 0.0 
v 0.12312940756746192 -0.025633231918262066 0.0 
v 0.11618869953532333 -0.018769179234762786 0.0 
v 0.11941127780250754 -0.020287739530968213 0.0 
v 0.12275421886978523 -0.021670642136326343 0.0 
v 0.12630824646393762 -0.022971006199525062 0.0 
v 0.11612705139735449 -0.014999747904178696 0.0 
v 0.119178830053359 -0.012998493134711847 0.0 
v 0.12210814766181391 -0.011286987953275493 0.0 
v 0.11693007981004518 -0.0031431193812225078 0.0 
v 0.11996644078053775 -0.005556994149784796 0.0 
v 0.12270493992791684 -0.007852736694211784 0.0 
v 0.12511006546505468 -0.010121027401669223 0.0 
v 0.11770107481908454 0.001318481482155824 0.0 
v 0.12197623842382194 0.0026953362218212033 0.0 
v 0.12615095184655647 0.0033358184934737705 0.0 
v 0.12356267800505799 0.017498374749109043 0.0 
v 0.12650216917831264 0.012174633155540644 0.0 
v 0.12877121745746123 0.007298711006453347 0.0 
v 0.1301650222161908 0.00285429531764448 0.0 
v 0.12717212896132962 0.02321982046401227 0.0 
v 0.13354166304105444 0.023145934155504134 0.0 
v 0.14024664242173057 0.023232210507546484 0.0 
v 0.13585680500849762 0.03974345550689311 0.0 
v 0.13965290861304808 0.035145227980894485 0.0 
v 0.14339599640521586 0.029828128819078675 0.0 
v 0.1372188328951186 0.04607809425854596 0.0 
v 0.14370683482600188 0.04851653260304985 0.0 
v 0.15052890665003146 0.05093006403570031 0.0 
v 0.1437062892373804 0.06850464483521912 0.0 
v 0.14746820409247646 0.06252510435109927 0.0 
v 0.15177390696921042 0.057896566019376226 0.0 
v 0.1294117754969581 -0.02002773597046166 0.0 
v 0.1324305852518118 -0.016606971124043277 0.0 
v 0.135327512083928 -0.012426978954622275 0.0 
v 0.12854335526864177 -0.009341028841300768 0.0 
v 0.13260778256873346 -0.008486178874290994 0.0 
v 0.13747364965395587 -0.0072831362987091286 0.0 
v 0.13424332105541445 0.0011367726390075392 0.0 
v 0.13851959502857603 -0.0015787083614986913 0.0 
v 0.14301210298889322 -0.005153771297479046 0.0 
v 0.15025099757900975 0.011532441274629398 0.0 
v 0.14952466434020498 0.004493089518080118 0.0 
v 0.14880576308777765 -0.002236908150108717 0.0 
v 0.15660175843196514 0.014214822591157276 0.0 
v 0.16145901337132576 0.01029269540979299 0.0 
v 0.16647351624684573 0.006673916169535797 0.0 
v 0.172102802841738 0.021871719676923314 0.0 
v 0.1722859191432463 0.01618701603686328 0.0 
v 0.17214566051245678 0.009881239046280871 0.0 
v 0.17629478721096012 0.02573753738786351 0.0 
v 0.18187452785241456 0.024071531387352015 0.0 
v 0.18785330632477007 0.02229330724369812 0.0 
v 0.1893514772100894 0.03971621941268666 0.0 
v 0.19103215923541716 0.03363234001526842 0.0 
v 0.19269451387054706 0.027284059223343447 0.0 
v 0.1942480968349207 0.020552376910462834 0.0 
v 0.05233920402903924 -0.16629048843123914 0.0 
v 0.052136064271558605 -0.16566073067342318 0.0 
v 0.052030913918441016 -0.16510832578757842 0.0 
v 0.05043674965322522 -0.16532638876196612 0.0 
v 0.05109804634652229 -0.16514366043967713 0.0 
v 0.051604793100112775 -0.16488611906087347 0.0 
v 0.052022162973205846 -0.16461420548776756 0.0 
v 0.04967162636163615 -0.1651993286644615 0.0 
v 0.050220394261558395 -0.16463587728450704 0.0 
v 0.0506253564006612 -0.16420897735349133 0.0 
v 0.0509569890529493 -0.1639286482846805 0.0 
v 0.04897162451267456 -0.16474220862821273 0.0 
v 0.04911901518551343 -0.16394408787270126 0.0 
v 0.04932182278678836 -0.16326927908805008 0.0 
v 0.04740122219826276 -0.16298245378290557 0.0 
v 0.04820407074801902 -0.16277718480190984 0.0 
v 0.04897190541883551 -0.16268191644014685 0.0 
v 0.04964839820659304 -0.16269213584904652 0.0 
v 0.04672192359777474 -0.1623562434757604 0.0 
v 0.04705519315244629 -0.16123617835182905 0.0 
v 0.04759425255077679 -0.16009503478611317 0.0 
v 0.04389862053899597 -0.15916964612298737 0.0 
v 0.04554505991954366 -0.15898471082579202 0.0 
v 0.046999309740003464 -0.15891072295050324 0.0 
v 0.048312274597592304 -0.158968443634464 0.0 
v 0.04206760086765707 -0.15928236271500962 0.0 
v 0.04305150935752336 -0.15752329435127926 0.0 
v 0.04407518960121861 -0.1558786134239332 0.0 
v 0.05206012914730289 -0.16411084412610674 0.0 
v 0.05205937185410533 -0.16354115866533234 0.0 
v 0.05194866119019624 -0.16285756428374032 0.0 
v 0.05105760207393406 -0.16349656276716487 0.0 
v 0.05125785755216178 -0.1629324161236101 0.0 
v 0.05153188892406846 -0.1621717319097672 0.0 
v 0.05014831716316331 -0.1621652257002059 0.0 
v 0.05082400223833414 -0.16165202780112764 0.0 
v 0.051699640594387024 -0.16113840601077864 0.0 
v 0.04951583029590907 -0.1591572456145238 0.0 
v 0.05063146031099717 -0.15947523420115278 0.0 
v 0.05168148770752519 -0.1599222733762404 0.0 
v 0.052702159213541336 -0.16048753036015748 0.0 
v 0.04918150887204425 -0.15786855026203692 0.0 
v 0.05018178380037966 -0.15679639608999732 0.0 
v 0.05130008186490371 -0.15575221049462512 0.0 
v 0.04961400429025654 -0.15362174162707878 0.0 
v 0.0511157161153541 -0.15413635119612484 0.0 
v 0.05253005911278302 -0.15473789007629715 0.0 
v 0.05373222153134994 -0.15974106683706532 0.0 
v 0.054804720389891204 -0.15907437006466751 0.0 
v 0.05595994363102418 -0.15850078482300242 0.0 
v 0.05385664455929054 -0.1554273771694067 0.0 
v 0.05509105975309449 -0.15620406098482656 0.0 
v 0.056221974212211596 -0.15706797305584977 0.0 
v 0.05722880261366663 -0.15802173679063033 0.0 
v 0.053870985896692196 -0.15375487110493444 0.0 
v 0.05532559545718508 -0.15280132177943662 0.0 
v 0.05689735444711176 -0.15187033733646707 0.0 
v 0.05375114882555222 -0.14802738832996507 0.0 
v 0.055433573500310786 -0.14891145367250952 0.0 
v 0.05704337521588701 -0.14988248951161032 0.0 
v 0.053658516313338206 -0.14589506338011415 0.0 
v 0.05542808000961813 -0.14459354693043958 0.0 
v 0.057291273410202424 -0.14332946124680984 0.0 
v 0.05328396887104301 -0.13879022635873686 0.0 
v 0.055378864149671046 -0.13983683693490664 0.0 
v 0.057358882114103636 -0.14095123981392757 0.0 
v 0.05314592590662448 -0.13614571350799984 0.0 
v 0.055357002730629074 -0.13453830176536943 0.0 
v 0.057697256732482737 -0.13301725557078528 0.0 
v 0.052790428350834216 -0.12720041255415573 0.0 
v 0.05539433072956831 -0.12859124188581128 0.0 
v 0.05785241619420323 -0.13004969827455512 0.0 
v 0.052734222297948725 -0.12387357825455439 0.0 
v 0.0555387077799486 -0.12199892468067497 0.0 
v 0.05843199851438906 -0.12023202513563526 0.0 
v 0.05287315813580805 -0.11301368293338265 0.0 
v 0.05586506407754697 -0.11481976260723364 0.0 
v 0.058712131431884605 -0.11668388577561505 0.0 
v 0.052959004285120716 -0.10912109620403093 0.0 
v 0.056301010268112184 -0.10698274408662103 0.0 
v 0.059855553242684656 -0.10488416358136006 0.0 
v 0.05272160576366921 -0.0966339638932942 0.0 
v 0.0564600016193751 -0.09831640646282137 0.0 
v 0.06018484704949962 -0.10038483198152887 0.0 
v 0.05225665606960539 -0.09250370549137656 0.0 
v 0.055228010342873717 -0.08936113036448515 0.0 
v 0.05806525859113186 -0.08521879881178548 0.0 
v 0.04836033333026153 -0.08456974925116467 0.0 
v 0.051115806343574446 -0.08305870772312876 0.0 
v 0.05492207370268982 -0.08160271770124704 0.0 
v 0.04672596105735963 -0.0866518034276258 0.0 
v 0.04544382784946527 -0.08390296790292887 0.0 
v 0.04448020664167054 -0.0800899553762587 0.0 
v 0.04379302861344618 -0.07558296231486152 0.0 
v 0.030842928535235178 -0.08145489212176732 0.0 
v 0.035485277551305816 -0.07749080895552571 0.0 
v 0.039490114926460367 -0.0739978286191719 0.0 
v 0.024999064279178175 -0.0850310655171321 0.0 
v 0.025567106980148913 -0.07803554963422729 0.0 
v 0.02645825644411309 -0.07186811671189634 0.0 
v 0.04595655123916322 -0.08968491074391972 0.0 
v 0.04234589103264511 -0.09130607107927037 0.0 
v 0.04613608581306972 -0.10175039670581847 0.0 
v 0.046424409580448925 -0.10576197990591245 0.0 
v 0.04343323141231439 -0.10813465728547066 0.0 
v 0.04028642978532359 -0.10689313532770647 0.0 
v 0.04064395796274465 -0.11033293727390851 0.0 
v 0.046736380997060255 -0.11723377517594724 0.0 
v 0.04362982267813685 -0.1156212519524211 0.0 
v 0.040584369156294244 -0.11392991094502196 0.0 
v 0.03776532696277778 -0.11210341385629725 0.0 
v 0.04684835189669031 -0.12096164209714048 0.0 
v 0.0439224085808706 -0.1232788037999328 0.0 
v 0.041009961751050754 -0.1258832864860828 0.0 
v 0.04785403366907977 -0.13120380402889828 0.0 
v 0.044997334560251075 -0.13028903391361588 0.0 
v 0.041893427008782666 -0.12950314604167168 0.0 
v 0.048294468474910555 -0.13418742669078434 0.0 
v 0.046246431720808945 -0.136231798875885 0.0 
v 0.04438893669633326 -0.13832858658521258 0.0 
v 0.04950407612704517 -0.14201641481280017 0.0 
v 0.047339490554092735 -0.14135213411823846 0.0 
v 0.04508084719564184 -0.1408160533346103 0.0 
v 0.04984324522959025 -0.14432584092498096 0.0 
v 0.048230626827783965 -0.14588865421714203 0.0 
v 0.04672880223359458 -0.14746643498914014 0.0 
v 0.048969708380517306 -0.14997267407756382 0.0 
v 0.04718211942443073 -0.14947536424539254 0.0 
v 0.03391309128907961 -0.11776401795494278 0.0 
v 0.0344471423071806 -0.11363136683617132 0.0 
v 0.03533507117735359 -0.10976916345278522 0.0 
v 0.023606371725447668 -0.10909755931140458 0.0 
v 0.02858440410001182 -0.10750693549565205 0.0 
v 0.033078678453576794 -0.10656613979963046 0.0 
v 0.03695491741530293 -0.10631983770559839 0.0 
v 0.01991666887462395 -0.10501529239769497 0.0 
v 0.021651752381491113 -0.09894542460415935 0.0 
v 0.023677127793779913 -0.09226782687056292 0.0 
v 0.0068379018651335876 -0.09329732200409503 0.0 
v 0.012498175782085607 -0.09057277005063762 0.0 
v 0.018561688090895992 -0.0878296382085679 0.0 
v 0.0025338133101034874 -0.08989974630793014 0.0 
v 0.0025398718701405178 -0.08397306883642319 0.0 
v 0.0016417744920684371 -0.07750669215003869 0.0 
v -0.0073993238679304725 -0.08151037187517694 0.0 
v -0.004252520475230231 -0.07700051508257237 0.0 
v -0.0009766685227937857 -0.07158543621247644 0.0 
v 0.03944837049540429 -0.10316394493954151 0.0 
v 0.04251723750628767 -0.10023830926631343 0.0 
v -0.004594737161902608 -0.06711318613341785 0.0 
v -0.007593456968142238 -0.06363234727267988 0.0 
v -0.009592057846965197 -0.060739393861839144 0.0 
v -0.015739436147093278 -0.06343348430184273 0.0 
v -0.012880050290775274 -0.06015605228946165 0.0 
v -0.008171128598167359 -0.09302386628982183 0.0 
v -0.005178586557281134 -0.0944201790361483 0.0 
v -0.005585461107635874 -0.09773479328656892 0.0 
v -0.006444959101017514 -0.10018205436343061 0.0 
v 0.0012610279258438786 -0.10436457155692423 0.0 
v -0.002736196629058263 -0.10342211529616996 0.0 
v -0.005803289734445666 -0.10259873206928186 0.0 
v 0.005660531368467416 -0.10616730398588983 0.0 
v 0.0016836676136100129 -0.10915281376933442 0.0 
v -0.0019546199176981994 -0.1119724080855679 0.0 
v -0.005611252736231615 -0.1149211135306272 0.0 
v 0.0028267913534042962 -0.12137201543761245 0.0 
v -0.0007260061854724912 -0.12044571290960777 0.0 
v -0.004539726984421471 -0.11937158003206193 0.0 
v 0.006359806468063881 -0.12169360437711628 0.0 
v 0.004097924434089197 -0.12509818949288976 0.0 
v 0.001380140660346322 -0.1284764887034182 0.0 
v -0.001625438700624771 -0.13171833582131975 0.0 
v 0.009759174653701295 -0.10895983120510952 0.0 
v 0.008952280271499177 -0.1138582074372875 0.0 
v 0.007929490862401283 -0.11806907644350394 0.0 
v 0.01908181316157281 -0.12023333544912787 0.0 
v 0.014542102702764128 -0.12074100404616017 0.0 
v 0.010244845752007601 -0.12135233575818008 0.0 
v 0.020930552995811414 -0.12416187851509923 0.0 
v 0.019226266646298184 -0.12797701631730357 0.0 
v 0.018206335598028926 -0.1322928010465397 0.0 
v 0.02423621174841847 -0.13184371128400582 0.0 
v 0.021643089265563145 -0.13398679223495624 0.0 
v 0.018544115198525935 -0.1367445806557714 0.0 
v 0.20108798674546652 0.018958428264675167 0.0 
v 0.20841118291650557 0.01762602286915765 0.0 
v 0.21631167079128413 0.016788796533657988 0.0 
v 0.21511678005651824 0.03610425678691532 0.0 
v 0.21743608274770632 0.030123336947352586 0.0 
v 0.220572230950703 0.023902391516875048 0.0 
v 0.21406745786557635 0.041676934021127716 0.0 
v 0.21888008948077306 0.040476195681430224 0.0 
v 0.22373951438289438 0.04035170339317244 0.0 
v 0.24096892215472585 0.02164789476421237 0.0 
v 0.2351114786612673 0.02680722560234247 0.0 
v 0.21002102443724166 0.044317405289874066 0.0 
v 0.2140729144679116 0.046330948612258116 0.0 
v 0.21711275270265828 0.04856092325394958 0.0 
v 0.21942451822529138 0.050836058600575544 0.0 
v 0.2146236678972503 0.05500287718283893 0.0 
v 0.21657575221419859 0.054141223291414964 0.0 
v 0.21878260958394768 0.053443057331167526 0.0 
v 0.21270792710517894 0.05578533183968776 0.0 
v 0.21447696905595262 0.05714526786280326 0.0 
v 0.21616233714020106 0.058407132485115 0.0 
v 0.21767743591733676 0.05960950050763844 0.0 
v 0.21491905985077966 0.06311226021984374 0.0 
v 0.21621126774601632 0.06210650935791374 0.0 
v 0.21757108221792573 0.06132489467862387 0.0 
v 0.2153988248198795 0.06479450838917805 0.0 
v 0.21689223747126282 0.06519903221836343 0.0 
v 0.21820786060878192 0.06550239264113708 0.0 
v 0.21744564713500444 0.06909796754473324 0.0 
v 0.2181902354174873 0.06791716840311744 0.0 
v 0.21888292483794783 0.06672644199901642 0.0 
v 0.2134902654408151 0.06747008738652972 0.0 
v 0.21167567550247932 0.06737432887506699 0.0 
v 0.21087917043002558 0.06902209596434816 0.0 
v 0.2097545731227399 0.06739149043862616 0.0 
v 0.22316710906642356 0.0729841603298294 0.0 
v 0.22468628451419242 0.07273711977220294 0.0 
v 0.22415750136805976 0.07416712137892781 0.0 
v 0.22480349260160173 0.07537526804850568 0.0 
v 0.22522756060049212 0.07664800038106814 0.0 
v 0.22335021495106078 0.07679616259430595 0.0 
v 0.22429097943947393 0.07740113433800128 0.0 
v 0.22550107378259143 0.07805972020877551 0.0 
v 0.22695413282971372 0.07872837600129241 0.0 
v 0.22566047112851742 0.07967262893629021 0.0 
v 0.22572114224829692 0.08154355413745115 0.0 
v 0.22568834438377916 0.0837324612413304 0.0 
v 0.22189516715574278 0.0826945419765608 0.0 
v 0.223507419253665 0.08452131612639066 0.0 
v 0.22556389174509897 0.08630787638989874 0.0 
v 0.22806923558329822 0.08796988773539935 0.0 
v 0.2253499186391755 0.08935110125434736 0.0 
v 0.2250514159430064 0.09296049999914181 0.0 
v 0.2246797573172678 0.09725546990931042 0.0 
v 0.2168830311163497 0.09467240363690171 0.0 
v 0.22011363960801278 0.09864712124742982 0.0 
v 0.22426098173138587 0.10237640178048789 0.0 
v 0.22926510884239643 0.1056936928502373 0.0 
v 0.2238496256093166 0.10846890231800517 0.0 
v 0.22350152029704212 0.11563739888162264 0.0 
v 0.22318491379163274 0.12390647822224073 0.0 
v 0.2081744121072097 0.12059537048217364 0.0 
v 0.21501495997691628 0.12702368517603282 0.0 
v 0.22274773995336195 0.13324118687650194 0.0 
v 0.22200462584904576 0.14355608955387084 0.0 
v 0.22088908746466787 0.15464828775860162 0.0 
v 0.21973138373748116 0.16618993074856117 0.0 
v 0.1892430347992 0.15164476267516752 0.0 
v 0.1982322722861683 0.1616538145726712 0.0 
v 0.2085337982401763 0.1708975422168855 0.0 
v 0.2200320738648082 0.17867332482782464 0.0 
v 0.2535439199653461 0.09867968755344382 0.0 
v 0.24789784183757807 0.09976257135315501 0.0 
v 0.24937599977674055 0.09468204372416732 0.0 
v 0.2460923061452275 0.09114654121475711 0.0 
v 0.24200861823124295 0.09150875717501011 0.0 
v 0.24341844689074527 0.08794609200743217 0.0 
v 0.2476672968940074 0.0837357592142875 0.0 
v 0.24440799018596807 0.08455200708814907 0.0 
v 0.24114844020540033 0.08504522837723806 0.0 
v 0.2379839693700336 0.08517289092262278 0.0 
v 0.23915595441246912 0.08244551407171119 0.0 
v 0.23737243206424172 0.08014731694272795 0.0 
v 0.23490996780771461 0.0802907496864382 0.0 
v 0.2357606069711603 0.07814131331641029 0.0 
v 0.23845595271119027 0.07527411788024396 0.0 
v 0.23631503325554185 0.07596973986842483 0.0 
v 0.23430010200635354 0.0764108715334704 0.0 
v 0.23298058212923822 0.07493720417176664 0.0 
v 0.23179729420775397 0.073706647185142 0.0 
v 0.23044273724729677 0.07394560024290772 0.0 
v 0.2307380700098146 0.07272182788026901 0.0 
v 0.23194352403436858 0.07073998161575848 0.0 
v 0.2307726964792206 0.07141630667327446 0.0 
v 0.2296854386651571 0.07199061994811763 0.0 
v 0.22872433611196724 0.07266419978145695 0.0 
v 0.22851501904713423 0.0713671285804593 0.0 
v 0.22720433977713073 0.07064026629744444 0.0 
v 0.22576025034453634 0.07145129415407839 0.0 
v 0.31503552187549966 -0.3482022384931312 0.0 
v 0.3503807910240877 -0.3246234064836217 0.0 
v 0.38047868243599337 -0.29690443125706856 0.0 
v 0.320008145509503 -0.24581089560441843 0.0 
v 0.34402024243174406 -0.2552507826217524 0.0 
v 0.3722831155135095 -0.2623032842829323 0.0 
v 0.4052122780179138 -0.26600796314930497 0.0 
v 0.3187436155136852 -0.22129417357674203 0.0 
v 0.33518389555040906 -0.20587986517768403 0.0 
v 0.34876527937507396 -0.18908655073953673 0.0 
v 0.06727108116191374 0.2348550726619342 0.0 
v 0.0654842953487641 0.2590249226141508 0.0 
v 0.08743514361995873 0.2736591214975437 0.0 
v 0.11273653509443546 0.28675101686675125 0.0 
v 0.08679579269573302 0.33627002478131585 0.0 
v 0.11721173857046721 0.3185119617665941 0.0 
v 0.14200467648208528 0.29721547558677064 0.0 
v 0.18361205515219775 0.22892910555772755 0.0 
v 0.2011372781563864 0.2481009425387959 0.0 
v 0.2276351608486483 0.23926639121998136 0.0 
v 0.2239463261147283 0.2704827467693116 0.0 
v 0.1752860452943363 0.3035522221066955 0.0 
v 0.21191085084597086 0.30423628231648525 0.0 
v 0.2510162421895011 0.2988845504735218 0.0 
v 0.291916657478547 0.2910484638796684 0.0 
v 0.28082406422894723 0.3320204733360118 0.0 
v 0.31398332883665975 0.3651337768641648 0.0 
v 0.3504174381125639 0.3947625710890687 0.0 
v 0.3005248789436387 0.46497689442801254 0.0 
v 0.3518543124933938 0.4421025106614154 0.0 
v 0.7558667685105568 -0.6547254602208534 0.0 
v 0.8310032930668853 -0.5562674958255178 0.0 
v 0.888204928767033 -0.4594474991921816 0.0 
v 0.9341676137427307 -0.35683451267248834 0.0 
v 0.8005612895356926 -0.16577710360241293 0.0 
v 0.8901543632490085 -0.20552972664863609 0.0 
v 0.9709054483435463 -0.23946317123269134 0.0 
v 0.7227096413836271 -0.11515996208488911 0.0 
v 0.8099435562699935 -0.05080948805779801 0.0 
v 0.8991881746997732 0.027875447848323145 0.0 
v 0.99313076913711 0.11700972349823104 0.0 
v 0.7600276360438069 0.24023449725888787 0.0 
v 0.8623368507746277 0.23806212232473545 0.0 
v 0.973583463719188 0.22833142397083334 0.0 
v 0.7250562107178822 0.3237837999243489 0.0 
v 0.7738148458716312 0.42408700941918354 0.0 
v 0.8245775243155313 0.5657489782524308 0.0 
v 0.5605687127249118 0.44099814777494484 0.0 
v 0.6124351463939847 0.49595267750787014 0.0 
v 0.6803123895895429 0.5702859853635361 0.0 
v 0.7424153129952384 0.6699399249411713 0.0 
v 0.49971984486055515 0.4392243754469622 0.0 
v 0.46642904810579267 0.4844671917295542 0.0 
v 0.5577452696517751 0.7120300835191453 0.0 
v 0.6650733940833835 0.7467779994632999 0.0 
v 0.13458746699475246 -0.9909017174916674 0.0 
v 0.13111015435731907 -0.913799854367149 0.0 
v 0.11623571991547263 -0.8285064197364101 0.0 
v -0.14353214321898541 -0.9896456557086302 0.0 
v -0.04300054262858415 -0.901913240723017 0.0 
v 0.029434631965339242 -0.8298281810030186 0.0 
v -0.1833159812324774 -0.8825950198529491 0.0 
v -0.14075026546003003 -0.8037249337320234 0.0 
v -0.10910265410731183 -0.746369658437833 0.0 
v -0.20673242021060537 -0.6544302805089866 0.0 
v -0.16419594072874497 -0.6829413590163053 0.0 
v -0.120910014921945 -0.6983426375669562 0.0 
v -0.19118637475573758 -0.6005059309688592 0.0 
v -0.1532248201764931 -0.5853945782014899 0.0 
v -0.3368755546771487 -0.8421921453454406 0.0 
v -0.4066071913552919 -0.9136030822726908 0.0 
v 0.03165364336661702 -0.2919150366167355 0.0 
v 0.03219990841473824 -0.2929371785133236 0.0 
v 0.032694426781529416 -0.29404179845271217 0.0 
v 0.03559851482940804 -0.2917612813593421 0.0 
v 0.034685944650667586 -0.2929699630007036 0.0 
v 0.03389142314152407 -0.29409753118743687 0.0 
v 0.03696823920943121 -0.2921370819492079 0.0 
v 0.037166047935087494 -0.2935499429135085 0.0 
v 0.03936278611978228 -0.29020219081461696 0.0 
v 0.039362949684162485 -0.2885865118709655 0.0 
v 0.03937659881464493 -0.28697190413393303 0.0 
v 0.023357772648139076 -0.3078933770993153 0.0 
v 0.02335677333557053 -0.30885691645460567 0.0 
v 0.022355134730566134 -0.309407459488975 0.0 
v 0.021112487644734085 -0.309828659715694 0.0 
v 0.023235249216386453 -0.31336026127779565 0.0 
v 0.021900084506260513 -0.3123988606558401 0.0 
v 0.0207039761309241 -0.3113872451481131 0.0 
v 0.022942350938830375 -0.3152218875574142 0.0 
v 0.02131298311575676 -0.3159806540080981 0.0 
v 0.01971567107625076 -0.31672021606041145 0.0 
v 0.02156357002909188 -0.320750197627661 0.0 
v 0.020560841531659473 -0.3194697103087855 0.0 
v 0.019448413637568333 -0.31842983923325036 0.0 
v 0.018179295278792883 -0.31752239077724936 0.0 
v 0.020685495470387182 -0.32227803444836534 0.0 
v 0.01925385923227305 -0.3221941690884587 0.0 
v 0.018129201336918713 -0.3219312282041713 0.0 
v 0.016847357276340333 -0.32428677671731476 0.0 
v 0.017010752443261987 -0.32255372057848297 0.0 
v 0.017391052622328877 -0.3212747094676545 0.0 
v 0.021858166208021272 -0.32540175958770484 0.0 
v 0.023367467174909094 -0.32547515888293516 0.0 
v 0.016961640648545953 -0.3201009086999667 0.0 
v 0.01673352808957961 -0.3185042908975033 0.0 
v 0.016713819898862167 -0.31662346192231694 0.0 
v 0.010875607086491745 -0.31887049882315444 0.0 
v 0.013010657667002231 -0.3169617956049437 0.0 
v 0.015032345652120872 -0.31559665574577883 0.0 
v 0.0169200649376347 -0.31459925012318596 0.0 
v 0.0077462346024402455 -0.31792549117365326 0.0 
v 0.00775946114558021 -0.31404836289968563 0.0 
v 0.008614080489665868 -0.31027062528185395 0.0 
v -0.0030756723937370107 -0.30766680124352697 0.0 
v 0.002246872999656033 -0.3080018823311647 0.0 
v 0.006359710460443533 -0.3075852197906547 0.0 
v -0.008426606169816381 -0.30410162617143516 0.0 
v -0.0026326669804507315 -0.30124738371312276 0.0 
v 0.0016093726417593145 -0.29917424690455274 0.0 
v 0.004806368361474546 -0.2979258610106653 0.0 
v 0.005077163149393322 -0.29200606809019275 0.0 
v 0.0061800558463645785 -0.29504710963176994 0.0 
v 0.007391210196813975 -0.29743043106923417 0.0 
v 0.011097974192694223 -0.2952691256282384 0.0 
v 0.009749057974474975 -0.2973626317534571 0.0 
v 0.008441215837550357 -0.29957041253230837 0.0 
v 0.014138822146831398 -0.3012056296921393 0.0 
v 0.011899410384418952 -0.30151964313642754 0.0 
v 0.00946948986278962 -0.3017909017520838 0.0 
v 0.016095619051513424 -0.30112766509409905 0.0 
v 0.015165188691343298 -0.3029018782288586 0.0 
v 0.014567364621079342 -0.304875279394853 0.0 
v 0.017685802506209373 -0.30130796814567157 0.0 
v 0.01813697510901512 -0.30260870315406474 0.0 
v 0.01858360926970898 -0.30364434004092095 0.0 
v 0.021002923210136422 -0.30224027091080974 0.0 
v 0.020237095964217595 -0.3029491477193659 0.0 
v 0.019550948441015615 -0.3037387523137858 0.0 
v 0.02181791240985016 -0.30261388945770507 0.0 
v 0.02185406059755242 -0.3034867428634007 0.0 
v 0.021937209529445917 -0.3042532838142129 0.0 
v 0.023412888159252424 -0.3017153236700616 0.0 
v 0.023643338826448514 -0.3007382325624155 0.0 
v 0.02394266444365222 -0.29967851761126557 0.0 
v 0.02099747859293641 -0.2999361129609153 0.0 
v 0.02208806454375203 -0.29933946947032714 0.0 
v 0.023201219513242288 -0.298881317810483 0.0 
v 0.02431982869555072 -0.2985477556294861 0.0 
v 0.019931936905077004 -0.2993138930496534 0.0 
v 0.0200394965322352 -0.2978213764786877 0.0 
v 0.020243908133626507 -0.29623552156951793 0.0 
v 0.01602474730085866 -0.2967362686846519 0.0 
v 0.01764329502862786 -0.29609912989341636 0.0 
v 0.019055067641048955 -0.29541925463875474 0.0 
v 0.020370441939234308 -0.2946578518800287 0.0 
v 0.015004261954966557 -0.29527546271446703 0.0 
v 0.01583895638901479 -0.2937307243094014 0.0 
v 0.01663162112981177 -0.29252357890670505 0.0 
v 0.024071611964745714 -0.2963620302718897 0.0 
v 0.024780744941416705 -0.2973652279692903 0.0 
v 0.1940492703975607 -0.12267333293449488 0.0 
v 0.20050489633268279 -0.11991615523624952 0.0 
v 0.20680611510985036 -0.12471751114065274 0.0 
v 0.2142354448005218 -0.13044816920458502 0.0 
v 0.22309845087319405 -0.1032744910548626 0.0 
v 0.22346588093313866 -0.11401934246866091 0.0 
v 0.22327203235501558 -0.12476696340918982 0.0 
v 0.22286408660136955 -0.13574985835781883 0.0 
v 0.22280340235205695 -0.09272924509878429 0.0 
v 0.23172103786096573 -0.09670093438588795 0.0 
v 0.24119564084353556 -0.10073915318071396 0.0 
v 0.25132409598435024 -0.10494663752366568 0.0 
v 0.25705200933421546 -0.07397668712285918 0.0 
v 0.25846698083744274 -0.08515454002237888 0.0 
v 0.26017111994540965 -0.09651490676808644 0.0 
v 0.2654214046028702 -0.0671451008182973 0.0 
v 0.2743392468233883 -0.07005871527558213 0.0 
v 0.2836652493099601 -0.07212038896714695 0.0 
v 0.2834242975819137 -0.047813783417569915 0.0 
v 0.2868890668629137 -0.05517760408512964 0.0 
v 0.29025361620204065 -0.06387273214289992 0.0 
v 0.29355811442328417 -0.07358965328445029 0.0 
v 0.2868209364856653 -0.04005884549046865 0.0 
v 0.2954206940009262 -0.03799660197776295 0.0 
v 0.3051618188974018 -0.03539941665235576 0.0 
v 0.2914602860169763 -0.013874575440846316 0.0 
v 0.299828480976825 -0.01791544749982244 0.0 
v 0.3082489962286881 -0.024121542011374727 0.0 
v 0.31629272461575647 -0.03227262546541078 0.0 
v 0.2890988348608778 -0.004277190688195418 0.0 
v 0.29701476726094056 0.0050564758126079995 0.0 
v 0.3062196659494353 0.016066664023481364 0.0 
v 0.3337580156923578 -0.01399161225155846 0.0 
v 0.3290494522703348 -0.028854513550480763 0.0 
v 0.323656586134442 -0.04206653232244161 0.0 
v 0.35918101753469484 -0.05250136559651685 0.0 
v 0.3440143730314465 -0.05264253153446723 0.0 
v 0.3301926868563095 -0.05319874860784184 0.0 
v 0.3650028026499591 -0.06767118814904352 0.0 
v 0.35435778459989076 -0.08067695168211096 0.0 
v 0.343999445269205 -0.0921637974226421 0.0 
v 0.37275199474348536 -0.1179551410580792 0.0 
v 0.359136004190424 -0.1112005123195005 0.0 
v 0.3463433979489658 -0.10615197371722038 0.0 
v 0.3340779838801107 -0.1024157501038145 0.0 
v 0.328297880118013 -0.13539251358242646 0.0 
v 0.32657366542832744 -0.12390231333994428 0.0 
v 0.32467493520265506 -0.11181181314579748 0.0 
v 0.32222391558553487 -0.09954514125060272 0.0 
v 0.2942034628190519 -0.11524750486166603 0.0 
v 0.3024585948500832 -0.10639436840081459 0.0 
v 0.3107750545910946 -0.09718011989763328 0.0 
v 0.3191304146810799 -0.08743735942025038 0.0 
v 0.28367026220663266 -0.11283001588037193 0.0 
v 0.28113560614897354 -0.10177659951763825 0.0 
v 0.30411530269662246 -0.07472447061404054 0.0 
v 0.31540691594410253 -0.0757614993130109 0.0 
v 0.22255536519702476 -0.08304725339283849 0.0 
v 0.22943279012170675 -0.07672324920216861 0.0 
v 0.23568204291143166 -0.06925886548469756 0.0 
v 0.21854197930912092 -0.060599312052952305 0.0 
v 0.22488644474568145 -0.061421845200745805 0.0 
v 0.23203337336321467 -0.061590159975390024 0.0 
v 0.24025314012636625 -0.06068910006631734 0.0 
v 0.21278945278863304 -0.05942762220648225 0.0 
v 0.2167676449320129 -0.05474735439366249 0.0 
v 0.22041792562885373 -0.04993433846070888 0.0 
v 0.22381939491472114 -0.04533021945856035 0.0 
v 0.21112098642088872 -0.03866217766467885 0.0 
v 0.21678646499939686 -0.0391947960086071 0.0 
v 0.22233276596024862 -0.040034662073743926 0.0 
v 0.2275733769444071 -0.04123594586861043 0.0 
v 0.20865250192273133 -0.033195950976075174 0.0 
v 0.21246102732791494 -0.0275483566902848 0.0 
v 0.21696448225813553 -0.021906538591162563 0.0 
v 0.20755271405781672 -0.013547437297182618 0.0 
v 0.21514116879592654 -0.014961115878455625 0.0 
v 0.22192921117965517 -0.01653874148336384 0.0 
v 0.22674933872595296 -0.004911613241229549 0.0 
v 0.22706420920828227 -0.011699067784812738 0.0 
v 0.2281549869784926 -0.01806917897878646 0.0 
v 0.24065220819107425 -0.009505949534770094 0.0 
v 0.23805719219376714 -0.014242806048560092 0.0 
v 0.2341658179186059 -0.019276534637305928 0.0 
v 0.24571061097043412 -0.007241813254293355 0.0 
v 0.2508000721506731 -0.011782415168720965 0.0 
v 0.2561147697559005 -0.01814912953979306 0.0 
v 0.2684214247531408 -0.0054837863454339645 0.0 
v 0.2650802607977907 -0.015455838732150706 0.0 
v 0.2620083239002637 -0.024958219893174566 0.0 
v 0.27626570793119715 -0.028398869952075773 0.0 
v 0.2681969342894289 -0.031107813118299063 0.0 
v 0.2597859133406923 -0.034495585135790464 0.0 
v 0.2652459051026653 -0.04856307167053664 0.0 
v 0.2585103950702866 -0.04385594218747386 0.0 
v 0.25157513011257654 -0.038871235345992454 0.0 
v 0.24279346715154118 -0.05190269739265404 0.0 
v 0.244106421399153 -0.043452965751938806 0.0 
v 0.2443660545035515 -0.03496304965074877 0.0 
v 0.23217525073265924 -0.03720497570361351 0.0 
v 0.23744137469139207 -0.0325305741385553 0.0 
v 0.2075200979781341 -0.05812948187456186 0.0 
v 0.20625324262289849 -0.05290512980154359 0.0 
v 0.20469636173681072 -0.04799781180026381 0.0 
v 0.19434634502634018 -0.05443291437258587 0.0 
v 0.1973021510763825 -0.05124462593943618 0.0 
v 0.20007726634464046 -0.047581141119034005 0.0 
v 0.19081164146839905 -0.05327158836979875 0.0 
v 0.19024560150584052 -0.04967485149184096 0.0 
v 0.1896390456652595 -0.046455171585406005 0.0 
v 0.18209112418502532 -0.04954358903991944 0.0 
v 0.18454952703395985 -0.047600654408614385 0.0 
v 0.1869158111577657 -0.04549590483531325 0.0 
v 0.18927239252802586 -0.04334507014014446 0.0 
v 0.1826622634905215 -0.0391146353844039 0.0 
v 0.18573269969754738 -0.03905859912192499 0.0 
v 0.1890131321059005 -0.03984627622971317 0.0 
v 0.19201634024172043 -0.04147580734602101 0.0 
v 0.19680195386534968 -0.034888469533936796 0.0 
v 0.19563768087255082 -0.04001141527259617 0.0 
v 0.37112580830827996 -0.13568432907802638 0.0 
v 0.35612676761915424 -0.14205092213591675 0.0 
v 0.3429550342963234 -0.14578866568478216 0.0 
v 0.34199926546745474 -0.1722109255609084 0.0 
v 0.3360446560266623 -0.15813220076384532 0.0 
v 0.3312432968815767 -0.14633093303599984 0.0 
v 0.3200070401728856 -0.14430276982974038 0.0 
v 0.308935602842811 -0.14127346438084717 0.0 
v 0.2982741449389297 -0.13793283222400993 0.0 
v 0.2895587737284821 -0.17042372209136403 0.0 
v 0.29000055162032573 -0.15752005045837994 0.0 
v 0.2894746063470771 -0.14581853637101355 0.0 
v 0.2774043595146323 -0.1765703714103287 0.0 
v 0.2692863382949407 -0.16811063121709585 0.0 
v 0.263646874021018 -0.16043854216114076 0.0 
v 0.23838900054456885 -0.17521590777134857 0.0 
v 0.24835022794290917 -0.16798393694901076 0.0 
v 0.25514711744668583 -0.16043755665346718 0.0 
v 0.2601190290964914 -0.15322367635044673 0.0 
v 0.23106959025207166 -0.16607776495795712 0.0 
v 0.23528596765188323 -0.15687282385512985 0.0 
v 0.23920246415257437 -0.15060250287954702 0.0 
v 0.23153093046561404 -0.13992018754518912 0.0 
v 0.23873304549339747 -0.14363602047966295 0.0 
v 0.24384193524780287 -0.14728694312949991 0.0 
v 0.24999537127994514 -0.14607068267650647 0.0 
v 0.2573534716860826 -0.1458847660788758 0.0 
v 0.26506910406701145 -0.14653044323178233 0.0 
v 0.26855205187726394 -0.13009971425164973 0.0 
v 0.2711713160936543 -0.13966153319648145 0.0 
v 0.14856294492558664 0.07433646794098651 0.0 
v 0.15412008388044576 0.0724394636209711 0.0 
v 0.15799486733269966 0.07048371235414326 0.0 
v 0.16580450345038827 0.08274514011506173 0.0 
v 0.16388557199379838 0.07688720597559957 0.0 
v 0.16212272858973084 0.0717210416767733 0.0 
v 0.16021821989136095 0.06772963144479259 0.0 
v 0.17177475336590362 0.08395060688969709 0.0 
v 0.1754860837248318 0.07938957561332476 0.0 
v 0.17958887878883106 0.07490632205171797 0.0 
v 0.1726534885642634 0.06139132576376932 0.0 
v 0.166531279964424 0.062381090896823345 0.0 
v 0.16136087246344416 0.06355407594322292 0.0 
v 0.2897545799367166 0.08799420125943927 0.0 
v 0.29522057371621946 0.10069696837284725 0.0 
v 0.3103559600660865 0.10350096994948285 0.0 
v 0.31719375494106994 0.08938336875605267 0.0 
v 0.3281562368573416 0.1044561131833646 0.0 
v 0.30899394518697104 0.15885238566231824 0.0 
v 0.32748882585529665 0.14292180377757854 0.0 
v 0.34079231744036625 0.12362786981430147 0.0 
v 0.34842534365181366 0.1024614326918645 0.0 
v 0.28832216113961096 0.17158055335910788 0.0 
v 0.3120595330522412 0.1866908199723178 0.0 
v 0.3418332446700301 0.20410856542973943 0.0 
v 0.37983335056276113 0.22525846729446775 0.0 
v 0.3330947363235596 0.2824748097000542 0.0 
v 0.37493836262368313 0.271471792774832 0.0 
v 0.4212687210971404 0.25805097245868536 0.0 
v 0.4412816009776827 0.3463152850442528 0.0 
v 0.45900722150783363 0.3013497615379823 0.0 
v 0.4757069718679918 0.25004511663154216 0.0 
v 0.573619434720854 0.30335936365035976 0.0 
v 0.5353853316580303 0.2489299214438389 0.0 
v 0.4962929580908962 0.1981084660755614 0.0 
v 0.6121851539938501 0.11609356771628425 0.0 
v 0.564468397144983 0.1405168189883211 0.0 
v 0.5162539590722995 0.15094248989824446 0.0 
v 0.4676056214184517 0.1503854029182909 0.0 
v 0.46899613139035884 0.08226995614827935 0.0 
v 0.45123740497802384 0.10969943842413102 0.0 
v 0.37024092771583167 0.09621467086542147 0.0 
v 0.3918326057973099 0.08476412467224352 0.0 
v 0.26816598889261545 0.18034163269392148 0.0 
v 0.26201002894247344 0.20148079084477988 0.0 
v 0.24906987512801923 0.22270170433551087 0.0 
v 0.2223005328254525 0.19391720775985508 0.0 
v 0.22534190986995728 0.2136523454506184 0.0 
v 0.19355410949193488 0.04448190680082176 0.0 
v 0.1992541467296812 0.04358954236895813 0.0 
v 0.20489470443055655 0.043321864449053483 0.0 
v 0.2049294024703162 0.05599729671417692 0.0 
v 0.20561083561090004 0.05187387162315835 0.0 
v 0.20727247939425966 0.047960743038076625 0.0 
v 0.20805976984403518 0.05788602847606634 0.0 
v 0.2105296524273255 0.05660935564517216 0.0 
v 0.20955508066991493 0.0634515736832075 0.0 
v 0.20837885792148464 0.06554017348502361 0.0 
v 0.1871579651453091 0.088254883326977 0.0 
v 0.1917230743394281 0.09102259898069007 0.0 
v 0.1963776945846681 0.0882220024840019 0.0 
v 0.20095500271055133 0.08525911316060295 0.0 
v 0.20676160498055535 0.09323378972871023 0.0 
v 0.20566689083331707 0.08788693207187946 0.0 
v 0.2053127218634547 0.08287013153808738 0.0 
v 0.2059906206312368 0.07847659166288386 0.0 
v 0.2090710280578311 0.08119688489745841 0.0 
v 0.21207529324764013 0.07978062088311176 0.0 
v 0.21454510898937312 0.07853786957515747 0.0 
v 0.21724251611894924 0.08227151785436698 0.0 
v 0.21667946226662949 0.07982614411325573 0.0 
v 0.2165868513437782 0.07760719881205023 0.0 
v 0.2169811551648647 0.07582124871806986 0.0 
v 0.2181712750871309 0.07694770606396105 0.0 
v 0.21933746582683855 0.07635575067649378 0.0 
v 0.21940370183730393 0.07528172495463757 0.0 
v 0.22019588434251816 0.07580230309832774 0.0 
v 0.2214663354237765 0.07707440521002902 0.0 
v 0.22108481984504483 0.07610500871238422 0.0 
v 0.22083162919933969 0.0752116937881588 0.0 
v 0.22140964077797534 0.07453386242947595 0.0 
v 0.2221269676513478 0.07378661032118604 0.0 
v 0.2218042945406911 0.07242233823590194 0.0 
v 0.18640202341945697 0.08301571851952884 0.0 
v 0.18539564700525274 0.07727930190986129 0.0 
v 0.18446029933759284 0.07099922523055582 0.0 
v 0.19934097910461082 0.07351899057442389 0.0 
v 0.19463833800158473 0.07105526296429601 0.0 
v 0.1896913613003765 0.06799943925026591 0.0 
v 0.18435798284968144 0.06437555182354078 0.0 
v 0.20370879414481602 0.0748509876178189 0.0 
v 0.20264171133965478 0.07080338184790812 0.0 
v 0.2025686263917344 0.06684289864221905 0.0 
v 0.20738445915738396 0.07508637047149255 0.0 
v 0.20877830585435378 0.07256801091780127 0.0 
v 0.20997551252050994 0.07066897460359174 0.0 
v 0.21467854352686286 0.07358093332963048 0.0 
v 0.21319894968458883 0.07224929601157236 0.0 
v 0.21194240523197916 0.07067098701702582 0.0 
v 0.2162450693020695 0.07435449584090985 0.0 
v 0.21608591099215282 0.07284722286060445 0.0 
v 0.21629851108851472 0.07150435193229623 0.0 
v 0.21677938369991 0.07027688197460664 0.0 
v 0.2187759525888382 0.07229430583832945 0.0 
v 0.2185768687691484 0.07142956498906713 0.0 
v 0.21810773378155124 0.07034221580353911 0.0 
v 0.21943890537366287 0.07281601908307174 0.0 
v 0.22046255841133264 0.07257000554752144 0.0 
v 0.2187334763350027 0.07452847329770425 0.0 
v 0.2176277853063238 0.07456737607028711 0.0 
v 0.19088964595623936 0.05607901203275213 0.0 
v 0.1851906056909753 0.05789344591124235 0.0 
v 0.17909152444415605 0.05988255263118235 0.0 
v 0.17741364301053406 0.04220189750774266 0.0 
v 0.17576928671672082 0.048435474280667155 0.0 
v 0.1742334673232793 0.0548590092289438 0.0 
v 0.17313635829798718 0.037250171598769 0.0 
v 0.16695797099642623 0.038059064217778354 0.0 
v 0.160268813425671 0.038462962920535415 0.0 
v 0.16037274270522248 0.02673355758319734 0.0 
v 0.15689018833846094 0.03201191474381166 0.0 
v 0.11164331102029705 -0.11256084017896002 0.0 
v 0.11253569117430041 -0.11140237702818583 0.0 
v 0.114676482149227 -0.11193714331493619 0.0 
v 0.11725173949597793 -0.1126407482855162 0.0 
v 0.11792643516475045 -0.10768955792650725 0.0 
v 0.11903835627219324 -0.1101403892208753 0.0 
v 0.12031779625647376 -0.11292216000843089 0.0 
v 0.1235947329013998 -0.11255105561273643 0.0 
v 0.1268769441674137 -0.11173581224887584 0.0 
v 0.13022962158846094 -0.11050493900628577 0.0 
v 0.12803499484573014 -0.10502981986451032 0.0 
v 0.13077497764424195 -0.10676877303050174 0.0 
v 0.1337120100452812 -0.10889099513144748 0.0 
v 0.1373371826986381 -0.10696283002517397 0.0 
v 0.1410566906203878 -0.10481301919097914 0.0 
v 0.14476203847188288 -0.10251785278884856 0.0 
v 0.14153865758309253 -0.09614720056997735 0.0 
v 0.14488293207926153 -0.09822395720817535 0.0 
v 0.14832163632478473 -0.10012419378017388 0.0 
v 0.1516228535302171 -0.09768745364537514 0.0 
v 0.15458749733851607 -0.09530925477264554 0.0 
v 0.15720161891721063 -0.09315573912534426 0.0 
v 0.15454198616661893 -0.08837461817234181 0.0 
v 0.15719038131338767 -0.08994412876663645 0.0 
v 0.15975948902944748 -0.0914046831171441 0.0 
v 0.1625828355882116 -0.08975401943494535 0.0 
v 0.1656621570780973 -0.08767073934027157 0.0 
v 0.16888891185515342 -0.08487542538718305 0.0 
v 0.16416084602118436 -0.080577084749063 0.0 
v 0.16765234182414362 -0.08090217929010007 0.0 
v 0.17172648313418015 -0.08116861067642885 0.0 
v 0.1738402300810621 -0.07698452770931652 0.0 
v 0.17546981165085587 -0.0728766490866076 0.0 
v 0.17674978077993916 -0.06889850239472628 0.0 
v 0.17095639587547853 -0.06716474480749218 0.0 
v 0.17432838001333686 -0.06625647532069644 0.0 
v 0.17774306169930873 -0.06506457677315926 0.0 
v 0.17848699997911657 -0.06138538724597056 0.0 
v 0.17901245699260465 -0.057867131818598254 0.0 
v 0.17935140082002923 -0.05451025025969442 0.0 
v 0.17429933829617772 -0.05430610310496499 0.0 
v 0.17692865914685701 -0.0529003291217897 0.0 
v 0.17953959717398482 -0.051309995662978274 0.0 
v 0.17961682836089918 -0.048261041181285866 0.0 
v 0.17963058064100346 -0.04536854906153042 0.0 
v 0.17966749126423914 -0.0426519124128843 0.0 
v 0.17519341949029218 -0.04283312534945365 0.0 
v 0.17757516162013856 -0.04132716762915462 0.0 
v 0.18000386558808995 -0.03995873669939189 0.0 
v 0.1806987356118293 -0.03684397486334068 0.0 
v 0.18148168999506503 -0.03281154970828415 0.0 
v 0.04092239814311596 -0.2685810617843852 0.0 
v 0.04194172252096329 -0.2661044863593987 0.0 
v 0.04441068232063305 -0.2658595547331297 0.0 
v 0.04670112918639196 -0.2659455841883742 0.0 
v 0.04727603447205503 -0.2578692673762871 0.0 
v 0.047875491752236966 -0.26121304600787226 0.0 
v 0.04840370002691469 -0.2640428547489188 0.0 
v 0.0502408514368111 -0.25550035629538076 0.0 
v 0.05311144597533714 -0.2572563428814494 0.0 
v 0.053675411711751726 -0.2441985875531199 0.0 
v 0.05016344942953294 -0.2471268170475433 0.0 
v 0.04655154318294922 -0.2455970879202738 0.0 
v 0.046088794364078284 -0.241497845554495 0.0 
v 0.04248840955508053 -0.20230824290982888 0.0 
v 0.04241309401211353 -0.20369244787596197 0.0 
v 0.04368686952754961 -0.20300307343915636 0.0 
v 0.04494563201141561 -0.20397079555898315 0.0 
v 0.04452996645242753 -0.20579534915453515 0.0 
v 0.04626932214483834 -0.20517516376598569 0.0 
v 0.04839410793912603 -0.20220374697000035 0.0 
v 0.0480845899176953 -0.20432308087173545 0.0 
v 0.04772332566916556 -0.20643350150792458 0.0 
v 0.04923365032528636 -0.20764115512045758 0.0 
v 0.050680419819712115 -0.20887838069196243 0.0 
v 0.05026948213341343 -0.21088939216578848 0.0 
v 0.05208686016708329 -0.21016808178490304 0.0 
v 0.05440452725203145 -0.2073378260220233 0.0 
v 0.05394389379549031 -0.20942409136349624 0.0 
v 0.05348832351060401 -0.21150390639032954 0.0 
v 0.0586333426864643 -0.2110028526485236 0.0 
v 0.0568495152302897 -0.21200983118359898 0.0 
v 0.05493497819541613 -0.21286898995294465 0.0 
v 0.052986983680677044 -0.21360974023515142 0.0 
v 0.05529502763784885 -0.219166992303812 0.0 
v 0.05378010665588772 -0.21738337308200364 0.0 
v 0.05238371277639396 -0.21574829303646584 0.0 
v 0.05106916538024649 -0.21423925857632264 0.0 
v 0.056960957417995804 -0.22113386569876736 0.0 
v 0.05436304862901506 -0.22173785050151612 0.0 
v 0.051893955534222214 -0.22208735366469554 0.0 
v 0.04957307334450671 -0.2222205865807345 0.0 
v 0.04994333492810388 -0.2294202696701826 0.0 
v 0.0490688722650085 -0.2267211615093395 0.0 
v 0.0482261009007571 -0.22431795600316773 0.0 
v 0.04741361865741217 -0.22217067083971517 0.0 
v 0.0478852874818168 -0.23181607623169 0.0 
v 0.04523345398949886 -0.23096081306204544 0.0 
v 0.04910292690868463 -0.23878294246498938 0.0 
v 0.05278408781672235 -0.23979469530783767 0.0 
v 0.0440371683620598 -0.22359806621778924 0.0 
v 0.04542203716093471 -0.2219656629039601 0.0 
v 0.04662915165772825 -0.2202490871159279 0.0 
v 0.04271924369328596 -0.21829143864279837 0.0 
v 0.04422183800157412 -0.21846994984882126 0.0 
v 0.04586906035815084 -0.21853179179836363 0.0 
v 0.04765947438007449 -0.21846709917797041 0.0 
v 0.04228580104865875 -0.2169001708343137 0.0 
v 0.043069881229383225 -0.2157282108849278 0.0 
v 0.04370516085216239 -0.21449814678356094 0.0 
v 0.04106692265437966 -0.21371059624209232 0.0 
v 0.04199955337363313 -0.21367432763886068 0.0 
v 0.04303115192925973 -0.21351459552805768 0.0 
v 0.044181278989920435 -0.21321404907304678 0.0 
v 0.040707919572624145 -0.21292618745812406 0.0 
v 0.04109304092351376 -0.2121800652193015 0.0 
v 0.0414136804469892 -0.21143093874981478 0.0 
v 0.0396117496528977 -0.21125379335978373 0.0 
v 0.04023802534253252 -0.2109909470896385 0.0 
v 0.04098399290210872 -0.2107839804096968 0.0 
v 0.04179339758708319 -0.21068120351142694 0.0 
v 0.03908059570282276 -0.2109486623500099 0.0 
v 0.03900263073914812 -0.21019822123418522 0.0 
v 0.0485204011630878 -0.21663461188041871 0.0 
v 0.04922606667781605 -0.21476080809959522 0.0 
v 0.04979851878879911 -0.21284755459681876 0.0 
v 0.045473990734473835 -0.21277343572903643 0.0 
v 0.04692604104585519 -0.21221515533343813 0.0 
v 0.04853441365936903 -0.21157659743491242 0.0 
v 0.04448004591091641 -0.21187086640470904 0.0 
v 0.044572250009686176 -0.21044867814140736 0.0 
v 0.04440567676813503 -0.20892368127581815 0.0 
v 0.042332794021381154 -0.20983197384776767 0.0 
v 0.04302761909586396 -0.2087718425614159 0.0 
v 0.043838621830851666 -0.20744172428036015 0.0 
v 0.04296815911461485 -0.20617009481865742 0.0 
v 0.04205900861686844 -0.20508322992697647 0.0 
v 0.06046882868993982 -0.21189981026079285 0.0 
v 0.06047206407911596 -0.21446381007177348 0.0 
v 0.06021071294255686 -0.2172608287757494 0.0 
v 0.0681374818090568 -0.2152630215159237 0.0 
v 0.06528139789213508 -0.2173440165527052 0.0 
v 0.06244619659106116 -0.21898521416408934 0.0 
v 0.059663897169906714 -0.22023214425329404 0.0 
v 0.07146300152459126 -0.21672035054574443 0.0 
v 0.07149499778813546 -0.22108115704755282 0.0 
v 0.07098645334955724 -0.22569468633152326 0.0 
v 0.4432225574795705 -0.26519105671938786 0.0 
v 0.424170441850857 -0.2330446742772211 0.0 
v 0.4371013164043891 -0.19947941504101163 0.0 
v 0.44432025115013224 -0.16682709924518838 0.0 
v 0.3999262369956639 -0.161256614701802 0.0 
v 0.4228190238805538 -0.15081324787239986 0.0 
v 0.05919189941120468 -0.15598198118100592 0.0 
v 0.05864478343383247 -0.1576379833905599 0.0 
v 0.058079766266651664 -0.15906728465525272 0.0 
v 0.060052504749416806 -0.1603173683213914 0.0 
v 0.0587305610238349 -0.16019296492495524 0.0 
v 0.057552695573878807 -0.16027546621398875 0.0 
v 0.05709785271619208 -0.16129144808043197 0.0 
v 0.05671631865038572 -0.16214546728728155 0.0 
v 0.11092897622119519 -0.11393093154959198 0.0 
v 0.10978508152106299 -0.11639670931028162 0.0 
v 0.1083890199052786 -0.11943275637531407 0.0 
v 0.11690129098082552 -0.12029537553201687 0.0 
v 0.11361185609801298 -0.12117620829918625 0.0 
v 0.11046180372516679 -0.12200755028172774 0.0 
v 0.1071919306336487 -0.12292080978977665 0.0 
v 0.11898836664825697 -0.1232004935815812 0.0 
v 0.11740468800938889 -0.12652192040416804 0.0 
v 0.11569454476351114 -0.129405771468735 0.0 
v 0.12420470521834154 -0.13382711606457884 0.0 
v 0.12015225165085695 -0.13328115605569624 0.0 
v 0.11661713086410554 -0.13258290490500518 0.0 
v 0.11362211586659648 -0.13172378435368684 0.0 
v 0.12878202773778438 -0.1341333346239845 0.0 
v 0.1257099003007189 -0.13839815099102953 0.0 
v 0.122134105830523 -0.14218013847386643 0.0 
v 0.11820616029620838 -0.14536340202137402 0.0 
v 0.1276755585595707 -0.1571359212779356 0.0 
v 0.12255390669660203 -0.15354061867875257 0.0 
v 0.1180674234176002 -0.15058390562030896 0.0 
v 0.11411500819528722 -0.14796758613589495 0.0 
v 0.12592406638331743 -0.16426748812365355 0.0 
v 0.11976066314503936 -0.1660209515656507 0.0 
v 0.11414312641171005 -0.16736392832658814 0.0 
v 0.11736732985200626 -0.1829852390650313 0.0 
v 0.11465961150271395 -0.1776243469997936 0.0 
v 0.11182373988013888 -0.17276628088635484 0.0 
v 0.10893799609490723 -0.1683746681258016 0.0 
v 0.11379884345199943 -0.18840001510672297 0.0 
v 0.10821771141569343 -0.1878734554863035 0.0 
v 0.10308287183912368 -0.18734051811538288 0.0 
v 0.10169116618481798 -0.20180322495087955 0.0 
v 0.10098240728791523 -0.1964306874747109 0.0 
v 0.09984386804567172 -0.19149278032762043 0.0 
v 0.09831959278553948 -0.18686690814346674 0.0 
v 0.10198852087377207 -0.20769773430855645 0.0 
v 0.09725018455595905 -0.20514080479808788 0.0 
v 0.09320862390045108 -0.20262604835858336 0.0 
v 0.09127519296364167 -0.19039029915019257 0.0 
v 0.09381387869050414 -0.186535597563282 0.0 
v 0.09652165928587426 -0.182442929945969 0.0 
v 0.08558323798355635 -0.1777407078267476 0.0 
v 0.09009446171666714 -0.1780654925973282 0.0 
v 0.09460489241709896 -0.17816251696892116 0.0 
v 0.09921371973124159 -0.17816485888398517 0.0 
v 0.08157831419019461 -0.17663738902068585 0.0 
v 0.08449759174235821 -0.17347027214257343 0.0 
v 0.08698522428409869 -0.1700625016800421 0.0 
v 0.0784417020958694 -0.17509673827942704 0.0 
v 0.07799383681797702 -0.1718488726288623 0.0 
v 0.07721725520213607 -0.16890286605183388 0.0 
v 0.07296490706667637 -0.17062175855127462 0.0 
v 0.07459225795763944 -0.16854899099196188 0.0 
v 0.07620945647672615 -0.16619752936821575 0.0 
v 0.07502040153798689 -0.1636919023074665 0.0 
v 0.07368014692268042 -0.16135820129106848 0.0 
v 0.10175493821249632 -0.17371935165086697 0.0 
v 0.10406203124520107 -0.16912076450469932 0.0 
v 0.10607694061523543 -0.16439759845448204 0.0 
v 0.09496492162396883 -0.16236419402186222 0.0 
v 0.09903451682912455 -0.1616812482264705 0.0 
v 0.10329445325229081 -0.1607751193522574 0.0 
v 0.10775426829882674 -0.15959936979438882 0.0 
v 0.09279158629981805 -0.15910929700643106 0.0 
v 0.09428963566674176 -0.1553065581599935 0.0 
v 0.09559208681168573 -0.15148391716906584 0.0 
v 0.08980464866610825 -0.14969634561455117 0.0 
v 0.09322406340587802 -0.14876166643759312 0.0 
v 0.09671024724276697 -0.14767816724579005 0.0 
v 0.08564108762455828 -0.1601106795986944 0.0 
v 0.08396427448837807 -0.16338383826470745 0.0 
v 0.10906273604658247 -0.1547984812049195 0.0 
v 0.10999654154422422 -0.1500843318906453 0.0 
v 0.1105860102369406 -0.14554786786666643 0.0 
v 0.10025158319404442 -0.1464158841143287 0.0 
v 0.10382533887476096 -0.1449468154749161 0.0 
v 0.10739303521798203 -0.14324124445028846 0.0 
v 0.09765829537592512 -0.14392123637145307 0.0 
v 0.09845505386834884 -0.14023416553970283 0.0 
v 0.09912505580211713 -0.1366218186603223 0.0 
v 0.09058599894161876 -0.1370229743743049 0.0 
v 0.09358383941989967 -0.1358384170040898 0.0 
v 0.09662410867603222 -0.13451120544124073 0.0 
v 0.0996975347070028 -0.13306870107521637 0.0 
v 0.08845295014202735 -0.1349356073393215 0.0 
v 0.08908148684791505 -0.13187662963367108 0.0 
v 0.08952766344810173 -0.12880153408756428 0.0 
v 0.08254557087705129 -0.1301308467213 0.0 
v 0.08476117192977752 -0.12864575860705713 0.0 
v 0.08722692934961246 -0.1271769989930951 0.0 
v 0.08019340877245718 -0.12920741901088534 0.0 
v 0.07990733588184523 -0.12621294034343622 0.0 
v 0.07973745760568964 -0.123023038489305 0.0 
v 0.07438837783355558 -0.1238019379579641 0.0 
v 0.07699429766260496 -0.12175688503939064 0.0 
v 0.09761502385833701 -0.12760133733339762 0.0 
v 0.10020068678644137 -0.1295352826705759 0.0 
v 0.10278445194972452 -0.13155223113772777 0.0 
v 0.10641427299425493 -0.1265240087611706 0.0 
v 0.10584603158792093 -0.1300348967416222 0.0 
v 0.10539220047031228 -0.13356381074938922 0.0 
v 0.11103683325124795 -0.13366665949633627 0.0 
v 0.10809793594606372 -0.13549007805934443 0.0 
v 0.13388627361818353 -0.1340323332376997 0.0 
v 0.1366830910413069 -0.1391985289313156 0.0 
v 0.13988116144308502 -0.14528651238226817 0.0 
v 0.1514424205482545 -0.12959223331590694 0.0 
v 0.14981967113233008 -0.13662309497227815 0.0 
v 0.14735592261536604 -0.14405959361162565 0.0 
v 0.15752300529800264 -0.1264923287330794 0.0 
v 0.1634248093946631 -0.13020136327767629 0.0 
v 0.17030710483787262 -0.13391423501147984 0.0 
v 0.17542817112714915 -0.12067709182529426 0.0 
v 0.17654296933233454 -0.12812052295946047 0.0 
v 0.1783272938595667 -0.13638053849686124 0.0 
v 0.19116922897781158 -0.1295371553098824 0.0 
v 0.1868890015402477 -0.13705107463539284 0.0 
v 0.1815110332913649 -0.14518213900344346 0.0 
v 0.20561263506429062 -0.1541604466170462 0.0 
v 0.19534271714513726 -0.15396261402875494 0.0 
v 0.18573586824791516 -0.15391952791653485 0.0 
v 0.2093530154976184 -0.16478164743732981 0.0 
v 0.2019909729234738 -0.17348658181891663 0.0 
v 0.19425918017087251 -0.18041557926996982 0.0 
v 0.20297705262076002 -0.198221326175326 0.0 
v 0.19341344134060193 -0.19105107039849534 0.0 
v 0.18603120648224555 -0.18479429207003206 0.0 
v 0.16781924453205918 -0.20678238750308722 0.0 
v 0.17296241586615183 -0.19677368408913715 0.0 
v 0.17709395523094 -0.18713064692352097 0.0 
v 0.18059563663241027 -0.17833557753213441 0.0 
v 0.15852999149842412 -0.17297781463611808 0.0 
v 0.16732314851772814 -0.17194355406656772 0.0 
v 0.1761327530832574 -0.17100348595044979 0.0 
v 0.14999063928507192 -0.17396592088003845 0.0 
v 0.15384818617503285 -0.16563006867749894 0.0 
v 0.15753203844350658 -0.15697931514513472 0.0 
v 0.058805498991129225 -0.22332681200488239 0.0 
v 0.057611057691907865 -0.2264958654994782 0.0 
v 0.05605847435182364 -0.22968928865217336 0.0 
v 0.06564158539417708 -0.2317333582321218 0.0 
v 0.06155213796749599 -0.2325498512424072 0.0 
v 0.057700904047708834 -0.23290606368286326 0.0 
v 0.0699455313161358 -0.2304472846719295 0.0 
v 0.0684132405640205 -0.23526897688468756 0.0 
v 0.06643718047893107 -0.24014726507415646 0.0 
v 0.06411602945613883 -0.24513068400925545 0.0 
v 0.0777242796433714 -0.24824381961211356 0.0 
v 0.07213629077678922 -0.24887745432239206 0.0 
v 0.06693635596875651 -0.24944587131299242 0.0 
v 0.08078914339258152 -0.2536190278197576 0.0 
v 0.0772232048600067 -0.2592772764812842 0.0 
v 0.07333379707855572 -0.2641444812431935 0.0 
v 0.0866264914477287 -0.27570993896159185 0.0 
v 0.080044413477324 -0.2724186542742204 0.0 
v 0.07433287451040244 -0.27002345781727327 0.0 
v 0.0853757763991926 -0.2842801936181722 0.0 
v 0.07841271095130746 -0.2870422329020298 0.0 
v 0.09582464831442487 -0.2969923770873416 0.0 
v 0.10502514969508721 -0.29608023814908907 0.0 
v 0.11579871914118049 -0.2953964256378338 0.0 
v 0.10617947416910281 -0.26688305717258864 0.0 
v 0.11332085708456217 -0.2747368823204605 0.0 
v 0.12069230238483558 -0.28338138569782706 0.0 
v 0.12839847639412885 -0.29348002490209996 0.0 
v 0.1000037191279433 -0.25921953755321847 0.0 
v 0.10931108217185838 -0.2564838751505095 0.0 
v 0.11863320014079039 -0.2526663780073558 0.0 
v 0.12794950252186346 -0.24776594977096522 0.0 
v 0.11357817512478165 -0.2287040474382011 0.0 
v 0.12056558625232655 -0.2328168831498408 0.0 
v 0.12836695139870752 -0.2371487699901347 0.0 
v 0.13714107670585798 -0.24169718933093837 0.0 
v 0.1136757862920791 -0.2205275487716612 0.0 
v 0.11989496589635916 -0.2155811876049743 0.0 
v 0.1258473217172839 -0.20997203931396896 0.0 
v 0.11749022840831756 -0.20085402521512427 0.0 
v 0.1241571360858185 -0.2023300647124923 0.0 
v 0.13146146984974227 -0.20373917878741668 0.0 
v 0.09500632778318209 -0.25210597824669484 0.0 
v 0.09769410970474754 -0.24402031615360353 0.0 
v 0.09955651609252249 -0.2361106952056138 0.0 
v 0.10192335379372468 -0.2141400258344767 0.0 
v 0.09626225160468684 -0.2174700593088381 0.0 
v 0.09035355459588561 -0.22042591094709488 0.0 
v 0.09433727900083495 -0.23150807560429296 0.0 
v 0.08940710359407783 -0.227289755247694 0.0 
v 0.08457975290104244 -0.22344028134547966 0.0 
v 0.07931938277665625 -0.22634853742720087 0.0 
v 0.0744831857232425 -0.22867081837959286 0.0 
v 0.14234967834725795 -0.2895564813734963 0.0 
v 0.157410737372826 -0.28381209764231347 0.0 
v 0.1737514101853328 -0.2751086164073998 0.0 
v 0.14710823741718962 -0.24646041286320233 0.0 
v 0.1586167520140034 -0.2514290882309603 0.0 
v 0.17225965572099625 -0.2565389770098873 0.0 
v 0.1459872157129544 -0.23441958896377824 0.0 
v 0.15421148921511216 -0.22600490268956341 0.0 
v 0.16155008454859748 -0.21667379106571408 0.0 
v 0.13944420723168485 -0.20502075909125447 0.0 
v 0.14814494725730162 -0.20607661187884324 0.0 
v 0.15759685670466397 -0.20674788083330228 0.0 
v 0.13668425826934263 -0.19694685642420962 0.0 
v 0.14149263389964578 -0.18967280875474699 0.0 
v 0.14590566590306048 -0.18199274376840996 0.0 
v 0.13419440423348925 -0.17573442258724242 0.0 
v 0.14184333049719064 -0.17487676396318363 0.0 
v 0.037547385596927954 -0.27586317431589885 0.0 
v 0.037606370082400455 -0.27728428495490653 0.0 
v 0.03739418701923525 -0.2790789374979019 0.0 
v 0.03702805989087997 -0.28113205287414184 0.0 
v 0.04048016941430854 -0.2814396040325592 0.0 
v 0.038576499167844405 -0.28231199882348057 0.0 
v 0.03677071293046072 -0.2832603850842136 0.0 
v 0.03809765249040966 -0.2861396303850255 0.0 
v 0.036689369047808326 -0.28525398896281634 0.0 
v 0.03512997314105051 -0.2844208076937073 0.0 
v 0.03378639879719744 -0.28893134907673845 0.0 
v 0.03386620437872163 -0.2873169085665993 0.0 
v 0.03375564779351965 -0.285662931524067 0.0 
v 0.03250277962945343 -0.28951759880372663 0.0 
v 0.03159415913129279 -0.288827356623983 0.0 
v 0.03072545845740242 -0.2883466048284953 0.0 
v 0.02967192370217148 -0.2905046228953218 0.0 
v 0.029906342741298622 -0.2897155580933726 0.0 
v 0.02999296995926133 -0.28889399716995473 0.0 
v 0.02897691076174376 -0.2906124820412631 0.0 
v 0.028674284549997472 -0.2901120531915577 0.0 
v 0.028396326832307323 -0.28974191260509086 0.0 
v 0.027828587894339462 -0.2901155175101784 0.0 
v 0.02803417276135081 -0.28981698898621916 0.0 
v 0.03837356199679364 -0.27465231254304867 0.0 
v 0.04011494833183204 -0.27467442991020213 0.0 
v 0.04225663982058335 -0.2747874632672966 0.0 
v 0.04222370881572254 -0.2704959763068838 0.0 
v 0.043458237773664136 -0.2724707821424257 0.0 
v 0.6530864409398359 -0.5925058501530782 0.0 
v 0.6436806720386811 -0.4703921874283123 0.0 
v 0.6231740993336522 -0.3641978997221255 0.0 
v 0.5004825529396962 -0.41677995462083783 0.0 
v 0.5457056453277525 -0.3603912226993472 0.0 
v 0.584046343232665 -0.28668253649453973 0.0 
v 0.48699233138150405 -0.25809653800055626 0.0 
v 0.5376553217558704 -0.2413515131042582 0.0 
v 0.5955641596416517 -0.20774305263996004 0.0 
v 0.5001533098430764 -0.12685921731527966 0.0 
v 0.5357511066915478 -0.13642086235290635 0.0 
v 0.5812339655350551 -0.14402929676029466 0.0 
v 0.6430666652407756 -0.1450036153552946 0.0 
v 0.4935156647794627 -0.09376241834389465 0.0 
v 0.5139113691585697 -0.06731376116556351 0.0 
v 0.6654005183450636 -0.06646078384407149 0.0 
v 0.6669178984309586 0.005937598264975005 0.0 
v 0.6493679732775633 0.07000024641608137 0.0 
v 0.5712331419738024 0.01848930896999903 0.0 
v 0.5935259724750617 0.060289102723659636 0.0 
v 0.27497934821324477 0.1164519951393593 0.0 
v 0.26588072608091773 0.10915044078899383 0.0 
v 0.25891730097857746 0.10338139372970502 0.0 
v 0.26805394138061633 0.08616464385866743 0.0 
v 0.26408371779911316 0.09211943321018277 0.0 
v 0.25906888044440013 0.09622630894888946 0.0 
v 0.23262066987749366 0.08017932198749354 0.0 
v 0.23374452398916878 0.08239367967401334 0.0 
v 0.2349937259304476 0.08494825724875875 0.0 
v 0.23640876968861907 0.08789113893980217 0.0 
v 0.2310112561313638 0.08941608172395779 0.0 
v 0.23435779077339564 0.09055163630887239 0.0 
v 0.23805273793947784 0.09128072542098153 0.0 
v 0.240016424950542 0.09519641078238023 0.0 
v 0.242418587501939 0.09975548465450138 0.0 
v 0.24539773888148533 0.10513475702871572 0.0 
v 0.23507764146885174 0.1084597600598659 0.0 
v 0.2416887762390532 0.11051012102203095 0.0 
v 0.2263559149091881 0.0731309993592426 0.0 
v 0.22783124628594334 0.07356308574713268 0.0 
v 0.22916473210061533 0.07388646043542738 0.0 
v 0.22807886770180946 0.07761421566370781 0.0 
v 0.22904468414145257 0.07639947156771255 0.0 
v 0.2298459221478306 0.07515667318116151 0.0 
v 0.2286320419106252 0.07934592072909022 0.0 
v 0.23052384236524462 0.07984866044912439 0.0 
v 0.26753049980147336 0.06521406687813129 0.0 
v 0.26906246469629885 0.07155513179852417 0.0 
v 0.2759863799282516 0.074711123034929 0.0 
v 0.2696990653984856 0.07883213671556942 0.0 
v 0.259270635506768 0.07675313435003467 0.0 
v 0.26347102303577197 0.08067184585679775 0.0 
v 0.30761190983386916 0.0774518980663157 0.0 
v 0.29567074459525 0.07821201502104304 0.0 
v 0.28494748378536283 0.07725260461443763 0.0 
v 0.2871647124063567 0.05397898536220519 0.0 
v 0.2845716518581548 0.0613437547083556 0.0 
v 0.2810066198951121 0.06843863655335877 0.0 
v 0.28185829331671863 0.047152196388647025 0.0 
v 0.2744798638488299 0.04886111572050137 0.0 
v 0.2878841452225704 0.028171189884249107 0.0 
v 0.3003166159206278 0.02819136518536561 0.0 
v 0.3142678402200229 0.029534804069585526 0.0 
v 0.3094928381493877 0.05255436174028517 0.0 
v 0.31929856057417405 0.04447548476132712 0.0 
v 0.024207066761021183 -0.16508449798811795 0.0 
v 0.023468712953021772 -0.16804024054250982 0.0 
v 0.020550558466850635 -0.16900524734004999 0.0 
v 0.01862661353034363 -0.16651128973401816 0.0 
v 0.01734526341640681 -0.16977944682904453 0.0 
v 0.02106779520653446 -0.17909991663686234 0.0 
v 0.01844054303785125 -0.1762876514555573 0.0 
v 0.016001656739258442 -0.17340394999329617 0.0 
v 0.019758402478651828 -0.18287047593015 0.0 
v 0.016371568910715707 -0.18418845434249193 0.0 
v 0.012886554918674135 -0.1861684647499577 0.0 
v 0.01636401251656238 -0.19110585337799857 0.0 
v 0.013330945623507716 -0.19021180188023132 0.0 
v 0.027358214683424444 -0.28983459188599087 0.0 
v 0.027079448442843917 -0.2898570616452543 0.0 
v 0.0267312434612126 -0.28981272836495525 0.0 
v 0.026988184293463464 -0.29110395203345435 0.0 
v 0.02664528795195584 -0.2906696879911212 0.0 
v 0.02642394027863664 -0.2901930126125948 0.0 
v 0.026318331561033737 -0.2896862384359676 0.0 
v 0.02681618706474283 -0.2917989868355774 0.0 
v 0.026061367636731846 -0.29201011179417546 0.0 
v 0.02521367844865071 -0.292095969694894 0.0 
v 0.025211472823364146 -0.29395681811666974 0.0 
v 0.024676369560038287 -0.29300598438406505 0.0 
v 0.024293809964494952 -0.29205283528181447 0.0 
v 0.025842286906060642 -0.2894652246601065 0.0 
v 0.02530209108257027 -0.2891422517398285 0.0 
v 0.024693918371783807 -0.2887163700372759 0.0 
v 0.024050262393398324 -0.2911003381575278 0.0 
v 0.0239277418162544 -0.290147399870499 0.0 
v 0.023915359514657994 -0.2891839878608313 0.0 
v 0.024010910187601427 -0.2881947986496495 0.0 
v 0.02332153479880396 -0.2918788112188155 0.0 
v 0.02232156951318469 -0.29157516439213094 0.0 
v 0.021319647800694282 -0.29116390174803836 0.0 
v 0.020372278244896694 -0.29321618165558017 0.0 
v 0.020353058564058037 -0.2919164037569129 0.0 
v 0.020329559638804548 -0.29068848341581804 0.0 
v 0.019348845695239047 -0.29019376807491865 0.0 
v 0.01837028726298622 -0.28970367912415057 0.0 
v 0.018349937569036325 -0.2885219826522004 0.0 
v 0.017410259708731283 -0.2891930879792762 0.0 
v 0.17614425308571555 0.1523512114118209 0.0 
v 0.1703779927012696 0.16541566353543663 0.0 
v 0.16460207613191613 0.18019119485868185 0.0 
v 0.12638668849763657 0.15187577175766034 0.0 
v 0.13781116160541165 0.16671102064778182 0.0 
v 0.14800511350166637 0.18122710119334304 0.0 
v 0.11020592345581959 0.15764137279500362 0.0 
v 0.10725117756965591 0.17287616428515448 0.0 
v 0.10413029984721646 0.18674588558155883 0.0 
v 0.07152695929679789 0.16949862530600465 0.0 
v 0.08014484220643672 0.18054457099123639 0.0 
v 0.09075963847560722 0.1913379702954203 0.0 
v 0.10265678904454664 0.20078970810542707 0.0 
v 0.057757843453976845 0.1688052433163634 0.0 
v 0.04920546981754083 0.18194020893124085 0.0 
v 0.087001243946274 0.22632302823508857 0.0 
v 0.1033862892099199 0.2171248839478466 0.0 
v 0.11622568422135536 0.20726681401509067 0.0 
v 0.14007513271724276 0.22866800063151443 0.0 
v 0.1322861711938067 0.2107881349242668 0.0 
v -0.20645703081829841 0.7532558259481241 0.0 
v -0.12533239661582682 0.7926163339184524 0.0 
v -0.022740499076503926 0.8225229751142261 0.0 
v -0.12588677709005633 0.9920446156065151 0.0 
v -0.01761162473543435 0.9170061943964866 0.0 
v 0.08832438443851046 0.8557003459073316 0.0 
v 0.20269311222368366 0.979242310287437 0.0 
v 0.19866341534127568 0.8984227584714408 0.0 
v 0.1950444985098937 0.8065643537916952 0.0 
v 0.3977072092117606 0.8141705665681924 0.0 
v 0.29589968423853436 0.7655956641407816 0.0 
v -0.09219534816110744 0.14229726448578375 0.0 
v -0.09387148113268248 0.1409629143645433 0.0 
v -0.09530134370814095 0.13981936779769957 0.0 
v -0.0966262711970318 0.13896135859233452 0.0 
v -0.09405013588743719 0.13496483896957565 0.0 
v -0.09561214503279394 0.13614252252878697 0.0 
v -0.09694236754716601 0.13732943919426302 0.0 
v -0.09422405266563069 0.13267815906381822 0.0 
v -0.09636887776069916 0.1316690593224651 0.0 
v -0.09870347858752843 0.13083843448259408 0.0 
v -0.09518926374677875 0.1242918940283401 0.0 
v -0.09739157999687338 0.12619983733378493 0.0 
v -0.09940856731245211 0.12812715039928166 0.0 
v -0.09577671132187746 0.12107082080379732 0.0 
v -0.09883118889048244 0.12002201904924643 0.0 
v -0.10194650454278384 0.11928374937984264 0.0 
v -0.10090359693822529 0.11269379700090634 0.0 
v -0.10358634007070906 0.1158364502795304 0.0 
v -0.08997614694712057 0.13025469540382603 0.0 
v -0.08794357076180873 0.13209931054866544 0.0 
v -0.08628653031231762 0.13419807835414213 0.0 
v -0.11974784725599809 -0.045260932724872 0.0 
v -0.12011275179302491 -0.05237023361219157 0.0 
v -0.11948711330700128 -0.05847707414937327 0.0 
v -0.11147043695794513 -0.05669207937523583 0.0 
v -0.11476910856737119 -0.06016389385724918 0.0 
v -0.11833874011632693 -0.0640487594804944 0.0 
v -0.11699374782431339 -0.06926011915715465 0.0 
v -0.11570847409033862 -0.0740827839799109 0.0 
v -0.11469801809893203 -0.07841196204483987 0.0 
v -0.10357110286258346 -0.07452739516029444 0.0 
v -0.10759419032727555 -0.07719121776541613 0.0 
v -0.11108691787560997 -0.07990486605888378 0.0 
v -0.09993472718382712 -0.077605809287231 0.0 
v -0.10075981287912245 -0.08222707810995994 0.0 
v -0.10169081059296252 -0.08636097968913432 0.0 
v -0.09099878407299801 -0.0875656488570644 0.0 
v -0.09514381430983287 -0.08858348941998037 0.0 
v -0.09925887778940898 -0.08954919778715967 0.0 
v -0.08863541146473825 -0.09080686107517383 0.0 
v -0.08952843668959014 -0.09476664103713361 0.0 
v -0.08971847373631246 -0.0992847236403873 0.0 
v -0.08352427581884621 -0.09735446293432418 0.0 
v -0.08568307122965015 -0.10041055087408271 0.0 
v -0.08863724605274059 -0.10429200191554731 0.0 
v -0.09193505572902005 -0.10934357934980951 0.0 
v -0.08623189488043002 -0.10932651829010384 0.0 
v -0.08298287974153497 -0.11423319536906157 0.0 
v -0.08536709816487303 -0.12079014996187278 0.0 
v -0.07883318729350293 -0.11906532533862332 0.0 
v -0.07247459797069358 -0.11030682774813312 0.0 
v -0.0730641633802164 -0.11625636618715557 0.0 
v -0.07356131400277052 -0.12309541544066654 0.0 
v -0.0677092980815546 -0.1259381808069542 0.0 
v -0.06202731931347097 -0.12805458673109615 0.0 
v -0.056638524959689254 -0.1295870904123193 0.0 
v -0.053570366483257775 -0.12046714376586871 0.0 
v -0.05292779998973576 -0.12556138850520532 0.0 
v -0.05160001288763244 -0.13053506354531053 0.0 
v -0.04692857811132422 -0.13088336429212702 0.0 
v -0.0426067181427948 -0.1306639583524538 0.0 
v -0.0386079891011431 -0.12998654293471854 0.0 
v -0.039234316940014606 -0.12326354025695353 0.0 
v -0.03719392777439142 -0.12618629616447305 0.0 
v -0.03493218381048996 -0.12902304573108564 0.0 
v -0.03161836284198695 -0.12795924469490103 0.0 
v -0.028729118471302915 -0.1269613182413738 0.0 
v -0.02630298642017279 -0.12616954289175053 0.0 
v -0.026533159928466422 -0.12170667479672209 0.0 
v -0.025365835783490616 -0.1238709353306372 0.0 
v -0.024170145520278703 -0.12574642020228388 0.0 
v -0.022057057357928157 -0.125535975591753 0.0 
v -0.019894152354800788 -0.12522892466974064 0.0 
v 0.01911062351387957 -0.24321740900697744 0.0 
v 0.015333788042410711 -0.24391791971997315 0.0 
v 0.01153124554874753 -0.2445568878139013 0.0 
v 0.013869125742261746 -0.2551881779987518 0.0 
v 0.011945608809587683 -0.25165635614188586 0.0 
v 0.009897542149558094 -0.24839268703062978 0.0 
v 0.01154946242408597 -0.2587456034304289 0.0 
v 0.00797673295240178 -0.2585480012893167 0.0 
v 0.013950271361033311 -0.26595086592649725 0.0 
v 0.017238132038284667 -0.2664579749014401 0.0 
v 0.02305076576184047 -0.304098931131777 0.0 
v 0.022525889677513684 -0.30446664076008406 0.0 
v 0.02206196996776266 -0.3049123900622751 0.0 
v 0.023082548222358 -0.3056374150164107 0.0 
v 0.022678682432979918 -0.3055384290068397 0.0 
v 0.0222184229657054 -0.3054621832763188 0.0 
v 0.021668977848690915 -0.305435939307937 0.0 
v 0.023189121875905223 -0.30606237495314886 0.0 
v 0.022852517780068214 -0.306390186795431 0.0 
v 0.022507974397451568 -0.3066175141789068 0.0 
v 0.02275194348556441 -0.30749779445235165 0.0 
v 0.0223486415488184 -0.30706341016263533 0.0 
v 0.022154920428011572 -0.30665191852626605 0.0 
v 0.02176864610471193 -0.30645338501754765 0.0 
v 0.021367292274818053 -0.3060457821824925 0.0 
v 0.021000460976965597 -0.30545689382927077 0.0 
v 0.019244226483125567 -0.3075579467731199 0.0 
v 0.01972288239768257 -0.3064092793170092 0.0 
v 0.020194825719432163 -0.30549540180748996 0.0 
v 0.01784348315705832 -0.30769091101835633 0.0 
v 0.01736782962096482 -0.3063250214477643 0.0 
v 0.01605078411468886 -0.31110461371418036 0.0 
v 0.01734856165504249 -0.3125759984909529 0.0 
v 0.002476911604425403 -0.2024633177284719 0.0 
v 0.001593698600979069 -0.20788893375646772 0.0 
v 0.005905603872350111 -0.2056025161497694 0.0 
v 0.009107582641019218 -0.20795572989051495 0.0 
v 0.009099983792814507 -0.211984606652071 0.0 
v 0.012081949780241307 -0.20975027245956387 0.0 
v 0.015880861521815746 -0.20187775433193683 0.0 
v 0.01513521344401927 -0.20484949683495754 0.0 
v 0.01479389202060107 -0.20793446111155411 0.0 
v 0.014873949039930591 -0.21109953850203864 0.0 
v 0.01847296005557098 -0.2012359603035518 0.0 
v 0.019950578148868352 -0.2031245158922851 0.0 
v 0.021271685992932835 -0.204798370459141 0.0 
v 0.0253294222544824 -0.20023882656465097 0.0 
v 0.024306348085507624 -0.20240442720008553 0.0 
v 0.023306706993141264 -0.2045280114020265 0.0 
v 0.027489533059489955 -0.20001552807463915 0.0 
v 0.028641739717052826 -0.2018826813685472 0.0 
v 0.029890935850659477 -0.20369053674963677 0.0 
v 0.033482827508923514 -0.19932288303824697 0.0 
v 0.032640180906429395 -0.20118638952363574 0.0 
v 0.031898108642301956 -0.20314094858700524 0.0 
v 0.03528601102360506 -0.19915557345128884 0.0 
v 0.03615973435372903 -0.20067857762263858 0.0 
v 0.03701357381784257 -0.20208761155035979 0.0 
v 0.04027207362771 -0.19908289730014955 0.0 
v 0.03934122235975971 -0.20050875883966476 0.0 
v 0.038531756157221875 -0.20193408602885352 0.0 
v 0.04185287453240637 -0.1992611641372154 0.0 
v 0.04226605524338477 -0.20083907304697443 0.0 
v 0.016385140482931573 -0.29124885830260006 0.0 
v 0.016337883936690608 -0.28986594182519315 0.0 
v 0.016510140137027795 -0.2884906222623201 0.0 
v 0.012014831754248025 -0.2890400028050957 0.0 
v 0.013907217927637112 -0.28802080374254296 0.0 
v 0.015596270469600932 -0.28742995961368156 0.0 
v 0.00592655057073139 -0.21472116038795136 0.0 
v 0.0018553140360714785 -0.21318459134563303 0.0 
v -0.0028348396184255447 -0.21134842622961425 0.0 
v -0.0034701412934628035 -0.22616680551953933 0.0 
v -0.005304992834432074 -0.22122447094326095 0.0 
v -0.006895500794229896 -0.21579224487908796 0.0 
v -0.00831378748406403 -0.20980755160683293 0.0 
v -0.00625264685969944 -0.23087361517834604 0.0 
v -0.011545217091109705 -0.23117779540520697 0.0 
v -0.01736383850549364 -0.23156431117385542 0.0 
v -0.012548530318854794 -0.24719994723560995 0.0 
v -0.016536311356341857 -0.24295848396095635 0.0 
v -0.02035564705091458 -0.2378485887306599 0.0 
v -0.023785622686320722 -0.23194695810279736 0.0 
v -0.013514286259249752 -0.2532366319836264 0.0 
v -0.01893221669536934 -0.256581607245062 0.0 
v -0.002890020826733117 -0.24389131825498964 0.0 
v -0.0011996635121176405 -0.23923880021123026 0.0 
v 0.0031143704490479347 -0.23851122323494492 0.0 
v 0.007187636953875548 -0.23793300889209185 0.0 
v 0.005430075741621995 -0.22659525471841468 0.0 
v 0.007164952622374696 -0.230433504307679 0.0 
v 0.009064357154980314 -0.23402725451507678 0.0 
v 0.007923523002075099 -0.22298793894958552 0.0 
v 0.01162536135388063 -0.2233804467251044 0.0 
v 0.015078195864584636 -0.22364083671248688 0.0 
v 0.015334875552622265 -0.21431096938149866 0.0 
v 0.0161048984681395 -0.21752825673039708 0.0 
v 0.01711210657916418 -0.22070229401557412 0.0 
v 0.017539769102246583 -0.2120597874094353 0.0 
v 0.020150303755362794 -0.2126645572771007 0.0 
v 0.010018506517247358 -0.2877484786760253 0.0 
v 0.010566916836169934 -0.2847385985652525 0.0 
v 0.01166681996863041 -0.28158405598007336 0.0 
v 0.0019528271871994097 -0.28057763475947 0.0 
v 0.0060971166924505 -0.2796306370062606 0.0 
v 0.009719033097583233 -0.2788846394730214 0.0 
v -0.002830483889771389 -0.28117341219090647 0.0 
v -0.0003351699386114616 -0.27647643028620034 0.0 
v 0.0020987133369790986 -0.2723538363178025 0.0 
v 0.004516547924950867 -0.2686656835145467 0.0 
v -0.004588007400089577 -0.2629758236385874 0.0 
v -0.0005752698761577963 -0.2641009491080508 0.0 
v 0.00322777522687267 -0.2648315729670702 0.0 
v -0.005052385619985574 -0.2582467125493291 0.0 
v -0.001485520532315817 -0.25569355415220335 0.0 
v 0.0017598081632337424 -0.25376363510168215 0.0 
v -3.179263008511455e-05 -0.24713939898686207 0.0 
v 0.002618131071049386 -0.2500099087188875 0.0 
v -0.010025350094429905 -0.20360658324314157 0.0 
v -0.014230276477815702 -0.2087496206274052 0.0 
v -0.020198468898384652 -0.20766927642865973 0.0 
v -0.021766733100324693 -0.2013983394034759 0.0 
v -0.026241142519079507 -0.20634403610606503 0.0 
v -0.026710725489216956 -0.2254633948386347 0.0 
v -0.029107712306721784 -0.21862203180562306 0.0 
v -0.030989869416082307 -0.21161526549868495 0.0 
v -0.030877066285053677 -0.23214011919680408 0.0 
v -0.03864961647153724 -0.23188658142656152 0.0 
v -0.04704337497254369 -0.23096360108103872 0.0 
v -0.044394312956763 -0.25824430969667167 0.0 
v -0.049245954949077776 -0.24881810783769634 0.0 
v -0.05315377397705719 -0.23912244145170586 0.0 
v -0.03956063132177741 -0.2674335724757405 0.0 
v -0.04966508865264918 -0.2683797634150953 0.0 
v -0.06053581038486538 -0.26962132696201396 0.0 
v -0.07236637580223476 -0.27134457187049454 0.0 
v -0.06926032249778724 -0.29240821246101734 0.0 
v -0.07630925030085181 -0.2838700406660395 0.0 
v -0.08463563933746049 -0.27507470536208567 0.0 
v -0.09707064225774348 -0.29410410438709567 0.0 
v -0.09644766088464793 -0.2810859284824921 0.0 
v -0.09476818345168649 -0.2667537478053483 0.0 
v -0.11829840494404996 -0.2654434471712226 0.0 
v -0.1056367567677651 -0.2591117621009909 0.0 
v -0.09373180459503337 -0.2521170103364885 0.0 
v -0.10379394766215029 -0.23297065972499148 0.0 
v -0.09389442770350508 -0.23841233035472575 0.0 
v -0.08291574638476633 -0.2436830020346869 0.0 
v -0.0756275414348775 -0.2107237760390172 0.0 
v -0.07506942662520051 -0.22263822695832003 0.0 
v -0.0736410284309637 -0.23465072888167732 0.0 
v -0.06655561950069572 -0.20497769202291669 0.0 
v -0.05858260515223677 -0.20948746199928392 0.0 
v -0.05080099644741927 -0.2129527825351946 0.0 
v -0.04469336404198915 -0.19166551998423845 0.0 
v -0.04489289621737859 -0.1993550098403109 0.0 
v -0.04442864156976074 -0.2073476157791864 0.0 
v -0.038823846789360295 -0.1881928194641029 0.0 
v -0.0337084798884621 -0.1912119488599194 0.0 
v -0.028458961233916766 -0.19352608844335806 0.0 
v -0.02574096623540521 -0.1791325419390813 0.0 
v -0.02495763940418123 -0.18403240591785566 0.0 
v -0.024123220411285888 -0.1894650245402984 0.0 
v -0.02307729118448672 -0.1952923643621905 0.0 
v -0.022553821093204106 -0.17543219076773603 0.0 
v -0.017949337752513488 -0.17637169171458705 0.0 
v -0.013243189093106658 -0.17728369450207496 0.0 
v -0.01258924584835953 -0.16359309867597283 0.0 
v -0.011349410092044395 -0.1684292241157259 0.0 
v -0.009984950076285203 -0.17323151797990552 0.0 
v -0.00849231666159352 -0.1780641465125369 0.0 
v -0.009218931081267378 -0.15988122374518832 0.0 
v -0.004904306416546502 -0.16097483743502922 0.0 
v -0.0007415859565644309 -0.16193380708221822 0.0 
v 0.0007840404241658311 -0.1499424090827461 0.0 
v 0.0014049042473675982 -0.15434590880578455 0.0 
v 0.0022136853299821783 -0.15860346903314929 0.0 
v 0.0032509098550506407 -0.16273499201319905 0.0 
v 0.004186237639749248 -0.14699750761989677 0.0 
v 0.007819417945541592 -0.14868448038221116 0.0 
v 0.011074562741084995 -0.15037336220090256 0.0 
v 0.01603118667567045 -0.14050593520584637 0.0 
v 0.014707450302158472 -0.14466492852341173 0.0 
v 0.014082993427753966 -0.1484410543603781 0.0 
v 0.013945914373138009 -0.15191953911702308 0.0 
v 0.019939307629344448 -0.140609656384164 0.0 
v 0.02125986116795913 -0.1438006823596728 0.0 
v 0.022249019634711258 -0.14650186294399717 0.0 
v 0.02944993673185201 -0.14323263041838125 0.0 
v 0.026917868861661337 -0.1452488944840332 0.0 
v 0.0246905073104953 -0.14723159623964835 0.0 
v 0.02272866409589673 -0.14898914348296685 0.0 
v 0.03193047776249838 -0.1448110647027842 0.0 
v 0.0319274891835527 -0.14771996740764207 0.0 
v 0.014192824757360256 -0.15517614719169434 0.0 
v 0.01648905853401288 -0.15323104070849516 0.0 
v 0.01875797728556813 -0.15431267179530384 0.0 
v 0.02075408066185409 -0.15527402784588487 0.0 
v 0.02280135120407039 -0.15151994811240563 0.0 
v 0.022708555945635363 -0.15405642278760093 0.0 
v 0.022468106927398968 -0.1564396678113382 0.0 
v 0.024070600170840183 -0.1579795537856352 0.0 
v 0.025713987540072956 -0.15974186914534766 0.0 
v 0.024970303544982118 -0.16235448923022178 0.0 
v 0.02737650563150971 -0.16157218846858823 0.0 
v 0.030541278554580047 -0.15830320426885153 0.0 
v 0.029723597886702917 -0.16082822412002765 0.0 
v 0.029040121652299564 -0.1633389369937674 0.0 
v 0.003377781393539579 -0.1375598902584925 0.0 
v -0.0008373840984357086 -0.13614905168108074 0.0 
v -0.004806145664203396 -0.1347692170159206 0.0 
v -0.0072880486183562404 -0.14693953559828174 0.0 
v -0.007770173311837489 -0.1422198400493123 0.0 
v -0.00814919720652411 -0.13764658699205487 0.0 
v -0.01090963803883871 -0.1501763451445621 0.0 
v -0.015297330313545313 -0.14848588578741598 0.0 
v -0.019884321652341337 -0.1465579409109305 0.0 
v -0.02203718749942823 -0.16134334292124816 0.0 
v -0.023198878539384384 -0.1559316105023938 0.0 
v -0.024060109224425107 -0.15033277879225856 0.0 
v -0.025618197432850293 -0.16561175442212347 0.0 
v -0.030943471055370163 -0.1648999170682491 0.0 
v -0.03697595148865481 -0.1644779318373136 0.0 
v -0.03651838943211959 -0.17574607921367638 0.0 
v -0.04007311728216506 -0.17083393125625623 0.0 
v -0.04380836902366173 -0.16497438325491942 0.0 
v -0.051111882227697115 -0.16637177406569045 0.0 
v -0.05879152149480037 -0.167990615333785 0.0 
v -0.06711201110676007 -0.16979377490572467 0.0 
v -0.06380009950049417 -0.18540290882231372 0.0 
v -0.06982451699946375 -0.1790941181637747 0.0 
v -0.07574427376365843 -0.1723450853996297 0.0 
v -0.017585466858899303 -0.19664191392920652 0.0 
v -0.01198329425326332 -0.19765114707393344 0.0 
v -0.006237556863375438 -0.19829987197812401 0.0 
v -0.006852133235827263 -0.18298155748564646 0.0 
v -0.005043001787041115 -0.1880078937204513 0.0 
v -0.0030174126309830927 -0.19311282671779342 0.0 
v -0.0006148532645655334 -0.19816811184176295 0.0 
v -0.0037312586622769758 -0.17865465184493537 0.0 
v 0.0010336365925748513 -0.17901323562541824 0.0 
v 0.005828813007237721 -0.17906517880575507 0.0 
v 0.004547348089406868 -0.1667670587825783 0.0 
v 0.006137197712918087 -0.17072690164246146 0.0 
v 0.008072556330922286 -0.17463531641877375 0.0 
v 0.007045951340376365 -0.16335121667227337 0.0 
v 0.01061581101041145 -0.16375793158505755 0.0 
v 0.013940072779397444 -0.16393889979903306 0.0 
v 0.014785681378373333 -0.15824048076743386 0.0 
v 0.015725463116688942 -0.16113369369150135 0.0 
v 0.01701185194476495 -0.16388451181724958 0.0 
v 0.0198444619949044 -0.16358802898935038 0.0 
v 0.02247767716558683 -0.1630597012697572 0.0 
v 0.004405503903735254 -0.1974940488589045 0.0 
v 0.008695375463829591 -0.1969822325723528 0.0 
v -0.03509279818624184 -0.2757030940685478 0.0 
v -0.0383993918238768 -0.2847043716546561 0.0 
v -0.040559798869347165 -0.2947524588818587 0.0 
v -0.020462490689163643 -0.2901054316026603 0.0 
v -0.025820128481441953 -0.29460749354909127 0.0 
v -0.032719848715677145 -0.2996644570199585 0.0 
v -0.01471486297377508 -0.2913726561153663 0.0 
v -0.012232322456500506 -0.2977097648012861 0.0 
v -0.007983085664975053 -0.28114460846706774 0.0 
v -0.009978475634503872 -0.2760376972534241 0.0 
v -0.01168221685624374 -0.27078078110555065 0.0 
v -0.020892654998108558 -0.2750211802214796 0.0 
v -0.017076612424171665 -0.2697633566489925 0.0 
v 0.03069079540220999 -0.16495048246914043 0.0 
v 0.03230442873520591 -0.16635843331058975 0.0 
v 0.03385191888228418 -0.16755098961675907 0.0 
v 0.03652847841171207 -0.16304381775867585 0.0 
v 0.03592303761031763 -0.16487546622219945 0.0 
v 0.03551865833162812 -0.1667057934278915 0.0 
v 0.03828112543913496 -0.16276322050659067 0.0 
v 0.039121103948550014 -0.16419272604036425 0.0 
v 0.04016578408211042 -0.15928736688719036 0.0 
v 0.03928142737142174 -0.15749802573375812 0.0 
v -0.3033252533725612 0.16947726571485353 0.0 
v -0.3275576778176812 0.15026067873541288 0.0 
v -0.3489759348955277 0.12700642224757966 0.0 
v -0.3129999231823659 0.09367865236749205 0.0 
v -0.3388177589059902 0.09736574133890162 0.0 
v -0.36786220097093614 0.10050572501744842 0.0 
v -0.3843663488223001 0.07105674049863968 0.0 
v -0.3984578776141488 0.038604989241328554 0.0 
v -0.4098069246107921 0.002902088818428733 0.0 
v -0.35726873586149394 -0.010538233519082365 0.0 
v -0.38555347646572635 -0.022195405235545734 0.0 
v -0.41772779533459176 -0.036167387450508286 0.0 
v -0.421347407789329 -0.07812161498675177 0.0 
v -0.41991792989677346 -0.12154260218779402 0.0 
v 0.021027631077063784 -0.28053478147002303 0.0 
v 0.019269212888694272 -0.28120826558253575 0.0 
v 0.01737795345359254 -0.28225976467202574 0.0 
v 0.020330254301387553 -0.28557756194346406 0.0 
v 0.019081982928118975 -0.28493109965388996 0.0 
v 0.017587457531367763 -0.28435124368117404 0.0 
v 0.020308522249390837 -0.2869722269373456 0.0 
v 0.019281759667355593 -0.28775220252817946 0.0 
v 0.022262388895712217 -0.28814567970425264 0.0 
v 0.023243853137984292 -0.28759398520372664 0.0 
v -0.14362425860899616 -0.44778813217857527 0.0 
v -0.1581961256041624 -0.43657150156952274 0.0 
v -0.1745347815195136 -0.42079284051632526 0.0 
v -0.19936007764108254 -0.49696853508592553 0.0 
v -0.20175804497559865 -0.4647587432680798 0.0 
v -0.19946036012357826 -0.43313670674012905 0.0 
v -0.2239791263056736 -0.5242280553218327 0.0 
v -0.2590928134587493 -0.511021670888114 0.0 
v -0.29393438843181424 -0.48852953229338864 0.0 
v -0.34549803626568293 -0.5756239040863456 0.0 
v -0.3380436681486291 -0.5110182668160744 0.0 
v -0.32568366073303606 -0.45748867138451715 0.0 
v -0.35159789594537805 -0.41994816501789173 0.0 
v -0.3693894310043568 -0.37925575465615596 0.0 
v -0.10741238159335977 0.21635295240216418 0.0 
v -0.1143012491467158 0.22710715255509611 0.0 
v -0.12556992291822663 0.24213789462448201 0.0 
v -0.14054880059554495 0.21194981814017616 0.0 
v -0.14314782677211588 0.22924690533224654 0.0 
v -0.08898547669335596 0.16435542693959468 0.0 
v -0.08554240111664588 0.16542586626988579 0.0 
v -0.08349721960620841 0.1623699208831205 0.0 
v -0.08172665188772847 0.1657370028043747 0.0 
v -0.08432257085773501 0.1799815467524156 0.0 
v -0.08157910913833155 0.17418558954426344 0.0 
v -0.07943863745592897 0.16949475878901768 0.0 
v -0.07924093947219406 0.1854832779741951 0.0 
v -0.07302995712772697 0.18268773870832233 0.0 
v -0.08234060364665813 0.20281999369152257 0.0 
v -0.09061149261 0.20463242200565496 0.0 
v -0.09027290676501418 0.15062737827930017 0.0 
v -0.08912501442279952 0.15196382757870278 0.0 
v -0.08813676135797106 0.15341226896106222 0.0 
v -0.09045040709299974 0.1546605739988428 0.0 
v -0.08896598714480747 0.15495696789419527 0.0 
v -0.08716670476554494 0.1550867989539577 0.0 
v -0.08611979978212855 0.1570852184864611 0.0 
v -0.08492303773016298 0.15949157657309465 0.0 
v -0.1847698139401404 0.17386341730712865 0.0 
v -0.17348653855672497 0.1722655208602968 0.0 
v -0.1624968903820753 0.1707152332885399 0.0 
v -0.15879766401822887 0.1914930178790525 0.0 
v -0.15537118060783459 0.1799354785733954 0.0 
v -0.08191964567042061 -0.1663624395822955 0.0 
v -0.08400960696779047 -0.1751762625969839 0.0 
v -0.0916522899290349 -0.17708439915350666 0.0 
v -0.0985262670628726 -0.17773547951116517 0.0 
v -0.09767327111687238 -0.20213196325818017 0.0 
v -0.10058423716160765 -0.19226890663260252 0.0 
v -0.10301620532341689 -0.1838530643523565 0.0 
v -0.10466541836966664 -0.17664567574458828 0.0 
v -0.10547647528367779 -0.210118278969925 0.0 
v -0.1147347112933088 -0.2067078186272972 0.0 
v -0.1236191460809983 -0.2028879458744556 0.0 
v -0.1310622736556024 -0.22135395931137297 0.0 
v -0.1322006462043982 -0.20959227626455146 0.0 
v -0.13224961715472386 -0.1982482745841876 0.0 
v -0.15047716873933278 -0.1969388795913725 0.0 
v -0.14038213222420834 -0.19249343922370382 0.0 
v -0.1316403728577171 -0.18776842981994274 0.0 
v -0.13718981578179593 -0.17284669914035602 0.0 
v -0.1307148052068785 -0.17815360450083711 0.0 
v -0.12382489270590692 -0.1829677096453425 0.0 
v -0.116791625709363 -0.1782752818553627 0.0 
v -0.11054465611742861 -0.17389262819344833 0.0 
v -0.10507265412232275 -0.17010307328638255 0.0 
v -0.08137935986045168 -0.15762792152586397 0.0 
v -0.08797827039648078 -0.16177635478984967 0.0 
v -0.09336035139144587 -0.15804861987612936 0.0 
v -0.09806106387446782 -0.1547493426870066 0.0 
v -0.10442873950912857 -0.16357916876345335 0.0 
v -0.10337647979324587 -0.15708204865737604 0.0 
v -0.10199331345312561 -0.15101081155011756 0.0 
v -0.08226120431541481 -0.14953289137372716 0.0 
v -0.08374385766907992 -0.14203597735365864 0.0 
v -0.08577886130253737 -0.13467016357291606 0.0 
v -0.09977572670166225 -0.14549708688834426 0.0 
v -0.09653344087030731 -0.14002629074569062 0.0 
v -0.09272074511856938 -0.1341132272504941 0.0 
v -0.08870652761931884 -0.12766638419818438 0.0 
v -0.10556706769211102 -0.1462704762137157 0.0 
v -0.1092441837744403 -0.14071049615760958 0.0 
v -0.11295733569404054 -0.13448270313828775 0.0 
v -0.12391741384777916 -0.14309773888941746 0.0 
v -0.12051653881259833 -0.13501651722602023 0.0 
v -0.11649093707031924 -0.12764590772275272 0.0 
v -0.12742106173449283 -0.1189232286497711 0.0 
v -0.11949692242161362 -0.12028245999121304 0.0 
v -0.11225065952732459 -0.12098434781575643 0.0 
v -0.11041336991388156 -0.10851909065951974 0.0 
v -0.1081241840152624 -0.11486932961269272 0.0 
v -0.09212189577725825 -0.12130922635089485 0.0 
v -0.09525149128046698 -0.11525453660309645 0.0 
v -0.08531695309359393 0.13640256823265642 0.0 
v -0.08501330765656981 0.13840996306202766 0.0 
v -0.08502692119988751 0.1401441952878874 0.0 
v -0.08522710093147176 0.1417638717842226 0.0 
v -0.08831309387439575 0.14014377973908715 0.0 
v -0.08768217062805926 0.14120698442714602 0.0 
v -0.08669283415986749 0.14230186442227255 0.0 
v -0.08946664291931646 0.1397733246979148 0.0 
v -0.09068185075370405 0.14089401980383018 0.0 
v -0.08911842086913721 0.13651435545874677 0.0 
v -0.08732012233445668 0.13621364573624464 0.0 
v 0.10227314941836747 -0.0853052880382327 0.0 
v 0.10484221002852895 -0.08540518368256947 0.0 
v 0.10570852680978589 -0.08757681444407155 0.0 
v -0.01506553083770596 -0.10301723273906728 0.0 
v -0.016040996189004952 -0.10538167739871793 0.0 
v -0.01706243798279073 -0.10712460363529572 0.0 
v -0.018097097122407126 -0.10814965479436425 0.0 
v -0.013864284478376057 -0.10037079909756882 0.0 
v -0.012470607990473047 -0.10275899675495212 0.0 
v -0.010979028468841318 -0.10513870643444871 0.0 
v -0.07822219447199387 -0.057135883925481856 0.0 
v -0.08085528973306673 -0.05594822091172684 0.0 
v -0.0844070608280791 -0.05444895945133071 0.0 
v -0.08477259029925602 -0.0492477831165796 0.0 
v -0.0776746611099341 -0.059606600836582556 0.0 
v -0.07901475878955397 -0.06178991709043066 0.0 
v -0.07992859321864425 -0.06459602874856718 0.0 
v -0.07584650474469948 -0.06472695092048451 0.0 
v -0.07769238510105826 -0.06610047117209071 0.0 
v -0.08002505127540666 -0.06778953928220349 0.0 
v -0.07439704974025398 -0.07280171425654301 0.0 
v -0.07693473798840555 -0.07168617793288855 0.0 
v -0.07945328288237749 -0.07084051060387296 0.0 
v -0.07178828602714248 -0.07447411982327028 0.0 
v -0.07457614872833992 -0.07594532944134298 0.0 
v -0.0770217920713767 -0.07699071811417402 0.0 
v -0.06392759202819971 -0.08103568655561481 0.0 
v -0.06658246828172808 -0.07883567562102023 0.0 
v -0.06920016405042438 -0.07661238828926835 0.0 
v -0.06129983255860855 -0.0831589337026809 0.0 
v -0.0643960181603695 -0.08469009302637719 0.0 
v -0.0676063642676421 -0.08634094939611367 0.0 
v -0.05426779462962363 -0.08847270608788617 0.0 
v -0.0564214302807193 -0.08697021302156381 0.0 
v -0.05877605111478802 -0.08516030577489372 0.0 
v -0.052129308985799615 -0.08950174700882824 0.0 
v -0.05413224556824091 -0.09119459696673837 0.0 
v -0.05635910201774644 -0.093064066531803 0.0 
v -0.044583757778186316 -0.0919248313584181 0.0 
v -0.047258552199922726 -0.09101891477200606 0.0 
v -0.049789713164585185 -0.09023460030204937 0.0 
v -0.04179109324652271 -0.09288524365691476 0.0 
v -0.044122852959125027 -0.09508708813035817 0.0 
v -0.04659886468582113 -0.09705516420382967 0.0 
v -0.033653314832181806 -0.09464412283079929 0.0 
v -0.0361784001383401 -0.09436710219959193 0.0 
v -0.03894452739946398 -0.09375084164807886 0.0 
v -0.032395859788313386 -0.09687087255608426 0.0 
v -0.03357212140242358 -0.09965120185344184 0.0 
v -0.03463424840968043 -0.10295220161037427 0.0 
v -0.02751082077554645 -0.10255366054712668 0.0 
v -0.0296912837283948 -0.10341210815697341 0.0 
v -0.032050242811665144 -0.104669692649236 0.0 
v -0.019146767576790683 -0.10844540072918361 0.0 
v -0.02029920653651852 -0.10821832320671004 0.0 
v -0.02153156936727018 -0.10775666575057645 0.0 
v -0.022728964984936845 -0.10717317597900224 0.0 
v -0.018401361996614154 -0.10955208763975266 0.0 
v -0.019255496401377623 -0.11112632640488002 0.0 
v -0.06949303614500228 -0.047669643308155325 0.0 
v -0.07463029849956157 -0.046677368692408634 0.0 
v -0.07974824914501434 -0.04722958846452616 0.0 
v -0.06553163959022061 -0.05070938570906327 0.0 
v -0.06962508074190574 -0.05245238270552841 0.0 
v -0.07247717060037015 -0.05444271584219461 0.0 
v -0.06049475417403834 -0.05077309048822295 0.0 
v -0.0634033304189538 -0.05487131076948376 0.0 
v -0.0655896161368749 -0.05803321986269713 0.0 
v -0.05561757545919697 -0.052776782231173776 0.0 
v -0.0553923406356885 -0.05780133959995362 0.0 
v -0.055424741430424286 -0.06233588666283242 0.0 
v -0.04413629357262657 -0.060929322630822805 0.0 
v -0.048175747204530994 -0.06277926552773877 0.0 
v -0.0520483578444197 -0.06470609678153973 0.0 
v -0.040918542121454016 -0.0637524747213721 0.0 
v -0.04159761565438459 -0.06808411751655354 0.0 
v -0.041982707107430406 -0.07245991650133002 0.0 
v -0.032477185600181306 -0.07034303818972182 0.0 
v -0.035410859985507255 -0.07228554477137043 0.0 
v -0.0385659464916678 -0.07435847623741974 0.0 
v -0.02937032298180593 -0.0717347636962202 0.0 
v -0.02921419103603723 -0.07559862548914782 0.0 
v -0.02929632018361008 -0.07942257548835553 0.0 
v -0.01894593393832162 -0.07823604218423848 0.0 
v -0.02294657342939606 -0.07979519632518879 0.0 
v -0.026420434859993167 -0.08141079054049065 0.0 
v -0.016264277294398676 -0.08171626727954648 0.0 
v -0.01793265167272575 -0.08561600131941159 0.0 
v -0.019446773845193038 -0.08906527495489786 0.0 
v -0.011342806946347215 -0.09225515877480991 0.0 
v -0.014582292602689555 -0.0919329844290387 0.0 
v -0.017779412929139055 -0.09192795030860607 0.0 
v -0.010466978625405738 -0.09541177914532124 0.0 
v -0.012314286248230766 -0.09781514445509668 0.0 
v -0.023803901089095726 -0.10637864478729502 0.0 
v -0.024863379013945638 -0.10530161819546373 0.0 
v -0.02608156573796989 -0.10401630430406697 0.0 
v -0.02399353908429482 -0.10789788661339111 0.0 
v -0.025431569810338405 -0.10865394271864628 0.0 
v 0.10864837090146835 -0.09586750479637628 0.0 
v 0.10693141753813215 -0.09559435522587074 0.0 
v 0.10536586669169773 -0.09503233048555684 0.0 
v 0.10421058567754175 -0.09416108344328047 0.0 
v 0.11035716037470972 -0.0959860696966055 0.0 
v 0.10929016902620374 -0.09753711574235632 0.0 
v 0.10826222970135566 -0.09935629746719207 0.0 
v 0.11143262651627683 -0.09449875307504299 0.0 
v 0.1120407203625027 -0.09610859721330743 0.0 
v 0.1124795014283526 -0.09769759611016342 0.0 
v 0.11242108460881292 -0.09298545209303266 0.0 
v 0.11419257435639464 -0.0928197469384529 0.0 
v 0.11632297852988427 -0.09230877565716629 0.0 
v 0.10372811644417908 -0.0929399921796095 0.0 
v 0.10391779774439243 -0.09133357268963285 0.0 
v 0.1046101880168046 -0.08948408220701352 0.0 
v 0.10262487985673947 -0.0942562210988901 0.0 
v 0.10040838566143188 -0.0938420174370419 0.0 
v 0.1604604453729876 -0.040921676492658564 0.0 
v 0.1602749859259405 -0.03805859626846239 0.0 
v 0.1595752065777996 -0.034945180632199015 0.0 
v 0.15817325790430406 -0.03141509587179431 0.0 
v 0.16003625032749666 -0.04346657761306013 0.0 
v 0.15839124564080312 -0.04216395949132774 0.0 
v 0.15667309422618525 -0.04141516061864742 0.0 
v 0.161303259840951 -0.04538914824252327 0.0 
v 0.15913940569587437 -0.04554070804725999 0.0 
v 0.1574027171764112 -0.045664290510073896 0.0 
v 0.16209480008117783 -0.04761565886314015 0.0 
v 0.16063332956537077 -0.04943456631890589 0.0 
v 0.15918695197796018 -0.05119254547421929 0.0 
v 0.16196848098035618 -0.053540867270747694 0.0 
v 0.1598222441458685 -0.053339583456937685 0.0 
v 0.15764622474393555 -0.052972078938385764 0.0 
v 0.15734560918497556 -0.06001208094012543 0.0 
v 0.15654987088131997 -0.057353259030043006 0.0 
v 0.15594380965531737 -0.054819285690224956 0.0 
v 0.1553934259715474 -0.062476361282638976 0.0 
v 0.15244925178162758 -0.06185221745673375 0.0 
v 0.14957181334947295 -0.06092634746659849 0.0 
v 0.14755056109640952 -0.07052397735103312 0.0 
v 0.14727247035575367 -0.06665839559598194 0.0 
v 0.14698540754011 -0.06309943552602607 0.0 
v 0.1442479810729307 -0.07271023422501455 0.0 
v 0.14120561980780194 -0.07096691980332466 0.0 
v 0.1382710781850147 -0.06930160611178383 0.0 
v 0.13486743943127913 -0.0782053296296646 0.0 
v 0.135134596399491 -0.07473015786953278 0.0 
v 0.13529703534293183 -0.07121635707075054 0.0 
v 0.1319621904184807 -0.07980296513830597 0.0 
v 0.1294481144481508 -0.07818804472814701 0.0 
v 0.12684312150362098 -0.07675101499822663 0.0 
v 0.1247933496221774 -0.0843969048969232 0.0 
v 0.12448142423074728 -0.0816645430455104 0.0 
v 0.12427449067941818 -0.07864640141852264 0.0 
v 0.12288658574577818 -0.08645380856677698 0.0 
v 0.12022465724459698 -0.08584436758078913 0.0 
v 0.11751597280505133 -0.08532170678315829 0.0 
v 0.11643225699208284 -0.08980307574107005 0.0 
v 0.11596272644096772 -0.08752190139618177 0.0 
v 0.15296261346130866 -0.038544731329799464 0.0 
v 0.15328111792149504 -0.0357881362430485 0.0 
v 0.15412731488045667 -0.03224587473048781 0.0 
v 0.15108017020131065 -0.040220556763203415 0.0 
v 0.1483694638760072 -0.03980686887278632 0.0 
v 0.14496127681960835 -0.039693644799967155 0.0 
v 0.14557385760750338 -0.045663148372126025 0.0 
v 0.14348639323937984 -0.043263498789480596 0.0 
v 0.14108098733806582 -0.0404379314365899 0.0 
v 0.1361592841115178 -0.04978612604756655 0.0 
v 0.13661230446488273 -0.04600846779269838 0.0 
v 0.1372299631466684 -0.042013338054609335 0.0 
v 0.13296464300446081 -0.05162210727536036 0.0 
v 0.12996101012224479 -0.04978168911132094 0.0 
v 0.12683774400372144 -0.04795818257414503 0.0 
v 0.12360902526781345 -0.05774158525456811 0.0 
v 0.1235823034967095 -0.05396672018138293 0.0 
v 0.12358728695049119 -0.05011241415873905 0.0 
v 0.1205799776663654 -0.05992291127553015 0.0 
v 0.11740704115117148 -0.05841864298691604 0.0 
v 0.11414997649363663 -0.05691822818614409 0.0 
v 0.11182953334160643 -0.06690003931750092 0.0 
v 0.11140267745866904 -0.06317252682195085 0.0 
v 0.11106351029254696 -0.05932329397186834 0.0 
v 0.10910335874047354 -0.06940209477282631 0.0 
v 0.1057393999840336 -0.06844716400150552 0.0 
v 0.10211549604844278 -0.06769726011546548 0.0 
v 0.10215886430782081 -0.07716723045438725 0.0 
v 0.10114331317633019 -0.07411013148230172 0.0 
v 0.09990433014386238 -0.07092976065093894 0.0 
v 0.10018958436406829 -0.07970592177994255 0.0 
v 0.09730734771795922 -0.07929178010054509 0.0 
