####
#
# OBJ File Generated by Meshlab
#
####
# Object camel-head.obj
#
# Vertices: 11379
# Faces: 22700
#
####
v -0.1058730 0.1213590 0.0271172
v -0.0809181 0.1150500 0.0407296
v 0.1089540 0.0984715 0.0324219
v 0.0875880 0.1025320 0.0423667
v 0.0740512 0.1022960 0.0509534
v -0.1915220 0.0933396 -0.0691791
v -0.1908080 0.0966590 -0.1011100
v 0.1901830 0.1097400 -0.0801950
v 0.0000615 -0.1052860 0.2563510
v 0.0000615 -0.1071300 0.2571770
v 0.0000642 -0.1086770 0.2569510
v 0.0059864 -0.1125150 0.2637920
v -0.0071749 -0.1314020 0.3100980
v -0.0907398 -0.1261720 0.2879100
v -0.0860919 -0.1469710 0.3324330
v -0.0424104 -0.1636230 0.3750240
v 0.0000669 -0.1515550 0.3583790
v -0.0192124 -0.1774880 0.4016690
v 0.0000669 -0.1643700 0.3830980
v 0.0000669 -0.1848020 0.4107080
v 0.0193488 -0.1774860 0.4016690
v 0.0425440 -0.1636230 0.3750210
v 0.0998025 -0.1224910 0.2791240
v 0.0967289 -0.1166550 0.2793520
v 0.0000615 -0.1077260 0.2628250
v 0.0974959 -0.1223560 0.2943890
v 0.0000669 -0.1234450 0.3010280
v 0.0775435 -0.1413680 0.3403850
v 0.0000669 -0.1431520 0.3485280
v 0.0435042 -0.1604660 0.3854150
v 0.0000669 -0.1587550 0.3815350
v 0.0209822 -0.1753970 0.4143600
v -0.0033931 -0.1814510 0.4210380
v -0.0227448 -0.1720910 0.4079840
v -0.0433706 -0.1604660 0.3854180
v -0.0774124 -0.1413710 0.3403870
v 0.1448630 0.0944877 0.0134172
v 0.1667280 0.1196420 -0.0170471
v 0.1848400 0.1164800 -0.0478092
v -0.1381070 0.1224010 0.0076104
v -0.1695630 0.0907113 -0.0071235
v -0.1838780 0.0921650 -0.0352732
v -0.1829070 -0.0426323 -0.2937620
v -0.1645880 0.0261655 -0.3308730
v -0.1514750 0.0019333 -0.3413200
v -0.0642215 0.0982483 0.0712417
v -0.0675446 0.0953301 0.0688287
v -0.0680275 0.0969354 0.0689961
v -0.1057120 -0.0661470 0.3666770
v -0.1089090 -0.0247970 0.3506540
v -0.1244440 -0.0009715 0.3122910
v -0.0841364 0.0775692 0.0628197
v -0.0816930 0.0818481 0.0617115
v -0.1067870 0.0626812 0.0491836
v -0.0669010 0.1563600 -0.3995640
v -0.0685078 0.1060990 -0.4402470
v -0.1119000 0.0993538 -0.4279900
v 0.1245750 -0.0009715 0.3122830
v 0.1112710 -0.0268222 0.3491870
v 0.1058450 -0.0661470 0.3666680
v 0.0673351 0.0949954 0.0702876
v 0.0661684 0.0971798 0.0693202
v 0.1818280 0.0841018 -0.3176750
v 0.1897400 0.0607040 -0.2979820
v 0.1794620 0.0624634 -0.3207580
v 0.1275920 0.0617883 -0.4200630
v 0.1348550 0.0628647 -0.4133390
v 0.1231430 0.0468763 -0.4000240
v 0.1864440 0.0898714 -0.3447350
v 0.1769170 0.0900389 -0.3541670
v -0.1849320 -0.1330230 -0.2380600
v -0.2010060 -0.0334130 -0.2573550
v -0.1340620 0.0842559 -0.3779600
v -0.1214100 0.0450372 -0.4013130
v -0.1336380 0.0620222 -0.4131080
v -0.1307200 0.0609220 -0.4216700
v -0.1775080 0.0679779 -0.3248900
v -0.1861070 0.0917078 -0.3444980
v -0.1807070 0.0900176 -0.3558540
v -0.1113770 0.0630003 -0.4207430
v -0.1827700 0.0847422 -0.3117880
v -0.1857820 0.0726129 -0.3098480
v -0.1341800 0.1439010 0.0112008
v -0.1479580 0.1689300 -0.0259847
v -0.0780345 -0.0685787 -0.4171580
v -0.0051714 -0.2188810 -0.4162090
v -0.0881221 -0.1831220 -0.3966010
v 0.1114670 0.0630003 -0.4207510
v 0.1075750 0.1531500 -0.3861490
v 0.1221720 0.1480600 -0.4018630
v 0.1106010 0.1415910 -0.4057940
v 0.0689230 0.0978177 0.0685841
v 0.0054955 -0.0644275 -0.4429260
v 0.0801076 -0.2017580 -0.4010790
v -0.1428890 0.0921808 -0.3986420
v -0.1494410 0.1003050 -0.3735220
v -0.1458960 0.0796502 -0.3600480
v -0.2106750 0.0931457 -0.5022310
v -0.2267630 0.1041480 -0.5104560
v -0.2432200 0.1371770 -0.5280500
v -0.2498070 0.1417320 -0.5287510
v -0.2582160 0.1608430 -0.5297160
v -0.1830810 0.0700056 -0.4566550
v -0.1729940 0.0699047 -0.4591590
v -0.1274450 -0.2232520 -0.0893345
v -0.1142700 -0.2452360 -0.0940917
v -0.0771711 -0.1930250 -0.0355894
v -0.0473106 -0.2208980 -0.0344173
v -0.0530101 -0.1794390 -0.0131086
v -0.0310969 -0.1964500 -0.0129066
v -0.0038223 -0.2175840 -0.0270265
v 0.0481686 -0.2261890 -0.0373355
v -0.0761840 -0.1430370 0.0224451
v -0.0512292 -0.1524610 0.0344443
v -0.0658307 -0.1803660 0.3811550
v -0.1004760 -0.1636530 0.3403610
v -0.1196670 -0.1414800 0.2957840
v -0.1522600 -0.2191780 -0.1649120
v -0.1836250 -0.1894340 -0.1739830
v -0.1614330 -0.1730070 -0.2300400
v -0.1647300 -0.0904084 -0.2878800
v -0.0923145 0.0632898 0.2999360
v -0.1045290 0.0376810 0.3132610
v -0.1016700 0.0387601 0.3355050
v -0.1011250 0.0194763 0.3389970
v -0.1088530 0.0123272 0.3322150
v -0.1038240 0.0351615 0.2960320
v -0.1456330 -0.0838733 0.2063310
v -0.1264020 -0.1294120 0.2376990
v -0.1366230 -0.1247450 0.2554120
v -0.1208500 -0.1511300 0.2837720
v -0.1474650 -0.0545120 0.3059130
v -0.1293820 0.0120668 0.2322670
v -0.1475670 -0.0229181 0.2244960
v -0.1220080 0.0257058 0.1454930
v -0.1410600 -0.0040491 0.1407630
v -0.1186720 0.0320149 0.0800225
v -0.1372380 0.0082319 0.0701788
v -0.0931540 0.0638932 0.0804797
v -0.0935856 0.0586868 0.1522430
v -0.0675688 0.0898953 0.0868527
v -0.0668529 0.0795492 0.1579180
v -0.0570013 0.1050150 0.0871476
v -0.0582940 0.0869347 0.1672720
v -0.0491534 0.1102580 0.1510370
v -0.0682234 0.0699420 0.2451910
v -0.0571757 0.0931482 0.2354460
v -0.0461922 0.1281390 0.0867968
v -0.0499283 0.1425990 0.0595483
v -0.0603244 0.1146560 0.0664767
v -0.0665337 0.1537630 0.0424437
v -0.0772434 0.1274480 0.0496566
v -0.0981506 0.1386790 0.0347101
v -0.0773776 0.1790350 0.0083731
v -0.1149090 0.1759280 -0.0096987
v -0.0708117 0.0646611 0.2308240
v -0.1167840 0.0502994 0.0499941
v -0.1546500 0.0270453 0.0268701
v -0.1488220 -0.0249380 0.0617142
v -0.0983197 0.0476551 0.2341830
v -0.1527030 -0.0492206 0.2099880
v -0.1485720 -0.0347392 0.1363930
v -0.1407810 -0.0723101 0.1251120
v -0.1138170 -0.1229620 0.1984810
v -0.1096460 -0.1146330 0.1226080
v -0.1215850 -0.1124080 0.0455824
v -0.1479580 -0.0650149 0.0531114
v -0.0973541 -0.1584140 0.2673720
v -0.0995616 -0.1771800 0.3169050
v -0.1050760 -0.1731990 0.3314710
v -0.0697871 -0.1987920 0.3633650
v -0.1330430 -0.1153260 0.2837910
v -0.1460670 -0.1019580 0.2524360
v -0.1332040 -0.1228400 0.2781060
v -0.1272490 -0.1318090 0.2818210
v -0.1287490 -0.1183270 0.3527270
v -0.1468430 -0.0916231 0.3028750
v -0.1117600 -0.1365770 0.3451390
v -0.1314170 -0.1162570 0.2969700
v -0.1503670 -0.0861563 0.2678260
v -0.0751085 -0.1909650 0.3739960
v 0.0026659 -0.1808630 0.4678870
v -0.0422629 -0.1698870 0.4503230
v -0.0043104 -0.1909940 0.4656330
v -0.0411364 -0.1787960 0.4461690
v -0.0852173 -0.1465140 0.4132120
v -0.0842680 -0.1560120 0.4042470
v -0.1266430 -0.1009750 0.3639600
v -0.0376227 -0.2095470 0.4047360
v -0.0326955 -0.2139510 0.3883810
v -0.0009577 -0.2232440 0.4035190
v 0.0023145 -0.2200450 0.4190640
v -0.0012823 -0.2195880 0.3693530
v -0.0225115 -0.2139990 0.3575080
v -0.0464203 -0.2042350 0.3474380
v -0.0705220 -0.1893680 0.3128440
v -0.0401145 -0.2057730 0.2964780
v -0.0314350 -0.2148220 0.3201150
v -0.0159939 -0.2219160 0.3331510
v -0.0022505 -0.2247540 0.3396110
v 0.0000642 -0.2239300 0.3136140
v -0.0996742 -0.1224910 0.2791290
v -0.1048750 -0.1202140 0.2803410
v -0.0966004 -0.1166550 0.2793580
v -0.0879477 0.0862518 0.0615654
v -0.1198840 0.0681055 0.0475677
v -0.1454500 0.0443117 0.0273006
v -0.1589610 0.0577194 0.0241434
v -0.1727600 0.0331392 -0.0028288
v -0.1843360 0.0485347 -0.0075728
v -0.1891940 0.0322408 -0.0407956
v -0.1961000 0.0469030 -0.0356957
v -0.2025370 0.0550061 -0.0716959
v -0.1957380 0.0420608 -0.0833283
v -0.2020140 0.0714753 -0.1249600
v -0.1942120 0.0583919 -0.1219730
v -0.1955480 0.0757434 -0.1711730
v -0.2030260 0.0844100 -0.1724150
v -0.2007810 0.0870809 -0.2190530
v -0.2298230 0.1690470 -0.4669830
v -0.2584790 0.1596900 -0.5024570
v -0.2441210 0.1413520 -0.4443930
v -0.2531410 0.1315940 -0.4568310
v -0.2285810 0.1070930 -0.3996390
v -0.2152770 0.1163310 -0.3851040
v -0.2614450 0.1540260 -0.5059910
v -0.0079313 0.1571010 -0.4106010
v 0.0067105 0.1168990 -0.4410500
v 0.0000454 0.0529411 -0.4530620
v 0.0722676 0.1000740 -0.4413130
v 0.0638887 0.1548420 -0.4024660
v 0.1119930 0.0993538 -0.4279960
v -0.0312527 -0.1972130 0.4104130
v 0.0000669 -0.2053510 0.4215780
v -0.1385040 -0.0320232 0.3158840
v 0.1518690 0.0017393 -0.3422660
v 0.1612480 0.0325306 -0.3356640
v 0.1853470 -0.0493190 -0.2879600
v 0.1485240 0.0882343 -0.3596470
v 0.1346490 0.0818188 -0.3775940
v 0.1437820 0.0916654 -0.3997260
v 0.1503420 0.1017430 -0.3824810
v 0.2107600 0.0931457 -0.5022420
v 0.2433060 0.1371770 -0.5280630
v 0.2217280 0.0998534 -0.5037480
v 0.2481070 0.1405200 -0.5260490
v 0.2583020 0.1608430 -0.5297320
v 0.1709600 0.0672444 -0.4555150
v 0.1831340 0.0704283 -0.4562220
v 0.1564280 -0.1061890 -0.2924650
v 0.1547380 -0.1760720 -0.2416350
v 0.1502620 -0.1882120 -0.2882440
v 0.1470300 -0.2408620 -0.1817210
v 0.1622080 -0.1620070 -0.2390970
v 0.1547410 -0.2139450 -0.1767520
v 0.1294110 -0.2254020 -0.0972543
v 0.1124350 -0.2401150 -0.0905331
v 0.1275900 -0.1296750 0.2812630
v 0.1216090 -0.1385700 0.2907990
v 0.0979116 -0.1267670 0.2874390
v 0.0313862 -0.1972130 0.4104100
v 0.0687970 -0.1801140 0.3786090
v 0.0818805 -0.1439920 0.3273200
v 0.1056500 -0.1592750 0.3305120
v 0.1374120 0.0103687 0.0668939
v 0.1415580 -0.0038656 0.1409800
v 0.1486040 -0.0247758 0.0658042
v 0.1490950 -0.0346675 0.1367070
v 0.1474590 -0.0614298 0.0600134
v 0.1426770 -0.0704869 0.1301960
v 0.1208870 -0.1161180 0.0372641
v 0.1107140 -0.1140670 0.1193050
v 0.1472390 -0.0967363 0.3095220
v 0.1522760 -0.0860340 0.2683150
v 0.1500500 -0.0573716 0.3046080
v 0.1535560 -0.0500206 0.2141370
v 0.1480710 -0.0181902 0.2217320
v 0.1443770 -0.0866374 0.2060660
v 0.1109280 -0.1267140 0.2033390
v 0.1280830 -0.1277160 0.2378190
v 0.1438490 -0.1086290 0.2537650
v 0.1344240 -0.1140930 0.2855920
v 0.1296390 -0.1191750 0.3035850
v 0.1240970 -0.1274820 0.3570900
v 0.1403510 -0.0230217 0.3011690
v 0.1312080 0.0115645 0.2262820
v 0.1032220 0.0432248 0.2331120
v 0.1075460 0.0312682 0.3033130
v 0.1066420 0.0046521 0.3378840
v 0.1027660 0.0205712 0.3363290
v 0.0823068 -0.0060901 0.3615610
v 0.0761005 0.0052979 0.3642340
v 0.0495229 -0.0201409 0.3845540
v 0.0369412 -0.0064169 0.3873500
v 0.0000669 -0.0247173 0.4003430
v -0.0044821 -0.0078866 0.3973190
v 0.1010980 0.0416408 0.3059980
v 0.0065362 0.0032674 0.3993280
v 0.0483589 0.0084179 0.3835900
v 0.0798126 0.0221126 0.3617710
v 0.1018030 0.0387601 0.3355000
v 0.1219250 0.0259077 0.1460570
v 0.0927244 0.0576238 0.1526420
v 0.0755400 0.0603930 0.2381990
v 0.0663858 0.0783692 0.1581250
v 0.1118830 0.0407425 0.0774340
v 0.0845599 0.0717996 0.0832569
v 0.0629792 0.0943282 0.0881203
v 0.0581782 0.0902009 0.1506760
v 0.0561505 0.1078450 0.0867198
v 0.0492763 0.1102580 0.1510320
v 0.0444109 0.1317980 0.0822391
v 0.0891276 0.0715604 0.0628675
v 0.0828219 0.0806548 0.0612491
v 0.1141630 0.0513651 0.0514451
v 0.1500230 0.0318768 0.0288288
v 0.0328293 -0.2145350 0.3926200
v 0.0665333 -0.2002190 0.3648690
v 0.0409831 -0.2076760 0.4032370
v 0.0746978 -0.1929420 0.3723640
v 0.0969487 -0.1787530 0.3194770
v 0.1018440 -0.1743280 0.3372510
v 0.1196450 -0.1529050 0.2870860
v 0.0998992 -0.1568040 0.2654770
v 0.1347730 -0.1294810 0.2615360
v 0.0602302 0.0306808 0.3639740
v 0.0750435 0.0486543 0.3418970
v 0.0775435 0.0678928 0.3179040
v 0.1818470 -0.1929720 -0.1710460
v 0.1636650 -0.2084040 -0.0969380
v 0.1274210 -0.1051820 0.3633680
v 0.0902568 -0.1465480 0.4081780
v 0.0016601 -0.1934710 0.4538630
v 0.0375553 -0.1800340 0.4473590
v 0.0355571 -0.1787000 0.4305760
v 0.0687298 -0.1614040 0.3972580
v 0.0816310 -0.1584090 0.4074280
v 0.1085190 -0.1394100 0.3478950
v 0.0488550 -0.1669770 0.4454430
v 0.1050030 -0.1202140 0.2803360
v 0.1333320 -0.1228400 0.2780980
v 0.1999860 0.0857387 -0.2267420
v 0.2034190 0.0857123 -0.1664030
v 0.1963360 0.0770484 -0.1737750
v 0.2023520 0.0736784 -0.1222570
v 0.1945470 0.0614428 -0.1267860
v 0.2025450 0.0555109 -0.0752013
v 0.1950380 0.0400969 -0.0790867
v 0.1958480 0.0474849 -0.0359561
v 0.1873960 0.0309413 -0.0363176
v 0.1829280 0.0456485 -0.0060047
v 0.1726660 0.0346274 -0.0013990
v 0.1618540 0.0559787 0.0218020
v 0.1503660 0.0421804 0.0232743
v 0.1188990 0.0722886 0.0485164
v 0.1125110 0.0594523 0.0462070
v 0.0884518 0.0842187 0.0611243
v 0.1662260 0.1454080 -0.2545110
v 0.1591290 0.1337860 -0.3273860
v 0.1208360 0.1458730 -0.3466640
v 0.1567530 0.1356010 -0.3546900
v 0.1261680 0.1477410 -0.3741200
v 0.1927610 0.1506700 -0.3986100
v 0.1595070 0.1587410 -0.4307410
v 0.2240020 0.1676040 -0.4584200
v 0.2095000 0.1669370 -0.4860700
v 0.2544150 0.1633470 -0.5044420
v 0.2487180 0.1679680 -0.5158860
v 0.2406100 0.1635040 -0.5199630
v 0.2435020 0.1512200 -0.5288980
v 0.2116290 0.1293610 -0.5105360
v 0.1676100 0.1088520 -0.4693560
v 0.1312560 0.1017430 -0.4337710
v 0.2469100 0.1460510 -0.4539150
v 0.2232810 0.1207500 -0.3974670
v 0.1837130 0.1100190 -0.3512490
v 0.0827682 0.0300589 -0.4327950
v 0.1364650 -0.0377556 -0.3547090
v 0.1636460 -0.0783562 -0.2964190
v 0.1282740 -0.1720430 -0.3557530
v 0.0868157 -0.0774579 -0.4104630
v 0.1080180 0.1486050 -0.3647200
v 0.0878966 0.1617890 -0.3486760
v 0.1974300 -0.1724410 -0.1065290
v 0.1903380 -0.1542610 -0.0526008
v 0.2129140 -0.1206630 -0.1028940
v 0.2095240 -0.1023860 -0.0617696
v 0.1800850 -0.1034200 -0.0035676
v 0.2096310 -0.0749677 -0.0447077
v 0.2055840 -0.0415986 -0.0290597
v 0.2189140 -0.0595323 -0.0954577
v 0.2140270 0.0005514 -0.0864165
v 0.2225130 -0.0304578 -0.1479880
v 0.2159480 0.0213499 -0.1360000
v 0.2214810 0.0061642 -0.1884110
v 0.2133000 0.0409153 -0.1870690
v 0.2103530 0.0407772 -0.2404580
v 0.1761980 0.1106040 -0.3229080
v 0.2020600 -0.0014791 -0.0281135
v 0.1898690 0.1186060 -0.2487410
v 0.2030330 0.1024050 -0.1602770
v 0.2004640 0.0933662 -0.1149460
v 0.2025370 0.0844233 -0.0759401
v 0.1970410 0.0808726 -0.0407319
v 0.1824160 0.0791639 -0.0050055
v 0.1534780 0.0842027 0.0238086
v 0.1195380 0.0897279 0.0421833
v 0.0873653 0.0988409 0.0570740
v 0.0686950 0.1018790 0.0656607
v 0.1918380 0.1392660 -0.1620390
v 0.1992730 0.1251460 -0.0925874
v 0.2155100 -0.0094041 -0.2178890
v 0.2028130 -0.0332668 -0.2521090
v 0.2040500 -0.1071380 -0.2110560
v 0.1852770 -0.1433300 -0.2301540
v 0.2039070 -0.1520360 -0.1619380
v 0.2170960 -0.0933663 -0.1485220
v 0.2174250 -0.0652780 -0.1829920
v 0.0513468 -0.1524610 0.0344416
v 0.0360721 -0.1735390 0.0369451
v 0.0534793 -0.1760030 -0.0092923
v 0.0351547 -0.1953660 -0.0131804
v 0.0181928 -0.1840820 0.0485457
v 0.0191343 -0.1675410 0.1017010
v -0.0002201 -0.1730870 0.1042340
v -0.0009497 -0.1652790 0.1652070
v -0.0011616 -0.1914090 0.0409076
v 0.0749229 -0.1385510 0.0317601
v 0.0750677 -0.1306340 0.1109040
v 0.0542062 -0.1418760 0.0981210
v 0.0558153 -0.1399680 0.1718590
v 0.0403769 -0.1505740 0.1633950
v 0.0451726 -0.1506650 0.2088110
v 0.0318154 -0.1592540 0.2234650
v 0.0574540 -0.1504710 0.2261470
v 0.0342966 -0.1736770 0.2555480
v 0.0667262 -0.1795640 0.2828820
v 0.0673593 -0.1921290 0.3162770
v 0.0465511 -0.2042350 0.3474330
v 0.0226452 -0.2139990 0.3633470
v 0.0799224 -0.1300790 0.1747270
v 0.0013945 -0.1682160 0.2302580
v 0.0000642 -0.1839430 0.2570440
v -0.0337793 -0.1749020 0.2572140
v -0.0341949 -0.1594160 0.2253730
v -0.0607268 -0.1481320 0.2229890
v -0.0797995 -0.1300790 0.1747320
v -0.0785443 -0.1289810 0.1039120
v -0.0629047 -0.1805440 0.2803700
v -0.0365929 -0.1996690 0.2797880
v -0.0026823 -0.2117050 0.2790070
v -0.0228628 -0.1966500 0.2662900
v 0.0000642 -0.2016110 0.2649270
v 0.0025291 -0.2178550 0.2960180
v 0.0374400 -0.1561420 0.0983229
v 0.0214382 -0.1603090 0.1638120
v -0.0775224 0.0320921 -0.4375020
v 0.1377280 -0.1795320 -0.0352705
v 0.0741907 -0.1881210 -0.0299526
v 0.2496250 0.1471350 -0.5224340
v 0.2253030 0.1207740 -0.4939500
v 0.1866370 0.0969673 -0.4431710
v 0.2613620 0.1556080 -0.5051280
v 0.2529020 0.1325100 -0.4564430
v 0.2249060 0.1048070 -0.3949850
v 0.0538439 0.1395130 0.0582939
v 0.0272666 0.1563310 0.0590300
v 0.0355355 0.1761510 0.0358449
v 0.0000588 0.1637830 0.0556149
v 0.0000588 0.1792260 0.0371524
v -0.0354180 0.1761510 0.0358449
v 0.0000561 0.1933650 0.0155646
v -0.0375047 0.1933410 0.0073658
v 0.0000561 0.2017870 -0.0139695
v -0.0433786 0.1980660 -0.0219797
v 0.0000561 0.1995040 -0.0632845
v -0.0434565 0.1964770 -0.0595664
v -0.0365955 0.1937980 -0.1106780
v -0.0836780 0.1927880 -0.0715204
v -0.0867088 0.1902920 -0.1235250
v -0.1219950 0.1881340 -0.0883193
v -0.1308030 0.1851610 -0.1306450
v -0.1598240 0.1748620 -0.1056550
v -0.1727630 0.1601630 -0.1696980
v -0.1828560 0.1564610 -0.1001430
v -0.1951100 0.1325320 -0.1640060
v -0.2035350 0.0994628 -0.1522430
v -0.1892930 0.1193340 -0.2483930
v -0.1648640 0.1435180 -0.2653140
v -0.1290490 0.1786840 -0.2040060
v -0.1136830 0.1663390 -0.2791230
v -0.1207400 0.1458730 -0.3466560
v -0.1573560 0.1327520 -0.3368520
v -0.1545970 0.1379420 -0.3570850
v -0.1260750 0.1477410 -0.3741150
v -0.1926670 0.1506700 -0.3986000
v -0.0878029 0.1617890 -0.3486730
v -0.1079220 0.1486050 -0.3647120
v -0.1306830 0.1866090 -0.0526885
v -0.0948355 0.1910370 -0.0332427
v 0.0433567 0.1933670 0.0045753
v 0.0401032 0.1991240 -0.0256074
v 0.0435658 0.1964770 -0.0595691
v 0.0367022 0.1937980 -0.1106830
v 0.0837900 0.1927880 -0.0715231
v 0.0895193 0.1902820 -0.1275010
v 0.1184650 0.1892190 -0.0866264
v 0.1361940 0.1849450 -0.1205560
v 0.1519380 0.1796300 -0.0783692
v 0.1677660 0.1697330 -0.1132800
v 0.1844510 0.1540210 -0.0905730
v 0.1888230 0.1340600 -0.0496270
v 0.1673200 0.1633650 -0.0541077
v 0.1677150 0.1385590 -0.0159149
v 0.1441870 0.1709720 -0.0245416
v 0.1342920 0.1439010 0.0111927
v 0.1150240 0.1759280 -0.0097068
v 0.0799654 0.1771080 0.0101935
v 0.0927082 0.1914140 -0.0311060
v 0.0678100 0.1589270 0.0385822
v 0.0987726 0.1414450 0.0337134
v 0.0764329 0.1252440 0.0502652
v 0.1307950 0.1866090 -0.0526965
v 0.1217640 0.1820220 -0.2027460
v 0.0839378 0.1858060 -0.2007690
v 0.0384725 0.1891200 -0.2003650
v 0.0807245 0.1780460 -0.2715860
v 0.0396339 0.1835180 -0.2714030
v 0.0429115 0.1770260 -0.3294270
v 0.0000508 0.1870580 -0.2717330
v 0.0000481 0.1784980 -0.3522900
v -0.0428155 0.1770230 -0.3294240
v -0.1074820 0.1531500 -0.3861410
v -0.1105080 0.1415910 -0.4057880
v -0.1242240 0.1450940 -0.4064660
v 0.1162170 0.1645110 -0.2861630
v 0.1675800 0.1642210 -0.1692310
v 0.0000508 0.1917590 -0.2005720
v 0.0000535 0.1941010 -0.1352720
v -0.0383711 0.1891200 -0.2003650
v -0.0395351 0.1835180 -0.2714000
v -0.0767283 0.1773150 -0.2760060
v -0.0905711 0.1841400 -0.2009520
v -0.0251561 0.1581190 0.0581743
v -0.0264650 0.1423970 0.0927579
v -0.1695230 0.1628420 -0.0597180
v -0.0774124 0.0678928 0.3179040
v 0.0000642 0.0864166 0.2987260
v -0.0437996 0.0979719 0.2600660
v 0.0000642 0.1142740 0.2303910
v -0.0296164 0.1231480 0.1727360
v 0.0000615 0.1349630 0.1437630
v 0.0000588 0.1504870 0.0806789
v 0.0248928 0.1416070 0.0970766
v 0.0297395 0.1231480 0.1727360
v 0.0439281 0.0979719 0.2600580
v -0.0749126 0.0486543 0.3419000
v 0.0000669 0.0642971 0.3302960
v 0.0000669 0.0429909 0.3561710
v -0.0600990 0.0306808 0.3639740
v -0.0329022 0.0241298 0.3781180
v -0.0044821 0.0190563 0.3892800
v -0.0424104 0.0073415 0.3864070
v -0.0796788 0.0221126 0.3617730
v 0.0599243 0.1077840 0.0703648
v 0.0924427 0.0632898 0.2999300
v 0.1942360 0.0216157 -0.0430600
v 0.1993130 0.0315074 -0.0834478
v 0.1980010 0.0524548 -0.1294350
v 0.1971810 0.0704840 -0.1776610
v 0.1761040 0.0239490 -0.0033550
v 0.0573039 0.0931482 0.2354430
v 0.0305708 0.0214110 0.3817320
v 0.0652430 0.0731443 0.2356740
v -0.1484970 -0.2374870 -0.1893890
v -0.1504690 -0.2023240 -0.2832110
v -0.1324710 -0.1887800 -0.3479290
v -0.1556290 -0.1612370 -0.2535890
v -0.1549080 -0.0959257 -0.3061040
v -0.1319190 -0.0484552 -0.3617750
v -0.1773680 -0.1029100 -0.0004158
v -0.1331630 -0.1777670 -0.0316827
v -0.1635580 -0.2084040 -0.0969300
v -0.1899260 -0.1507550 -0.0477055
v -0.1934310 0.1045260 -0.4265870
v -0.2227420 0.1016500 -0.4049650
v -0.2308820 0.1234660 -0.4774880
v -0.2522620 0.1321220 -0.4721440
v -0.2525190 0.1487490 -0.5157610
v -0.2599840 0.1539710 -0.5134120
v -0.2488120 0.1435530 -0.5242170
v -0.2231520 0.1176780 -0.4917390
v -0.1869670 0.0967361 -0.4434100
v -0.1643190 0.1604230 -0.4354290
v -0.2074190 0.1676260 -0.4826200
v -0.2410070 0.1653290 -0.5159440
v -0.0973648 -0.1223530 0.2943970
v -0.0714338 -0.1594850 0.3916340
v -0.0358150 -0.1788280 0.4309780
v 0.0229912 -0.1966500 0.2662870
v -0.0846300 -0.0075784 0.3607740
v -0.0780050 -0.0566222 0.3839430
v -0.0493894 -0.0201409 0.3845570
v -0.0387171 -0.0704205 0.4105510
v 0.0000669 -0.0844793 0.4243360
v -0.0665871 -0.1160150 0.4096580
v -0.0319875 -0.1231180 0.4305310
v -0.0039805 -0.1368560 0.4421980
v -0.0365714 -0.1563170 0.4469770
v -0.0794293 -0.1344640 0.4119840
v 0.0035617 -0.1648330 0.4607060
v -0.1190290 -0.0804025 0.3646250
v -0.0759667 0.0052979 0.3642370
v -0.0390469 -0.0070521 0.3859810
v -0.1993240 -0.1672220 -0.1022270
v -0.2064960 -0.1455330 -0.1572790
v -0.2038680 -0.1129980 -0.2062650
v -0.2184450 -0.0710902 -0.1742590
v -0.2178820 -0.0301150 -0.2086640
v -0.2215080 -0.0035627 -0.1922320
v -0.2095060 0.0383640 -0.2454110
v -0.2155810 0.0338487 -0.1886760
v -0.1998420 0.0667368 -0.1784100
v -0.1976830 0.0535576 -0.1297920
v -0.1970680 0.0343961 -0.0828472
v -0.2113050 -0.1091260 -0.0719882
v -0.2151060 -0.1108220 -0.1111620
v -0.2190350 -0.0523965 -0.0987824
v -0.2220820 -0.0345691 -0.1479430
v -0.2153980 0.0201142 -0.1365820
v -0.2124960 0.0021141 -0.0835090
v -0.1918870 0.0228887 -0.0391559
v -0.2011210 -0.0059279 -0.0244380
v -0.1775640 0.0207413 -0.0030680
v -0.1692380 -0.0084181 0.0203456
v -0.1740900 -0.0476978 0.0183179
v -0.2053400 -0.0434988 -0.0277893
v -0.2096070 -0.0744494 -0.0468789
v -0.2174310 -0.0946447 -0.1468640
v -0.1758580 0.1107760 -0.3238990
v -0.1792400 0.1153980 -0.3505980
v -0.2003730 0.0910381 -0.1086550
v -0.2016900 0.0848539 -0.0709757
v -0.1964030 0.0793659 -0.0374339
v -0.1806910 0.0808726 -0.0033126
v -0.1565630 0.0847210 0.0204120
v -0.1171540 0.0886915 0.0442216
v -0.0855716 0.0996408 0.0568375
v -0.0691193 0.1006930 0.0653419
v -0.2434160 0.1512200 -0.5288840
v -0.2069550 0.1307700 -0.5057440
v -0.1608940 0.1068720 -0.4627650
v -0.1302020 0.0977061 -0.4333670
v -0.0213152 -0.1606730 0.1536230
v -0.0172866 -0.1700650 0.0964998
v -0.0219214 -0.1823520 0.0479664
v 0.0048196 -0.2012160 -0.0163854
v -0.0361554 -0.1580420 0.0950116
v -0.0377301 -0.1742330 0.0302479
v -0.0402538 -0.1505740 0.1633980
v -0.0450468 -0.1506670 0.2088110
v -0.0556924 -0.1399680 0.1718620
v -0.0540856 -0.1418760 0.0981263
v 0.2194800 0.1002390 -0.4022640
v 0.2496520 0.1274210 -0.4626480
v 0.1976550 0.1048550 -0.4286890
v 0.2325500 0.1260550 -0.4838350
v 0.2544370 0.1501600 -0.5158670
v 0.2600260 0.1522490 -0.5088010
v 0.0299862 -0.1285670 0.4340820
v 0.0388533 -0.0704205 0.4105460
v 0.0667236 -0.1160150 0.4096530
v 0.0801988 -0.0528722 0.3812080
v 0.0829614 -0.1335710 0.4093290
v 0.0390170 -0.1572850 0.4468410
v 0.1244410 -0.0725812 0.3565460
v 0.0334328 -0.2017890 0.2809040
v 0.0436277 -0.2041100 0.2976320
v 0.0315661 -0.2148220 0.3201150
v 0.0149018 -0.2219100 0.3372910
v -0.2527100 0.1671500 -0.5127920
v -0.1534590 0.1783220 -0.0756159
v 0.1708340 -0.0509693 0.0224691
v 0.1691760 -0.0106586 0.0214006
v 0.1050170 0.1230150 0.0282308
v 0.0829909 0.1121180 0.0386912
v 0.1382220 0.1224010 0.0076023
v 0.1946920 0.1002360 -0.1227460
v 0.1711180 0.0924042 -0.0108974
v 0.1859000 0.0916015 -0.0401685
v 0.1924170 0.0919337 -0.0708189
v 0.1909180 0.0966590 -0.1011210
v 0.0640388 0.1062320 0.0667159
v 0.0718546 0.1071880 0.0502571
v -0.0752908 0.1025300 0.0495794
v -0.0910083 0.1032470 0.0409076
v -0.1661240 0.1366720 -0.0124946
v -0.1676050 0.1181190 -0.0185142
v -0.1856670 0.1356090 -0.0443037
v -0.1861900 0.1166740 -0.0523643
v -0.1981550 0.1275350 -0.0897093
v -0.1906340 0.1107520 -0.0843249
v -0.1945850 0.1002360 -0.1227360
v -0.0648062 0.1079430 0.0653233
v -0.0702860 0.1042040 0.0523965
v -0.1137850 0.0990828 0.0293523
v -0.1447500 0.0944850 0.0134252
v 0.1917740 0.0976715 -0.1128070
v 0.1922970 0.1064150 -0.1041080
v 0.1898370 0.1014530 -0.0942405
v 0.1912070 0.0955242 -0.0886489
v 0.1894590 0.0993405 -0.0740080
v 0.1896630 0.0919285 -0.0551840
v 0.1876590 0.1021070 -0.0595957
v 0.1839040 0.1030610 -0.0444925
v 0.1890670 0.1145500 -0.0637894
v -0.1922190 0.1064520 -0.1043130
v -0.1916640 0.0976715 -0.1127960
v -0.1897510 0.1017620 -0.0945169
v -0.1892690 0.1037870 -0.0756052
v -0.1910500 0.0958563 -0.0886303
v -0.1897760 0.1149970 -0.0683552
v -0.1875070 0.1040390 -0.0593698
v -0.1831430 0.1042630 -0.0439662
v -0.1886010 0.0926831 -0.0505571
v 0.0753414 0.1099840 0.0449340
v 0.0719110 0.1042010 0.0497814
v 0.0775489 0.1065030 0.0433287
v 0.0860511 0.1057030 0.0392786
v 0.0813788 0.1032450 0.0454761
v 0.0949534 0.1066360 0.0343247
v 0.0946422 0.1006640 0.0394858
v 0.0919840 0.1166070 0.0344815
v 0.1067920 0.1116590 0.0272767
v 0.1215410 0.1223870 0.0182966
v 0.1235400 0.1089240 0.0192586
v 0.1276080 0.0959759 0.0236809
v 0.1405340 0.1079350 0.0090774
v -0.0720294 0.1034010 0.0500393
v -0.0732819 0.1075930 0.0472646
v -0.0772649 0.1067530 0.0434350
v -0.0815027 0.1035450 0.0454043
v -0.0852471 0.1099420 0.0384068
v -0.0928133 0.1194850 0.0337348
v -0.0956591 0.1107180 0.0335593
v -0.1021850 0.1003210 0.0360363
v -0.1082790 0.1097190 0.0274841
v -0.1215390 0.1221960 0.0182779
v -0.1237440 0.1088650 0.0191390
v -0.1277670 0.0960238 0.0233780
v -0.1404190 0.1079350 0.0090853
v 0.0690652 -0.1203200 0.2781590
v 0.0995423 -0.1240330 0.2811440
v 0.0574328 -0.1146860 0.2667530
v 0.0566387 -0.1135270 0.2654420
v 0.0003539 -0.1094900 0.2574560
v -0.0565078 -0.1135270 0.2654450
v -0.0559901 -0.1145160 0.2664280
v -0.0983627 -0.1238250 0.2808460
v -0.0552901 -0.1177480 0.2736680
v 0.0410366 -0.1079380 0.2614080
v 0.0000615 -0.1060510 0.2568370
v 0.0557723 -0.1108240 0.2655410
v 0.0571027 -0.1118610 0.2656500
v 0.1011090 -0.1178140 0.2797960
v 0.0000642 -0.1079140 0.2569780
v 0.0570222 -0.1127430 0.2654640
v 0.1006020 -0.1213220 0.2788610
v 0.0920135 -0.1316790 0.2990480
v 0.0493648 -0.1250880 0.2912740
v -0.0029908 -0.1204290 0.2830700
v 0.0394675 -0.1348700 0.3154450
v -0.0537184 -0.1253000 0.2920000
v -0.0912363 -0.1344290 0.3058510
v -0.0556199 -0.1377090 0.3205880
v -0.0606356 -0.1546090 0.3539520
v -0.0302281 -0.1452170 0.3406480
v -0.0205267 -0.1541250 0.3617920
v -0.0002872 -0.1430610 0.3385350
v -0.0300376 -0.1710890 0.3908420
v -0.0144865 -0.1611570 0.3771000
v -0.0084275 -0.1673200 0.3879060
v 0.0000669 -0.1581040 0.3721540
v -0.0083122 -0.1831970 0.4087680
v 0.0000669 -0.1739640 0.3977170
v 0.0084486 -0.1831970 0.4087680
v 0.0085612 -0.1673200 0.3879060
v 0.0146175 -0.1611570 0.3771000
v 0.0301714 -0.1710890 0.3908400
v 0.0206577 -0.1541250 0.3617920
v 0.0287498 -0.1450470 0.3403210
v 0.0596641 -0.1542870 0.3533780
v -0.1004710 -0.1213220 0.2788690
v -0.0568939 -0.1127430 0.2654690
v -0.0569771 -0.1118610 0.2656550
v -0.1009830 -0.1178140 0.2798010
v -0.0556467 -0.1108240 0.2655430
v -0.0409137 -0.1079380 0.2614110
v 0.0557053 -0.1105190 0.2672840
v 0.0000615 -0.1057270 0.2578390
v -0.0555798 -0.1105190 0.2672870
v -0.0562689 -0.1136410 0.2750440
v -0.1001700 -0.1178990 0.2834130
v 0.1002990 -0.1178990 0.2834050
v 0.0563947 -0.1136410 0.2750420
v 0.0536911 -0.1211200 0.2932280
v 0.0000642 -0.1137900 0.2776330
v 0.0897928 -0.1311630 0.3157090
v 0.0483830 -0.1310970 0.3173860
v 0.0401463 -0.1411900 0.3418120
v 0.0000669 -0.1336030 0.3256300
v 0.0603346 -0.1514940 0.3647260
v 0.0296189 -0.1502420 0.3632640
v 0.0211888 -0.1576570 0.3796190
v 0.0000669 -0.1509250 0.3662510
v 0.0310726 -0.1678890 0.4010560
v 0.0151298 -0.1665730 0.3959900
v 0.0089421 -0.1789900 0.4174080
v -0.0003784 -0.1707030 0.4015390
v -0.0139071 -0.1763210 0.4137010
v -0.0153528 -0.1662410 0.3954510
v -0.0310273 -0.1675940 0.4003860
v -0.0210551 -0.1576570 0.3796190
v -0.0294851 -0.1502420 0.3632670
v -0.0602038 -0.1514940 0.3647280
v -0.0400125 -0.1411900 0.3418120
v -0.0482522 -0.1310970 0.3173880
v -0.0896617 -0.1311630 0.3157110
v -0.0535600 -0.1211200 0.2932300
v -0.1792190 0.1179150 -0.0363575
v -0.1760700 0.1044910 -0.0286052
v -0.1676910 0.1007150 -0.0133584
v -0.1770840 0.0919364 -0.0203028
v -0.1554680 0.1062130 -0.0021565
v -0.1592740 0.0929835 0.0022632
v -0.1535400 0.1211650 -0.0040593
v 0.1799290 0.0917850 -0.0251847
v 0.1773700 0.1040520 -0.0293679
v 0.1678140 0.1052300 -0.0149450
v 0.1772680 0.1180260 -0.0319910
v 0.1594560 0.0933317 0.0019920
v 0.1555300 0.1065510 -0.0021644
v 0.1536070 0.1212370 -0.0039956
v 0.0424313 -0.2074740 -0.4147210
v 0.0004906 -0.1392900 -0.4302890
v 0.0433219 -0.1358410 -0.4260530
v 0.0639315 0.1008710 0.0700910
v 0.0666218 0.0972649 0.0691848
v 0.0644949 0.1015490 0.0697562
v 0.1168530 0.1443450 -0.4031760
v 0.1073470 0.1523730 -0.3967370
v 0.1156780 0.1514510 -0.3920860
v 0.1155330 0.0524122 -0.4138360
v 0.1197550 0.0610921 -0.4164270
v 0.1227050 0.0548414 -0.4106680
v -0.0548181 -0.2050420 -0.4102290
v -0.0809234 -0.1292340 -0.4060540
v -0.0424048 -0.1393570 -0.4224150
v -0.1627310 0.1491260 -0.0175972
v -0.1536040 0.1403930 -0.0012715
v -0.1445520 0.1566550 -0.0065682
v -0.1838590 0.0730540 -0.3143450
v -0.1840680 0.0757328 -0.3132260
v -0.1790010 0.0811412 -0.3268090
v -0.1227220 0.0547403 -0.4108250
v -0.1198150 0.0610416 -0.4164880
v -0.1149190 0.0519471 -0.4144150
v -0.1849370 0.0876363 -0.3460000
v -0.1735670 0.0858159 -0.3408840
v -0.1787230 0.0837164 -0.3334370
v -0.1329350 0.0572146 -0.4173970
v -0.1257740 0.0603319 -0.4062000
v -0.1307390 0.0670558 -0.3848090
v -0.1360550 0.0285786 -0.3715320
v -0.1387830 0.0550752 -0.3675240
v -0.1920550 -0.0406099 -0.2770610
v -0.1859110 -0.0888351 -0.2666910
v -0.1945500 -0.0884391 -0.2482680
v 0.1729820 0.0841284 -0.3391830
v 0.1848370 0.0874928 -0.3458800
v 0.1789310 0.0833070 -0.3332910
v 0.1254440 0.0595931 -0.4046350
v 0.1324900 0.0571508 -0.4179470
v 0.1853440 0.0640500 -0.3084850
v 0.1792050 0.0803518 -0.3266840
v 0.1846980 0.0737955 -0.3116790
v 0.0663536 0.0968104 0.0694080
v 0.0632716 0.1019320 0.0702797
v 0.1105150 -0.0405488 0.3544910
v 0.1191920 -0.0357545 0.3430420
v 0.1183710 -0.0155592 0.3361590
v -0.0955597 0.1046190 -0.4321630
v -0.0927891 0.1284920 -0.4205970
v -0.0681376 0.1345430 -0.4247400
v -0.0923384 0.0727616 0.0563697
v -0.0967937 0.0676112 0.0547831
v -0.0840105 0.0785048 0.0608318
v -0.1181540 -0.0150090 0.3360470
v -0.1190580 -0.0357545 0.3430500
v -0.1100620 -0.0405939 0.3548020
v -0.0667133 0.0969487 0.0691103
v -0.0639507 0.1008340 0.0700166
v -0.0643691 0.1014670 0.0697402
v -0.0664827 0.0964171 0.0696711
v -0.0631434 0.1023620 0.0701150
v -0.1598480 0.0148201 -0.3339370
v -0.1687560 -0.0267956 -0.3151240
v -0.1734570 -0.0013037 -0.3164950
v -0.1567720 -0.1662490 -0.2423340
v -0.1533680 -0.1940720 -0.2288200
v -0.1542530 -0.1988100 -0.2120290
v -0.1588180 -0.2009070 -0.2000540
v -0.1488080 -0.2209800 -0.1773100
v -0.1203000 -0.1284820 0.2842580
v -0.1243180 -0.1363080 0.2857600
v -0.1186050 -0.1307780 0.2862090
v -0.1127980 -0.1328380 0.2933980
v -0.1432910 -0.0395283 0.3091120
v -0.1403600 -0.0766552 0.3375520
v -0.1369320 -0.0635346 0.3395340
v -0.1318710 -0.0513734 0.3395870
v -0.1237140 -0.0904429 0.3650690
v -0.0736574 0.0888429 0.0657352
v -0.0740784 0.0879075 0.0662508
v -0.0712568 0.0901638 0.0686400
v -0.2530290 0.1521260 -0.5321000
v -0.2514140 0.1572770 -0.5311090
v -0.2439230 0.1467290 -0.5296760
v -0.2283820 0.1302040 -0.5217060
v -0.2315470 0.1427340 -0.5232820
v -0.2281330 0.1146190 -0.5185140
v -0.2088430 0.1108290 -0.5075570
v -0.1884770 0.0951017 -0.4872710
v -0.1820270 0.1168990 -0.4837600
v -0.1920930 0.0774284 -0.4794420
v -0.1696010 0.0842453 -0.4655340
v -0.1507610 0.0783267 -0.4465750
v -0.1439430 0.1003210 -0.4455250
v -0.1542610 0.0641669 -0.4408500
v -0.1324580 0.0762777 -0.4317430
v -0.1213620 0.0759907 -0.4249450
v -0.1210640 0.0973527 -0.4277030
v -0.1125490 0.0780530 -0.4257680
v -0.0977002 0.0797725 -0.4320400
v -0.1263510 0.1237480 -0.4221380
v -0.1168530 0.1436510 -0.4036700
v -0.1190470 0.1226450 -0.4176630
v -0.1100620 0.1238520 -0.4178430
v -0.0962034 0.1467210 -0.4052360
v -0.2556950 0.1544460 -0.5294800
v -0.2548200 0.1519800 -0.5313530
v -0.2498880 0.1426780 -0.5275320
v -0.2385180 0.1250240 -0.5179670
v -0.2416560 0.1270460 -0.5233350
v -0.2392960 0.1323770 -0.5135180
v -0.2235280 0.1071780 -0.5010860
v -0.2057590 0.0925902 -0.4768560
v -0.2096910 0.0854040 -0.4897480
v -0.2023980 0.1022270 -0.4630280
v -0.1853100 0.0873840 -0.4482520
v -0.1694720 0.0941821 -0.4238710
v -0.1595260 0.0794056 -0.4241980
v -0.1490310 0.0640313 -0.4254500
v -0.1363790 0.0724348 -0.4075580
v 0.1028790 0.0363974 0.3048600
v 0.0924079 0.0463156 0.2743210
v 0.0865688 0.0507432 0.2762270
v 0.0842059 0.0562524 0.2768590
v 0.0694808 0.0652672 0.2397140
v 0.0153658 -0.2043990 0.4187070
v 0.0001768 -0.2135790 0.4217770
v 0.0172621 -0.2117080 0.4180010
v 0.0346317 -0.2041890 0.4091670
v 0.0230609 -0.2152050 0.4132620
v -0.0000699 -0.2070330 0.2697160
v 0.0083574 -0.2008890 0.2650760
v 0.0133354 -0.2061980 0.2718370
v 0.0171012 -0.2084760 0.2794270
v 0.0315499 -0.1989030 0.2738350
v -0.0005581 -0.2145410 0.2874000
v 0.0200998 -0.2105460 0.2871260
v 0.0260917 -0.2124330 0.2966240
v 0.0395669 -0.2022090 0.2883860
v 0.0183242 -0.2181580 0.3053410
v 0.0379604 -0.2101320 0.3070100
v 0.0502365 -0.2033410 0.3172920
v 0.0561829 -0.1975370 0.3041110
v 0.0417018 -0.2071530 0.3334510
v 0.0570331 -0.1991000 0.3323240
v 0.0346692 -0.2092200 0.3548340
v 0.0290717 -0.2137140 0.3410060
v 0.0216635 -0.2196040 0.3294700
v 0.0192684 -0.2176210 0.3484500
v 0.0145585 -0.2214000 0.3136520
v 0.0107391 -0.2238580 0.3234080
v -0.0002335 -0.2257000 0.3259590
v 0.0065228 -0.2246820 0.3371610
v 0.0001849 -0.2215060 0.3051820
v -0.0009121 -0.2220860 0.3526710
v 0.0094007 -0.2209480 0.3522300
v 0.0107794 -0.2181680 0.3685080
v 0.0435446 -0.1876060 0.2713530
v 0.0485709 -0.1918630 0.2803380
v 0.0565959 -0.1921420 0.2913460
v 0.0717231 -0.1849370 0.3001610
v 0.0824516 -0.1850360 0.3184510
v 0.0870060 -0.1761010 0.2982560
v 0.0714818 -0.1939950 0.3380910
v 0.0821808 -0.1907950 0.3445920
v 0.0570437 -0.2018080 0.3553420
v 0.0421578 -0.2081410 0.3689170
v 0.0497483 -0.2078120 0.3806180
v 0.0275132 -0.2138500 0.3792550
v 0.0129144 -0.2190510 0.3860320
v 0.0159371 -0.2206990 0.4007660
v -0.0016980 -0.2209080 0.3875810
v 0.0000213 -0.2231700 0.4132910
v 0.0180936 -0.2200850 0.4098870
v 0.0360695 -0.2132070 0.4010240
v 0.1202570 -0.2301010 -0.0963745
v 0.1052070 -0.2114210 -0.0623145
v 0.0924347 -0.2168530 -0.0621178
v 0.0863302 -0.2350820 -0.0638080
v 0.0627353 -0.2050450 -0.0386669
v 0.1137520 -0.2712230 -0.0996700
v 0.0838331 -0.2786800 -0.0676855
v 0.0538681 -0.2924840 -0.0462810
v 0.0512557 -0.1936700 -0.0266811
v 0.0398486 -0.2013190 -0.0270531
v 0.0222321 -0.2049520 -0.0252513
v 0.0201132 -0.1998470 -0.0141318
v 0.0168705 -0.2235160 -0.0284617
v 0.0011263 -0.2049310 -0.0238746
v -0.0194887 -0.2040910 -0.0247090
v -0.0129442 -0.2001660 -0.0135604
v 0.0949372 -0.1308680 0.0332431
v 0.0742659 -0.1578670 -0.0004237
v 0.0960154 -0.1531550 0.0009742
v 0.1265250 -0.1489130 -0.0029590
v 0.1067310 -0.1837760 -0.0313824
v 0.1480250 -0.1128440 0.0173026
v 0.1581040 -0.1435050 -0.0134487
v 0.1846580 -0.1350220 -0.0291075
v 0.1665160 -0.1690710 -0.0407372
v 0.1587370 -0.0822310 0.0292726
v 0.1402710 -0.0858160 0.0523647
v 0.0120641 -0.1326590 0.4402050
v -0.0006037 -0.1527880 0.4519780
v 0.0176403 -0.1511880 0.4497590
v 0.0361069 -0.1462590 0.4410180
v 0.0194427 -0.1638630 0.4578440
v 0.0480801 -0.1243920 0.4240650
v 0.0548793 -0.1400080 0.4279640
v 0.0747217 -0.1266640 0.4100060
v 0.0591089 -0.1490620 0.4313550
v 0.0868237 -0.0951391 0.3897020
v 0.0957419 -0.1013840 0.3873160
v 0.1140480 -0.0702637 0.3628890
v 0.1073740 -0.1027130 0.3814820
v 0.1263320 -0.0390154 0.3378440
v 0.1334100 -0.0147565 0.3075550
v 0.1353680 -0.0435625 0.3308220
v 0.1449620 -0.0395070 0.3066120
v 0.1382110 -0.0652807 0.3377030
v 0.1412980 -0.0808384 0.3374290
v 0.1250760 -0.0928376 0.3636280
v 0.1060360 -0.1203410 0.3889630
v 0.1081870 -0.1291670 0.3886950
v 0.0851420 -0.1435720 0.4125550
v 0.0701782 -0.1578560 0.4276210
v 0.0627969 -0.1552070 0.4325940
v 0.0417368 -0.1640780 0.4492170
v 0.0274463 -0.1754550 0.4595840
v 0.0208240 -0.1717980 0.4616360
v 0.0006462 -0.1736880 0.4660610
v 0.1169120 0.0061882 0.3251620
v 0.1098870 -0.0132205 0.3441160
v 0.1007310 -0.0386007 0.3623310
v 0.0952563 -0.0216319 0.3588280
v 0.0941675 -0.0646588 0.3753560
v 0.0741692 -0.0854094 0.3952570
v 0.0359326 -0.1006990 0.4217290
v 0.0546056 -0.0965768 0.4109070
v 0.0587443 -0.0660833 0.3987990
v 0.0422115 -0.0421965 0.3974860
v 0.0621479 -0.0375776 0.3856760
v 0.0678259 -0.0149346 0.3734560
v 0.0796274 -0.0241326 0.3701420
v 0.0622338 -0.0062469 0.3737590
v 0.0788577 0.0001581 0.3620870
v 0.0921584 0.0136295 0.3495640
v 0.0931401 0.0079715 0.3491490
v 0.0923194 0.0211346 0.3497870
v 0.1024900 0.0277123 0.3365340
v 0.0909542 0.0287779 0.3505390
v 0.0788173 0.0142089 0.3635220
v 0.0619762 0.0051092 0.3755500
v 0.0663401 0.0139830 0.3727360
v 0.0563705 -0.0025076 0.3774560
v 0.0431047 0.0002908 0.3860290
v 0.0221919 -0.0025236 0.3949720
v 0.0282106 0.0048859 0.3931570
v 0.0154651 -0.0084447 0.3954450
v 0.0001125 -0.0033660 0.3989640
v -0.0005205 -0.0125347 0.3965400
v 0.0219773 -0.0131327 0.3928200
v 0.0434024 -0.0105947 0.3840040
v 0.0284091 -0.0231068 0.3942410
v 0.0208535 -0.0453511 0.4066100
v 0.0191155 -0.0744467 0.4186620
v 0.0000669 -0.0544110 0.4133580
v 0.0174364 -0.1048740 0.4289070
v -0.0004535 -0.1144940 0.4335930
v 0.0940896 -0.0022126 0.3516020
v 0.1041340 0.0153171 0.3356650
v 0.1259590 0.1330840 -0.4170940
v 0.1191860 0.1233950 -0.4174180
v 0.1101560 0.1238520 -0.4178490
v 0.1211950 0.0975440 -0.4277320
v 0.0961496 0.1466520 -0.4053790
v 0.0927324 0.1279920 -0.4210380
v 0.1594590 -0.0379364 -0.3206590
v 0.1687770 -0.0266309 -0.3153970
v 0.1743550 -0.0689375 -0.2918480
v 0.1745160 -0.1139470 -0.2646070
v 0.1865730 -0.1022140 -0.2584950
v 0.1640400 -0.1219250 -0.2683040
v 0.1729150 -0.1545770 -0.2355360
v 0.1712360 -0.1847970 -0.2063470
v 0.1843600 -0.1728640 -0.2018580
v 0.1598160 -0.1925330 -0.2098210
v 0.1668080 -0.2058500 -0.1740540
v 0.0469267 -0.1876000 -0.0151975
v 0.0586986 -0.1799920 -0.0186657
v 0.0624913 -0.1606230 0.0003656
v 0.0533020 -0.1625310 0.0091597
v 0.0603615 -0.1469650 0.0275637
v 0.1623740 0.0970444 -0.3695220
v 0.1734010 0.1013820 -0.4008720
v 0.1862160 0.0968928 -0.3867490
v 0.1978780 0.0928878 -0.3734290
v 0.2090890 0.1021340 -0.4149940
v 0.2169700 0.1136890 -0.4576490
v 0.2272290 0.1125440 -0.4448690
v 0.2368170 0.1123650 -0.4330290
v 0.2418220 0.1264320 -0.4722900
v 0.2460660 0.1399280 -0.5037960
v 0.2527410 0.1409300 -0.4954910
v 0.2572310 0.1421310 -0.4899340
v 0.2583250 0.1525460 -0.5141400
v 0.2525940 0.1293240 -0.4587390
v 0.2588270 0.1438740 -0.4875770
v 0.2591280 0.1465210 -0.4854510
v 0.2612790 0.1548950 -0.5098660
v 0.2615900 0.1604210 -0.5204570
v 0.2604230 0.1586610 -0.5228780
v 0.2578800 0.1571230 -0.5262880
v 0.2558740 0.1549060 -0.5292620
v 0.2522640 0.1503460 -0.5218870
v 0.2416430 0.1384820 -0.5095260
v 0.2400440 0.1361590 -0.5120560
v 0.2275320 0.1249630 -0.4903250
v 0.2110040 0.1126660 -0.4651620
v 0.2077110 0.1063860 -0.4702840
v 0.1904220 0.1039540 -0.4371510
v 0.1657220 0.1010330 -0.4096470
v 0.1622730 0.0938500 -0.4162650
v 0.1444850 0.1001830 -0.3903610
v 0.2414870 0.1174600 -0.4252260
v 0.2410580 0.1140370 -0.4276630
v 0.2241660 0.1011880 -0.3966060
v 0.2040420 0.0964942 -0.3669660
v 0.2030300 0.0928454 -0.3675560
v -0.0544317 -0.2774550 -0.0450213
v -0.0780481 -0.2354270 -0.0559042
v -0.0873123 -0.2861720 -0.0689346
v -0.1155450 -0.2898260 -0.1027400
v -0.0603138 -0.1471860 0.0271120
v -0.0531470 -0.1451160 0.0612331
v -0.0637737 -0.1383810 0.0608797
v -0.0784021 -0.1310910 0.0636702
v -0.0647018 -0.1355540 0.1003190
v -0.0992934 -0.1323300 0.0312659
v -0.0969302 -0.1219040 0.0705135
v -0.1142140 -0.1099790 0.0880487
v -0.0952352 -0.1219410 0.1101280
v -0.0445211 -0.1538190 0.0626683
v -0.0454197 -0.1488820 0.0970606
v -0.0464176 -0.1462030 0.1322500
v -0.0383227 -0.1525620 0.1305070
v -0.0549467 -0.1400050 0.1359710
v -0.0478631 -0.1450150 0.1664750
v -0.0489306 -0.1465610 0.1962330
v -0.0430461 -0.1502980 0.1933410
v -0.0557488 -0.1435560 0.2016620
v -0.0479973 -0.1506780 0.2179770
v -0.0514921 -0.1549120 0.2337930
v -0.0413160 -0.1540050 0.2170580
v -0.0779274 -0.1514220 0.2411780
v -0.0619873 -0.1596710 0.2495120
v -0.0633873 -0.1670330 0.2623620
v -0.0368905 -0.1663690 0.2469510
v -0.0782278 -0.1707430 0.2780290
v -0.0536110 -0.1765260 0.2685890
v -0.0160663 -0.1655210 0.2274810
v -0.0153850 -0.1716710 0.2457410
v -0.0140118 -0.1800790 0.2553670
v 0.0001286 -0.1752450 0.2489010
v 0.0141508 -0.1800240 0.2552850
v 0.0153632 -0.1715250 0.2453240
v 0.0299971 -0.1654860 0.2414490
v 0.0187024 -0.1646520 0.2267980
v 0.0486406 -0.1622920 0.2455770
v 0.0410448 -0.1575590 0.2324480
v 0.0473184 -0.1509440 0.2180280
v 0.0406961 -0.1541460 0.2168290
v 0.0556947 -0.1436730 0.2018210
v 0.0490536 -0.1465610 0.1962300
v 0.0479833 -0.1450150 0.1664670
v 0.0431690 -0.1502980 0.1933380
v 0.0550670 -0.1400050 0.1359660
v 0.0465378 -0.1462030 0.1322450
v 0.0455962 -0.1487860 0.0972174
v 0.0384993 -0.1524690 0.1306640
v 0.0532619 -0.1451160 0.0612279
v 0.0447059 -0.1535620 0.0632769
v 0.0443679 -0.1630940 0.0330197
v 0.0364825 -0.1629060 0.0667610
v 0.0637651 -0.1382080 0.0619241
v 0.0645804 -0.1356840 0.1012760
v 0.0769559 -0.1311790 0.0751273
v 0.0653852 -0.1343390 0.1402020
v 0.0660934 -0.1350940 0.1758110
v 0.0784312 -0.1288220 0.1438370
v 0.0706180 -0.1379880 0.2012260
v 0.0859868 -0.1401110 0.2179050
v 0.0931427 -0.1289470 0.1870050
v 0.0777902 -0.1536920 0.2443910
v 0.1053870 -0.1415010 0.2344600
v 0.1173200 -0.1423520 0.2492710
v 0.1227750 -0.1256780 0.2225540
v 0.1143450 -0.1549830 0.2768970
v 0.1237730 -0.1416820 0.2597660
v 0.1284450 -0.1391360 0.2677200
v 0.1326720 -0.1291490 0.2502730
v 0.1384520 -0.1146410 0.2399420
v 0.1391340 -0.1200890 0.2547960
v 0.0668711 -0.1657600 0.2615040
v 0.0543186 -0.1762970 0.2686610
v 0.0829239 -0.1691640 0.2788980
v 0.1021740 -0.1671080 0.2917450
v 0.1105340 -0.1661510 0.3025060
v 0.1026000 -0.1763640 0.3287680
v 0.1119040 -0.1654540 0.3146140
v 0.0888190 -0.1838720 0.3555860
v 0.0875854 -0.1875950 0.3502150
v 0.0710499 -0.1975450 0.3713940
v 0.0586986 -0.2000460 0.3894040
v 0.0538439 -0.2058340 0.3883150
v 0.1135750 -0.1167460 0.1678780
v 0.0950041 -0.1237350 0.1498410
v 0.0891760 -0.1251760 0.1080900
v 0.0941192 -0.1241520 0.0695515
v 0.1143240 -0.1106090 0.0762382
v 0.0355355 -0.1548320 0.1953610
v 0.0317431 -0.1557010 0.1633710
v 0.0251450 -0.1594350 0.1974200
v 0.0296428 -0.1580210 0.1309750
v 0.0285673 -0.1625630 0.1001040
v 0.0199711 -0.1626430 0.1318540
v 0.0276259 -0.1703710 0.0699342
v 0.0271460 -0.1806670 0.0406738
v 0.0184074 -0.1757210 0.0725227
v 0.0365037 -0.1856100 0.0082880
v 0.0250377 -0.1900990 0.0191577
v 0.0450894 -0.1765870 0.0062097
v 0.0122304 -0.1636390 0.1982760
v 0.0103556 -0.1639630 0.1645910
v -0.0013064 -0.1651380 0.1987360
v 0.0098809 -0.1662460 0.1330320
v 0.0094785 -0.1714160 0.1033220
v -0.0003301 -0.1678060 0.1337920
v 0.0092505 -0.1797710 0.0745293
v 0.0114177 -0.1888040 0.0445087
v -0.0000887 -0.1815810 0.0750235
v 0.0161464 -0.1955360 0.0116977
v -0.1053390 -0.1412600 0.2341460
v -0.0862206 -0.1396700 0.2173290
v -0.0706721 -0.1378680 0.2010690
v -0.0931431 -0.1286810 0.1861710
v -0.0659676 -0.1350940 0.1758170
v -0.0654446 -0.1342540 0.1398400
v -0.0788473 -0.1285640 0.1436060
v -0.0951547 -0.1235010 0.1495670
v -0.1130660 -0.1152010 0.1573350
v -0.0355333 -0.1548210 0.1949170
v -0.0249174 -0.1591820 0.1874730
v -0.0316199 -0.1557010 0.1623050
v -0.0147252 -0.1629270 0.1978240
v -0.0119679 -0.1636920 0.1638390
v -0.0103989 -0.1664270 0.1323670
v -0.0293269 -0.1582870 0.1298960
v -0.0196201 -0.1638940 0.1227440
v -0.0257971 -0.1647450 0.1001220
v -0.0097632 -0.1717530 0.1028990
v -0.0096881 -0.1800770 0.0739871
v -0.0363271 -0.1657950 0.0580121
v -0.0443308 -0.1632940 0.0322252
v -0.0449288 -0.1769350 0.0056411
v -0.0531712 -0.1627170 0.0089418
v -0.0363112 -0.1857450 0.0079319
v -0.0441833 -0.1902950 -0.0158140
v -0.0252258 -0.1899260 0.0190939
v -0.0299007 -0.1792260 0.0393715
v -0.0277874 -0.1710380 0.0703993
v -0.0188477 -0.1761300 0.0727779
v -0.0143416 -0.1878210 0.0440650
v -0.0157444 -0.1955440 0.0117243
v 0.0006113 -0.1980900 0.0033820
v -0.0723244 0.0788397 0.2694130
v -0.0636717 0.0824832 0.2405320
v -0.0820739 0.0649615 0.2773880
v -0.0996822 0.0499859 0.3063010
v -0.0904531 0.0513173 0.2872560
v -0.1021690 0.0314276 -0.4210170
v -0.1001220 0.0560026 -0.4272700
v -0.0750896 0.0689586 -0.4415810
v -0.2021940 0.1026120 -0.3641670
v -0.1844300 0.1025300 -0.3466510
v -0.1971520 0.1146030 -0.3660540
v -0.2103580 0.1325080 -0.3932500
v -0.1873750 0.1309030 -0.3708110
v -0.2302900 0.1282320 -0.4122330
v -0.2244770 0.1476380 -0.4244240
v -0.2386630 0.1577760 -0.4562620
v -0.2115120 0.1622150 -0.4333240
v -0.1686650 0.1417910 -0.3704130
v -0.1691630 0.1294990 -0.3546190
v -0.1537220 0.1344740 -0.3485540
v -0.1664330 0.1233280 -0.3437810
v -0.1743750 0.1103590 -0.3395020
v -0.1680070 0.1234240 -0.3287600
v -0.1389920 0.1277450 -0.4332870
v -0.1384150 0.1503380 -0.4165310
v -0.1577830 0.1354100 -0.4504840
v -0.1808900 0.1441080 -0.4723940
v -0.1911460 0.1658690 -0.4653940
v -0.2040070 0.1547230 -0.4917730
v -0.2231200 0.1664960 -0.4981350
v -0.2252900 0.1513480 -0.5139460
v -0.2425900 0.1563250 -0.5260110
v -0.2521120 0.1643430 -0.5265930
v -0.0655009 0.1027770 0.0663065
v -0.0677915 0.0991013 0.0689163
v -0.0750575 0.0921916 0.0665537
v -0.0758487 0.0958060 0.0659105
v -0.0768304 0.0997737 0.0618816
v -0.0869716 0.0948783 0.0605608
v -0.1010180 0.0877879 0.0554501
v -0.0970645 0.0958936 0.0528909
v -0.1041910 0.0771042 0.0549771
v -0.1182270 0.0775268 0.0485430
v -0.1373290 0.0627717 0.0383935
v -0.1383780 0.0739948 0.0372693
v -0.1413010 0.0844340 0.0315288
v -0.1569620 0.0752226 0.0248051
v -0.1721190 0.0688204 0.0120299
v -0.1691290 0.0823238 0.0106453
v -0.1746240 0.0515592 0.0077909
v -0.1831270 0.0661256 -0.0028076
v -0.1913150 0.0644540 -0.0188543
v -0.1892530 0.0801977 -0.0189500
v -0.1918090 0.0470146 -0.0235451
v -0.1973370 0.0592264 -0.0354459
v -0.1992570 0.0486755 -0.0488669
v -0.2015150 0.0669148 -0.0534752
v -0.2004100 0.0828207 -0.0577008
v -0.2034230 0.0749967 -0.0719138
v -0.2035000 0.0746672 -0.0928745
v -0.2015640 0.0865202 -0.0851700
v -0.2026130 0.0618203 -0.0970470
v -0.2033100 0.0808408 -0.1164400
v -0.2041650 0.0862411 -0.1407460
v -0.2020200 0.0934406 -0.1322950
v -0.2029690 0.0806628 -0.1538750
v -0.2043770 0.0890769 -0.1670750
v -0.2021270 0.0872962 -0.1903060
v -0.2025160 0.0986495 -0.1846630
v -0.0993362 0.0645842 0.0565690
v -0.1128650 0.0568132 0.0469245
v -0.1324230 0.0466372 0.0363472
v -0.1253930 0.0530368 0.0394991
v -0.1945930 -0.1287180 -0.2206960
v -0.2033720 -0.0773037 -0.2310580
v -0.2112620 -0.0307182 -0.2305770
v -0.2124350 -0.0660726 -0.2092760
v -0.2063300 0.0091993 -0.2542910
v -0.2167180 0.0007055 -0.2226830
v -0.2190730 0.0153916 -0.2106760
v -0.2209910 -0.0134836 -0.2001180
v -0.2149610 0.0382258 -0.2130760
v -0.2199660 0.0143046 -0.1918600
v -0.2205340 0.0045006 -0.1676230
v -0.2220880 -0.0152376 -0.1737510
v -0.2156130 0.0273375 -0.1629080
v -0.2205020 -0.0055479 -0.1418390
v -0.2194700 -0.0149878 -0.1175210
v -0.2209340 -0.0439054 -0.1223530
v -0.2143790 0.0112643 -0.1125490
v -0.2173210 -0.0246429 -0.0930738
v -0.2053320 0.0624474 -0.2387750
v -0.2081810 0.0600449 -0.2086170
v -0.2003810 0.0746645 -0.1990540
v -0.2073730 0.0546579 -0.1848600
v -0.1982220 0.0820341 -0.1952360
v -0.1955740 0.0750312 -0.1799040
v -0.1940160 0.0678610 -0.1535640
v -0.1979800 0.0624289 -0.1562080
v -0.1944050 0.0678370 -0.1447490
v -0.1941020 0.0583626 -0.1274210
v -0.1950110 0.0471661 -0.1037870
v -0.1982840 0.0427917 -0.1059770
v -0.1952470 0.0497413 -0.1022800
v -0.1946200 0.0378724 -0.0813935
v -0.1937750 0.0352414 -0.0640977
v -0.1927260 0.0311247 -0.0602282
v -0.2067030 0.0484683 -0.1589830
v -0.2061900 0.0408303 -0.1327280
v -0.2057610 0.0312655 -0.1087220
v -0.2031060 0.0254427 -0.0853136
v -0.1385900 0.0841921 -0.3697700
v -0.1465150 0.0511313 -0.3546930
v -0.1555570 0.0530528 -0.3448810
v -0.1573510 0.0791213 -0.3486630
v -0.1692520 0.0413990 -0.3289510
v -0.1833220 0.0069217 -0.3054070
v -0.1933240 0.0143604 -0.2867160
v -0.1949580 0.0485347 -0.2863180
v -0.1923640 0.0643051 -0.2932570
v -0.1950190 0.0674198 -0.2803190
v -0.1937750 0.0844897 -0.2668690
v -0.1867530 0.1006380 -0.2848130
v -0.1945260 0.1056180 -0.2394290
v -0.1795540 0.0984396 -0.3195220
v -0.1823700 0.1135910 -0.2913030
v -0.1744950 0.1259430 -0.2962700
v -0.1814420 0.1314850 -0.2534000
v -0.1596470 0.1358460 -0.3122850
v -0.0381000 0.1446340 0.0704020
v -0.0472274 0.1333420 0.0731020
v -0.0396422 0.1350010 0.0886440
v -0.0376817 0.1286300 0.1190230
v -0.0463076 0.1220070 0.1070640
v -0.0267467 0.1329590 0.1311340
v -0.0402780 0.1191850 0.1592520
v -0.1780230 0.0985672 -0.3356300
v -0.1787630 0.0884789 -0.3311090
v -0.1670500 0.0944931 -0.3635910
v -0.1597280 0.0908760 -0.3523170
v -0.1447180 0.0959202 -0.3663280
v -0.0516744 0.1010630 0.1992700
v -0.0442825 0.1088920 0.2036450
v -0.0338731 0.1117780 0.2183090
v -0.0536915 0.0963002 0.2465200
v -0.0723002 0.0808807 0.2828600
v -0.0624191 0.0819836 0.2940680
v -0.0908929 0.0658810 0.3102840
v -0.2058150 -0.0234843 -0.0296097
v -0.2094060 -0.0018857 -0.0519125
v -0.2123060 -0.0237632 -0.0522580
v -0.2080710 -0.0557877 -0.0372026
v -0.2141810 -0.0377051 -0.0651581
v -0.2157010 -0.0604013 -0.0730008
v -0.2110580 -0.0931325 -0.0591917
v -0.2159670 -0.0836581 -0.0812049
v -0.2014890 -0.1121530 -0.0401339
v -0.2042540 -0.1280140 -0.0592210
v -0.1949580 -0.1629460 -0.0732586
v -0.2067240 -0.1377010 -0.0810667
v -0.1753830 -0.1845440 -0.0673772
v -0.1836090 -0.1904230 -0.0989418
v -0.1842070 -0.1307380 -0.0249669
v -0.1983210 -0.0919925 -0.0240659
v -0.1953600 -0.0706065 -0.0124495
v -0.1841830 -0.1662460 -0.2093400
v -0.1948740 -0.1569260 -0.1934790
v -0.2043800 -0.1366170 -0.1823620
v -0.1973020 -0.1694460 -0.1642080
v -0.2124080 -0.0935631 -0.1889610
v -0.2124160 -0.1118580 -0.1697040
v -0.2179970 -0.0861031 -0.1583370
v -0.2135770 -0.1169930 -0.1503030
v -0.2214710 -0.0502518 -0.1627110
v -0.2201860 -0.0717041 -0.1451790
v -0.2196920 -0.0743830 -0.1255390
v -0.2165140 -0.1026260 -0.1334380
v -0.2182490 -0.0809526 -0.1034170
v -0.2136040 -0.1112180 -0.0896534
v -0.2088590 -0.1409540 -0.1052960
v -0.2027920 -0.1629300 -0.1324780
v -0.2106270 -0.1353700 -0.1307620
v -0.1908830 -0.1861550 -0.1340760
v -0.1743670 -0.2051910 -0.1347640
v -0.1570480 -0.2184870 -0.1344320
v -0.1666500 -0.2063740 -0.1731290
v -0.1443130 -0.2194890 -0.0957899
v -0.1407620 -0.2273110 -0.1239370
v -0.2216480 -0.0326104 -0.1814560
v -0.2188720 -0.0505840 -0.1916050
v -0.0156318 0.0038681 0.3973270
v -0.0220260 -0.0023455 0.3947520
v -0.0221306 -0.0079611 0.3930380
v -0.0424880 -0.0015030 0.3855940
v -0.0222969 -0.0131300 0.3926150
v -0.0282727 -0.0231068 0.3942440
v -0.0433706 -0.0106266 0.3839400
v -0.0207198 -0.0453511 0.4066130
v -0.0420750 -0.0421965 0.3974890
v -0.0585087 -0.0662614 0.3989290
v -0.0619713 -0.0380853 0.3859360
v -0.0544694 -0.0965768 0.4109150
v -0.0739336 -0.0855876 0.3953900
v -0.0866899 -0.0951391 0.3897080
v -0.0937119 -0.0649803 0.3757180
v -0.0744218 -0.1267010 0.4101390
v -0.0950824 -0.1018100 0.3878500
v -0.1005510 -0.1099210 0.3891730
v -0.1132910 -0.0710451 0.3637050
v -0.0830931 -0.1408050 0.4133180
v -0.1047490 -0.1177130 0.3900900
v -0.1071840 -0.1253240 0.3894920
v -0.0635377 -0.1605880 0.4335610
v -0.0617808 -0.1553690 0.4332690
v -0.0586937 -0.1490520 0.4314960
v -0.0408440 -0.1643250 0.4496610
v -0.0546328 -0.1396840 0.4277460
v -0.0480457 -0.1238200 0.4236560
v -0.0359598 -0.1408420 0.4369790
v -0.0359008 -0.1004060 0.4215510
v -0.0189791 -0.0744467 0.4186650
v -0.0177158 -0.1044620 0.4285650
v -0.0179867 -0.1302490 0.4372260
v -0.0209236 -0.1779320 0.4629280
v -0.0197274 -0.1719440 0.4619050
v -0.0139796 -0.1645930 0.4590740
v -0.0189281 -0.1491950 0.4470930
v -0.1257660 -0.0397994 0.3386600
v -0.1330590 -0.0159180 0.3094580
v -0.0964476 -0.0410378 0.3665060
v -0.0971609 -0.0180733 0.3569100
v -0.0804083 -0.0300060 0.3723900
v -0.1099580 -0.0053619 0.3407860
v -0.0991996 0.0022522 0.3463830
v -0.1037940 0.0168692 0.3359170
v -0.0933122 0.0081495 0.3490010
v -0.1169390 0.0071395 0.3245240
v -0.1151340 0.0217486 0.3029970
v -0.1116630 0.0223067 0.3180370
v -0.0678721 -0.0153385 0.3735490
v -0.0788473 0.0000888 0.3620500
v -0.0621000 -0.0062469 0.3737620
v -0.0919416 0.0135737 0.3497100
v -0.1022520 0.0275289 0.3368580
v -0.0921856 0.0211346 0.3497930
v -0.0908230 0.0287779 0.3505420
v -0.0786838 0.0142089 0.3635250
v -0.0659222 0.0139246 0.3728870
v -0.0615554 0.0049576 0.3756540
v -0.0563388 -0.0026324 0.3773500
v 0.0290286 -0.1852140 0.2626010
v 0.0121928 -0.1905110 0.2606320
v 0.0000642 -0.1945480 0.2614610
v -0.0120645 -0.1905110 0.2606320
v -0.0082317 -0.2008890 0.2650780
v -0.0288895 -0.1852700 0.2626860
v -0.0432231 -0.1876620 0.2712360
v -0.0004186 -0.1936010 0.4623510
v -0.0210256 -0.1874520 0.4595070
v -0.0196228 -0.1896070 0.4551730
v -0.0180215 -0.1884960 0.4460520
v -0.0386661 -0.1805420 0.4413770
v -0.0615342 -0.1690240 0.4285590
v -0.0577040 -0.1706470 0.4232840
v -0.0556013 -0.1685030 0.4122040
v -0.0751970 -0.1606600 0.4005930
v -0.0427161 -0.1702940 0.4097780
v -0.0598415 -0.1614090 0.3908950
v -0.0798853 -0.1514270 0.3678590
v -0.0279107 -0.1763450 0.4189600
v -0.0161414 -0.1840290 0.4313660
v -0.0013922 -0.1886020 0.4375690
v -0.1107620 -0.1368160 0.3757020
v -0.1204820 -0.1305470 0.3531470
v -0.0981480 -0.1480150 0.3779290
v -0.0897584 -0.1506650 0.3728740
v -0.0986630 -0.1408900 0.3429870
v -0.1121300 -0.1302750 0.3179010
v -0.1252830 -0.1232010 0.3151690
v -0.1197560 -0.1223350 0.2987660
v -0.1223760 -0.1190580 0.2900410
v -0.1331120 -0.1141620 0.2883940
v -0.1228480 -0.1186860 0.2870140
v -0.1609000 0.0379973 0.0139674
v -0.1642440 0.0325439 0.0103476
v -0.1509410 0.0381860 0.0237953
v -0.1376860 0.0378511 0.0385077
v -0.1236550 0.1516670 -0.3911320
v -0.1433880 0.1563970 -0.3997660
v -0.1569520 0.1515950 -0.3851470
v -0.1761930 0.1618290 -0.4149040
v -0.1422510 0.1436800 -0.3648400
v -0.1210540 0.1441690 -0.3611960
v -0.1365270 0.1409380 -0.3546110
v -0.1430070 0.1400950 -0.3382240
v -0.1418750 0.1454130 -0.3089210
v -0.1965800 0.1694540 -0.4458440
v -0.2144300 0.1726350 -0.4741800
v -0.2366380 0.1710140 -0.4946700
v -0.1451880 0.1012330 -0.3876770
v -0.1661080 0.1013680 -0.3923810
v -0.1656770 0.1013920 -0.4099020
v -0.1889850 0.1028700 -0.4389400
v -0.2102970 0.1122490 -0.4646020
v -0.2276070 0.1249550 -0.4888150
v -0.2166240 0.1135670 -0.4571600
v -0.2409350 0.1376610 -0.5094940
v -0.2420670 0.1357900 -0.4989570
v -0.2514250 0.1493460 -0.5229020
v -0.2576850 0.1570320 -0.5263220
v -0.1981570 0.0929596 -0.3736630
v -0.2034600 0.0930712 -0.3679440
v -0.2252610 0.1020890 -0.3965980
v -0.2101170 0.0978390 -0.3730570
v -0.2412860 0.1144970 -0.4282670
v -0.2417720 0.1172210 -0.4256360
v -0.2409990 0.1170000 -0.4425960
v -0.2527340 0.1295470 -0.4598070
v -0.2588300 0.1437100 -0.4885260
v -0.2594310 0.1450940 -0.4859290
v -0.2582620 0.1462210 -0.4983930
v -0.2609470 0.1544570 -0.5110650
v -0.2603160 0.1587070 -0.5231120
v -0.2615260 0.1602190 -0.5205530
v -0.2582000 0.1527830 -0.5148090
v -0.2525350 0.1410920 -0.4961640
v -0.2417960 0.1265550 -0.4726670
v -0.2274570 0.1127220 -0.4451400
v -0.2089690 0.1021790 -0.4150100
v -0.1859990 0.0967467 -0.3859940
v -0.0775867 -0.0134624 -0.4294280
v -0.1043490 -0.0055319 -0.4082760
v -0.1263830 -0.0000014 -0.3801560
v -0.1082650 -0.0546422 -0.3920350
v -0.1433830 -0.0144882 -0.3498080
v -0.1540550 -0.0462945 -0.3226530
v -0.1471080 -0.0662028 -0.3331500
v -0.1619780 -0.0482399 -0.3126040
v -0.1589470 -0.0847983 -0.2977110
v -0.1588850 -0.1264220 -0.2711720
v -0.1567690 -0.1305120 -0.2786690
v -0.1635070 -0.1348410 -0.2596190
v -0.1115290 -0.1155840 -0.3813990
v -0.1337130 -0.1148590 -0.3530080
v -0.1119100 -0.1883660 -0.3755230
v -0.1471990 -0.1284200 -0.3245530
v -0.1531460 -0.1480970 -0.2948330
v -0.1444370 -0.1926980 -0.3181000
v -0.1540390 -0.1738630 -0.2609980
v -0.1520970 -0.2201510 -0.2401440
v -0.0818272 -0.2512640 -0.3926460
v -0.1096280 -0.2651100 -0.3684490
v -0.1286740 -0.2631590 -0.3409530
v -0.1410700 -0.2626970 -0.3086740
v -0.1490980 -0.2679220 -0.2683390
v -0.1515820 -0.2788610 -0.2224840
v -0.1473570 -0.3000150 -0.1784050
v -0.1348880 -0.2880370 -0.1412620
v -0.1356690 -0.2478910 -0.1398080
v -0.1378040 -0.2315360 -0.1362630
v -0.1208630 -0.2285620 -0.0957819
v -0.1012240 0.1528520 -0.3612840
v -0.0957181 0.1565270 -0.3739740
v -0.1078920 0.1505870 -0.3721320
v -0.1133750 0.1465350 -0.3672790
v -0.1149870 0.1494070 -0.3793610
v -0.1092280 0.1475440 -0.3594630
v -0.1156870 0.1513130 -0.3923040
v -0.0417854 -0.0125534 -0.4440240
v -0.0411175 -0.0728470 -0.4342670
v -0.1401960 -0.0857497 0.0518172
v -0.1585340 -0.0823957 0.0290813
v -0.1479100 -0.1121980 0.0182594
v -0.1271740 -0.1412860 0.0050510
v -0.1577190 -0.1427340 -0.0125106
v -0.1011550 -0.1580420 -0.0039584
v -0.0762805 -0.1683590 -0.0112508
v -0.1002460 -0.1871350 -0.0336361
v -0.1048480 -0.2116600 -0.0623012
v -0.1263190 -0.2078510 -0.0628592
v -0.1512120 -0.1997140 -0.0644538
v -0.1661590 -0.1685910 -0.0400994
v 0.1451900 0.0980835 -0.3685370
v 0.1590350 0.0914314 -0.3538240
v 0.1620850 0.0776065 -0.3440920
v 0.1567150 -0.1674980 -0.2414700
v 0.1562970 -0.1433990 -0.2690670
v 0.1587190 -0.1289310 -0.2697980
v 0.1579540 -0.0874744 -0.2978280
v 0.0992555 0.0504535 0.3053810
v 0.0816714 0.0653868 0.2763730
v 0.0724499 0.0788397 0.2694050
v 0.0636471 0.0826400 0.2400650
v 0.0517976 0.1010630 0.1992670
v 0.0562658 0.0909372 0.1979710
v 0.0553861 0.0965660 0.1559320
v 0.0586237 0.0840619 0.1879510
v 0.0680029 0.0705372 0.1988870
v 0.0620674 0.0760970 0.1995470
v 0.0607102 0.0843674 0.1583640
v 0.0723936 0.0261842 0.3637660
v 0.0572611 0.0195347 0.3746810
v 0.0394353 0.0148175 0.3847060
v 0.0449473 0.0267501 0.3719810
v 0.0198960 0.0119765 0.3930380
v -0.0006251 0.0111578 0.3962930
v 0.0134266 0.0210656 0.3861520
v -0.0005205 0.0294716 0.3761850
v 0.0228866 0.0316004 0.3707080
v 0.0415516 0.0384146 0.3587810
v 0.0410743 0.0487660 0.3464490
v 0.0676410 0.0391507 0.3533720
v 0.0625476 0.0819836 0.2940650
v 0.0910212 0.0658810 0.3102790
v 0.0724287 0.0808807 0.2828520
v 0.0538197 0.0963002 0.2465170
v 0.0339986 0.1117780 0.2183070
v 0.0444054 0.1088920 0.2036420
v 0.0403982 0.1191850 0.1592490
v 0.0267864 0.1329170 0.1313630
v 0.0375176 0.1287180 0.1192120
v 0.0360907 0.1375310 0.0880805
v 0.0461246 0.1223370 0.1067660
v 0.0251959 0.1492670 0.0732270
v 0.0372763 0.1449480 0.0683981
v 0.1894860 0.0099539 -0.0137730
v 0.1993500 0.0117718 -0.0369156
v 0.1875460 0.0219107 -0.0240632
v 0.1815970 0.0278585 -0.0202071
v 0.1888340 0.0273057 -0.0393818
v 0.1730570 0.0305586 -0.0040381
v 0.1799020 0.0317997 -0.0156094
v 0.1639840 0.0368519 0.0101084
v 0.1637740 0.0329133 0.0102919
v 0.1638790 0.0258200 0.0148125
v 0.1504950 0.0382869 0.0235800
v 0.1317680 0.0501080 0.0356588
v 0.1323340 0.0464246 0.0360018
v 0.1317150 0.0408490 0.0417635
v 0.1135190 0.0562631 0.0468580
v 0.0968950 0.0694636 0.0543498
v 0.0980458 0.0668218 0.0550302
v 0.2096310 -0.0012850 -0.0526726
v 0.2038220 0.0147830 -0.0619690
v 0.1967030 0.0256286 -0.0615464
v 0.2066110 0.0203719 -0.0864510
v 0.1928300 0.0308164 -0.0597339
v 0.1927820 0.0340587 -0.0581712
v 0.1950860 0.0369927 -0.0810826
v 0.2155610 0.0111951 -0.1131020
v 0.2077240 0.0291473 -0.1086930
v 0.1992860 0.0413644 -0.1053810
v 0.2069970 0.0390789 -0.1321060
v 0.1948020 0.0472936 -0.1032440
v 0.1950940 0.0502569 -0.1017350
v 0.1939270 0.0587374 -0.1280190
v 0.0978151 0.0544293 0.3272270
v 0.1032540 0.0507459 0.3206860
v 0.1060570 0.0390789 0.3237580
v 0.1067820 0.0308057 0.3238970
v 0.1411750 -0.1102100 0.2715550
v 0.1330990 -0.1187790 0.2807260
v 0.1389670 -0.1173380 0.2682810
v 0.1361460 -0.1245910 0.2687090
v 0.1303580 -0.1270760 0.2795730
v 0.1321680 -0.1302910 0.2733730
v 0.1294300 -0.1358620 0.2749170
v 0.1266910 -0.1327660 0.2815020
v 0.1227400 -0.1454590 0.2888050
v 0.1147850 -0.1565970 0.3105210
v 0.1137180 -0.1493760 0.3113020
v 0.1043110 -0.1671470 0.3343940
v -0.1763190 0.1372700 -0.0270080
v -0.1712550 0.1517090 -0.0355548
v -0.1799720 0.1490220 -0.0529463
v -0.1601700 0.1668420 -0.0434267
v -0.1924360 0.1332860 -0.0622533
v -0.1870480 0.1456790 -0.0711777
v -0.1915570 0.1440920 -0.0952610
v -0.1779150 0.1586610 -0.0769898
v -0.1982160 0.1311790 -0.1252630
v -0.1907550 0.1458940 -0.1289010
v -0.1870370 0.1460460 -0.1682550
v -0.1810530 0.1578220 -0.1323080
v -0.1927610 0.1273390 -0.2049460
v -0.1846390 0.1398850 -0.2100070
v -0.1703060 0.1520650 -0.2169540
v -0.1984420 0.1124190 -0.1970850
v -0.2008100 0.1158440 -0.1593020
v -0.2013760 0.1140290 -0.1284730
v 0.0477473 0.1355480 0.0682492
v 0.0513790 0.1201600 0.0856621
v 0.0546513 0.1220420 0.0699049
v 0.0578216 0.1191080 0.0663411
v 0.0582455 0.1089880 0.0727513
v 0.0609812 0.1214730 0.0629659
v 0.0609730 0.1095010 0.0685230
v 0.0622444 0.1019610 0.0714464
v 0.0657929 0.0948465 0.0742316
v 0.0608390 0.1014160 0.0746383
v 0.0591600 0.0998030 0.0880778
v 0.0676838 0.1167560 0.0589052
v 0.0648515 0.1336660 0.0549930
v 0.0594175 0.1526790 0.0470866
v 0.0732010 0.1430290 0.0462415
v 0.0885376 0.1342880 0.0420690
v 0.0828086 0.1510790 0.0362967
v 0.0712296 0.1685500 0.0271066
v 0.0933548 0.1573490 0.0242283
v 0.0551717 0.1686510 0.0362063
v 0.0561292 0.1796510 0.0226471
v 0.0396929 0.1870400 0.0193225
v 0.0615686 0.1873930 0.0067572
v 0.0191074 0.1872730 0.0244675
v 0.0210708 0.1943530 0.0108791
v 0.0000561 0.1988340 0.0016465
v 0.0221490 0.1989480 -0.0035358
v -0.0206581 0.1943510 0.0110147
v -0.0215486 0.1988690 -0.0030761
v -0.0418016 0.1960460 -0.0047609
v -0.0219563 0.2008830 -0.0195507
v -0.0538443 0.1885250 0.0086148
v -0.0621079 0.1918340 -0.0075382
v -0.0847025 0.1880570 -0.0137570
v -0.0667266 0.1946960 -0.0267634
v -0.1013930 0.1770120 -0.0035809
v -0.1074950 0.1838500 -0.0185806
v -0.1280510 0.1738660 -0.0153383
v -0.1230920 0.1833720 -0.0294343
v -0.1152060 0.1890590 -0.0430095
v -0.1387770 0.1807010 -0.0396131
v -0.1506910 0.1771560 -0.0527896
v 0.0458269 0.1607530 0.0466933
v 0.0407631 0.1519690 0.0564362
v 0.0307694 0.1643540 0.0489550
v 0.1138280 0.1420860 0.0242869
v 0.1088250 0.1601340 0.0120459
v 0.1016240 0.1768630 -0.0032674
v 0.1236840 0.1643490 -0.0006311
v 0.0847718 0.1870530 -0.0093853
v 0.1074980 0.1838180 -0.0182563
v 0.1229040 0.1834860 -0.0292669
v 0.1279710 0.1739590 -0.0152772
v 0.1152140 0.1890780 -0.0429138
v 0.1385300 0.1808260 -0.0392649
v 0.0673056 0.1927960 -0.0105440
v 0.0448372 0.1973960 -0.0107645
v 0.0621075 0.1961740 -0.0265428
v 0.0220793 0.2010080 -0.0200715
v 0.0000561 0.2019090 -0.0334447
v 0.0212773 0.2004100 -0.0400117
v -0.0213447 0.2003590 -0.0398177
v -0.0427697 0.1978880 -0.0418295
v -0.0240886 0.1981700 -0.0623092
v -0.0660107 0.1952040 -0.0461561
v -0.0886640 0.1929820 -0.0519232
v -0.0613061 0.1945500 -0.0663009
v -0.1078150 0.1911450 -0.0593246
v -0.1236850 0.1886900 -0.0694954
v -0.1036470 0.1909990 -0.0793791
v 0.1442620 0.1570220 -0.0065867
v 0.1593440 0.1538800 -0.0191865
v 0.1535980 0.1407570 -0.0015319
v 0.1570180 0.1674550 -0.0380795
v 0.1710720 0.1507360 -0.0351615
v 0.1812220 0.1473960 -0.0524308
v 0.1793550 0.1363370 -0.0322302
v 0.1768340 0.1589030 -0.0708401
v 0.1895690 0.1438660 -0.0703803
v 0.1950940 0.1394090 -0.0929861
v 0.1953350 0.1315620 -0.0678131
v 0.1893920 0.1477920 -0.1190100
v 0.1982720 0.1314470 -0.1248940
v 0.1996590 0.1201020 -0.1629160
v 0.2014400 0.1142790 -0.1291990
v 0.1932110 0.1264620 -0.2067540
v 0.1990390 0.1103220 -0.2019540
v 0.1952870 0.1039360 -0.2409090
v 0.2021800 0.0963268 -0.1973060
v 0.1827400 0.1137370 -0.2899930
v 0.1877530 0.0994921 -0.2824750
v 0.1804070 0.0970284 -0.3179700
v 0.1914110 0.0830865 -0.2791130
v 0.2021880 0.0873387 -0.1909540
v 0.2042190 0.0922659 -0.1662970
v 0.2037060 0.0891272 -0.1419450
v 0.2022580 0.0955907 -0.1401910
v 0.2026500 0.0806442 -0.1468850
v 0.2032420 0.0847422 -0.1183130
v 0.2038590 0.0785420 -0.0955055
v 0.2015450 0.0893824 -0.0925502
v 0.2027890 0.0645496 -0.0979080
v 0.2038190 0.0717969 -0.0739974
v 0.2017080 0.0672099 -0.0542220
v 0.2006060 0.0826799 -0.0582137
v 0.2002490 0.0499859 -0.0547482
v 0.1974700 0.0649190 -0.0359163
v 0.1912100 0.0638959 -0.0185700
v 0.1914540 0.0798867 -0.0238161
v 0.1897110 0.0467648 -0.0188649
v 0.1832410 0.0600236 -0.0027996
v 0.1747930 0.0509772 0.0077325
v 0.1724400 0.0681428 0.0118704
v 0.1691580 0.0820713 0.0107861
v 0.1569620 0.0723710 0.0256450
v 0.1430790 0.0626095 0.0352576
v 0.1370600 0.0775453 0.0382819
v 0.1350300 0.0867408 0.0351698
v 0.1177110 0.0846332 0.0476288
v 0.1010660 0.0871845 0.0557080
v 0.1046250 0.0926434 0.0500287
v 0.0999340 0.0789911 0.0567684
v 0.0871588 0.0916095 0.0615388
v 0.0780315 0.0920109 0.0651798
v 0.0756819 0.0988382 0.0653125
v 0.0740084 0.1015120 0.0630695
v 0.0678608 0.1013340 0.0682998
v 0.0658707 0.1024870 0.0665643
v 0.1505190 0.1772090 -0.0522341
v 0.1426120 0.1832520 -0.0648286
v 0.1603980 0.1729090 -0.0668351
v 0.1233710 0.1888490 -0.0695140
v 0.1346360 0.1863030 -0.0816779
v 0.1254170 0.1880090 -0.1008020
v 0.1434250 0.1836750 -0.0957846
v 0.1058510 0.1902310 -0.1004670
v 0.1150080 0.1889740 -0.1246680
v 0.1067390 0.1883870 -0.1606230
v 0.1296440 0.1845810 -0.1556020
v 0.0853325 0.1880710 -0.1716170
v 0.0983086 0.1858040 -0.2008540
v 0.0831142 0.1832310 -0.2287670
v 0.1019800 0.1805680 -0.2401120
v 0.0680673 0.1864790 -0.2006360
v 0.0610214 0.1837570 -0.2384010
v 0.0390144 0.1856260 -0.2470010
v 0.0553325 0.1813440 -0.2726230
v 0.0186515 0.1887300 -0.2368650
v 0.0248177 0.1853760 -0.2711210
v 0.0206175 0.1830450 -0.3050590
v 0.0404681 0.1812830 -0.2953300
v 0.0000481 0.1833910 -0.3168030
v 0.0235330 0.1787610 -0.3404640
v 0.0287900 0.1713830 -0.3750340
v 0.0503518 0.1699560 -0.3643320
v -0.0009819 0.1703920 -0.3855000
v 0.0229885 0.1588260 -0.4053260
v -0.0346454 0.1587490 -0.4050870
v -0.0294582 0.1714500 -0.3748880
v -0.0234368 0.1787610 -0.3404610
v -0.0504059 0.1700250 -0.3641860
v -0.0205186 0.1830450 -0.3050590
v -0.0247189 0.1853760 -0.2711210
v -0.0403691 0.1812830 -0.2953270
v -0.0185499 0.1887300 -0.2368620
v -0.0389127 0.1856260 -0.2469980
v -0.0606893 0.1835420 -0.2392380
v -0.0550325 0.1813070 -0.2728350
v -0.0683924 0.1862020 -0.2005990
v -0.0826615 0.1801850 -0.2402530
v -0.1014390 0.1771960 -0.2413370
v -0.0955464 0.1723060 -0.2789290
v -0.1098560 0.1833290 -0.2017550
v -0.1219070 0.1731480 -0.2388100
v -0.1288640 0.1835080 -0.1677740
v -0.1089030 0.1868270 -0.1606540
v -0.0874330 0.1879510 -0.1598230
v -0.1093460 0.1886100 -0.1254120
v -0.0626982 0.1898110 -0.1590760
v -0.0377808 0.1918710 -0.1480470
v -0.0612793 0.1918740 -0.1207820
v -0.0175871 0.1924320 -0.1620630
v -0.0172062 0.1943290 -0.1228500
v 0.0000535 0.1964470 -0.0998268
v -0.0173591 0.1966260 -0.0894515
v 0.0173131 0.1943290 -0.1228520
v 0.0174687 0.1966260 -0.0894515
v 0.0372790 0.1955490 -0.0811118
v 0.0241982 0.1981700 -0.0623092
v 0.0596455 0.1934100 -0.0905171
v 0.0614158 0.1945500 -0.0663036
v 0.0886689 0.1930010 -0.0518248
v 0.0657796 0.1953050 -0.0460338
v 0.1079270 0.1911450 -0.0593326
v 0.1035760 0.1910520 -0.0792940
v 0.0840986 0.1917990 -0.0953620
v 0.0615255 0.1918740 -0.1209710
v 0.0378852 0.1918710 -0.1480490
v 0.0628238 0.1898220 -0.1599400
v 0.0176913 0.1924320 -0.1620630
v 0.0000535 0.1926760 -0.1736210
v 0.0131370 0.1912970 -0.2005350
v -0.0130354 0.1912970 -0.2005350
v 0.0000508 0.1903510 -0.2269730
v 0.0424664 0.1980210 -0.0419996
v -0.0371693 0.1955490 -0.0811092
v -0.0595359 0.1934100 -0.0905145
v -0.0838550 0.1917990 -0.0951733
v -0.1056150 0.1900830 -0.1005980
v -0.1268930 0.1868350 -0.1058730
v -0.1423660 0.1824980 -0.0961859
v -0.1487250 0.1797260 -0.1158150
v -0.1391660 0.1842910 -0.0799238
v -0.1570750 0.1764600 -0.0893132
v -0.1688120 0.1685960 -0.0831874
v -0.1724970 0.1667220 -0.1045410
v -0.1605540 0.1727870 -0.0672549
v -0.1428270 0.1830720 -0.0645867
v -0.1675240 0.1691620 -0.1285000
v -0.1517670 0.1762840 -0.1467550
v -0.1502300 0.1717630 -0.1869860
v -0.1472260 0.1642560 -0.2290320
v -0.1375680 0.1572900 -0.2723570
v -0.1189080 0.1547120 -0.3151320
v -0.1035370 0.1541250 -0.3453350
v -0.1002460 0.1634080 -0.3162660
v -0.0828090 0.1703630 -0.3129760
v -0.0661741 0.1698580 -0.3425900
v -0.0619873 0.1763610 -0.3072600
v -0.0757923 0.1623930 -0.3738600
v -0.0916440 0.1563490 -0.3917720
v -0.1072540 0.1523730 -0.3967310
v 0.0622875 0.1763960 -0.3070520
v 0.0662704 0.1698580 -0.3425930
v 0.0833850 0.1704350 -0.3127690
v 0.0757382 0.1623240 -0.3740030
v 0.0915899 0.1562800 -0.3919180
v 0.0958115 0.1565270 -0.3739790
v 0.1214660 0.1721700 -0.2497670
v 0.1012240 0.1723990 -0.2795490
v 0.1007410 0.1633470 -0.3166360
v 0.1691230 0.1683800 -0.0827329
v 0.1600010 0.1756890 -0.0938764
v 0.1759330 0.1631610 -0.1037680
v 0.1543390 0.1781360 -0.1141570
v 0.1522300 0.1763420 -0.1459950
v 0.1690660 0.1668840 -0.1386090
v 0.1497200 0.1723750 -0.1855640
v 0.1470160 0.1646490 -0.2283730
v 0.1702360 0.1553310 -0.2046010
v 0.1378570 0.1572260 -0.2727850
v 0.1191250 0.1546140 -0.3154960
v 0.1421830 0.1455730 -0.3077250
v 0.1036300 0.1541250 -0.3453410
v 0.1013210 0.1528520 -0.3612890
v 0.1093240 0.1475440 -0.3594690
v 0.1805780 0.1570080 -0.1335520
v 0.1808760 0.1528360 -0.1700840
v 0.1844270 0.1405920 -0.2095440
v 0.1815730 0.1319790 -0.2530790
v 0.1622620 0.1372970 -0.2996960
v 0.1746420 0.1269900 -0.2952840
v 0.1680950 0.1242450 -0.3277070
v 0.1537060 0.1342300 -0.3459970
v 0.1665400 0.1231790 -0.3432760
v 0.1724810 0.1252760 -0.3533350
v 0.1748600 0.1094710 -0.3391720
v -0.0212214 0.0124097 0.3920700
v -0.0387814 0.0173740 0.3831060
v -0.0200358 0.0219585 0.3836000
v -0.0568403 0.0196146 0.3747420
v -0.0449261 0.0270346 0.3716970
v -0.0722627 0.0261842 0.3637690
v -0.0843055 0.0350074 0.3516950
v -0.0675098 0.0391507 0.3533750
v -0.0936045 0.0447874 0.3391990
v -0.0976840 0.0544293 0.3272290
v -0.0795446 0.0578018 0.3312240
v -0.1031240 0.0507459 0.3206920
v -0.0232169 0.0317864 0.3703680
v -0.0414181 0.0384146 0.3587830
v -0.0409432 0.0487660 0.3464520
v -0.0438748 0.0581712 0.3355580
v 0.0000669 0.0549716 0.3409750
v -0.0449341 0.0673347 0.3249540
v -0.0391891 0.0787891 0.3084240
v 0.0000642 0.0739416 0.3186430
v 0.0440059 0.0581712 0.3355560
v 0.0450653 0.0673347 0.3249540
v 0.0796758 0.0578018 0.3312210
v 0.0393174 0.0787891 0.3084240
v 0.0273793 0.0934486 0.2812950
v 0.0000642 0.1009540 0.2687110
v 0.0193783 0.1080470 0.2450740
v 0.0164199 0.1203330 0.2018750
v 0.0000615 0.1254380 0.1861310
v 0.0144727 0.1306950 0.1577820
v 0.0129626 0.1396830 0.1188110
v 0.0000588 0.1432840 0.1072470
v 0.0125764 0.1475500 0.0881390
v 0.0133810 0.1543880 0.0687064
v 0.0000588 0.1567690 0.0656316
v 0.0149742 0.1611730 0.0573052
v 0.0168839 0.1695280 0.0475517
v 0.0000588 0.1725340 0.0453858
v 0.0132899 0.1789200 0.0369132
v 0.0000588 0.1856280 0.0284009
v -0.0131749 0.1789200 0.0369132
v -0.0189925 0.1872730 0.0244675
v -0.0388590 0.1870930 0.0195802
v -0.0554697 0.1798050 0.0226817
v -0.0167690 0.1695310 0.0475517
v -0.0147547 0.1612550 0.0572732
v -0.0132152 0.1545740 0.0684938
v -0.0125956 0.1476990 0.0877323
v -0.0258078 0.1514490 0.0693628
v -0.0129255 0.1397290 0.1185850
v -0.0143497 0.1306950 0.1577820
v -0.0162969 0.1203330 0.2018750
v -0.0192527 0.1080470 0.2450770
v -0.0272508 0.0934486 0.2812950
v -0.0373062 0.1544780 0.0568641
v -0.0452294 0.1608880 0.0469058
v -0.0303756 0.1645690 0.0489469
v -0.0567169 0.1501440 0.0496433
v -0.0548715 0.1682790 0.0365226
v -0.0709297 0.1684180 0.0272076
v -0.0825219 0.1503430 0.0367219
v -0.0931030 0.1572980 0.0242019
v -0.1137310 0.1418840 0.0242098
v -0.1085900 0.1602320 0.0119608
v -0.1235720 0.1643490 -0.0006230
v -0.0853140 0.1328590 0.0437699
v -0.0743976 0.1375760 0.0479955
v -0.0658337 0.1291640 0.0559658
v -0.0708975 0.1213940 0.0549532
v -0.0617593 0.1322850 0.0568188
v -0.0624540 0.1130060 0.0657166
v -0.0613678 0.1039700 0.0709043
v -0.0585621 0.1099760 0.0710106
v -0.0605872 0.1012990 0.0744921
v -0.0576692 0.1276260 0.0620836
v -0.0544157 0.1224190 0.0699236
v -0.0513820 0.1197110 0.0861617
v -0.0531496 0.1080390 0.1166020
v 0.1786310 0.0967919 -0.3352420
v 0.1861520 0.0966563 -0.3464250
v 0.1794010 0.0880828 -0.3333340
v 0.2034170 0.1037740 -0.3677760
v 0.2043560 0.1160780 -0.3743810
v 0.2238600 0.1111510 -0.3936560
v 0.2399880 0.1231290 -0.4228690
v 0.2348940 0.1330310 -0.4223400
v 0.2513790 0.1375390 -0.4541200
v 0.2580550 0.1502450 -0.4836490
v 0.2540800 0.1565010 -0.4835270
v 0.2607150 0.1588980 -0.5072590
v 0.2598010 0.1629960 -0.5202890
v 0.2415110 0.1656160 -0.4812380
v 0.2382230 0.1582360 -0.4564930
v 0.2515000 0.1572770 -0.5311250
v 0.2531140 0.1521260 -0.5321130
v 0.2440080 0.1467290 -0.5296870
v 0.2318660 0.1426760 -0.5235240
v 0.2287040 0.1301450 -0.5219480
v 0.2282190 0.1146190 -0.5185250
v 0.2095430 0.1108290 -0.5082030
v 0.1893840 0.1179520 -0.4914170
v 0.1892760 0.0952558 -0.4880150
v 0.1921030 0.0772716 -0.4792370
v 0.1702170 0.0843329 -0.4659410
v 0.1493530 0.1029070 -0.4503220
v 0.1506000 0.0784703 -0.4462960
v 0.1460000 0.0632765 -0.4340600
v 0.1319480 0.0764876 -0.4313200
v 0.1213030 0.0760386 -0.4248810
v 0.1126420 0.0780530 -0.4257740
v 0.0958222 0.1038770 -0.4325030
v 0.0979600 0.0794641 -0.4320910
v 0.1382540 0.0781645 -0.4048370
v 0.1570610 0.0651476 -0.4315250
v 0.1597590 0.0795412 -0.4240910
v 0.1846500 0.0836606 -0.4499180
v 0.2041430 0.0818693 -0.4819110
v 0.2054740 0.0940226 -0.4763880
v 0.2233480 0.1108430 -0.4987970
v 0.2375870 0.1227810 -0.5184610
v 0.2389180 0.1305760 -0.5149130
v 0.2502260 0.1463380 -0.5254670
v 0.2548550 0.1521770 -0.5311330
v 0.1270990 -0.2078830 -0.0633137
v 0.1515440 -0.1997880 -0.0646399
v 0.1447210 -0.2195210 -0.0969114
v 0.1755280 -0.1848390 -0.0679088
v -0.0389505 0.0790922 -0.4498150
v -0.0415145 0.0385076 -0.4491210
v 0.0003109 0.0041843 -0.4508010
v 0.0397250 0.0787201 -0.4498330
v 0.0756149 0.0685600 -0.4414030
v 0.0418681 0.0384198 -0.4488980
v 0.0434856 -0.0130930 -0.4432720
v 0.0813065 -0.0241114 -0.4222310
v 0.0542489 -0.0721612 -0.4311530
v 0.0810357 -0.1326120 -0.4089300
v 0.1343970 -0.2867590 -0.1398110
v 0.1473870 -0.3001750 -0.1780430
v 0.1516400 -0.2783080 -0.2217350
v 0.1520750 -0.2200080 -0.2395830
v 0.1493870 -0.2665110 -0.2675070
v 0.1411720 -0.2603530 -0.3088010
v 0.1414160 -0.1812040 -0.3266120
v 0.1284640 -0.2411590 -0.3445510
v 0.1094050 -0.1929260 -0.3781600
v 0.1069160 -0.2681690 -0.3701740
v 0.1105710 -0.1218830 -0.3836660
v 0.0785654 -0.2749410 -0.3916900
v 0.0248338 -0.2725830 -0.0341384
v -0.0004454 -0.2544480 -0.0305825
v -0.0250434 -0.2715550 -0.0339682
v -0.0223344 -0.2228460 -0.0289426
v -0.0378345 -0.2016110 -0.0263755
v -0.0507920 -0.1946670 -0.0265348
v 0.0479057 -0.1891690 0.3979830
v 0.0521999 -0.1962060 0.3963010
v 0.0707469 -0.1894740 0.3787980
v 0.0883229 -0.1777270 0.3581350
v 0.0910695 -0.1676040 0.3525030
v -0.0144302 -0.2214000 0.3136520
v -0.0176487 -0.2182990 0.3053570
v -0.0200868 -0.2148220 0.2968000
v -0.0373546 -0.2103600 0.3069760
v -0.0211919 -0.2112770 0.2883700
v -0.0234288 -0.2065810 0.2799210
v -0.0393473 -0.2015660 0.2864030
v -0.0138159 -0.2060970 0.2718840
v -0.0319258 -0.1986910 0.2738300
v -0.0484129 -0.1917760 0.2800670
v -0.0561565 -0.1920840 0.2906980
v -0.0719890 -0.1820750 0.2933150
v -0.0561001 -0.1973190 0.3035070
v -0.0883610 -0.1741160 0.2939400
v -0.1024400 -0.1689490 0.2962230
v -0.0878324 -0.1823170 0.3166020
v -0.1141820 -0.1550820 0.2770850
v -0.1107250 -0.1659670 0.3019770
v -0.1144800 -0.1624830 0.3075680
v -0.1029040 -0.1767310 0.3258690
v -0.0891817 -0.1875340 0.3500080
v -0.0877200 -0.1875290 0.3376420
v -0.0722707 -0.1934920 0.3374050
v -0.0570816 -0.2017420 0.3552780
v -0.0570683 -0.1989590 0.3321570
v -0.0497861 -0.2077290 0.3802440
v -0.0420240 -0.2080350 0.3683830
v -0.0273797 -0.2127040 0.3731980
v -0.0345383 -0.2091460 0.3542200
v -0.0160234 -0.2178360 0.3837760
v -0.0130354 -0.2171660 0.3664350
v -0.0177453 -0.2198930 0.3994980
v -0.0355118 -0.2136980 0.3990730
v -0.0180082 -0.2198030 0.4096950
v -0.0537720 -0.2058400 0.3883330
v -0.0722306 -0.1965880 0.3731240
v -0.0584710 -0.1998870 0.3897000
v -0.0901392 -0.1837040 0.3553950
v -0.0175146 -0.2170260 0.4152450
v 0.2053320 -0.0172069 -0.0298649
v 0.2138230 -0.0207708 -0.0606322
v 0.2182330 -0.0281802 -0.0931482
v 0.2152480 -0.0450137 -0.0643449
v 0.2198450 -0.0136429 -0.1184170
v 0.2210330 -0.0437538 -0.1221300
v 0.2209550 -0.0627319 -0.1448550
v 0.2196030 -0.0751165 -0.1240910
v 0.2214350 -0.0528298 -0.1648480
v 0.2178010 -0.0799719 -0.1658340
v 0.2116510 -0.0847956 -0.1957860
v 0.2116000 -0.1073690 -0.1766190
v 0.2115300 -0.0543446 -0.2151920
v 0.2037870 -0.0698783 -0.2348340
v 0.1949920 -0.0371869 -0.2729130
v 0.1961480 -0.0867516 -0.2490980
v 0.1945390 0.0062466 -0.2814670
v 0.1838240 0.0061085 -0.3045040
v 0.1956920 -0.1272700 -0.2221840
v 0.1952840 -0.1558790 -0.1956160
v 0.2040660 -0.1336450 -0.1874350
v 0.1945580 -0.1749290 -0.1671420
v 0.1906440 -0.1868560 -0.1343200
v 0.2023680 -0.1642160 -0.1329040
v 0.2060880 -0.1493040 -0.1020250
v 0.2101840 -0.1371750 -0.1303360
v 0.2159290 -0.1065670 -0.1271020
v 0.2113000 -0.1239400 -0.1555860
v 0.2174120 -0.0905546 -0.1026940
v 0.2207490 -0.0011469 -0.1414240
v 0.2205420 0.0113041 -0.1651700
v 0.2226100 -0.0093988 -0.1700680
v 0.2152930 0.0301413 -0.1614650
v 0.2191310 0.0226575 -0.1896070
v 0.2149280 0.0391320 -0.2126700
v 0.2189970 0.0176265 -0.2104610
v 0.2079250 0.0606110 -0.2088590
v 0.2052650 0.0624368 -0.2395990
v 0.1952900 0.0666385 -0.2800720
v 0.1984090 0.0511232 -0.2760540
v 0.1999140 0.0356399 -0.2688380
v 0.2135820 0.0174352 -0.2316100
v 0.1977410 0.0259290 -0.2729520
v 0.2085450 -0.0185223 -0.2376330
v 0.2185710 -0.0418563 -0.1937180
v 0.2223690 -0.0280739 -0.1781360
v 0.2213680 -0.0051972 -0.1974520
v 0.2060510 0.0478119 -0.1584940
v 0.1974920 0.0620595 -0.1561950
v 0.2039930 0.0600555 -0.1837890
v 0.1939250 0.0682730 -0.1548180
v 0.1947720 0.0705797 -0.1531020
v 0.1952230 0.0758605 -0.1798160
v 0.1983070 0.0820474 -0.1957190
v 0.2000860 0.0750870 -0.1993280
v 0.1743770 -0.2053530 -0.1346230
v 0.1836280 -0.1908000 -0.0994548
v 0.1952120 -0.1658400 -0.0788688
v 0.2053160 -0.1375020 -0.0758471
v 0.2023300 -0.1250610 -0.0539961
v 0.2124100 -0.1094210 -0.0807557
v 0.1993830 -0.1071490 -0.0355415
v 0.2014510 -0.0851810 -0.0277387
v 0.2097790 -0.0863768 -0.0523829
v 0.1954510 -0.0706649 -0.0125025
v 0.2089040 -0.0633193 -0.0387014
v 0.2148910 -0.0669443 -0.0639303
v 0.2157440 -0.0840062 -0.0792435
v 0.1079860 0.1505870 -0.3721380
v 0.1150800 0.1494070 -0.3793660
v 0.1134710 0.1465350 -0.3672850
v 0.1234190 0.1517520 -0.3906880
v 0.1211500 0.1441690 -0.3612010
v 0.1299930 0.0608342 -0.3875280
v 0.1422820 0.0442188 -0.3623790
v 0.1364430 0.0286477 -0.3715560
v 0.1275330 0.0156678 -0.3823140
v 0.1446240 -0.0106983 -0.3491840
v 0.1103970 0.0377368 -0.4121140
v 0.1098630 0.0026428 -0.4008190
v 0.1111020 -0.0538954 -0.3888300
v 0.1325090 -0.1088310 -0.3535480
v 0.1463680 -0.1126240 -0.3221000
v 0.1536010 -0.1275990 -0.2940270
v 0.1513320 -0.0767270 -0.3172680
v 0.1523920 -0.0489150 -0.3245630
v 0.1009180 0.0563003 -0.4265360
v 0.1690260 0.1414480 -0.3702270
v 0.1882300 0.1304930 -0.3712290
v 0.2114710 0.1330790 -0.3948580
v 0.2249250 0.1481240 -0.4254150
v 0.2112830 0.1621300 -0.4329090
v 0.1340350 0.1498670 -0.4118080
v 0.1406280 0.1307030 -0.4334410
v 0.1593920 0.1352260 -0.4520470
v 0.1845210 0.1627810 -0.4592120
v 0.1812890 0.1405340 -0.4745650
v 0.2043610 0.1456680 -0.4971520
v 0.2267650 0.1650420 -0.5067650
v 0.2257320 0.1505820 -0.5151070
v 0.2426380 0.1562220 -0.5262190
v 0.2519310 0.1642850 -0.5269730
v 0.1430150 0.1562620 -0.3993170
v 0.1760480 0.1617500 -0.4146830
v 0.1570450 0.1515950 -0.3851550
v 0.1958530 0.1690660 -0.4447620
v 0.2161970 0.1715880 -0.4718250
v 0.2359190 0.1696450 -0.4955970
v 0.2362060 0.1701820 -0.5057440
v 0.2510920 0.1665470 -0.5132890
v 0.2556540 0.1655310 -0.5231840
v 0.2455260 0.1684570 -0.5176290
v 0.1424540 0.1435610 -0.3647150
v 0.1367120 0.1408290 -0.3544380
v 0.1433180 0.1402310 -0.3370120
v 0.0708835 0.0918832 0.0670162
v 0.0740753 0.0904216 0.0659664
v 0.0850481 0.0818800 0.0611588
v 0.0979036 0.0730114 0.0554449
v 0.1140660 0.0643024 0.0479344
v 0.1343490 0.0554552 0.0372375
v 0.1538160 0.0476684 0.0242895
v 0.1678000 0.0423399 0.0107250
v 0.1776950 0.0386777 -0.0037537
v 0.1855940 0.0366870 -0.0196489
v 0.1918350 0.0368917 -0.0371972
v 0.1962800 0.0393527 -0.0563534
v 0.1986050 0.0452340 -0.0770935
v 0.1988460 0.0550433 -0.0999571
v 0.1984090 0.0656897 -0.1249120
v 0.1987360 0.0742101 -0.1506060
v 0.2002090 0.0809683 -0.1747190
v 0.1205650 -0.1281790 0.2839790
v 0.1221210 -0.1260420 0.2836760
v 0.1262410 -0.1234140 0.2839420
v 0.1237140 -0.1200090 0.2853800
v 0.1230300 -0.1186510 0.2873490
v -0.0005715 -0.1871540 0.4673630
v 0.0144459 -0.1896710 0.4624970
v 0.0208803 -0.1830370 0.4617580
v 0.0423965 -0.1743360 0.4483560
v 0.0601308 -0.1690640 0.4284130
v 0.0636792 -0.1650900 0.4310600
v 0.0855712 -0.1538490 0.4103010
v 0.1078780 -0.1374220 0.3864520
v 0.1040890 -0.1443870 0.3831640
v 0.1169470 -0.1351040 0.3527480
v 0.0974986 -0.1488440 0.3786280
v 0.1308160 -0.1213620 0.3273330
v 0.1218390 -0.1280540 0.3229270
v 0.1196080 -0.1227470 0.2995020
v 0.1119100 -0.1306800 0.3184430
v 0.1224020 -0.1192280 0.2906130
v 0.1329570 -0.1147820 0.2933530
v 0.0986251 -0.1410280 0.3431170
v 0.0798716 -0.1515260 0.3681520
v 0.0896291 -0.1508910 0.3733760
v 0.0595060 -0.1616570 0.3914910
v 0.0425118 -0.1705440 0.4103570
v 0.0498556 -0.1712530 0.4178860
v 0.0282616 -0.1785090 0.4247640
v 0.0137217 -0.1859370 0.4351080
v 0.0217333 -0.1869410 0.4444860
v 0.0758403 -0.1607320 0.4027320
v 0.0554882 -0.1708490 0.4237780
v 0.0368365 -0.1806110 0.4397480
v 0.0194829 -0.1897110 0.4552390
v 0.1276000 -0.1170330 0.3607690
v 0.1419020 -0.0964147 0.3350350
v 0.1384980 -0.1104820 0.3313830
v 0.1504150 -0.0795547 0.3110070
v 0.1448950 -0.2255780 -0.1372650
v 0.1574800 -0.2181290 -0.1357390
v 0.0937357 0.0447874 0.3391940
v 0.0844393 0.0350074 0.3516930
v 0.0738420 0.0884523 0.0660753
v 0.0855924 0.0769712 0.0612624
v 0.0779993 0.0832486 0.0664235
v 0.0997517 0.0624553 0.0580414
v 0.1138570 0.0437882 0.0600851
v 0.1006290 0.0569700 0.0643585
v 0.1281610 0.0315632 0.0539195
v 0.1242640 0.0261975 0.0741917
v 0.1298350 0.0160480 0.1044780
v 0.1181860 0.0311405 0.1072870
v 0.1387150 0.0013460 0.1022220
v 0.1332730 0.0107088 0.1432550
v 0.1368460 0.0054148 0.1828910
v 0.1257010 0.0206988 0.1858840
v 0.1447530 -0.0092925 0.1805130
v 0.1409900 -0.0032703 0.2239780
v 0.1449620 -0.0182567 0.2670050
v 0.1373660 -0.0039055 0.2682670
v 0.1506160 -0.0338542 0.2651820
v 0.1275170 0.0105440 0.2700900
v 0.1156060 0.0261842 0.2716290
v 0.1181780 0.0277628 0.2295860
v 0.1154180 0.0214350 0.3035230
v 0.1031500 0.0389221 0.2726630
v 0.1116390 0.0193647 0.3221270
v 0.1081040 0.0256633 0.3227590
v 0.1115370 0.0373461 0.1897130
v 0.0957632 0.0522447 0.1933600
v 0.1079670 0.0424381 0.1494160
v 0.0879798 0.0538207 0.2357810
v 0.0800324 0.0628965 0.1963730
v 0.0777713 0.0694503 0.1556080
v 0.1045450 0.0475515 0.1101550
v 0.0899860 0.0630959 0.1129720
v 0.0982523 0.0566511 0.0803734
v 0.0758804 0.0760492 0.1158370
v 0.0652029 0.0860578 0.1182530
v 0.0717204 0.0849070 0.0862972
v 0.0599620 0.0922526 0.1187230
v 0.0571458 0.0981393 0.1177100
v 0.0532109 0.1083070 0.1159560
v 0.0754190 0.0843304 0.0716829
v 0.0876042 0.0709863 0.0681217
v 0.1445970 0.0207573 0.0422498
v 0.1598720 0.0124655 0.0263971
v 0.1516590 -0.0004744 0.0437326
v 0.1745380 0.0090319 0.0078760
v 0.1898020 -0.0074721 -0.0058267
v 0.1893220 -0.0271544 -0.0022202
v 0.1867770 -0.0500524 0.0016812
v 0.1714910 -0.0330012 0.0216107
v 0.1768260 -0.0714863 0.0126225
v 0.1593810 -0.0578419 0.0371445
v 0.1492940 -0.0418484 0.0638403
v 0.1580960 -0.0378806 0.0409421
v 0.1560630 -0.0195696 0.0426350
v 0.1451280 -0.0083729 0.0674441
v 0.1392460 -0.1102100 0.3070470
v 0.1429580 -0.1045790 0.2934830
v 0.1509080 -0.0896617 0.2913350
v 0.1455600 -0.1016740 0.2791500
v 0.1483200 -0.0977967 0.2584210
v 0.1515650 -0.0823134 0.2385210
v 0.1459440 -0.0975575 0.2359290
v 0.1360840 -0.1080920 0.2220460
v 0.1288690 -0.1084080 0.1967770
v 0.1305700 -0.0978551 0.1628340
v 0.1438030 -0.0759909 0.1684660
v 0.1302310 -0.0927791 0.1231480
v 0.1516240 -0.0669497 0.2090000
v 0.1502620 -0.0570313 0.1728450
v 0.1515790 -0.0403441 0.1757020
v 0.1482150 -0.0513068 0.1343870
v 0.1522600 -0.0337267 0.2189710
v 0.1496640 -0.0245074 0.1781790
v 0.1468230 -0.0189396 0.1388200
v 0.1541670 -0.0669203 0.2471710
v 0.1538210 -0.0501083 0.2582080
v 0.1539230 -0.0707660 0.2831850
v 0.1317200 -0.0890770 0.0848967
v 0.1423680 -0.0656447 0.0924628
v 0.1466970 -0.0461936 0.0964201
v 0.1470540 -0.0295436 0.0984877
v 0.1444070 -0.0138370 0.1003850
v 0.1133310 -0.1325740 0.2927440
v 0.1082350 -0.1420510 0.3108320
v 0.0989496 -0.1544070 0.3347770
v 0.0788899 -0.1628290 0.3586900
v 0.0582561 -0.1726270 0.3808600
v 0.0412271 -0.1809400 0.3975000
v 0.0269259 -0.1882010 0.4090580
v 0.0129117 -0.1945610 0.4165920
v 0.0000669 -0.1943830 0.4181790
v 0.1189530 -0.1304400 0.2857230
v 0.1317850 -0.2484230 -0.1270700
v 0.1385490 -0.2316690 -0.1376420
v 0.1490920 -0.2195130 -0.1788750
v 0.1541940 -0.1973860 -0.2125070
v 0.1525200 -0.2023160 -0.2194520
v 0.1540030 -0.1737990 -0.2597390
v 0.1290140 0.0753821 -0.3953710
v 0.1337240 0.0924520 -0.3871530
v 0.2196620 0.0947562 -0.5060820
v 0.2020060 0.0766418 -0.4842680
v 0.1805540 0.0648685 -0.4590950
v 0.1543010 0.0593380 -0.4353460
v 0.2484130 0.1401030 -0.5287700
v 0.2357470 0.1182970 -0.5206880
v 0.1407320 0.0872111 -0.3677760
v 0.1374490 0.0989871 -0.3779020
v 0.1584720 0.0147058 -0.3361530
v 0.1474510 0.0562684 -0.3551290
v 0.1530430 0.0662504 -0.3500740
v 0.1693720 0.0420448 -0.3290230
v 0.1734410 -0.0013461 -0.3165450
v -0.1019780 0.0397726 0.2718470
v -0.1150000 0.0266865 0.2717490
v -0.1271050 0.0105519 0.2711770
v -0.1135280 0.0328920 0.2309330
v -0.1375170 -0.0096646 0.2820370
v -0.1428090 -0.0191736 0.2689770
v -0.0127753 -0.1945610 0.4165920
v -0.0152294 -0.2043990 0.4187070
v -0.0267894 -0.1882010 0.4090580
v -0.0166268 -0.2118140 0.4181120
v -0.0340527 -0.2043940 0.4093610
v -0.0410933 -0.1809400 0.3975020
v -0.0476324 -0.1891820 0.3981060
v -0.0579828 -0.1726380 0.3809820
v -0.0517496 -0.1961980 0.3965300
v -0.0702296 -0.1873960 0.3794920
v -0.0854509 -0.1708310 0.3598150
v -0.0889162 -0.1778730 0.3584380
v 0.0682525 0.1266480 -0.4302010
v 0.0341060 0.1368580 -0.4270950
v 0.0375875 0.1101410 -0.4429950
v -0.0015397 0.1388990 -0.4279400
v -0.0368153 0.1382160 -0.4278230
v -0.0274788 0.1118900 -0.4431570
v 0.0009037 0.0897333 -0.4504390
v -0.0426464 -0.2783850 -0.4023710
v -0.0002094 -0.2991040 -0.4020520
v 0.0411306 -0.2800960 -0.4026340
v -0.2601850 0.1626820 -0.5200480
v -0.2614880 0.1569900 -0.5078280
v -0.2586850 0.1479190 -0.4840050
v -0.2534740 0.1522190 -0.4754420
v -0.2516990 0.1356380 -0.4539420
v -0.2397600 0.1220150 -0.4222550
v -0.2230340 0.1097820 -0.3912670
v -0.2489950 0.1637990 -0.4863760
v -0.2000750 0.0808514 -0.1752550
v -0.1985140 0.0738220 -0.1505480
v -0.1968620 0.0634360 -0.1250080
v -0.1987850 0.0542141 -0.1004860
v -0.1986480 0.0448937 -0.0773539
v -0.1963040 0.0393712 -0.0559255
v -0.1933080 0.0387892 -0.0367057
v -0.1859750 0.0369740 -0.0204249
v -0.1820030 0.0315313 -0.0208582
v -0.1777890 0.0387228 -0.0041737
v -0.1674200 0.0423983 0.0109748
v -0.1528610 0.0479367 0.0249938
v -0.1334080 0.0555217 0.0377504
v -0.1136430 0.0643077 0.0481257
v -0.0974910 0.0733543 0.0556336
v -0.0844665 0.0822094 0.0614005
v -0.0738855 0.0902514 0.0660195
v -0.1235270 -0.1200650 0.2852920
v -0.1261120 -0.1234140 0.2839500
v -0.1329090 -0.1188370 0.2806390
v -0.1219840 -0.1261560 0.2837160
v -0.1301970 -0.1272990 0.2795890
v -0.0109675 -0.2202310 0.3505370
v -0.0098088 -0.2236960 0.3358290
v -0.0191937 -0.2187210 0.3432180
v -0.0108441 -0.2237840 0.3231340
v -0.0215888 -0.2196730 0.3289910
v -0.0289379 -0.2137890 0.3404590
v -0.0415709 -0.2071530 0.3334560
v -0.0502717 -0.2032030 0.3171250
v -0.1485620 -0.0356428 0.2659660
v -0.1514820 -0.0585649 0.2702370
v -0.1491170 -0.0723047 0.3030640
v -0.1414270 -0.0911871 0.3341340
v -0.1389300 -0.1056690 0.3302300
v -0.1275630 -0.1118450 0.3605370
v -0.1075490 -0.1329520 0.3865370
v -0.0850539 -0.1518900 0.4110720
v -0.0634572 -0.1653850 0.4319800
v -0.0423514 -0.1749240 0.4490870
v -0.0214842 -0.1832760 0.4620290
v -0.1048400 -0.1675890 0.3349840
v -0.1154860 -0.1569450 0.3112120
v -0.1112990 -0.1528070 0.3187540
v -0.1498920 -0.0846548 0.2806440
v -0.1522740 -0.0568002 0.2495840
v -0.1529340 -0.0656341 0.2408170
v -0.1511740 -0.0349439 0.2142090
v -0.1489100 -0.0928428 0.2588040
v -0.1513860 -0.0775642 0.2344570
v -0.1478590 -0.0909506 0.2311380
v -0.1513270 -0.0645153 0.2065520
v -0.1423340 -0.1125810 0.2512590
v -0.1416230 -0.1073770 0.2343110
v -0.1409740 -0.1098750 0.2713790
v -0.1424250 -0.1050310 0.2779140
v -0.1426910 -0.1037260 0.2869030
v -0.1398050 -0.1074860 0.3023730
v -0.1320180 -0.1175030 0.3258950
v -0.1216890 -0.1478480 0.2922900
v -0.1266430 -0.1399680 0.2804390
v -0.1292210 -0.1374880 0.2660270
v -0.1318600 -0.1318780 0.2723230
v -0.1362830 -0.1240570 0.2682120
v -0.1391470 -0.1165990 0.2680470
v -0.1441760 -0.0097523 0.1801940
v -0.1490630 -0.0246642 0.1773310
v -0.1510050 -0.0402857 0.1748120
v -0.1463140 -0.0190673 0.1385570
v -0.1497660 -0.0568028 0.1724810
v -0.1435840 -0.0754646 0.1691380
v -0.1475590 -0.0513707 0.1339010
v -0.1334510 -0.1017670 0.1984090
v -0.1305480 -0.0973237 0.1640300
v -0.1254870 -0.0991574 0.1224830
v -0.1312730 -0.0892524 0.0850242
v -0.1417410 -0.0647678 0.0812478
v -0.1485240 -0.0467968 0.0619958
v -0.1459070 -0.0464328 0.0950673
v -0.1465150 -0.0294214 0.0979668
v -0.1445550 -0.0063718 0.0667743
v -0.1438010 -0.0136882 0.1001430
v -0.1380770 0.0011492 0.1023230
v -0.1272490 0.0215652 0.0739340
v -0.1296820 0.0152533 0.1047300
v -0.1189800 0.0300296 0.1068730
v -0.1328710 0.0104829 0.1430190
v -0.1070710 0.0476472 0.0778539
v -0.1059400 0.0466080 0.1091790
v -0.0915903 0.0631490 0.1123340
v -0.1085630 0.0424541 0.1486000
v -0.0793222 0.0783161 0.0839665
v -0.0774392 0.0770696 0.1155660
v -0.0661313 0.0866158 0.1178090
v -0.0787239 0.0713957 0.1556240
v -0.0608554 0.0969406 0.0879927
v -0.0601769 0.0921172 0.1191770
v -0.0572774 0.0956358 0.1295530
v -0.0606920 0.0841655 0.1600730
v -0.0552954 0.0961434 0.1580800
v -0.0563013 0.0906528 0.1990760
v -0.0591710 0.0813032 0.2006470
v -0.0678774 0.0719298 0.1984940
v -0.0617648 0.0760677 0.2001630
v -0.0687384 0.0656897 0.2388530
v -0.0854990 0.0514687 0.2638320
v -0.0860624 0.0509027 0.2757250
v -0.1029220 0.0360759 0.3052450
v -0.0650773 0.0952477 0.0738302
v -0.0743439 0.0854625 0.0708484
v -0.0873203 0.0729371 0.0665272
v -0.1015220 0.0591147 0.0622032
v -0.1150510 0.0418561 0.0617541
v -0.1285370 0.0309067 0.0541187
v -0.1424700 0.0185222 0.0470229
v -0.1513860 0.0026270 0.0426910
v -0.1362860 0.0049922 0.1828990
v -0.1254710 0.0206032 0.1857930
v -0.1395040 -0.0039295 0.2246880
v -0.1115960 0.0376625 0.1894210
v -0.0959166 0.0536400 0.1932510
v -0.0803520 0.0650147 0.1966440
v -0.0829054 0.0574457 0.2357510
v -0.1348610 -0.1107340 0.2225860
v -0.1229200 -0.1253640 0.2224900
v -0.1170140 -0.1425140 0.2493820
v -0.1236850 -0.1414030 0.2592530
v -0.1327290 -0.1256590 0.2443220
v -0.1081710 0.0254533 0.3233440
v -0.1065350 0.0281295 0.3280430
v -0.1060820 0.0387547 0.3243060
v -0.1743320 -0.0690146 -0.2916970
v -0.1744120 -0.1139980 -0.2645460
v -0.1727200 -0.1549700 -0.2354130
v -0.1711530 -0.1852910 -0.2059380
v -0.1081260 -0.1426630 0.3120890
v -0.0983680 -0.1551160 0.3362970
v -0.0785281 -0.1631560 0.3594350
v -0.0626097 -0.1616810 -0.0008967
v -0.0605766 -0.1822480 -0.0211904
v -0.0647499 -0.2026980 -0.0377367
v -0.0923009 -0.2171590 -0.0620886
v -0.1285230 0.0748080 -0.3959260
v -0.1330290 0.0916866 -0.3855450
v -0.2201270 0.0951708 -0.5068290
v -0.2022150 0.0768013 -0.4847440
v -0.1804280 0.0649588 -0.4602110
v -0.1550120 0.0594816 -0.4362180
v -0.2486270 0.1403850 -0.5291370
v -0.2361340 0.1187470 -0.5212590
v -0.1372590 0.0988037 -0.3773700
v -0.1616590 0.0078997 0.0254058
v -0.1585880 -0.0156203 0.0367830
v -0.1582900 -0.0374846 0.0401900
v -0.1717200 -0.0271571 0.0208240
v -0.1594430 -0.0581370 0.0365598
v -0.1771100 -0.0712284 0.0121310
v -0.1927690 -0.0487050 -0.0061881
v -0.1903520 -0.0279623 -0.0032142
v -0.1844300 -0.0093376 0.0013383
v -0.1672560 0.0239836 0.0108872
v -0.1744450 0.0085801 0.0079798
v -0.1890110 0.0094676 -0.0129225
v -0.1742650 0.0284830 -0.0040566
v -0.1854250 0.0220860 -0.0190989
v -0.1817510 0.0279887 -0.0206668
v -0.1989860 0.0116310 -0.0362591
v -0.2033280 0.0152082 -0.0615677
v -0.1961510 0.0261496 -0.0612700
v -0.1881820 0.0283076 -0.0394722
v -0.2466670 0.1686170 -0.4974150
v -0.2493970 0.1682310 -0.5142430
v -0.2562530 0.1653900 -0.5226520
v -0.2552790 0.1653430 -0.5101560
v 0.0902568 0.1243650 0.0393052
v 0.0804401 0.1177550 0.0432278
v -0.0721070 0.1117840 0.0523593
v -0.0683629 0.1053040 0.0572813
v -0.0793891 0.1208590 0.0472912
v -0.1967250 0.0957367 -0.1243490
v -0.1996000 0.1008420 -0.1334090
v -0.1939680 0.0945089 -0.1058120
v -0.1960970 0.0924866 -0.0888668
v -0.1980630 0.0896243 -0.0703856
v -0.1945550 0.0880377 -0.0527869
v -0.1904460 0.0869002 -0.0363654
v -0.1842750 0.0866025 -0.0207174
v -0.1756170 0.0868232 -0.0059781
v -0.1642010 0.0875859 0.0070097
v -0.1497850 0.0886143 0.0186394
v -0.1320430 0.0900149 0.0293842
v -0.1144820 0.0931403 0.0359618
v -0.1011520 0.0968610 0.0441180
v -0.0888221 0.1006510 0.0493775
v -0.0683066 0.1024150 0.0587084
v -0.0718630 0.1014370 0.0574407
v -0.1974280 0.1102790 -0.1123420
v -0.1943240 0.1174890 -0.0856697
v -0.1931550 0.1235890 -0.0662105
v -0.1879250 0.1257250 -0.0487792
v -0.1794470 0.1274080 -0.0318953
v -0.1681420 0.1290340 -0.0160665
v -0.1545750 0.1307430 -0.0024249
v -0.1389030 0.1318090 0.0098480
v -0.1215790 0.1312850 0.0211774
v -0.1050870 0.1293800 0.0306573
v -0.0911531 0.1257070 0.0383908
v -0.0789331 0.1015010 0.0540497
v 0.0683062 0.1027210 0.0588359
v 0.0688962 0.1064340 0.0566355
v 0.0707228 0.1017620 0.0603641
v 0.0787799 0.1015890 0.0542356
v 0.0880547 0.1008630 0.0474587
v 0.0729275 0.1128230 0.0513522
v 0.1968450 0.0959547 -0.1250660
v 0.1996910 0.1010890 -0.1342080
v 0.1940770 0.0946206 -0.1061310
v 0.1962310 0.0927204 -0.0896481
v 0.1982450 0.0897385 -0.0711138
v 0.1947720 0.0880084 -0.0532892
v 0.1908270 0.0868896 -0.0372850
v 0.1848240 0.0864563 -0.0215491
v 0.1760370 0.0867966 -0.0065070
v 0.1642300 0.0876417 0.0069858
v 0.1493690 0.0887393 0.0190194
v 0.1318890 0.0902090 0.0296181
v 0.1142730 0.0928081 0.0384971
v 0.0990918 0.0971480 0.0450934
v 0.1975800 0.1101600 -0.1124960
v 0.1944100 0.1173090 -0.0853826
v 0.1933450 0.1233570 -0.0661787
v 0.1881580 0.1255550 -0.0488669
v 0.1797120 0.1273330 -0.0321318
v 0.1684550 0.1291220 -0.0164332
v 0.1547790 0.1308360 -0.0026004
v 0.1390180 0.1318090 0.0098426
v 0.1216140 0.1314230 0.0213688
v 0.1045210 0.1309260 0.0327780
v 0.1910550 0.0969620 -0.1060510
v 0.1905130 0.0998561 -0.1042070
v 0.1902150 0.0982828 -0.0987664
v 0.1917280 0.0940199 -0.0798813
v 0.1901750 0.0972171 -0.0813244
v 0.1904830 0.0949262 -0.0719298
v 0.1880130 0.0917929 -0.0476896
v 0.1882330 0.0963135 -0.0572065
v 0.1866420 0.0965448 -0.0498423
v 0.1840060 0.1100000 -0.0463899
v 0.1863470 0.1094000 -0.0540971
v 0.1873830 0.1157140 -0.0557129
v -0.1913530 0.1093920 -0.0932413
v -0.1906020 0.1041960 -0.0996780
v -0.1900010 0.1063830 -0.0892734
v -0.1898290 0.0985166 -0.0723842
v -0.1899420 0.0989578 -0.0815875
v -0.1913580 0.0949449 -0.0795252
v -0.1883940 0.1160380 -0.0602628
v -0.1881580 0.1101540 -0.0632765
v -0.1864760 0.1105180 -0.0555083
v -0.1832390 0.0976742 -0.0400808
v -0.1857930 0.0977539 -0.0476178
v -0.1865220 0.0923590 -0.0428208
v 0.0786403 0.1117200 0.0417103
v 0.0762881 0.1082840 0.0435999
v 0.0799091 0.1093600 0.0407243
v 0.0870839 0.1035900 0.0408492
v 0.0832080 0.1045950 0.0420611
v 0.0850266 0.1030190 0.0435148
v 0.1016960 0.1025800 0.0331580
v 0.0955808 0.1027240 0.0363019
v 0.1007650 0.0992927 0.0367564
v 0.0979520 0.1194850 0.0315794
v 0.0990998 0.1142230 0.0306997
v 0.1056230 0.1178620 0.0271066
v 0.1299610 0.1224170 0.0131009
v 0.1222010 0.1161290 0.0181956
v 0.1306580 0.1158420 0.0132178
v 0.1321760 0.1084240 0.0143314
v 0.1389810 0.1155650 0.0078814
v -0.0735179 0.1029200 0.0495900
v -0.0743117 0.1048580 0.0464861
v -0.0760365 0.1040610 0.0463478
v -0.0859657 0.1037280 0.0431613
v -0.0830824 0.1061840 0.0416092
v -0.0876876 0.1066520 0.0393422
v -0.0902198 0.1106620 0.0360124
v -0.0927812 0.1063780 0.0371073
v -0.1081120 0.0991864 0.0328656
v -0.1042980 0.1044110 0.0319063
v -0.1107590 0.1037040 0.0284833
v -0.1157460 0.1093330 0.0234976
v -0.1180150 0.1028960 0.0247626
v -0.1363260 0.0951760 0.0187164
v -0.1340810 0.1011820 0.0162369
v -0.1424700 0.1005440 0.0109961
v 0.0413318 -0.1159770 0.2705340
v 0.0612627 -0.1167320 0.2707710
v 0.0322420 -0.1125230 0.2631730
v 0.0296752 -0.1111090 0.2604190
v 0.0017969 -0.1103860 0.2590800
v -0.0283880 -0.1111090 0.2604190
v -0.0271729 -0.1121770 0.2625240
v -0.0555609 -0.1156980 0.2688200
v -0.0274305 -0.1142530 0.2672760
v 0.0689767 -0.1120040 0.2694550
v 0.0510117 -0.1096440 0.2640900
v 0.0783589 -0.1138670 0.2724690
v 0.0809658 -0.1145930 0.2730460
v 0.0999125 -0.1172820 0.2798630
v 0.0826207 -0.1159380 0.2731230
v 0.0572986 -0.1123450 0.2656040
v 0.0825295 -0.1165410 0.2729710
v 0.0815103 -0.1169790 0.2725990
v 0.1019670 -0.1207610 0.2792620
v 0.0870249 -0.1367970 0.3110050
v 0.0732653 -0.1289570 0.2969110
v 0.0673460 -0.1339320 0.3090030
v 0.0444484 -0.1298000 0.3028960
v 0.0611768 -0.1392800 0.3220840
v -0.0047449 -0.1254250 0.2954120
v -0.0294582 -0.1219040 0.2859110
v -0.0299624 -0.1271500 0.2986680
v -0.0539140 -0.1309350 0.3053010
v -0.0335324 -0.1335340 0.3136140
v -0.0403773 -0.1410180 0.3299960
v -0.0201619 -0.1375170 0.3241680
v -0.0144087 -0.1425300 0.3365310
v -0.0020547 -0.1376960 0.3255660
v -0.0096935 -0.1515020 0.3577150
v -0.0173778 -0.1578460 0.3701580
v -0.0082263 -0.1550950 0.3657650
v -0.0067458 -0.1582870 0.3723930
v 0.0000669 -0.1549460 0.3658260
v -0.0033582 -0.1647870 0.3838610
v -0.0045008 -0.1707750 0.3931120
v 0.0000669 -0.1678360 0.3887720
v 0.0046373 -0.1707750 0.3931120
v 0.0034947 -0.1647870 0.3838610
v 0.0068768 -0.1582870 0.3723930
v 0.0083574 -0.1550950 0.3657650
v 0.0175089 -0.1578460 0.3701550
v 0.0098245 -0.1515020 0.3577150
v 0.0131263 -0.1425300 0.3365310
v 0.0142554 -0.1371720 0.3235140
v 0.0336957 -0.1399810 0.3280370
v 0.0168249 -0.1318090 0.3103560
v -0.1018390 -0.1207610 0.2792700
v -0.0813792 -0.1169790 0.2726050
v -0.0824013 -0.1165410 0.2729770
v -0.0571701 -0.1123450 0.2656070
v -0.0824924 -0.1159400 0.2731310
v -0.0997843 -0.1172820 0.2798680
v -0.0808375 -0.1145960 0.2730540
v -0.0782331 -0.1138670 0.2724740
v -0.0508859 -0.1096440 0.2640950
v -0.0688509 -0.1120040 0.2694610
v 0.0164789 -0.1056790 0.2570890
v 0.0237717 -0.1063460 0.2587320
v 0.0000615 -0.1052700 0.2566080
v -0.0236487 -0.1063460 0.2587320
v -0.0163559 -0.1056790 0.2570890
v -0.0781741 -0.1136090 0.2731890
v -0.0806847 -0.1144200 0.2753500
v -0.0996312 -0.1171260 0.2811520
v 0.0292139 -0.1082600 0.2633140
v 0.0567593 -0.1116590 0.2701520
v 0.0291923 -0.1099260 0.2674490
v 0.0288410 -0.1128420 0.2745710
v 0.0000642 -0.1101730 0.2688280
v 0.0271513 -0.1216380 0.2959170
v 0.0513521 -0.1259910 0.3050280
v 0.0258128 -0.1267380 0.3082650
v 0.0240909 -0.1318330 0.3206150
v 0.0000669 -0.1285450 0.3133780
v 0.0194990 -0.1416850 0.3443600
v 0.0348757 -0.1459210 0.3531250
v 0.0166265 -0.1461070 0.3548180
v 0.0141025 -0.1500000 0.3637690
v 0.0000669 -0.1472440 0.3580450
v 0.0100981 -0.1574020 0.3791440
v 0.0180185 -0.1617180 0.3874300
v 0.0086176 -0.1621270 0.3875600
v 0.0071102 -0.1681600 0.3976670
v 0.0000669 -0.1643650 0.3910070
v -0.0075075 -0.1678490 0.3972740
v -0.0084811 -0.1621270 0.3875630
v -0.0178848 -0.1617180 0.3874300
v -0.0099644 -0.1574020 0.3791440
v -0.0139688 -0.1500000 0.3637690
v -0.0164954 -0.1461070 0.3548180
v -0.0347448 -0.1459210 0.3531280
v -0.0193653 -0.1416850 0.3443630
v -0.0239598 -0.1318330 0.3206150
v -0.0256818 -0.1267380 0.3082670
v -0.0512213 -0.1259910 0.3050300
v -0.0270201 -0.1216380 0.2959170
v -0.0280314 -0.1168520 0.2843110
v 0.0000642 -0.1183480 0.2886780
v -0.1741790 0.1183420 -0.0278770
v -0.1767300 0.1117410 -0.0320388
v -0.1719290 0.1114830 -0.0238639
v -0.1687560 0.0944453 -0.0104269
v -0.1726850 0.0962896 -0.0176478
v -0.1732540 0.0913730 -0.0132893
v -0.1502110 0.0998588 0.0055188
v -0.1572410 0.0986974 -0.0001394
v -0.1524190 0.0938764 0.0078760
v -0.1610660 0.1125440 -0.0099379
v -0.1541730 0.1141090 -0.0036023
v -0.1606480 0.1200330 -0.0107220
v 0.1758920 0.0920533 -0.0179056
v 0.1783600 0.0972198 -0.0273666
v 0.1741700 0.0976370 -0.0200875
v 0.1669150 0.1127510 -0.0163216
v 0.1722960 0.1120230 -0.0234785
v 0.1723410 0.1188260 -0.0243369
v 0.1525340 0.0938764 0.0078681
v 0.1573400 0.0992342 -0.0002908
v 0.1503260 0.0998588 0.0055108
v 0.1468660 0.1149730 0.0023535
v 0.1461530 0.1219330 0.0019362
v 0.0622845 -0.2045720 -0.4093260
v 0.0426218 -0.1711390 -0.4207030
v 0.0622069 -0.1688460 -0.4145690
v 0.0635695 0.1031380 0.0693177
v 0.0639583 0.1015600 0.0699024
v 0.0639450 0.1033460 0.0688712
v 0.1196370 0.1460480 -0.4024800
v 0.1159650 0.1494390 -0.3974730
v 0.1189930 0.1500960 -0.3964070
v 0.1185880 0.0491194 -0.4084410
v 0.1196750 0.0532573 -0.4108620
v 0.1218850 0.0522156 -0.4064980
v -0.0322798 -0.2116890 -0.4145110
v -0.0464819 -0.1734880 -0.4164770
v -0.0238767 -0.1772040 -0.4210140
v -0.1566830 0.1584270 -0.0213551
v -0.1539210 0.1535080 -0.0119871
v -0.1467300 0.1630280 -0.0159336
v -0.1819470 0.0711591 -0.3178260
v -0.1805200 0.0773221 -0.3224560
v -0.1786290 0.0770511 -0.3266980
v -0.1213430 0.0517851 -0.4069840
v -0.1194250 0.0530979 -0.4109920
v -0.1171380 0.0478677 -0.4098810
v -0.1859160 0.0886197 -0.3444740
v -0.1806560 0.0859754 -0.3384970
v -0.1813620 0.0872617 -0.3375090
v -0.1331260 0.0593008 -0.4149680
v -0.1277400 0.0578524 -0.4112470
v -0.1295860 0.0614800 -0.4097380
v -0.1327160 0.0767907 -0.3805970
v -0.1345480 0.0610070 -0.3762830
v -0.1355100 0.0727164 -0.3743460
v -0.1963120 -0.0368148 -0.2680620
v -0.1938820 -0.0649379 -0.2626010
v -0.1980770 -0.0607998 -0.2537800
v 0.1745220 0.0771016 -0.3324140
v 0.1772010 0.0822893 -0.3346230
v 0.1780190 0.0770563 -0.3290100
v 0.1286810 0.0618866 -0.4081320
v 0.1276380 0.0577142 -0.4111060
v 0.1338450 0.0586577 -0.4162010
v 0.1874420 0.0630560 -0.3035040
v 0.1834180 0.0721345 -0.3146770
v 0.1870150 0.0673587 -0.3056170
v 0.0666994 0.0962178 0.0696659
v 0.0645751 0.0993060 0.0702159
v 0.0645539 0.0990535 0.0705986
v 0.1112980 -0.0319860 0.3510870
v 0.1156590 -0.0281642 0.3449080
v 0.1145700 -0.0220730 0.3439220
v -0.0839167 0.1065370 -0.4356890
v -0.0827526 0.1195920 -0.4304510
v -0.0692615 0.1217070 -0.4333960
v -0.0864645 0.0776012 0.0592958
v -0.0886076 0.0748957 0.0582248
v -0.0829482 0.0799930 0.0610311
v -0.1138630 -0.0205661 0.3440040
v -0.1153240 -0.0279623 0.3450730
v -0.1101210 -0.0316750 0.3520140
v -0.0671343 0.0971241 0.0691130
v -0.0649537 0.0995745 0.0698943
v -0.0657717 0.0993140 0.0697641
v -0.0637038 0.1036250 0.0689244
v -0.0636369 0.1016770 0.0699236
v -0.0634142 0.1050860 0.0684593
v -0.1627530 0.0210337 -0.3318930
v -0.1670200 0.0033816 -0.3243110
v -0.1682600 0.0152215 -0.3252330
v -0.1585210 -0.1688830 -0.2370050
v -0.1556560 -0.1832100 -0.2276930
v -0.1574370 -0.1852990 -0.2221650
v -0.1561740 -0.2112240 -0.1833640
v -0.1537440 -0.2102910 -0.1906700
v -0.1502760 -0.2190770 -0.1727360
v -0.1124710 -0.1258430 0.2827830
v -0.1196050 -0.1296220 0.2848560
v -0.1119930 -0.1266400 0.2831790
v -0.0956886 -0.1248860 0.2837910
v -0.1089140 -0.1283190 0.2869030
v -0.1037030 -0.1293000 0.2910410
v -0.1408830 -0.0344788 0.3121080
v -0.1410010 -0.0512750 0.3253190
v -0.1386270 -0.0459704 0.3271120
v -0.1261850 -0.0653630 0.3522430
v -0.1288160 -0.0709016 0.3525220
v -0.1215390 -0.0853936 0.3650180
v -0.0700149 0.0925423 0.0675955
v -0.0740598 0.0881147 0.0657936
v -0.0702081 0.0921756 0.0677656
v -0.0656110 0.0971453 0.0703249
v -0.0688001 0.0933237 0.0690997
v -0.0671184 0.0947215 0.0702718
v -0.2489170 0.1456950 -0.5307980
v -0.2492790 0.1498960 -0.5314200
v -0.2439520 0.1428060 -0.5292910
v -0.2182060 0.1284440 -0.5153600
v -0.2288810 0.1365100 -0.5222300
v -0.2208190 0.1364730 -0.5164680
v -0.2195740 0.1033110 -0.5113010
v -0.2198480 0.1121560 -0.5144110
v -0.2105380 0.1020250 -0.5062280
v -0.1746130 0.0995452 -0.4759740
v -0.1849080 0.1053630 -0.4867000
v -0.1710140 0.1115150 -0.4730180
v -0.1824370 0.0724109 -0.4683570
v -0.1821100 0.0799240 -0.4736220
v -0.1725480 0.0757515 -0.4630710
v -0.1393460 0.0869320 -0.4400560
v -0.1476440 0.0884390 -0.4474650
v -0.1366100 0.0985911 -0.4387270
v -0.1421540 0.0625616 -0.4309000
v -0.1421750 0.0687778 -0.4350810
v -0.1321440 0.0678689 -0.4273550
v -0.1173470 0.0866583 -0.4272140
v -0.1215100 0.0859779 -0.4277350
v -0.1169530 0.0979639 -0.4272170
v -0.1159060 0.0615917 -0.4177980
v -0.1169550 0.0683181 -0.4208200
v -0.1121950 0.0693918 -0.4228160
v -0.0854158 0.0922314 -0.4373400
v -0.0965951 0.0922740 -0.4332050
v -0.1281910 0.1106200 -0.4288780
v -0.1223680 0.1230040 -0.4191620
v -0.1239260 0.1100690 -0.4256280
v -0.1160330 0.1104870 -0.4233740
v -0.1108290 0.1116530 -0.4240780
v -0.1026300 0.1257280 -0.4191140
v -0.1034130 0.1137900 -0.4256200
v -0.2527200 0.1496120 -0.5273160
v -0.2533670 0.1495860 -0.5291100
v -0.2494960 0.1432370 -0.5260670
v -0.2322470 0.1137580 -0.5139620
v -0.2395780 0.1245960 -0.5205820
v -0.2346590 0.1156880 -0.5178050
v -0.2320170 0.1251410 -0.5042990
v -0.2315070 0.1202510 -0.5073280
v -0.2234390 0.1124560 -0.4968840
v -0.1957030 0.0809525 -0.4677590
v -0.2067050 0.0872563 -0.4825140
v -0.1986380 0.0773806 -0.4754050
v -0.1933860 0.0984821 -0.4512340
v -0.1951130 0.0944931 -0.4573300
v -0.1862990 0.0933822 -0.4452280
v -0.1564120 0.0933583 -0.4108510
v -0.1635900 0.0877161 -0.4225790
v -0.1503030 0.0858371 -0.4106940
v -0.1464110 0.0765355 -0.4137110
v -0.1391470 0.0818746 -0.4031120
v 0.1017690 0.0387334 0.3055780
v 0.0956212 0.0432965 0.2917820
v 0.0943525 0.0456167 0.2924650
v 0.0744025 0.0643928 0.2581180
v 0.0757624 0.0609007 0.2587800
v 0.0675525 0.0683420 0.2389910
v 0.0233479 -0.2011700 0.4151090
v 0.0162161 -0.2083640 0.4186810
v 0.0245468 -0.2050340 0.4149550
v 0.0371099 -0.2065020 0.4070570
v 0.0283313 -0.2104350 0.4121830
v 0.0321024 -0.2115110 0.4087230
v -0.0007378 -0.2096400 0.2738780
v 0.0058576 -0.2074950 0.2710980
v 0.0064584 -0.2096320 0.2752840
v 0.0260649 -0.2050720 0.2798920
v 0.0246622 -0.2039930 0.2762300
v 0.0334570 -0.2000860 0.2775800
v 0.0005282 -0.2160450 0.2914020
v 0.0098514 -0.2132890 0.2870380
v 0.0114633 -0.2146500 0.2912400
v 0.0357208 -0.2084310 0.2973260
v 0.0326255 -0.2077800 0.2923430
v 0.0418038 -0.2032670 0.2931960
v 0.0253917 -0.2169430 0.3118070
v 0.0282321 -0.2147430 0.3066380
v 0.0348892 -0.2126410 0.3128760
v 0.0590313 -0.1974470 0.3163860
v 0.0537044 -0.2005510 0.3105050
v 0.0623760 -0.1941830 0.3091950
v 0.0445289 -0.2050030 0.3404060
v 0.0493594 -0.2029800 0.3318430
v 0.0513763 -0.2019570 0.3401960
v 0.0376438 -0.2105760 0.3268470
v 0.0348866 -0.2108410 0.3368150
v 0.0309626 -0.2143150 0.3304690
v 0.0180909 -0.2209700 0.3335920
v 0.0214060 -0.2184710 0.3387690
v 0.0172675 -0.2199460 0.3421780
v 0.0070244 -0.2230370 0.3124980
v 0.0125979 -0.2227580 0.3182070
v 0.0060910 -0.2241850 0.3174890
v -0.0010140 -0.2256360 0.3330280
v 0.0038165 -0.2255890 0.3306950
v 0.0018773 -0.2251580 0.3381150
v 0.0000642 -0.2227870 0.3091470
v 0.0078853 -0.2218040 0.3083660
v -0.0009497 -0.2205020 0.3607610
v 0.0042671 -0.2219290 0.3526340
v 0.0046292 -0.2202680 0.3608540
v 0.0167337 -0.2162810 0.3664640
v 0.0155911 -0.2175170 0.3583770
v 0.0209474 -0.2154710 0.3556260
v 0.0406826 -0.1948130 0.2763970
v 0.0407416 -0.1972740 0.2803410
v 0.0483214 -0.1971860 0.2894030
v 0.0500273 -0.1986460 0.2948120
v 0.0642238 -0.1909170 0.3020030
v 0.0703900 -0.1884850 0.3082540
v 0.0896131 -0.1821390 0.3194770
v 0.0857615 -0.1804460 0.3084160
v 0.0932849 -0.1769220 0.3079480
v 0.0701623 -0.1968700 0.3513470
v 0.0773719 -0.1923440 0.3414980
v 0.0745635 -0.1957350 0.3552570
v 0.0580254 -0.1997350 0.3430500
v 0.0514890 -0.2028610 0.3507890
v 0.0382365 -0.2112000 0.3811900
v 0.0462346 -0.2080320 0.3750880
v 0.0412755 -0.2112190 0.3870580
v 0.0285566 -0.2117180 0.3593100
v 0.0314776 -0.2110670 0.3669450
v 0.0248741 -0.2136160 0.3714020
v 0.0064853 -0.2217430 0.3958490
v 0.0144244 -0.2200000 0.3939920
v 0.0074911 -0.2226360 0.4029240
v 0.0047687 -0.2193480 0.3694380
v 0.0050422 -0.2196060 0.3785030
v -0.0016148 -0.2198770 0.3784660
v 0.0007481 -0.2220880 0.4165180
v 0.0090279 -0.2223750 0.4124510
v 0.0102027 -0.2210090 0.4154010
v 0.0290369 -0.2148520 0.4082130
v 0.0379710 -0.2111120 0.4030650
v 0.1165580 -0.2345610 -0.0940385
v 0.1072270 -0.2241510 -0.0783293
v 0.1033830 -0.2291500 -0.0770749
v 0.0686360 -0.2303270 -0.0499778
v 0.0730508 -0.2181790 -0.0497013
v 0.0568534 -0.2131910 -0.0386669
v 0.1140290 -0.2991200 -0.1019340
v 0.0999367 -0.2770560 -0.0834000
v 0.0998615 -0.3075360 -0.0842956
v 0.0692153 -0.3154990 -0.0559042
v 0.0566254 -0.3270300 -0.0474185
v 0.0503438 -0.2030680 -0.0322487
v 0.0434266 -0.2088320 -0.0315525
v 0.0126113 -0.2021320 -0.0210150
v 0.0215241 -0.2014730 -0.0209751
v 0.0119300 -0.2007500 -0.0149689
v 0.0055975 -0.2208390 -0.0273481
v 0.0094785 -0.2115220 -0.0261521
v -0.0010650 -0.2101420 -0.0258838
v -0.0264435 -0.2000140 -0.0208821
v -0.0168682 -0.2012470 -0.0202629
v -0.0221950 -0.1988870 -0.0133530
v 0.1068860 -0.1246410 0.0356642
v 0.0951838 -0.1399330 0.0169571
v 0.1082780 -0.1352050 0.0181211
v 0.1315730 -0.1650610 -0.0195719
v 0.1155280 -0.1669450 -0.0168345
v 0.1222440 -0.1820940 -0.0330168
v 0.1631550 -0.1096630 0.0078760
v 0.1534670 -0.1280190 0.0012931
v 0.1690230 -0.1242430 -0.0067462
v 0.1874630 -0.1457460 -0.0407478
v 0.1757050 -0.1519590 -0.0329796
v 0.1792960 -0.1620310 -0.0454439
v 0.1340940 -0.1145850 0.0267320
v 0.1429310 -0.0986977 0.0343168
v 0.1326030 -0.1001090 0.0461803
v 0.0209554 -0.1305410 0.4376930
v 0.0154114 -0.1424950 0.4448720
v 0.0245415 -0.1406670 0.4418580
v 0.0377672 -0.1524720 0.4442450
v 0.0281489 -0.1557140 0.4499740
v 0.0291092 -0.1609360 0.4530840
v 0.0572638 -0.1212530 0.4174980
v 0.0519878 -0.1332230 0.4259180
v 0.0613621 -0.1290290 0.4184760
v 0.0783026 -0.1305390 0.4102350
v 0.0674103 -0.1390590 0.4207410
v 0.0701354 -0.1427270 0.4214710
v 0.0967396 -0.0811812 0.3783780
v 0.0915094 -0.0983813 0.3882240
v 0.1013050 -0.0834881 0.3764380
v 0.1187200 -0.0722490 0.3607260
v 0.1105260 -0.0877348 0.3730200
v 0.1167110 -0.0876206 0.3689300
v 0.1229980 -0.0193223 0.3296110
v 0.1226060 -0.0361557 0.3396830
v 0.1264180 -0.0203695 0.3255550
v 0.1372350 -0.0196226 0.3051920
v 0.1345360 -0.0294958 0.3213510
v 0.1386080 -0.0317229 0.3162060
v 0.1474720 -0.0481656 0.3064310
v 0.1424570 -0.0519314 0.3230890
v 0.1446130 -0.0606378 0.3230330
v 0.1350860 -0.0928534 0.3504920
v 0.1337860 -0.0863184 0.3513050
v 0.1262510 -0.0994523 0.3640590
v 0.1162360 -0.1066970 0.3762490
v 0.1171830 -0.1125840 0.3768130
v 0.0984104 -0.1391810 0.3997430
v 0.0968281 -0.1364300 0.4011510
v 0.0874807 -0.1456820 0.4111310
v 0.0594629 -0.1626590 0.4369390
v 0.0656990 -0.1572030 0.4313260
v 0.0549758 -0.1618210 0.4403060
v 0.0401300 -0.1611410 0.4485690
v 0.0502955 -0.1572050 0.4410630
v 0.0489276 -0.1536280 0.4396790
v 0.0158835 -0.1789660 0.4647850
v 0.0230153 -0.1742060 0.4615540
v 0.0117771 -0.1770820 0.4659070
v 0.0016949 -0.1695660 0.4638660
v 0.0102215 -0.1700680 0.4633820
v 0.0106372 -0.1653000 0.4604850
v 0.1150450 -0.0123939 0.3388570
v 0.1109760 -0.0214723 0.3471860
v 0.0915014 -0.0463238 0.3715450
v 0.0973163 -0.0314783 0.3617410
v 0.0881942 -0.0368787 0.3699450
v 0.1087370 -0.0519500 0.3595540
v 0.1032140 -0.0526596 0.3647230
v 0.1004380 -0.0658334 0.3708040
v 0.0766718 -0.1070450 0.4002580
v 0.0809363 -0.0913413 0.3924240
v 0.0708944 -0.1010040 0.4020120
v 0.0375418 -0.0856115 0.4162330
v 0.0452234 -0.0989873 0.4168390
v 0.0471146 -0.0839293 0.4111230
v 0.0690543 -0.0612358 0.3910470
v 0.0667988 -0.0766898 0.3974490
v 0.0770391 -0.0696445 0.3887220
v 0.0451833 -0.0301814 0.3908450
v 0.0523392 -0.0405276 0.3919740
v 0.0551180 -0.0283768 0.3853990
v 0.0757465 -0.0107303 0.3673700
v 0.0729488 -0.0202872 0.3726430
v 0.0807298 -0.0135341 0.3652870
v 0.0691401 -0.0007190 0.3689940
v 0.0708782 -0.0033394 0.3681090
v 0.0776320 0.0028209 0.3627330
v 0.0980700 0.0173609 0.3428670
v 0.0925286 0.0108178 0.3492720
v 0.0984561 0.0146501 0.3425770
v 0.0979009 0.0296471 0.3427710
v 0.0980700 0.0249803 0.3428960
v 0.1023960 0.0326528 0.3362120
v 0.0851071 0.0130554 0.3568380
v 0.0856275 0.0170924 0.3569580
v 0.0778090 0.0100151 0.3637190
v 0.0548605 0.0062944 0.3802140
v 0.0639208 0.0092817 0.3747080
v 0.0576821 0.0108602 0.3782900
v 0.0468945 -0.0047267 0.3825820
v 0.0504297 -0.0012665 0.3815110
v 0.0407014 -0.0031507 0.3864090
v 0.0137726 0.0000782 0.3979730
v 0.0246997 0.0009420 0.3946160
v 0.0174901 0.0038203 0.3969470
v 0.0049108 -0.0084979 0.3972920
v 0.0086337 -0.0061220 0.3975740
v -0.0020789 -0.0059784 0.3981320
v 0.0263278 -0.0077086 0.3919350
v 0.0195393 -0.0104697 0.3936410
v 0.0304207 -0.0095795 0.3896920
v 0.0459343 -0.0143898 0.3839510
v 0.0356913 -0.0159552 0.3887960
v 0.0393763 -0.0217993 0.3896330
v 0.0658654 0.0006098 0.3715590
v 0.0599833 -0.0038710 0.3748810
v 0.0402427 -0.0557663 0.4041700
v 0.0317538 -0.0436636 0.4024190
v 0.0299676 -0.0572918 0.4089110
v 0.0094678 -0.0783296 0.4217270
v 0.0097977 -0.0633034 0.4162330
v 0.0000669 -0.0693069 0.4191270
v 0.0335883 -0.1151510 0.4275260
v 0.0266442 -0.1024100 0.4257000
v 0.0244905 -0.1169390 0.4313050
v 0.0035724 -0.1348470 0.4416430
v 0.0067320 -0.1228260 0.4365060
v -0.0018160 -0.1271770 0.4380710
v 0.0872957 -0.0133613 0.3608860
v 0.0877624 -0.0047825 0.3573380
v 0.0990060 0.0117452 0.3425030
v 0.1033000 0.0181979 0.3358370
v 0.1137980 0.1429870 -0.4041970
v 0.1180600 0.1353060 -0.4100430
v 0.1147560 0.1337090 -0.4106600
v 0.1109200 0.1116530 -0.4240840
v 0.1161230 0.1104870 -0.4233790
v 0.1170440 0.0979639 -0.4272250
v 0.0832404 0.1498960 -0.4049860
v 0.0928666 0.1389520 -0.4126290
v 0.0797589 0.1414560 -0.4139150
v 0.1620260 -0.0577701 -0.3089920
v 0.1670010 -0.0532362 -0.3065450
v 0.1686640 -0.0741199 -0.2943280
v 0.1799370 -0.1301750 -0.2475670
v 0.1806590 -0.1087540 -0.2618010
v 0.1859990 -0.1240250 -0.2443240
v 0.1632680 -0.1428730 -0.2536900
v 0.1680500 -0.1394520 -0.2521380
v 0.1670840 -0.1587120 -0.2374840
v 0.1766380 -0.1907520 -0.1890510
v 0.1778770 -0.1794100 -0.2042770
v 0.1835340 -0.1839380 -0.1870050
v 0.1577770 -0.2043670 -0.1940240
v 0.1630530 -0.2008830 -0.1925220
v 0.1600950 -0.2104370 -0.1754680
v 0.0506574 -0.1821740 -0.0131059
v 0.0524598 -0.1852510 -0.0194097
v 0.0555953 -0.1781950 -0.0146952
v 0.0682551 -0.1497270 0.0131647
v 0.0675336 -0.1592280 -0.0003546
v 0.0751618 -0.1469100 0.0141348
v 0.0524628 -0.1563410 0.0217621
v 0.0570679 -0.1546300 0.0157851
v 0.0553675 -0.1498410 0.0300221
v 0.1698680 0.0934167 -0.3616030
v 0.1740040 0.0964065 -0.3761640
v 0.1811710 0.0932174 -0.3684120
v 0.2088880 0.0960105 -0.3872650
v 0.2040040 0.0970868 -0.3931220
v 0.2147860 0.1008850 -0.4080310
v 0.2187260 0.1067850 -0.4300210
v 0.2241870 0.1060140 -0.4232540
v 0.2438150 0.1197090 -0.4480680
v 0.2398590 0.1192890 -0.4529430
v 0.2462510 0.1268150 -0.4668310
v 0.2479030 0.1338710 -0.4844460
v 0.2515400 0.1343950 -0.4799650
v 0.2591120 0.1480680 -0.5010190
v 0.2579770 0.1478180 -0.5033050
v 0.2594710 0.1527300 -0.5118440
v 0.2529670 0.1307350 -0.4575990
v 0.2563220 0.1369090 -0.4737360
v 0.2566250 0.1382320 -0.4726890
v 0.2606620 0.1519300 -0.4970110
v 0.2606910 0.1510230 -0.4987920
v 0.2615090 0.1555070 -0.5080860
v 0.2604950 0.1613080 -0.5256370
v 0.2610670 0.1599100 -0.5229130
v 0.2598490 0.1602900 -0.5270000
v 0.2564000 0.1540400 -0.5218680
v 0.2583660 0.1556850 -0.5216480
v 0.2565710 0.1516430 -0.5154920
v 0.2531410 0.1512780 -0.5264950
v 0.2546510 0.1534600 -0.5266230
v 0.2510010 0.1490570 -0.5228090
v 0.2367910 0.1325020 -0.4983530
v 0.2435020 0.1393780 -0.5072800
v 0.2397190 0.1330610 -0.4946250
v 0.2331050 0.1286600 -0.5037830
v 0.2338380 0.1306420 -0.5024220
v 0.2262500 0.1234610 -0.4922120
v 0.2041300 0.1087830 -0.4478980
v 0.2134880 0.1136410 -0.4619950
v 0.2079250 0.1087060 -0.4433060
v 0.1976720 0.1008790 -0.4570010
v 0.1992240 0.1050970 -0.4542180
v 0.1882060 0.1013150 -0.4402180
v 0.1569130 0.1019180 -0.3947350
v 0.1689110 0.1019740 -0.4058180
v 0.1611490 0.1013760 -0.3900150
v 0.1515280 0.0930261 -0.4060220
v 0.1524370 0.0979161 -0.4019140
v 0.1434410 0.0966457 -0.3945890
v 0.2516010 0.1282400 -0.4602240
v 0.2474980 0.1215640 -0.4432770
v 0.2462610 0.1204790 -0.4450550
v 0.2287250 0.1057720 -0.4176650
v 0.2316280 0.1061570 -0.4141200
v 0.2224760 0.1003610 -0.3986310
v 0.2137270 0.0965554 -0.3815830
v 0.2119750 0.0958617 -0.3835570
v 0.1870960 0.0908548 -0.3618980
v 0.1910220 0.0897597 -0.3575840
v 0.1818680 0.0881041 -0.3489500
v -0.0585704 -0.3108880 -0.0482822
v -0.0706668 -0.2819970 -0.0553754
v -0.0746283 -0.3140100 -0.0588676
v -0.1045100 -0.3174680 -0.0877904
v -0.1170790 -0.3172870 -0.1051100
v -0.0668608 -0.1447650 0.0250921
v -0.0626310 -0.1418840 0.0424942
v -0.0695134 -0.1388840 0.0420239
v -0.0784879 -0.1293880 0.0837910
v -0.0709323 -0.1330050 0.0818431
v -0.0711845 -0.1323270 0.1019160
v -0.1105180 -0.1242190 0.0368893
v -0.0981589 -0.1250720 0.0506903
v -0.1083320 -0.1177770 0.0568986
v -0.1119670 -0.1120710 0.1064550
v -0.1044860 -0.1167320 0.0968187
v -0.1031770 -0.1182180 0.1156690
v -0.0537184 -0.1430770 0.0792013
v -0.0492445 -0.1467390 0.0792173
v -0.0496307 -0.1452300 0.0974300
v -0.0431668 -0.1483870 0.1479620
v -0.0424290 -0.1493650 0.1311390
v -0.0391812 -0.1513290 0.1470640
v -0.0553974 -0.1396250 0.1543750
v -0.0511059 -0.1424230 0.1518560
v -0.0516475 -0.1424070 0.1690660
v -0.0465595 -0.1491500 0.2044790
v -0.0461279 -0.1482360 0.1938720
v -0.0442904 -0.1505030 0.2035750
v -0.0570441 -0.1459290 0.2132250
v -0.0515806 -0.1475240 0.2113460
v -0.0527151 -0.1499310 0.2214690
v -0.0444435 -0.1572210 0.2324000
v -0.0441860 -0.1548930 0.2263940
v -0.0386098 -0.1563360 0.2214110
v -0.0880713 -0.1539520 0.2523060
v -0.0717020 -0.1560230 0.2480220
v -0.0789761 -0.1590310 0.2578410
v -0.0479274 -0.1710250 0.2595180
v -0.0499310 -0.1667810 0.2549340
v -0.0359625 -0.1703900 0.2529990
v -0.0703904 -0.1754820 0.2796900
v -0.0667160 -0.1728880 0.2728970
v -0.0601822 -0.1778420 0.2744940
v -0.0253492 -0.1693480 0.2460150
v -0.0241556 -0.1733630 0.2516860
v -0.0065822 -0.1819080 0.2558510
v -0.0069389 -0.1774540 0.2520750
v 0.0000642 -0.1793170 0.2536560
v 0.0230153 -0.1775200 0.2553140
v 0.0149340 -0.1755140 0.2512110
v 0.0234418 -0.1729360 0.2505600
v 0.0303457 -0.1621380 0.2334390
v 0.0237985 -0.1652610 0.2357090
v 0.0257109 -0.1620660 0.2254660
v 0.0535436 -0.1566070 0.2374100
v 0.0436036 -0.1597700 0.2387520
v 0.0479299 -0.1549650 0.2311190
v 0.0458753 -0.1508030 0.2132070
v 0.0436572 -0.1530730 0.2200180
v 0.0435578 -0.1520680 0.2125980
v 0.0557295 -0.1414240 0.1878370
v 0.0518162 -0.1451820 0.1992620
v 0.0520952 -0.1433320 0.1850440
v 0.0442419 -0.1477760 0.1645030
v 0.0453092 -0.1477710 0.1803670
v 0.0417260 -0.1502580 0.1793330
v 0.0546083 -0.1408180 0.1171100
v 0.0506548 -0.1430430 0.1339350
v 0.0501559 -0.1440260 0.1157060
v 0.0415516 -0.1524770 0.0975550
v 0.0419968 -0.1507020 0.1142930
v 0.0379120 -0.1540290 0.1144020
v 0.0524064 -0.1483150 0.0457446
v 0.0488364 -0.1490570 0.0622803
v 0.0482196 -0.1526370 0.0470972
v 0.0402858 -0.1687020 0.0347819
v 0.0403743 -0.1629590 0.0494386
v 0.0361659 -0.1678040 0.0517029
v 0.0538359 -0.1430770 0.0791961
v 0.0581514 -0.1416530 0.0607522
v 0.0587871 -0.1397500 0.0795947
v 0.0701003 -0.1329230 0.1052940
v 0.0703366 -0.1334540 0.0861403
v 0.0762801 -0.1306160 0.0942356
v 0.0555177 -0.1396250 0.1543700
v 0.0599969 -0.1371080 0.1379160
v 0.0603320 -0.1369490 0.1566420
v 0.0728659 -0.1324490 0.1760500
v 0.0720585 -0.1316420 0.1601340
v 0.0793592 -0.1290420 0.1611090
v 0.0560971 -0.1466440 0.2142030
v 0.0617913 -0.1413740 0.2028530
v 0.0646209 -0.1438190 0.2139960
v 0.0993090 -0.1338770 0.2107670
v 0.0899592 -0.1339430 0.2029880
v 0.1020980 -0.1279370 0.1945100
v 0.0891677 -0.1550920 0.2542090
v 0.0927377 -0.1480760 0.2407260
v 0.1026990 -0.1491310 0.2498820
v 0.1229520 -0.1350720 0.2422790
v 0.1197550 -0.1344190 0.2355760
v 0.1259240 -0.1264510 0.2307870
v 0.1176070 -0.1540610 0.2816350
v 0.1193230 -0.1483790 0.2681500
v 0.1219710 -0.1473670 0.2726130
v 0.1320450 -0.1337920 0.2628590
v 0.1305830 -0.1345860 0.2582400
v 0.1342330 -0.1293510 0.2559090
v 0.1365270 -0.1239130 0.2509100
v 0.1369500 -0.1251520 0.2573710
v 0.0422758 -0.1678620 0.2514070
v 0.0568319 -0.1643200 0.2533210
v 0.0503143 -0.1699300 0.2586410
v 0.0619305 -0.1773770 0.2753580
v 0.0689177 -0.1722900 0.2734740
v 0.0749364 -0.1740490 0.2814150
v 0.0947280 -0.1720000 0.2963110
v 0.1006100 -0.1725290 0.3045680
v 0.1153700 -0.1597510 0.2946470
v 0.1129160 -0.1605460 0.2897380
v 0.1029270 -0.1752660 0.3329570
v 0.1081870 -0.1707590 0.3204840
v 0.1072370 -0.1703660 0.3266230
v 0.1007010 -0.1775490 0.3245370
v 0.0954174 -0.1820490 0.3390690
v 0.0932634 -0.1835000 0.3355370
v 0.0774173 -0.1944200 0.3586270
v 0.0691779 -0.1991210 0.3686460
v 0.0625583 -0.2018290 0.3804140
v 0.0607370 -0.2033360 0.3774400
v 0.0433245 -0.2107640 0.3917460
v 0.0345674 -0.2142560 0.3974780
v 0.1128860 -0.1144790 0.1458810
v 0.1042200 -0.1206440 0.1569370
v 0.1029060 -0.1196180 0.1346290
v 0.0811964 -0.1282560 0.1082070
v 0.0843186 -0.1268050 0.1264880
v 0.0769613 -0.1294650 0.1259890
v 0.0849113 -0.1305090 0.0495530
v 0.0848039 -0.1283190 0.0697349
v 0.0766556 -0.1332600 0.0543286
v 0.1025760 -0.1188900 0.0924867
v 0.1041050 -0.1184200 0.0725839
v 0.1127650 -0.1115260 0.0964838
v 0.0396581 -0.1525200 0.1941440
v 0.0378046 -0.1527400 0.1794200
v 0.0267731 -0.1580770 0.1635990
v 0.0284413 -0.1574600 0.1804990
v 0.0229188 -0.1597140 0.1808740
v 0.0342107 -0.1553500 0.1307140
v 0.0335936 -0.1571100 0.1148370
v 0.0239004 -0.1652150 0.1009220
v 0.0243591 -0.1624650 0.1160070
v 0.0195366 -0.1646970 0.1166290
v 0.0321213 -0.1669270 0.0684965
v 0.0318101 -0.1719420 0.0535420
v 0.0224709 -0.1828860 0.0440756
v 0.0228088 -0.1781100 0.0568242
v 0.0182196 -0.1802310 0.0593170
v 0.0362946 -0.1908510 -0.0035676
v 0.0312092 -0.1885120 0.0119927
v 0.0296643 -0.1929080 0.0026777
v 0.0362999 -0.1797180 0.0220252
v 0.0410448 -0.1816660 0.0066933
v 0.0405003 -0.1752610 0.0204864
v 0.0481524 -0.1573510 0.0327036
v 0.0487264 -0.1631240 0.0190434
v 0.0189224 -0.1617100 0.1978830
v 0.0169885 -0.1618590 0.1811210
v 0.0047124 -0.1649810 0.1649710
v 0.0048250 -0.1646170 0.1817780
v -0.0013171 -0.1648780 0.1819960
v 0.0149555 -0.1646310 0.1324390
v 0.0146363 -0.1667330 0.1173360
v 0.0046292 -0.1726090 0.1039280
v 0.0047392 -0.1695840 0.1185740
v -0.0002201 -0.1700550 0.1188610
v 0.0137539 -0.1778840 0.0739313
v 0.0139255 -0.1823810 0.0604067
v 0.0060159 -0.1903620 0.0434165
v 0.0052568 -0.1858040 0.0596120
v -0.0001423 -0.1864550 0.0591974
v 0.0216903 -0.1933200 0.0141667
v 0.0253944 -0.1959990 -0.0016436
v -0.0683494 -0.1497560 0.2319560
v -0.0822081 -0.1458520 0.2303620
v -0.0726462 -0.1446590 0.2218650
v -0.0756127 -0.1333000 0.1878820
v -0.0816287 -0.1337700 0.1957940
v -0.0853194 -0.1296160 0.1805710
v -0.0556066 -0.1414240 0.1878420
v -0.0606167 -0.1391710 0.1896630
v -0.0602681 -0.1376290 0.1742460
v -0.0714769 -0.1317110 0.1220260
v -0.0717020 -0.1314020 0.1417750
v -0.0786381 -0.1286150 0.1240620
v -0.0544907 -0.1408180 0.1171120
v -0.0594527 -0.1377750 0.1186010
v -0.0590424 -0.1387030 0.0990723
v -0.0949296 -0.1226530 0.1301240
v -0.1031130 -0.1192330 0.1348330
v -0.1136780 -0.1179920 0.1776400
v -0.1038500 -0.1225760 0.1728830
v -0.1028420 -0.1266690 0.1918740
v -0.0381269 -0.1545950 0.2084040
v -0.0341465 -0.1569420 0.2099510
v -0.0227958 -0.1597300 0.1702040
v -0.0283184 -0.1573970 0.1761350
v -0.0266499 -0.1581540 0.1594270
v -0.0074565 -0.1642430 0.1819880
v -0.0132098 -0.1630250 0.1806590
v -0.0066144 -0.1647820 0.1651750
v -0.0054396 -0.1674210 0.1337200
v -0.0051794 -0.1696720 0.1187630
v -0.0232598 -0.1613620 0.2122450
v -0.0157900 -0.1636920 0.2138130
v -0.0249522 -0.1629320 0.2269940
v -0.0303836 -0.1566870 0.1459640
v -0.0254913 -0.1592650 0.1432050
v -0.0185955 -0.1666770 0.1086880
v -0.0232169 -0.1636630 0.1129820
v -0.0212804 -0.1674660 0.0990166
v -0.0100717 -0.1686780 0.1174100
v -0.0050695 -0.1726960 0.1041190
v -0.0049353 -0.1812120 0.0746755
v -0.0056059 -0.1859130 0.0589370
v -0.0367616 -0.1701690 0.0430949
v -0.0403585 -0.1640140 0.0460343
v -0.0406992 -0.1692420 0.0317867
v -0.0491183 -0.1783170 -0.0053803
v -0.0490460 -0.1703520 0.0063054
v -0.0534287 -0.1708230 -0.0029192
v -0.0347796 -0.1914190 -0.0034906
v -0.0403128 -0.1882220 -0.0055689
v -0.0385481 -0.1937850 -0.0152240
v -0.0370327 -0.1797740 0.0198912
v -0.0326017 -0.1828250 0.0235028
v -0.0341333 -0.1766480 0.0349811
v -0.0362870 -0.1616410 0.0750077
v -0.0321698 -0.1683410 0.0659132
v -0.0318775 -0.1644210 0.0826670
v -0.0224820 -0.1701350 0.0862493
v -0.0180377 -0.1726010 0.0858188
v -0.0111204 -0.1843420 0.0589449
v -0.0087333 -0.1898200 0.0431533
v -0.0146260 -0.1921660 0.0281033
v -0.0082344 -0.1939570 0.0260595
v 0.0022743 -0.1999270 -0.0088403
v -0.0069013 -0.1991850 -0.0049470
v -0.0037069 -0.2008460 -0.0145941
v 0.0183269 -0.1979470 -0.0031876
v 0.0281168 -0.1982100 -0.0138766
v -0.0825219 0.0708907 0.2856590
v -0.0781419 0.0716003 0.2743690
v -0.0882510 0.0635583 0.2901660
v -0.1020720 0.0438494 0.3092560
v -0.0951842 0.0505572 0.2968020
v -0.0989663 0.0439078 0.3018810
v -0.0910699 0.0306118 -0.4296250
v -0.1011950 0.0443038 -0.4246660
v -0.0903646 0.0468763 -0.4324580
v -0.0727589 0.0868045 -0.4420680
v -0.0874920 0.0769633 -0.4366170
v -0.2096580 0.1092850 -0.3749090
v -0.1998100 0.1078340 -0.3641970
v -0.2069470 0.1153870 -0.3758660
v -0.2034410 0.1419420 -0.3964280
v -0.1985030 0.1322790 -0.3818780
v -0.1905450 0.1406530 -0.3837650
v -0.2375740 0.1349660 -0.4282110
v -0.2287850 0.1381290 -0.4192860
v -0.2358550 0.1446480 -0.4353810
v -0.2342290 0.1640590 -0.4608360
v -0.2266310 0.1604100 -0.4448770
v -0.2206070 0.1660820 -0.4496070
v -0.1606100 0.1391150 -0.3619720
v -0.1700000 0.1353250 -0.3621240
v -0.1621170 0.1346680 -0.3560060
v -0.1549130 0.1335360 -0.3431640
v -0.1606770 0.1294090 -0.3463370
v -0.1613450 0.1284710 -0.3407380
v -0.1666800 0.1228420 -0.3376630
v -0.1626270 0.1288480 -0.3326880
v -0.1250210 0.1357420 -0.4143830
v -0.1319570 0.1252680 -0.4269090
v -0.1307230 0.1375810 -0.4188830
v -0.1495810 0.1547810 -0.4248060
v -0.1476900 0.1443930 -0.4330980
v -0.1592210 0.1490330 -0.4428090
v -0.1690160 0.1397360 -0.4609790
v -0.1714860 0.1530300 -0.4544630
v -0.2009470 0.1674470 -0.4760000
v -0.1956170 0.1600990 -0.4783520
v -0.2055410 0.1633490 -0.4862560
v -0.2327330 0.1656110 -0.5076100
v -0.2242140 0.1594880 -0.5068630
v -0.2337980 0.1594270 -0.5157020
v -0.2431560 0.1530560 -0.5281320
v -0.2366220 0.1497420 -0.5247440
v -0.2391700 0.1480070 -0.5272100
v -0.2555580 0.1629690 -0.5289480
v -0.2523100 0.1610290 -0.5296360
v -0.2550970 0.1596550 -0.5310580
v -0.0655599 0.1004830 0.0695463
v -0.0676895 0.0980835 0.0692672
v -0.0807302 0.0892071 0.0643957
v -0.0755162 0.0937994 0.0665431
v -0.0812131 0.0917211 0.0642655
v -0.0812907 0.0949076 0.0634761
v -0.0873766 0.0910089 0.0615255
v -0.1084580 0.0883460 0.0507303
v -0.0997306 0.0922634 0.0542596
v -0.1055370 0.0927391 0.0494226
v -0.1121810 0.0725650 0.0514318
v -0.1102580 0.0779519 0.0525800
v -0.1188190 0.0724985 0.0486307
v -0.1479880 0.0597659 0.0318052
v -0.1381230 0.0679327 0.0381783
v -0.1486500 0.0660751 0.0316378
v -0.1484870 0.0735085 0.0310213
v -0.1577880 0.0671912 0.0252516
v -0.1769630 0.0752305 0.0048172
v -0.1707650 0.0766045 0.0118200
v -0.1752920 0.0814122 0.0039455
v -0.1798570 0.0498210 0.0001903
v -0.1790120 0.0583600 0.0033236
v -0.1837730 0.0570950 -0.0043197
v -0.1941850 0.0723976 -0.0272630
v -0.1906340 0.0733437 -0.0185806
v -0.1928630 0.0799878 -0.0275873
v -0.1945390 0.0467089 -0.0307260
v -0.1946810 0.0534593 -0.0283315
v -0.1968240 0.0513306 -0.0354937
v -0.2009820 0.0510569 -0.0591599
v -0.2008930 0.0571322 -0.0519232
v -0.2025130 0.0604675 -0.0621763
v -0.2028350 0.0703459 -0.0630559
v -0.2034980 0.0657614 -0.0722939
v -0.2024330 0.0836340 -0.1012990
v -0.2028160 0.0815796 -0.0898262
v -0.2010110 0.0883008 -0.0960051
v -0.2023770 0.0665853 -0.1100510
v -0.2032990 0.0716640 -0.1072680
v -0.2032130 0.0757434 -0.1199820
v -0.2041570 0.0925132 -0.1477780
v -0.2035490 0.0902462 -0.1364440
v -0.2029290 0.0958112 -0.1420560
v -0.2031410 0.0830493 -0.1650500
v -0.2041090 0.0848564 -0.1593020
v -0.2038250 0.0859621 -0.1706760
v -0.2013250 0.0883167 -0.2030120
v -0.2026870 0.0918008 -0.1905580
v -0.2015290 0.0948890 -0.2014970
v -0.1074550 0.0580437 0.0533479
v -0.1061030 0.0602788 0.0517374
v -0.1148470 0.0543018 0.0477484
v -0.1395260 0.0449948 0.0310612
v -0.1294810 0.0494888 0.0371258
v -0.1356020 0.0484736 0.0336391
v -0.1988570 -0.0832860 -0.2400510
v -0.2026100 -0.0561092 -0.2439630
v -0.2153130 -0.0302107 -0.2181180
v -0.2120670 -0.0493296 -0.2198640
v -0.2157770 -0.0458109 -0.2088640
v -0.2084410 0.0246242 -0.2499720
v -0.2121660 0.0055344 -0.2376410
v -0.2141460 0.0183096 -0.2324980
v -0.2207700 0.0058187 -0.2003570
v -0.2204350 0.0016968 -0.2057730
v -0.2214790 -0.0072780 -0.1961740
v -0.2155300 0.0366127 -0.2007390
v -0.2179890 0.0264446 -0.2018370
v -0.2182170 0.0238161 -0.1904810
v -0.2217660 -0.0132762 -0.1576410
v -0.2216260 -0.0059784 -0.1704400
v -0.2222160 -0.0237154 -0.1617760
v -0.2155700 0.0238534 -0.1496070
v -0.2186140 0.0117506 -0.1520520
v -0.2184830 0.0076339 -0.1390980
v -0.2197060 -0.0339314 -0.1082200
v -0.2205830 -0.0292433 -0.1200380
v -0.2201080 -0.0484207 -0.1106090
v -0.2136280 0.0066532 -0.0996036
v -0.2165190 -0.0060662 -0.1027500
v -0.2154220 -0.0111156 -0.0894116
v -0.2028510 0.0743827 -0.2320170
v -0.2075390 0.0618707 -0.2220140
v -0.2042590 0.0729450 -0.2161860
v -0.1997670 0.0707950 -0.1886500
v -0.2035570 0.0656605 -0.1936040
v -0.2030980 0.0623251 -0.1820190
v -0.1966850 0.0792303 -0.1838690
v -0.1965670 0.0787492 -0.1890620
v -0.1950510 0.0761209 -0.1770490
v -0.1951480 0.0617007 -0.1417960
v -0.1953570 0.0661202 -0.1553340
v -0.1976830 0.0583414 -0.1428670
v -0.1941850 0.0631623 -0.1324440
v -0.1936810 0.0638400 -0.1373180
v -0.1938230 0.0587825 -0.1251300
v -0.1961300 0.0405274 -0.0933395
v -0.1961750 0.0455955 -0.1049190
v -0.1980660 0.0380531 -0.0944345
v -0.1955910 0.0452180 -0.0918194
v -0.1948480 0.0434109 -0.0919018
v -0.1947940 0.0396609 -0.0818719
v -0.1918970 0.0332401 -0.0531004
v -0.1926370 0.0328840 -0.0611212
v -0.1906260 0.0311193 -0.0501850
v -0.2070460 0.0515671 -0.1721170
v -0.2026020 0.0592449 -0.1697810
v -0.2016500 0.0527604 -0.1442200
v -0.2015130 0.0482743 -0.1311390
v -0.2060130 0.0360998 -0.1206120
v -0.2015770 0.0431850 -0.1189910
v -0.2009950 0.0339470 -0.0958112
v -0.1996000 0.0309386 -0.0841309
v -0.1419610 0.0826134 -0.3650390
v -0.1416390 0.0695380 -0.3634870
v -0.1454290 0.0684536 -0.3584610
v -0.1609180 0.0371868 -0.3365310
v -0.1567290 0.0353741 -0.3406370
v -0.1665240 0.0741888 -0.3384230
v -0.1639650 0.0625458 -0.3384500
v -0.1728300 0.0536055 -0.3274740
v -0.1840870 -0.0199974 -0.2986170
v -0.1786660 0.0009580 -0.3107700
v -0.1787250 -0.0210206 -0.3058010
v -0.1980070 -0.0097788 -0.2714430
v -0.1930240 -0.0124311 -0.2825810
v -0.1866270 0.0398124 -0.3041290
v -0.1939440 0.0350898 -0.2876970
v -0.1869780 0.0567096 -0.3049930
v -0.1850390 0.0732984 -0.3116660
v -0.1883940 0.0679300 -0.3035580
v -0.1874210 0.0707313 -0.3059200
v -0.1834190 0.0789884 -0.3131410
v -0.1885870 0.0724215 -0.3001530
v -0.1884130 0.0768624 -0.2967040
v -0.1980180 0.0855528 -0.2434820
v -0.1993430 0.0743349 -0.2529350
v -0.1885280 0.1097210 -0.2674700
v -0.1910340 0.1027820 -0.2623700
v -0.1919240 0.1128570 -0.2448480
v -0.1780550 0.1045730 -0.3218900
v -0.1809810 0.1056130 -0.3073080
v -0.1787550 0.1118550 -0.3095210
v -0.1714940 0.1341790 -0.2803730
v -0.1782050 0.1283330 -0.2753760
v -0.1748090 0.1374880 -0.2575010
v -0.1646120 0.1298550 -0.3201730
v -0.1576730 0.1341950 -0.3275830
v -0.0322020 0.1441510 0.0794777
v -0.0382342 0.1400180 0.0791057
v -0.0338999 0.1389760 0.0902836
v -0.0434509 0.1201740 0.1341240
v -0.0425202 0.1250340 0.1142870
v -0.0472731 0.1168890 0.1260470
v -0.0280555 0.1281840 0.1513130
v -0.0336182 0.1268520 0.1433910
v -0.0352330 0.1219460 0.1643010
v -0.1743100 0.1101890 -0.3332620
v -0.1766790 0.1042650 -0.3375350
v -0.1765260 0.1040710 -0.3312740
v -0.1808740 0.0920136 -0.3164340
v -0.1788160 0.0925265 -0.3267850
v -0.1795890 0.0871527 -0.3241280
v -0.1786340 0.0847156 -0.3288420
v -0.1801010 0.0829961 -0.3226610
v -0.1737420 0.0805219 -0.3346840
v -0.1675620 0.0872723 -0.3449500
v -0.1675300 0.0819916 -0.3401900
v -0.1503180 0.0812341 -0.3559210
v -0.1505460 0.0898263 -0.3581800
v -0.1447990 0.0893319 -0.3635240
v -0.0419597 0.1141540 0.1814720
v -0.0370271 0.1167240 0.1866040
v -0.0377835 0.1052190 0.2400270
v -0.0435529 0.1047040 0.2317040
v -0.0495663 0.0977035 0.2524570
v -0.0621242 0.0887977 0.2655800
v -0.0583719 0.0899617 0.2713160
v -0.0711845 0.0744732 0.3073960
v -0.0783968 0.0741489 0.3024230
v -0.0860061 0.0671806 0.3140710
v -0.2060400 -0.0335726 -0.0292748
v -0.2100260 -0.0224025 -0.0417152
v -0.2095190 -0.0342768 -0.0389672
v -0.2088650 -0.0646854 -0.0419252
v -0.2118040 -0.0466587 -0.0507591
v -0.2124320 -0.0561145 -0.0553143
v -0.2150520 -0.0487821 -0.0691658
v -0.2131160 -0.0665696 -0.0597339
v -0.2113720 -0.1015760 -0.0658012
v -0.2139630 -0.0868739 -0.0699844
v -0.2137190 -0.0971802 -0.0752757
v -0.1961670 -0.1315940 -0.0421936
v -0.2029640 -0.1207320 -0.0493612
v -0.1981550 -0.1395960 -0.0530659
v -0.1972350 -0.1660740 -0.0873758
v -0.2017000 -0.1504390 -0.0770643
v -0.2032880 -0.1532930 -0.0901477
v -0.1688310 -0.1980180 -0.0809444
v -0.1795920 -0.1887380 -0.0825363
v -0.1738170 -0.2002060 -0.0976821
v -0.2059600 -0.0930475 -0.0417152
v -0.1999280 -0.1024950 -0.0317757
v -0.2048730 -0.0833843 -0.0350898
v -0.2069570 -0.0485642 -0.0324374
v -0.2026100 -0.0643771 -0.0245921
v -0.2012420 -0.0559391 -0.0202203
v -0.1992650 -0.1215530 -0.2136420
v -0.1946490 -0.1444030 -0.2072590
v -0.1994310 -0.1362420 -0.2008430
v -0.2051710 -0.1432000 -0.1700940
v -0.2007380 -0.1548660 -0.1747160
v -0.2022560 -0.1580480 -0.1608250
v -0.2158090 -0.0825286 -0.1810600
v -0.2123140 -0.1040550 -0.1792920
v -0.2156100 -0.0917001 -0.1723560
v -0.2177240 -0.0913918 -0.1515040
v -0.2156960 -0.1027960 -0.1556020
v -0.2160370 -0.1037230 -0.1480600
v -0.2220370 -0.0418856 -0.1561500
v -0.2210390 -0.0600132 -0.1535400
v -0.2214200 -0.0546102 -0.1456970
v -0.2176350 -0.0931458 -0.1173300
v -0.2182360 -0.0895342 -0.1284020
v -0.2158030 -0.1073590 -0.1227460
v -0.2198850 -0.0630695 -0.1124960
v -0.2189630 -0.0664128 -0.1011500
v -0.2151620 -0.0966858 -0.0852444
v -0.2125580 -0.1099450 -0.0800142
v -0.2078830 -0.1401110 -0.0928825
v -0.2046880 -0.1544360 -0.1037180
v -0.2044770 -0.1561980 -0.1460690
v -0.2070430 -0.1497930 -0.1314550
v -0.2084010 -0.1427110 -0.1437230
v -0.1871550 -0.1899900 -0.1529500
v -0.1940620 -0.1796810 -0.1504890
v -0.1912590 -0.1799600 -0.1681490
v -0.2148460 -0.1123660 -0.1409960
v -0.2171070 -0.0979190 -0.1418700
v -0.1785990 -0.1996240 -0.1158310
v -0.1691580 -0.2082020 -0.1154830
v -0.1545620 -0.2194760 -0.1515470
v -0.1623290 -0.2137140 -0.1542390
v -0.1592150 -0.2128530 -0.1709610
v -0.1353390 -0.2223780 -0.0932678
v -0.1425860 -0.2245810 -0.1113660
v -0.1339360 -0.2267260 -0.1049450
v -0.2203090 -0.0600504 -0.1684550
v -0.2216240 -0.0413806 -0.1721990
v -0.2205000 -0.0512538 -0.1771370
v -0.2186520 -0.0396399 -0.2003670
v -0.2205290 -0.0310876 -0.1949330
v -0.2197920 -0.0215495 -0.2042320
v -0.2083550 -0.1037550 -0.1976270
v -0.2125070 -0.0807667 -0.1989990
v -0.2083070 -0.0890716 -0.2087870
v -0.0109299 -0.0029912 0.3977920
v -0.0125473 -0.0056196 0.3967020
v -0.0315370 -0.0075118 0.3894310
v -0.0323657 -0.0048623 0.3897310
v -0.0411765 -0.0045726 0.3854850
v 0.0000669 -0.0166249 0.3973350
v -0.0111284 -0.0134384 0.3954510
v -0.0117936 -0.0177835 0.3964150
v -0.0392428 -0.0217993 0.3896330
v -0.0355548 -0.0159552 0.3887960
v -0.0458005 -0.0143898 0.3839510
v -0.0298338 -0.0572918 0.4089140
v -0.0316199 -0.0436636 0.4024220
v -0.0401089 -0.0557663 0.4041730
v -0.0683092 -0.0622934 0.3918260
v -0.0601312 -0.0516895 0.3924790
v -0.0698057 -0.0480034 0.3856250
v -0.0610486 -0.1074540 0.4102690
v -0.0640982 -0.0922981 0.4037450
v -0.0707580 -0.1010040 0.4020180
v -0.0966058 -0.0811785 0.3783830
v -0.0908204 -0.0793049 0.3818990
v -0.1003050 -0.0658334 0.3708140
v -0.0771684 -0.1307350 0.4109980
v -0.0847857 -0.1154510 0.3994000
v -0.0877011 -0.1192970 0.3999790
v -0.1103410 -0.0954420 0.3770090
v -0.1077070 -0.0908629 0.3762550
v -0.1162850 -0.0753796 0.3639630
v -0.0843993 -0.1436990 0.4134830
v -0.0940417 -0.1300970 0.4020360
v -0.0954470 -0.1333690 0.4020840
v -0.1174460 -0.1133040 0.3768390
v -0.1163840 -0.1087490 0.3774800
v -0.1254550 -0.0956148 0.3647280
v -0.0814116 -0.1377670 0.4127890
v -0.0723512 -0.1490730 0.4237300
v -0.0708223 -0.1461680 0.4231080
v -0.0481206 -0.1533570 0.4397480
v -0.0499366 -0.1571150 0.4410870
v -0.0393260 -0.1608700 0.4486350
v -0.0709671 -0.1220370 0.4096420
v -0.0644227 -0.1346690 0.4196850
v -0.0612256 -0.1290290 0.4184820
v -0.0394947 -0.1242910 0.4280010
v -0.0428662 -0.1337460 0.4304540
v -0.0341465 -0.1322550 0.4333700
v -0.0469807 -0.0839293 0.4111280
v -0.0450872 -0.0989873 0.4168440
v -0.0374053 -0.0856115 0.4162360
v -0.0093314 -0.0783296 0.4217270
v -0.0183434 -0.0897255 0.4238470
v -0.0090203 -0.0936694 0.4266620
v -0.0110802 -0.0346436 0.4038010
v -0.0100127 -0.0485190 0.4101790
v 0.0000669 -0.0396001 0.4070700
v -0.0256335 -0.1267990 0.4339780
v -0.0174154 -0.1181590 0.4329680
v -0.0255933 -0.1149460 0.4298850
v -0.0303568 -0.1683960 0.4564670
v -0.0286213 -0.1649040 0.4553560
v -0.0045518 -0.1657870 0.4611740
v -0.0077409 -0.1703580 0.4637970
v -0.0107583 -0.1433220 0.4449170
v -0.0097230 -0.1518500 0.4504530
v -0.0022451 -0.1445650 0.4465670
v -0.0268325 -0.1369120 0.4379670
v -0.1203160 -0.0553357 0.3515250
v -0.1233310 -0.0598963 0.3516690
v -0.1359960 -0.0398260 0.3270940
v -0.1332200 -0.0327753 0.3253080
v -0.1363040 -0.0238138 0.3120460
v -0.1037400 -0.0421805 0.3611490
v -0.1038240 -0.0325680 0.3579590
v -0.0903404 -0.0128802 0.3592880
v -0.0891870 -0.0243028 0.3647710
v -0.0820497 -0.0180626 0.3665830
v -0.1094130 0.0041658 0.3362970
v -0.1043680 -0.0015535 0.3439010
v -0.1047650 0.0073390 0.3391730
v -0.1023480 0.0184691 0.3374030
v -0.0991459 0.0124337 0.3424070
v -0.0977754 0.0143949 0.3434860
v -0.1216140 -0.0085085 0.3261900
v -0.1184980 -0.0030630 0.3291110
v -0.1207000 0.0039956 0.3188980
v -0.1100540 0.0286531 0.3004990
v -0.1137020 0.0216024 0.3121080
v -0.1092600 0.0282252 0.3083810
v -0.0733973 -0.0224264 0.3733520
v -0.0764469 -0.0118252 0.3674070
v -0.0774982 0.0028209 0.3627350
v -0.0707447 -0.0033394 0.3681120
v -0.0690066 -0.0007190 0.3689970
v -0.0922313 0.0107008 0.3495530
v -0.0974347 0.0170153 0.3437070
v -0.1022650 0.0326528 0.3362150
v -0.0979388 0.0249803 0.3428990
v -0.0977698 0.0296471 0.3427740
v -0.0850082 0.0247463 0.3568780
v -0.0856144 0.0210256 0.3570080
v -0.0793248 0.0182272 0.3629720
v -0.0558346 0.0105147 0.3791730
v -0.0632156 0.0091673 0.3750030
v -0.0530128 0.0057630 0.3810060
v -0.0504997 -0.0018857 0.3811180
v -0.0473696 -0.0051015 0.3821040
v -0.0529136 -0.0086945 0.3790770
v -0.0553892 -0.0124151 0.3788780
v 0.0447703 -0.1753280 0.2622660
v 0.0407068 -0.1808870 0.2649930
v 0.0316036 -0.1795110 0.2598930
v 0.0067105 -0.1819080 0.2558480
v 0.0132711 -0.1850920 0.2583360
v 0.0063029 -0.1869860 0.2586070
v 0.0056457 -0.1924430 0.2607920
v 0.0000642 -0.1892530 0.2594280
v -0.0176273 -0.1939390 0.2631810
v -0.0104847 -0.1960010 0.2627790
v -0.0148486 -0.1993310 0.2654400
v -0.0228119 -0.1778710 0.2558030
v -0.0213206 -0.1828780 0.2588830
v -0.0314002 -0.1798590 0.2603820
v -0.0484613 -0.1819160 0.2701700
v -0.0537827 -0.1833510 0.2753130
v 0.0005336 -0.1939950 0.4591030
v -0.0097981 -0.1925410 0.4596990
v -0.0091222 -0.1927480 0.4561990
v -0.0268110 -0.1840820 0.4395700
v -0.0280635 -0.1851550 0.4449750
v -0.0371640 -0.1802310 0.4372440
v -0.0481073 -0.1757130 0.4329100
v -0.0464925 -0.1752740 0.4285800
v -0.0640018 -0.1637700 0.4018160
v -0.0646587 -0.1653060 0.4081910
v -0.0727321 -0.1604550 0.3965320
v -0.0442556 -0.1655850 0.3978690
v -0.0509959 -0.1660210 0.4010530
v -0.0523664 -0.1613250 0.3885250
v -0.0691379 -0.1465080 0.3528140
v -0.0715412 -0.1516510 0.3661900
v -0.0812372 -0.1464920 0.3538610
v -0.0397416 -0.1746290 0.4207430
v -0.0351309 -0.1738310 0.4159830
v -0.0312633 -0.1781180 0.4253830
v -0.0088566 -0.1835630 0.4268720
v -0.0149934 -0.1805760 0.4227580
v -0.0081646 -0.1790930 0.4174190
v -0.0088137 -0.1918450 0.4508970
v -0.0089264 -0.1898140 0.4436120
v -0.0004079 -0.1914910 0.4461790
v -0.0985934 -0.1462240 0.3893060
v -0.1036970 -0.1439680 0.3784210
v -0.0913301 -0.1523180 0.3915840
v -0.0828597 -0.1557430 0.3873050
v -0.0798021 -0.1556930 0.3836800
v -0.0896215 -0.1463170 0.3557350
v -0.0899380 -0.1413070 0.3413520
v -0.0940765 -0.1264060 0.3042120
v -0.1029550 -0.1310860 0.3167000
v -0.1075460 -0.1265200 0.3056810
v -0.1166630 -0.1257120 0.3070580
v -0.1107680 -0.1228900 0.2969030
v -0.1133590 -0.1191830 0.2875350
v -0.1130210 -0.1186300 0.2856670
v -0.1225560 -0.1185980 0.2881440
v -0.1131310 -0.1185900 0.2847790
v -0.1538540 0.0408515 0.0207868
v -0.1564200 0.0378484 0.0181238
v -0.1487040 0.0410695 0.0246616
v -0.1246580 0.0485932 0.0427627
v -0.1348880 0.0432832 0.0368947
v -0.1277960 0.0435517 0.0441632
v -0.1244010 0.1505080 -0.3829120
v -0.1315760 0.1534820 -0.3940200
v -0.1344800 0.1521560 -0.3858270
v -0.1743750 0.1522720 -0.3916980
v -0.1664620 0.1568490 -0.3992450
v -0.1845130 0.1576570 -0.4070530
v -0.1493690 0.1409140 -0.3606650
v -0.1556020 0.1434150 -0.3677450
v -0.1199270 0.1444480 -0.3559100
v -0.1281590 0.1428540 -0.3578690
v -0.1280860 0.1429470 -0.3519530
v -0.1513270 0.1366700 -0.3368820
v -0.1473520 0.1375330 -0.3450110
v -0.1535750 0.1446290 -0.2875430
v -0.1521610 0.1408920 -0.3082240
v -0.1626000 0.1385350 -0.2913220
v -0.2039050 0.1669560 -0.4391180
v -0.2133710 0.1700360 -0.4547150
v -0.2097930 0.1707320 -0.4790750
v -0.2019340 0.1708470 -0.4677220
v -0.2392610 0.1689570 -0.5063950
v -0.2302550 0.1699940 -0.4966260
v -0.1437020 0.0981898 -0.3927710
v -0.1539770 0.1012570 -0.3971910
v -0.1535990 0.0981792 -0.4030670
v -0.1802490 0.0954445 -0.4355460
v -0.1782290 0.0990216 -0.4295610
v -0.1877260 0.0996381 -0.4416850
v -0.2123990 0.1085200 -0.4768560
v -0.2070830 0.1085040 -0.4652690
v -0.2169300 0.1152920 -0.4789950
v -0.2292000 0.1248110 -0.4842250
v -0.2217420 0.1192670 -0.4745070
v -0.2245740 0.1187920 -0.4691650
v -0.2474450 0.1442460 -0.5139140
v -0.2416220 0.1377250 -0.5057580
v -0.2477880 0.1425430 -0.5080430
v -0.2449770 0.1387980 -0.5200770
v -0.2460150 0.1420560 -0.5189000
v -0.2503280 0.1470790 -0.5239920
v -0.2574780 0.1579410 -0.5303540
v -0.2569470 0.1567880 -0.5286500
v -0.2585080 0.1592730 -0.5287860
v -0.2098300 0.0963880 -0.3879980
v -0.2014810 0.0924945 -0.3697960
v -0.2129550 0.0963162 -0.3842430
v -0.2267970 0.1041350 -0.3973320
v -0.2170590 0.0987612 -0.3830870
v -0.2204650 0.1020830 -0.3869640
v -0.2479810 0.1227380 -0.4421290
v -0.2416000 0.1154460 -0.4263030
v -0.2480210 0.1242880 -0.4412070
v -0.2472810 0.1245770 -0.4578650
v -0.2474290 0.1224910 -0.4493310
v -0.2524280 0.1300470 -0.4643570
v -0.2605980 0.1496180 -0.4983350
v -0.2591790 0.1440100 -0.4864630
v -0.2608820 0.1504170 -0.4976330
v -0.2595520 0.1512250 -0.5079690
v -0.2599110 0.1502000 -0.5040510
v -0.2604420 0.1542630 -0.5126940
v -0.2597610 0.1602900 -0.5269840
v -0.2609410 0.1598360 -0.5229520
v -0.2604100 0.1613080 -0.5256210
v -0.2559630 0.1512780 -0.5155540
v -0.2581060 0.1555630 -0.5216580
v -0.2557430 0.1536150 -0.5220010
v -0.2558720 0.1395770 -0.4859770
v -0.2559040 0.1433530 -0.4960010
v -0.2523610 0.1362390 -0.4836910
v -0.2360080 0.1249550 -0.4757050
v -0.2421790 0.1317980 -0.4874310
v -0.2361120 0.1291940 -0.4885650
v -0.2330950 0.1093540 -0.4253620
v -0.2340790 0.1138750 -0.4416130
v -0.2255720 0.1068960 -0.4250000
v -0.2018180 0.1035400 -0.4216090
v -0.2125610 0.1077970 -0.4368160
v -0.2066220 0.1086080 -0.4427130
v -0.1882090 0.0909000 -0.3626050
v -0.1929380 0.0945303 -0.3797070
v -0.1829090 0.0929356 -0.3684750
v -0.1582660 0.0977248 -0.3691110
v -0.1660920 0.0984290 -0.3781760
v -0.1561870 0.1009140 -0.3812400
v -0.1118700 0.0358764 -0.4117520
v -0.1031580 0.0152055 -0.4155100
v -0.1137420 0.0205926 -0.4043640
v -0.1294430 -0.0226710 -0.3701070
v -0.1185350 -0.0239864 -0.3854760
v -0.1210160 -0.0492578 -0.3771500
v -0.1433240 0.0171030 -0.3570500
v -0.1400890 0.0072645 -0.3604650
v -0.1472930 -0.0056356 -0.3456490
v -0.1547280 -0.0702212 -0.3139410
v -0.1510030 -0.0534729 -0.3269950
v -0.1518390 -0.0802484 -0.3195410
v -0.1640640 -0.0690891 -0.3005070
v -0.1601890 -0.0648687 -0.3062310
v -0.1613720 -0.0853564 -0.2939260
v -0.1569760 -0.1456370 -0.2613810
v -0.1577510 -0.1268290 -0.2747990
v -0.1563160 -0.1475080 -0.2651420
v -0.1624660 -0.1551300 -0.2448400
v -0.1596390 -0.1499500 -0.2518850
v -0.1100140 -0.0837140 -0.3859120
v -0.1227650 -0.0791109 -0.3712050
v -0.1334340 -0.1515520 -0.3504650
v -0.1237200 -0.1504680 -0.3646400
v -0.1232260 -0.1885470 -0.3620280
v -0.1475640 -0.0966433 -0.3281410
v -0.1517880 -0.1087650 -0.3142040
v -0.1517780 -0.1744370 -0.2894270
v -0.1496100 -0.1665410 -0.3060960
v -0.1480550 -0.1965490 -0.3015640
v -0.1553910 -0.1524270 -0.2700400
v -0.1548890 -0.1668520 -0.2551300
v -0.1516410 -0.2134540 -0.2120180
v -0.1525150 -0.2058450 -0.2308000
v -0.1512010 -0.2288870 -0.2163560
v -0.1109770 -0.2263350 -0.3722860
v -0.1221130 -0.2267580 -0.3587250
v -0.1266750 -0.3008150 -0.3373040
v -0.1181600 -0.3022020 -0.3516100
v -0.1426150 -0.2268240 -0.3136830
v -0.1465740 -0.2292720 -0.2958800
v -0.1493130 -0.3032920 -0.2620510
v -0.1455820 -0.3009480 -0.2836410
v -0.1515740 -0.2480690 -0.2299330
v -0.1504550 -0.2562760 -0.2057620
v -0.1488540 -0.3294750 -0.1770020
v -0.1508740 -0.3179140 -0.1961130
v -0.1276840 -0.3160750 -0.1232830
v -0.1367490 -0.3164740 -0.1415620
v -0.1419530 -0.2629870 -0.1628070
v -0.1349230 -0.2646720 -0.1412700
v -0.1426020 -0.2437350 -0.1628020
v -0.1441010 -0.2276770 -0.1571970
v -0.1454830 -0.2253870 -0.1528600
v -0.1391740 -0.2288630 -0.1319390
v -0.1470490 -0.2246930 -0.1445010
v -0.1055050 0.1500320 -0.3636600
v -0.1040350 0.1517730 -0.3673910
v -0.1079670 0.1492980 -0.3671840
v -0.1182110 0.1464390 -0.3696530
v -0.1145040 0.1477620 -0.3727060
v -0.1189720 0.1482750 -0.3762830
v -0.1130230 0.1469390 -0.3546190
v -0.1145120 0.1454560 -0.3599950
v -0.1236500 0.1501490 -0.3988630
v -0.1189940 0.1510710 -0.3910120
v -0.1195110 0.1492640 -0.3977540
v -0.0776216 -0.0400040 -0.4235730
v -0.0606061 -0.0421354 -0.4325430
v -0.0604855 -0.0720416 -0.4266850
v -0.0212804 -0.1407410 -0.4274800
v -0.0011347 -0.1770970 -0.4235810
v -0.1327260 -0.0990245 0.0486147
v -0.1428970 -0.0983362 0.0351326
v -0.1343970 -0.1126260 0.0299555
v -0.1301940 -0.1586480 -0.0128083
v -0.1423770 -0.1440340 -0.0051278
v -0.1461430 -0.1606920 -0.0213339
v -0.0878353 -0.1380460 0.0269818
v -0.1003290 -0.1438350 0.0129547
v -0.0879772 -0.1493620 0.0090959
v -0.0757012 -0.1809780 -0.0237044
v -0.0871297 -0.1767790 -0.0212833
v -0.0873256 -0.1898490 -0.0344094
v -0.1176690 -0.2191310 -0.0767985
v -0.1145440 -0.2099460 -0.0621657
v -0.1261500 -0.2173710 -0.0770084
v -0.1537810 -0.2147640 -0.0967706
v -0.1469170 -0.2112610 -0.0797246
v -0.1577750 -0.2055710 -0.0800993
v -0.1826710 -0.1685930 -0.0562312
v -0.1709680 -0.1778360 -0.0534805
v -0.1790740 -0.1605170 -0.0435463
v -0.1811550 -0.1179230 -0.0133185
v -0.1719820 -0.1377570 -0.0186231
v -0.1681090 -0.1236100 -0.0054254
v 0.1459730 0.0938818 -0.3640480
v 0.1515680 0.0953621 -0.3617220
v 0.1524690 0.0908095 -0.3570900
v 0.1705490 0.0707365 -0.3337690
v 0.1675560 0.0815690 -0.3406020
v 0.1588630 -0.1645560 -0.2404820
v 0.1578520 -0.1491130 -0.2557550
v 0.1600010 -0.1456260 -0.2549050
v 0.1642490 -0.1000900 -0.2826820
v 0.1608960 -0.1035050 -0.2838540
v 0.1600970 -0.0821671 -0.2978440
v 0.0969891 0.0563030 0.3036800
v 0.0912813 0.0575308 0.2921620
v 0.0883819 0.0635583 0.2901580
v 0.0636258 0.0865069 0.2521250
v 0.0687620 0.0798204 0.2570920
v 0.0608954 0.0880616 0.2386430
v 0.0500541 0.1057210 0.1762500
v 0.0544501 0.0960849 0.1986930
v 0.0528999 0.1002310 0.1759630
v 0.0570169 0.0924759 0.1543830
v 0.0568773 0.0900549 0.1740810
v 0.0581514 0.0875487 0.1680030
v 0.0645778 0.0711617 0.2200020
v 0.0626547 0.0744386 0.2180780
v 0.0594148 0.0836392 0.1753170
v 0.0592083 0.0872271 0.1555470
v 0.0617161 0.0163935 0.3744370
v 0.0529159 0.0136509 0.3798210
v 0.0352326 0.0183362 0.3834170
v 0.0435658 0.0206855 0.3785270
v 0.0371745 0.0240395 0.3770170
v 0.0233881 0.0081920 0.3939810
v 0.0127910 0.0073363 0.3971650
v -0.0025697 0.0153224 0.3930450
v 0.0071612 0.0158301 0.3922610
v 0.0039292 0.0201726 0.3882030
v 0.0000669 0.0358525 0.3668150
v 0.0105138 0.0315393 0.3726240
v 0.0139792 0.0372504 0.3638010
v 0.0535141 0.0346407 0.3612420
v 0.0437590 0.0327192 0.3654140
v 0.0530554 0.0290703 0.3674370
v 0.0594201 0.0492816 0.3438050
v 0.0570089 0.0444500 0.3495080
v 0.0714334 0.0438918 0.3475810
v 0.0528194 0.0900016 0.2781880
v 0.0687513 0.0819039 0.2880720
v 0.0585001 0.0899617 0.2713100
v 0.0562927 0.0945489 0.2411010
v 0.0639663 0.0873147 0.2598590
v 0.0314883 0.1177210 0.1955360
v 0.0397224 0.1110130 0.2094730
v 0.0371530 0.1167240 0.1866040
v 0.0449956 0.1152040 0.1556190
v 0.0463930 0.1103670 0.1783570
v 0.0256411 0.1373840 0.1131390
v 0.0323278 0.1315060 0.1240540
v 0.0312387 0.1359390 0.1066310
v 0.0408088 0.1344880 0.0851172
v 0.0412672 0.1300950 0.0977382
v 0.0451912 0.1272930 0.0922822
v 0.0260381 0.1528010 0.0651850
v 0.0313998 0.1477550 0.0699714
v 0.0325370 0.1513290 0.0627400
v 0.1824290 0.0169595 -0.0079395
v 0.1884370 0.0168426 -0.0186045
v 0.1825950 0.0224423 -0.0139695
v 0.1842980 0.0292511 -0.0281693
v 0.1854360 0.0274783 -0.0295354
v 0.1876110 0.0291367 -0.0382417
v 0.1726870 0.0325146 -0.0031504
v 0.1766700 0.0307711 -0.0105014
v 0.1761420 0.0329929 -0.0078492
v 0.1740710 0.0281481 -0.0040035
v 0.1689380 0.0312788 0.0030444
v 0.1697100 0.0286398 0.0039322
v 0.1574040 0.0283794 0.0220439
v 0.1578580 0.0324189 0.0188042
v 0.1506610 0.0356426 0.0253446
v 0.1418350 0.0420793 0.0299104
v 0.1419580 0.0395839 0.0318133
v 0.1225790 0.0459807 0.0470814
v 0.1228770 0.0490185 0.0437726
v 0.1139940 0.0542088 0.0486493
v 0.1054110 0.0614748 0.0512405
v 0.1060600 0.0595479 0.0527607
v 0.1964810 0.0176186 -0.0402509
v 0.2020410 0.0129730 -0.0491433
v 0.1985910 0.0188970 -0.0514049
v 0.1982240 0.0281614 -0.0724931
v 0.2015310 0.0235424 -0.0736784
v 0.2027540 0.0267395 -0.0849681
v 0.1908130 0.0289693 -0.0491300
v 0.1901080 0.0305719 -0.0482317
v 0.1942300 0.0365755 -0.0685200
v 0.1937610 0.0350128 -0.0694768
v 0.1945280 0.0385739 -0.0800701
v 0.2074260 0.0244593 -0.0977246
v 0.2033550 0.0309652 -0.0958563
v 0.1986500 0.0469853 -0.1170190
v 0.2027920 0.0412741 -0.1183880
v 0.2021590 0.0464564 -0.1306180
v 0.1951640 0.0417684 -0.0919284
v 0.1946460 0.0433364 -0.0909796
v 0.1947960 0.0559496 -0.1139680
v 0.1940290 0.0546180 -0.1146320
v 0.1937230 0.0602071 -0.1274480
v 0.0930917 0.0643689 0.3059840
v 0.0989845 0.0580198 0.3164210
v 0.0993948 0.0566006 0.3115650
v 0.1003770 0.0455768 0.3059760
v 0.1041610 0.0444446 0.3157090
v 0.1048960 0.0397248 0.3161420
v 0.1064700 0.0344839 0.3240380
v 0.1053870 0.0359057 0.3160650
v 0.1432850 -0.1088470 0.2627710
v 0.1399920 -0.1137660 0.2694180
v 0.1416840 -0.1132960 0.2613550
v 0.1380690 -0.1224750 0.2619400
v 0.1361480 -0.1264830 0.2640150
v 0.1342710 -0.1277370 0.2705130
v 0.1339330 -0.1299380 0.2676080
v 0.1259460 -0.1377140 0.2827120
v 0.1283190 -0.1344290 0.2786370
v 0.1249020 -0.1351760 0.2843270
v 0.1242830 -0.1454590 0.2758600
v 0.1258570 -0.1428300 0.2781400
v 0.1218200 -0.1488790 0.2876340
v 0.1104880 -0.1580660 0.3213930
v 0.1148090 -0.1528250 0.3105660
v 0.1095120 -0.1546510 0.3218260
v 0.1091870 -0.1661000 0.3238970
v 0.1033430 -0.1710360 0.3357180
v -0.1812040 0.1366960 -0.0355761
v -0.1752600 0.1437840 -0.0314621
v -0.1797930 0.1431890 -0.0403146
v -0.1748360 0.1562270 -0.0563826
v -0.1705880 0.1580850 -0.0479261
v -0.1650620 0.1649330 -0.0515431
v -0.1953090 0.1312610 -0.0735403
v -0.1907520 0.1388780 -0.0675633
v -0.1935820 0.1369960 -0.0790920
v -0.1873380 0.1506650 -0.0976954
v -0.1855220 0.1512230 -0.0848564
v -0.1810560 0.1571600 -0.0875088
v -0.1968380 0.1324090 -0.1440820
v -0.1947940 0.1389980 -0.1268760
v -0.1931660 0.1399200 -0.1461600
v -0.1812250 0.1525910 -0.1695310
v -0.1839960 0.1527350 -0.1498490
v -0.1777970 0.1589540 -0.1502690
v -0.1913720 0.1233360 -0.2264070
v -0.1892180 0.1337380 -0.2077320
v -0.1879460 0.1295420 -0.2292000
v -0.1771370 0.1415490 -0.2349540
v -0.1685410 0.1476320 -0.2398520
v -0.1938770 0.1306310 -0.1841770
v -0.1957350 0.1202270 -0.2015740
v -0.1969800 0.1230410 -0.1812510
v -0.2025590 0.1074300 -0.1566280
v -0.2018180 0.1071170 -0.1735630
v -0.2033390 0.0998615 -0.1682530
v -0.1987740 0.1294510 -0.1074250
v -0.2004850 0.1225970 -0.1256160
v -0.2002010 0.1207580 -0.1108110
v 0.0501533 0.1379000 0.0626576
v 0.0517840 0.1292070 0.0689030
v 0.0539486 0.1303870 0.0642149
v 0.0590045 0.1123950 0.0687170
v 0.0578484 0.1143000 0.0689774
v 0.0591411 0.1086850 0.0706784
v 0.0627541 0.1136040 0.0650309
v 0.0607747 0.1148640 0.0661551
v 0.0622069 0.1086820 0.0677709
v 0.0627780 0.1021230 0.0707421
v 0.0642347 0.0988382 0.0712922
v 0.0645565 0.0946578 0.0793024
v 0.0628184 0.0984316 0.0747100
v 0.0617777 0.0980012 0.0796531
v 0.0577679 0.1032260 0.0874401
v 0.0586853 0.1041110 0.0787708
v 0.0572611 0.1085780 0.0777955
v 0.0582399 0.1300200 0.0606617
v 0.0622096 0.1279760 0.0591895
v 0.0594095 0.1372650 0.0563405
v 0.0634890 0.1566280 0.0425075
v 0.0661229 0.1479510 0.0469751
v 0.0705404 0.1517650 0.0424703
v 0.0781604 0.1470850 0.0415029
v 0.0744724 0.1558520 0.0373704
v 0.0746816 0.1729120 0.0194340
v 0.0818375 0.1640510 0.0248529
v 0.0871376 0.1672800 0.0175817
v 0.0467039 0.1726060 0.0357386
v 0.0547478 0.1746230 0.0298971
v 0.0461676 0.1785350 0.0290680
v 0.0415652 0.1905420 0.0120139
v 0.0503571 0.1873450 0.0137760
v 0.0528784 0.1904730 0.0060396
v 0.0099828 0.1909140 0.0196254
v 0.0202366 0.1911560 0.0177066
v 0.0104146 0.1943290 0.0129255
v 0.0000561 0.2006390 -0.0058426
v 0.0109886 0.1992880 -0.0012130
v 0.0111280 0.2008350 -0.0089308
v -0.0301019 0.1938910 0.0092660
v -0.0209961 0.1969440 0.0041129
v -0.0306975 0.1961790 0.0026698
v -0.0428904 0.1972630 -0.0129173
v -0.0324863 0.1988920 -0.0119790
v -0.0326421 0.1996070 -0.0208210
v -0.0639802 0.1848500 0.0083810
v -0.0587928 0.1898750 0.0011841
v -0.0695618 0.1867660 -0.0002403
v -0.0893829 0.1900800 -0.0234679
v -0.0767071 0.1918920 -0.0202177
v -0.0799201 0.1929790 -0.0299872
v -0.1096600 0.1764780 -0.0073999
v -0.1028390 0.1816390 -0.0114582
v -0.1118640 0.1795370 -0.0132494
v -0.1374120 0.1718640 -0.0198802
v -0.1264420 0.1788990 -0.0225165
v -0.1353310 0.1773870 -0.0275235
v -0.1314600 0.1820880 -0.0341995
v -0.1431890 0.1758380 -0.0332958
v -0.1551950 0.1726110 -0.0479420
v -0.1601590 0.1705360 -0.0555216
v 0.0561372 0.1471110 0.0522106
v 0.0528999 0.1568280 0.0469378
v 0.0498314 0.1514490 0.0521016
v 0.0341355 0.1549970 0.0569889
v 0.0360960 0.1589720 0.0520192
v 0.0288652 0.1600990 0.0538369
v 0.0459449 0.1333450 0.0750449
v 0.0427505 0.1409300 0.0678002
v 0.0413262 0.1380570 0.0752866
v 0.1003500 0.1590730 0.0181132
v 0.0947790 0.1688640 0.0108791
v 0.1097750 0.1764780 -0.0074080
v 0.1123900 0.1702960 -0.0009951
v 0.1183470 0.1717820 -0.0060818
v 0.0889586 0.1896280 -0.0194762
v 0.0963157 0.1859820 -0.0154286
v 0.1015590 0.1877540 -0.0241191
v 0.1342710 0.1779580 -0.0271089
v 0.1261630 0.1790910 -0.0223809
v 0.1363520 0.1724360 -0.0194629
v 0.1235500 0.1879300 -0.0475328
v 0.1274930 0.1855730 -0.0406894
v 0.1347560 0.1841850 -0.0458478
v 0.0646987 0.1904600 -0.0018056
v 0.0553513 0.1930720 -0.0020263
v 0.0431985 0.1985500 -0.0184186
v 0.0546460 0.1967500 -0.0176823
v 0.0501881 0.1978430 -0.0253070
v 0.0223958 0.2003120 -0.0115087
v 0.0111710 0.2016910 -0.0174272
v 0.0000561 0.2010080 -0.0461827
v 0.0107659 0.2013210 -0.0378750
v 0.0108384 0.2002900 -0.0504269
v -0.0216827 0.2009180 -0.0291021
v -0.0323146 0.1996580 -0.0304629
v -0.0426544 0.1972290 -0.0514049
v -0.0322370 0.1983370 -0.0512640
v -0.0340368 0.1972850 -0.0610999
v -0.0672042 0.1951370 -0.0365514
v -0.0801266 0.1936300 -0.0395546
v -0.0857191 0.1930540 -0.0612780
v -0.0747410 0.1939650 -0.0586204
v -0.0725309 0.1936280 -0.0689425
v -0.1234410 0.1879300 -0.0475248
v -0.1113660 0.1904650 -0.0507564
v -0.1195300 0.1893780 -0.0553089
v -0.1219520 0.1886230 -0.0789352
v -0.1136370 0.1901360 -0.0738858
v -0.1127950 0.1897950 -0.0839183
v 0.1366070 0.1661480 -0.0110888
v 0.1452490 0.1641390 -0.0156811
v 0.1644660 0.1456070 -0.0171188
v 0.1576990 0.1468990 -0.0098264
v 0.1610360 0.1396780 -0.0084578
v 0.1623610 0.1654680 -0.0459275
v 0.1646300 0.1591640 -0.0368120
v 0.1698230 0.1572850 -0.0451515
v 0.1860310 0.1401430 -0.0509132
v 0.1813210 0.1415460 -0.0421138
v 0.1843950 0.1352030 -0.0408595
v 0.1809590 0.1565490 -0.0800142
v 0.1838880 0.1512440 -0.0711298
v 0.1875680 0.1490460 -0.0809710
v 0.1980820 0.1323590 -0.0925396
v 0.1960650 0.1352640 -0.0798468
v 0.1975830 0.1293160 -0.0787811
v 0.1910040 0.1437840 -0.1380590
v 0.1944850 0.1397100 -0.1233840
v 0.1956790 0.1350670 -0.1428250
v 0.2017540 0.1110370 -0.1619620
v 0.2012980 0.1168490 -0.1444320
v 0.2022280 0.1083390 -0.1451580
v 0.1920740 0.1220470 -0.2277940
v 0.1964990 0.1184120 -0.2046170
v 0.1951640 0.1144300 -0.2248870
v 0.1974460 0.0959148 -0.2353180
v 0.1995570 0.0995106 -0.2176150
v 0.2009810 0.0923988 -0.2130280
v 0.1790890 0.1119700 -0.3081610
v 0.1855620 0.1067550 -0.2863600
v 0.1817740 0.1050700 -0.3049080
v 0.1814340 0.0903419 -0.3169680
v 0.1852450 0.0905651 -0.3003920
v 0.1864790 0.0832114 -0.2999350
v 0.2029880 0.0864457 -0.1777960
v 0.2035640 0.0899750 -0.1800420
v 0.2040440 0.0886888 -0.1669420
v 0.2025930 0.0913916 -0.1282610
v 0.2032130 0.0926540 -0.1406980
v 0.2013780 0.0942857 -0.1288510
v 0.2023710 0.0774099 -0.1347110
v 0.2032740 0.0822733 -0.1325100
v 0.2032290 0.0791904 -0.1203970
v 0.2035020 0.0818294 -0.0843382
v 0.2031220 0.0847237 -0.0942139
v 0.2021320 0.0870782 -0.0831980
v 0.2028510 0.0597898 -0.0862916
v 0.2038240 0.0672790 -0.0852896
v 0.2035510 0.0634042 -0.0743641
v 0.1997340 0.0745422 -0.0463103
v 0.2014350 0.0757861 -0.0553913
v 0.1990130 0.0816435 -0.0493240
v 0.1982940 0.0484178 -0.0451674
v 0.1993850 0.0567069 -0.0446997
v 0.1969470 0.0557634 -0.0355708
v 0.1873640 0.0721372 -0.0113785
v 0.1913760 0.0727855 -0.0201327
v 0.1875570 0.0796448 -0.0149423
v 0.1862450 0.0462731 -0.0116044
v 0.1870610 0.0536161 -0.0105758
v 0.1832150 0.0517133 -0.0039503
v 0.1689430 0.0535098 0.0148522
v 0.1736180 0.0592264 0.0106613
v 0.1670980 0.0619052 0.0177332
v 0.1652840 0.0702981 0.0189158
v 0.1591800 0.0643184 0.0246004
v 0.1316320 0.0669175 0.0418698
v 0.1392540 0.0705345 0.0378142
v 0.1280510 0.0744917 0.0439294
v 0.1268490 0.0807903 0.0436211
v 0.1178130 0.0793844 0.0488300
v 0.0941192 0.0933901 0.0569411
v 0.1021090 0.0907537 0.0536031
v 0.0964605 0.0954179 0.0535047
v 0.0933197 0.0820129 0.0593622
v 0.0933976 0.0857468 0.0595483
v 0.0876175 0.0877586 0.0617408
v 0.0730508 0.0952531 0.0670321
v 0.0764733 0.0958245 0.0656900
v 0.0717071 0.0983970 0.0674228
v 0.0710661 0.1004090 0.0671490
v 0.0680407 0.1000690 0.0688206
v 0.0647737 0.1025320 0.0686559
v 0.0648648 0.1036490 0.0666626
v 0.1449080 0.1791250 -0.0454252
v 0.1410620 0.1825350 -0.0518222
v 0.1475150 0.1814430 -0.0714540
v 0.1516670 0.1786470 -0.0651554
v 0.1562780 0.1765950 -0.0722673
v 0.1204950 0.1891580 -0.0786057
v 0.1295530 0.1875600 -0.0752942
v 0.1260820 0.1881450 -0.0844020
v 0.1302530 0.1869070 -0.1099100
v 0.1346010 0.1862290 -0.0984608
v 0.1396480 0.1846020 -0.1071030
v 0.0982496 0.1904310 -0.1114940
v 0.1095870 0.1897420 -0.1119510
v 0.1033080 0.1898560 -0.1255630
v 0.1141010 0.1862310 -0.1802730
v 0.1180310 0.1871350 -0.1587250
v 0.1261330 0.1836930 -0.1774350
v 0.0843936 0.1867550 -0.1893250
v 0.0930436 0.1872250 -0.1841190
v 0.0897365 0.1858510 -0.2007690
v 0.0823873 0.1809560 -0.2487180
v 0.0922469 0.1821280 -0.2359100
v 0.0921504 0.1791440 -0.2563100
v 0.0549731 0.1875710 -0.2004820
v 0.0633710 0.1853070 -0.2189230
v 0.0504055 0.1863640 -0.2208440
v 0.0393469 0.1843530 -0.2619340
v 0.0481391 0.1835500 -0.2583350
v 0.0457331 0.1827000 -0.2718360
v 0.0099291 0.1881530 -0.2532890
v 0.0207543 0.1870950 -0.2552630
v 0.0138209 0.1864070 -0.2714000
v 0.0313461 0.1802920 -0.3183020
v 0.0308956 0.1821020 -0.3010060
v 0.0413345 0.1794150 -0.3120590
v 0.0000481 0.1812540 -0.3348640
v 0.0112916 0.1816920 -0.3279520
v 0.0125147 0.1791760 -0.3454200
v 0.0446924 0.1645510 -0.3883890
v 0.0410395 0.1704160 -0.3708670
v 0.0562204 0.1642580 -0.3823800
v -0.0036667 0.1642980 -0.3995620
v 0.0121875 0.1661510 -0.3944780
v 0.0066140 0.1587620 -0.4076970
v 0.0000481 0.1750380 -0.3694350
v -0.0154118 0.1717340 -0.3793480
v -0.0140144 0.1759520 -0.3627110
v -0.0333742 0.1778870 -0.3357120
v -0.0366035 0.1747660 -0.3531490
v -0.0458677 0.1739160 -0.3469140
v 0.0000481 0.1851920 -0.2966340
v -0.0103399 0.1836750 -0.3093860
v -0.0104177 0.1852620 -0.2898200
v -0.0335914 0.1843020 -0.2711450
v -0.0314456 0.1834440 -0.2849090
v -0.0398355 0.1826780 -0.2808910
v -0.0275647 0.1889930 -0.2200980
v -0.0290638 0.1873800 -0.2401410
v -0.0385803 0.1872180 -0.2271000
v -0.0696662 0.1805360 -0.2574110
v -0.0585194 0.1822340 -0.2572220
v -0.0658900 0.1794780 -0.2743160
v -0.0800381 0.1850170 -0.2007610
v -0.0751165 0.1834570 -0.2205870
v -0.0856279 0.1821340 -0.2210060
v -0.1079840 0.1721520 -0.2605250
v -0.0988427 0.1743890 -0.2605360
v -0.1042980 0.1695420 -0.2796420
v -0.1195700 0.1817210 -0.2027110
v -0.1146030 0.1791680 -0.2210840
v -0.1253000 0.1765980 -0.2199170
v -0.1002910 0.1838660 -0.2012070
v -0.1085440 0.1855640 -0.1812030
v -0.0987273 0.1858940 -0.1802170
v -0.0871808 0.1892450 -0.1407620
v -0.0986040 0.1885380 -0.1411020
v -0.0982902 0.1895080 -0.1244100
v -0.0548715 0.1875710 -0.2004790
v -0.0643127 0.1882780 -0.1800760
v -0.0506767 0.1894740 -0.1788270
v -0.0371882 0.1928540 -0.1282290
v -0.0492846 0.1918440 -0.1350590
v -0.0485203 0.1927510 -0.1170670
v -0.0086769 0.1934260 -0.1471090
v -0.0175549 0.1933270 -0.1416820
v -0.0084758 0.1943690 -0.1280510
v 0.0000535 0.1978800 -0.0825682
v -0.0083229 0.1968140 -0.0933050
v -0.0090685 0.1980930 -0.0770377
v 0.0265905 0.1940930 -0.1175880
v 0.0171334 0.1954670 -0.1055380
v 0.0263707 0.1951610 -0.1008870
v 0.0396955 0.1961420 -0.0690914
v 0.0294015 0.1968620 -0.0726394
v 0.0341488 0.1972820 -0.0610999
v 0.0716803 0.1931650 -0.0803411
v 0.0599057 0.1940480 -0.0777180
v 0.0726405 0.1936280 -0.0689478
v 0.0914047 0.1925170 -0.0422866
v 0.0775085 0.1940420 -0.0487686
v 0.0791365 0.1939120 -0.0389009
v 0.1196400 0.1893780 -0.0553143
v 0.1114780 0.1904650 -0.0507618
v 0.0959107 0.1921950 -0.0646744
v 0.1051620 0.1912620 -0.0690011
v 0.0941460 0.1919450 -0.0751242
v 0.0862148 0.1911220 -0.1096890
v 0.0954038 0.1910210 -0.0981977
v 0.0478736 0.1935960 -0.1010840
v 0.0603078 0.1926820 -0.1048260
v 0.0486273 0.1927510 -0.1170720
v 0.0382687 0.1907120 -0.1713970
v 0.0498958 0.1908030 -0.1558710
v 0.0507810 0.1894740 -0.1788270
v 0.0085827 0.1943690 -0.1280510
v 0.0176618 0.1933270 -0.1416820
v 0.0087838 0.1934260 -0.1471090
v 0.0000508 0.1921660 -0.1899470
v 0.0073409 0.1921820 -0.1850730
v 0.0051334 0.1916980 -0.2005880
v -0.0271355 0.1910710 -0.1796560
v -0.0163881 0.1917510 -0.1824790
v -0.0237372 0.1904570 -0.2004660
v -0.0098276 0.1881530 -0.2532890
v -0.0085241 0.1896760 -0.2336200
v 0.0000508 0.1889740 -0.2468600
v 0.0276661 0.1889930 -0.2200980
v 0.0167498 0.1901410 -0.2178650
v 0.0238414 0.1904570 -0.2004660
v 0.0641837 0.1882960 -0.1814320
v 0.0530822 0.1972870 -0.0341224
v 0.0417876 0.1986930 -0.0328972
v 0.0218218 0.1993840 -0.0512083
v 0.0133515 0.1989850 -0.0630055
v -0.0292919 0.1968620 -0.0726394
v -0.0395859 0.1961420 -0.0690887
v -0.0597961 0.1940480 -0.0777154
v -0.0715707 0.1931650 -0.0803358
v -0.0718309 0.1925750 -0.0930339
v -0.0831521 0.1923550 -0.0828685
v -0.1040030 0.1906030 -0.0898634
v -0.1138390 0.1893520 -0.0935521
v -0.1161510 0.1887830 -0.1030800
v -0.1240470 0.1875550 -0.0968024
v -0.1520780 0.1786650 -0.1007840
v -0.1454580 0.1812800 -0.1050890
v -0.1553260 0.1769880 -0.1104600
v -0.1469850 0.1814880 -0.0771706
v -0.1479930 0.1807990 -0.0845481
v -0.1550310 0.1775570 -0.0816965
v -0.1764770 0.1624640 -0.0902859
v -0.1713520 0.1672830 -0.0931456
v -0.1780140 0.1617890 -0.1026600
v -0.1648450 0.1683220 -0.0633137
v -0.1694020 0.1660420 -0.0712414
v -0.1739300 0.1606550 -0.0679539
v -0.1566700 0.1761590 -0.0714647
v -0.1517240 0.1785030 -0.0648870
v -0.1483900 0.1807910 -0.0704521
v -0.1306400 0.1864950 -0.0837163
v -0.1312540 0.1868080 -0.0748585
v -0.1749170 0.1634930 -0.1318780
v -0.1702150 0.1654380 -0.1465560
v -0.1413360 0.1815380 -0.1375440
v -0.1509000 0.1780990 -0.1295710
v -0.1404290 0.1826390 -0.1221060
v -0.1386670 0.1762180 -0.1955490
v -0.1394530 0.1787960 -0.1757550
v -0.1282260 0.1816630 -0.1871620
v -0.1595480 0.1583340 -0.2228510
v -0.1570670 0.1540660 -0.2453450
v -0.1249110 0.1622540 -0.2765190
v -0.1303390 0.1654860 -0.2553300
v -0.1183040 0.1693960 -0.2589650
v -0.1305940 0.1458200 -0.3289670
v -0.1300920 0.1500830 -0.3123200
v -0.1196590 0.1498590 -0.3318130
v -0.0961391 0.1580550 -0.3459810
v -0.1016030 0.1586450 -0.3324590
v -0.0934275 0.1626290 -0.3325740
v -0.1079650 0.1480570 -0.3626980
v -0.1048210 0.1502050 -0.3594740
v -0.0918289 0.1670060 -0.3151180
v -0.0846783 0.1663420 -0.3311250
v -0.0546328 0.1734830 -0.3373490
v -0.0638327 0.1733290 -0.3250660
v -0.0525676 0.1765100 -0.3197690
v -0.0710556 0.1608300 -0.3861110
v -0.0637469 0.1656640 -0.3711620
v -0.0570119 0.1646730 -0.3815300
v -0.0508215 0.1789660 -0.3022740
v -0.0412382 0.1794150 -0.3120570
v -0.1016910 0.1546010 -0.3812590
v -0.0933363 0.1570800 -0.3830980
v -0.1005080 0.1551160 -0.3888810
v -0.1085250 0.1482120 -0.4011960
v -0.1016270 0.1508560 -0.4001670
v -0.1048190 0.1441720 -0.4052750
v -0.1160760 0.1491600 -0.3979170
v -0.1201420 0.1441060 -0.4043750
v 0.0509203 0.1789660 -0.3022770
v 0.0526637 0.1765100 -0.3197740
v 0.0772860 0.1660790 -0.3459950
v 0.0747379 0.1699320 -0.3286160
v 0.0847744 0.1663420 -0.3311300
v 0.0635453 0.1655260 -0.3714490
v 0.0702640 0.1604130 -0.3869640
v 0.1006020 0.1551160 -0.3888860
v 0.0934298 0.1570800 -0.3831030
v 0.1017850 0.1546010 -0.3812640
v 0.1049120 0.1441720 -0.4052810
v 0.1017200 0.1508560 -0.4001730
v 0.1086190 0.1482120 -0.4011990
v 0.1018090 0.1766140 -0.2602280
v 0.0919306 0.1754360 -0.2763520
v 0.0924802 0.1670780 -0.3151320
v 0.0935236 0.1626290 -0.3325760
v 0.1649570 0.1706760 -0.0744598
v 0.1606070 0.1745350 -0.0796528
v 0.1639860 0.1729430 -0.1032980
v 0.1681010 0.1699240 -0.0973845
v 0.1714780 0.1669880 -0.1086310
v 0.1484620 0.1814720 -0.1042490
v 0.1457560 0.1818300 -0.1171200
v 0.1607110 0.1702170 -0.1585630
v 0.1613500 0.1717790 -0.1413870
v 0.1689970 0.1652260 -0.1545740
v 0.1390990 0.1794710 -0.1715930
v 0.1365450 0.1774850 -0.1938140
v 0.1575520 0.1549490 -0.2408620
v 0.1598240 0.1595010 -0.2178150
v 0.1694070 0.1502930 -0.2273560
v 0.1192130 0.1678990 -0.2693300
v 0.1307280 0.1649440 -0.2595790
v 0.1257520 0.1615690 -0.2798460
v 0.1197550 0.1498590 -0.3318190
v 0.1301910 0.1500830 -0.3123280
v 0.1306900 0.1458200 -0.3289750
v 0.1017020 0.1586450 -0.3324650
v 0.0962327 0.1580550 -0.3459870
v 0.1055990 0.1500320 -0.3636680
v 0.1049150 0.1502050 -0.3594790
v 0.1080580 0.1480570 -0.3627030
v 0.1786630 0.1600700 -0.1175110
v 0.1739560 0.1642050 -0.1218530
v 0.1758440 0.1598970 -0.1532660
v 0.1745320 0.1587860 -0.1702640
v 0.1780430 0.1476270 -0.2089120
v 0.1772470 0.1425000 -0.2315630
v 0.1862000 0.1255500 -0.2512370
v 0.1883700 0.1291380 -0.2298720
v 0.1600380 0.1353860 -0.3163910
v 0.1692440 0.1324680 -0.2971870
v 0.1662820 0.1308330 -0.3141830
v 0.1725930 0.1176120 -0.3255630
v 0.1754180 0.1189430 -0.3110870
v 0.1540460 0.1345460 -0.3507860
v 0.1604510 0.1292730 -0.3452030
v 0.1619420 0.1296720 -0.3494260
v 0.1782530 0.1180870 -0.3520460
v 0.1735510 0.1169550 -0.3463670
v 0.1775100 0.1096790 -0.3445490
v -0.0278945 0.0051172 0.3930560
v -0.0198427 0.0080512 0.3948740
v -0.0312795 0.0096405 0.3903290
v -0.0357720 0.0213048 0.3804960
v -0.0292919 0.0188997 0.3846390
v -0.0278998 0.0232156 0.3804350
v -0.0598229 0.0254905 0.3690390
v -0.0517012 0.0233404 0.3735470
v -0.0529216 0.0290703 0.3674390
v -0.0737887 0.0178391 0.3670880
v -0.0695243 0.0197341 0.3688880
v -0.0765569 0.0237471 0.3631260
v -0.0820927 0.0422043 0.3463940
v -0.0773159 0.0374046 0.3524020
v -0.0713025 0.0438918 0.3475810
v -0.0965173 0.0336600 0.3433350
v -0.0938594 0.0369183 0.3444670
v -0.0984244 0.0420023 0.3376610
v -0.0899944 0.0613631 0.3227730
v -0.0906381 0.0563827 0.3293130
v -0.0797567 0.0625377 0.3253660
v -0.0992639 0.0566006 0.3115730
v -0.0988562 0.0580198 0.3164260
v -0.0929635 0.0643689 0.3059920
v -0.0202745 0.0269999 0.3773470
v -0.0294556 0.0271409 0.3753190
v -0.0436282 0.0327192 0.3654170
v -0.0533803 0.0346407 0.3612420
v -0.0568777 0.0444500 0.3495080
v -0.0592890 0.0492816 0.3438050
v -0.0228145 0.0616208 0.3328930
v -0.0222030 0.0570524 0.3380750
v 0.0000669 0.0597233 0.3354730
v -0.0643611 0.0629549 0.3280050
v -0.0634197 0.0679167 0.3216350
v -0.0186438 0.0828846 0.3039830
v -0.0211436 0.0765169 0.3141990
v 0.0000642 0.0797777 0.3099840
v 0.0223367 0.0570524 0.3380750
v 0.0229456 0.0616208 0.3328930
v 0.0635506 0.0679167 0.3216350
v 0.0644919 0.0629549 0.3280030
v 0.0798876 0.0625377 0.3253640
v 0.0212746 0.0765169 0.3141990
v 0.0187748 0.0828846 0.3039800
v 0.0367264 0.0963002 0.2704250
v 0.0447113 0.0884123 0.2871100
v 0.0000642 0.1078900 0.2505040
v 0.0105192 0.1046290 0.2581820
v 0.0092023 0.1113370 0.2387070
v 0.0234606 0.1224220 0.1861520
v 0.0249679 0.1167850 0.2088960
v 0.0000615 0.1303740 0.1643650
v 0.0075474 0.1281710 0.1729250
v 0.0070860 0.1329410 0.1517490
v 0.0190136 0.1412700 0.1066010
v 0.0197941 0.1370020 0.1239530
v 0.0000588 0.1470260 0.0925001
v 0.0063243 0.1454640 0.0979668
v 0.0063887 0.1490780 0.0848780
v 0.0202983 0.1559000 0.0631467
v 0.0194373 0.1524960 0.0702053
v 0.0000588 0.1600780 0.0604119
v 0.0073409 0.1588160 0.0618789
v 0.0078424 0.1623550 0.0569943
v 0.0256170 0.1728480 0.0421568
v 0.0245227 0.1677240 0.0477112
v 0.0329903 0.1695310 0.0434085
v 0.0000588 0.1765500 0.0405594
v 0.0074428 0.1753030 0.0418829
v 0.0052729 0.1791970 0.0371285
v 0.0000561 0.1896540 0.0221687
v 0.0090762 0.1869520 0.0261313
v -0.0231981 0.1780830 0.0364668
v -0.0169192 0.1829600 0.0310612
v -0.0273715 0.1824660 0.0298359
v -0.0388163 0.1906430 0.0130637
v -0.0300323 0.1908850 0.0157772
v -0.0652248 0.1800150 0.0160137
v -0.0558532 0.1843340 0.0154344
v 0.0000588 0.1680590 0.0505840
v -0.0081888 0.1708730 0.0470335
v -0.0083202 0.1663840 0.0521706
v 0.0000588 0.1536490 0.0720789
v -0.0068129 0.1555710 0.0675531
v -0.0064963 0.1524050 0.0748881
v -0.0191937 0.1457430 0.0899196
v -0.0192741 0.1496970 0.0780214
v -0.0257756 0.1473510 0.0791137
v 0.0000588 0.1392660 0.1245090
v -0.0062979 0.1415700 0.1138040
v -0.0065527 0.1373980 0.1319290
v -0.0219670 0.1276260 0.1639900
v -0.0207359 0.1324630 0.1431970
v 0.0000615 0.1200970 0.2084710
v -0.0079286 0.1230280 0.1950710
v -0.0084785 0.1174420 0.2173980
v -0.0307724 0.1037970 0.2516630
v -0.0270980 0.1106060 0.2310100
v 0.0000642 0.0936665 0.2848640
v -0.0124239 0.0974271 0.2756950
v -0.0151758 0.0900176 0.2910510
v -0.0595654 0.0737955 0.3129850
v -0.0528009 0.0807478 0.3013920
v -0.0440358 0.1440630 0.0640928
v -0.0381646 0.1492750 0.0629499
v -0.0437488 0.1498700 0.0576799
v -0.0412408 0.1686270 0.0415322
v -0.0379257 0.1638600 0.0470654
v -0.0328727 0.1695310 0.0434085
v -0.0608743 0.1531020 0.0456250
v -0.0559069 0.1600410 0.0430311
v -0.0613731 0.1623610 0.0386061
v -0.0738291 0.1734990 0.0188972
v -0.0636906 0.1751150 0.0240105
v -0.0909036 0.1447990 0.0356800
v -0.0874625 0.1543400 0.0306307
v -0.0972040 0.1474620 0.0301550
v -0.1232770 0.1427950 0.0182727
v -0.1128860 0.1504680 0.0186500
v -0.1219550 0.1516510 0.0124525
v -0.0244051 0.1677240 0.0477112
v -0.0255021 0.1728480 0.0421568
v -0.1170970 0.1616220 0.0057925
v -0.1295370 0.1546080 0.0054655
v -0.1368840 0.1659570 -0.0112244
v -0.0741374 0.1538540 0.0386885
v -0.0780213 0.1446980 0.0426138
v -0.0713025 0.1456200 0.0452768
v -0.0652192 0.1180340 0.0611694
v -0.0681777 0.1247340 0.0562846
v -0.0676119 0.1156640 0.0593808
v -0.0608368 0.1220900 0.0625062
v -0.0622796 0.1221560 0.0615201
v -0.0613731 0.1138880 0.0660780
v -0.0624460 0.1008210 0.0715581
v -0.0623817 0.1030740 0.0704817
v -0.0635457 0.1000450 0.0708829
v -0.0577199 0.1079960 0.0759990
v -0.0593884 0.1047170 0.0736363
v -0.0588492 0.1030510 0.0788107
v -0.0533482 0.1463250 0.0541905
v -0.0571863 0.1388140 0.0562341
v -0.0547187 0.1353860 0.0601887
v -0.0556815 0.1136250 0.0768175
v -0.0568429 0.1156030 0.0706385
v -0.0464979 0.1303130 0.0805594
v -0.0498077 0.1264110 0.0778327
v -0.0484371 0.1250130 0.0862680
v -0.0500277 0.1150260 0.1128840
v -0.0512428 0.1092620 0.1330020
v 0.1772950 0.1028670 -0.3370600
v 0.1799340 0.1029470 -0.3425370
v 0.1864710 0.0926858 -0.3453430
v 0.1815840 0.0923137 -0.3390020
v 0.1817340 0.0889731 -0.3381200
v 0.2142900 0.1032420 -0.3802140
v 0.2038560 0.0995984 -0.3671440
v 0.2146150 0.1002680 -0.3805570
v 0.1799340 0.0827889 -0.3244940
v 0.1787460 0.0845987 -0.3297350
v 0.1793180 0.0867194 -0.3278400
v 0.2146200 0.1183400 -0.3860980
v 0.2137990 0.1121580 -0.3819260
v 0.2234340 0.1156480 -0.3946660
v 0.2473290 0.1272160 -0.4394820
v 0.2409370 0.1199180 -0.4238470
v 0.2478460 0.1248860 -0.4408500
v 0.2412190 0.1398320 -0.4380280
v 0.2441690 0.1344720 -0.4377780
v 0.2495790 0.1412650 -0.4536390
v 0.2604390 0.1532320 -0.4961400
v 0.2588060 0.1481000 -0.4841880
v 0.2550370 0.1604150 -0.4954410
v 0.2583630 0.1574520 -0.4963600
v 0.2587040 0.1608250 -0.5065100
v 0.2597580 0.1625470 -0.5254610
v 0.2611440 0.1616780 -0.5214720
v 0.2513360 0.1516690 -0.4694040
v 0.2473560 0.1568780 -0.4699170
v 0.2432760 0.1520120 -0.4550500
v 0.2472190 0.1540720 -0.5301920
v 0.2488040 0.1526450 -0.5312120
v 0.2437750 0.1495400 -0.5294530
v 0.2223070 0.1361300 -0.5178660
v 0.2294330 0.1363960 -0.5227030
v 0.2196950 0.1280990 -0.5167570
v 0.2193780 0.1203040 -0.5158830
v 0.2093580 0.1197880 -0.5093240
v 0.1782200 0.1130830 -0.4803910
v 0.1879410 0.1059100 -0.4898120
v 0.1774510 0.1002550 -0.4787750
v 0.1796260 0.0891990 -0.4768270
v 0.1678190 0.0956146 -0.4680350
v 0.1404400 0.1014240 -0.4419160
v 0.1495110 0.0896588 -0.4490250
v 0.1402470 0.0883566 -0.4407120
v 0.1404880 0.0772930 -0.4378500
v 0.1320610 0.0873626 -0.4341610
v 0.1216000 0.0859779 -0.4277430
v 0.1174380 0.0866583 -0.4272220
v 0.1174270 0.0767189 -0.4245620
v 0.1125270 0.0882024 -0.4280590
v 0.0850346 0.1038190 -0.4365400
v 0.0970293 0.0916548 -0.4332970
v 0.0865314 0.0903683 -0.4376080
v 0.1407080 0.0859779 -0.4013000
v 0.1480300 0.0786271 -0.4134880
v 0.1501010 0.0862544 -0.4099770
v 0.1744790 0.0948677 -0.4291620
v 0.1733150 0.0885080 -0.4326780
v 0.1855130 0.0908016 -0.4464630
v 0.1955710 0.0879818 -0.4634300
v 0.1964430 0.0948677 -0.4601710
v 0.2168810 0.1131650 -0.4826970
v 0.2157140 0.1079800 -0.4853740
v 0.2243050 0.1163730 -0.4962190
v 0.2315690 0.1208570 -0.5076290
v 0.2323680 0.1253640 -0.5055130
v 0.2456980 0.1425320 -0.5183950
v 0.2456150 0.1414450 -0.5197500
v 0.2502310 0.1473560 -0.5242230
v 0.2537150 0.1514270 -0.5283210
v 0.1167910 -0.1971250 -0.0473706
v 0.1307540 -0.1949140 -0.0486410
v 0.1578850 -0.2055710 -0.0801073
v 0.1470270 -0.2112610 -0.0797325
v 0.1538910 -0.2147640 -0.0967786
v 0.1711080 -0.1781900 -0.0539802
v 0.1829120 -0.1698820 -0.0582616
v -0.0765808 0.0511658 -0.4399280
v -0.0596967 0.0553170 -0.4459400
v -0.0606893 0.0346035 -0.4441730
v -0.0197569 -0.0379204 -0.4448530
v -0.0208807 -0.0069697 -0.4484860
v 0.0016413 -0.0265537 -0.4478270
v 0.0205182 0.0652352 -0.4522860
v 0.0407525 0.0597817 -0.4501070
v 0.0210413 0.0443596 -0.4520870
v 0.0220363 -0.0069697 -0.4484860
v 0.0243913 -0.0377105 -0.4445950
v 0.0466986 -0.0422257 -0.4381240
v 0.0322098 -0.0696578 -0.4385620
v 0.0633011 -0.1345220 -0.4187970
v 0.0801693 -0.1663610 -0.4055470
v 0.1412120 -0.2641560 -0.1592170
v 0.1420680 -0.2908520 -0.1597060
v 0.1467540 -0.2705870 -0.1800900
v 0.1517960 -0.3022850 -0.2372760
v 0.1521200 -0.3096650 -0.2165180
v 0.1518150 -0.2066500 -0.2638420
v 0.1512680 -0.2392910 -0.2540830
v 0.1495380 -0.2296200 -0.2772230
v 0.1344180 -0.2978760 -0.3202900
v 0.1415070 -0.2999940 -0.2993510
v 0.1353280 -0.1771480 -0.3422310
v 0.1361620 -0.2139430 -0.3340910
v 0.1291080 -0.2036210 -0.3500900
v 0.0957714 -0.1986350 -0.3903530
v 0.1085250 -0.2295560 -0.3740700
v 0.0950740 -0.2352010 -0.3860020
v 0.0982334 -0.0969834 -0.3985300
v 0.0968523 -0.1289600 -0.3967820
v 0.0832726 -0.1021580 -0.4106460
v 0.0753279 -0.3109990 -0.3885220
v 0.0904607 -0.3090940 -0.3799350
v 0.0281622 -0.3080940 -0.0364505
v 0.0133515 -0.3036560 -0.0338035
v -0.0017489 -0.2310770 -0.0285228
v 0.0093337 -0.2385100 -0.0294343
v -0.0364077 -0.2444950 -0.0342393
v -0.0234610 -0.2426350 -0.0312920
v -0.0339990 -0.2229890 -0.0308774
v -0.0349218 -0.1981960 -0.0216502
v -0.0289674 -0.2033600 -0.0254612
v -0.0519561 -0.1870930 -0.0208236
v -0.0473536 -0.1920280 -0.0222401
v -0.0487938 -0.1856740 -0.0152479
v -0.0132393 -0.3036560 -0.0338008
v -0.0281656 -0.3065530 -0.0363016
v 0.0574219 -0.1848340 0.3895270
v 0.0501908 -0.1928540 0.3973990
v 0.0597609 -0.1887490 0.3889660
v 0.0725546 -0.1918710 0.3762490
v 0.0637385 -0.1952410 0.3857500
v 0.0671902 -0.1963490 0.3810360
v 0.0962245 -0.1760660 0.3471110
v 0.0883848 -0.1813360 0.3577120
v 0.0962298 -0.1787720 0.3456070
v 0.0789864 -0.1790880 0.3688450
v 0.0890149 -0.1731620 0.3566100
v 0.0807728 -0.1732310 0.3650930
v 0.0007857 -0.2199440 0.3010090
v -0.0083014 -0.2203690 0.3043760
v -0.0085348 -0.2187400 0.3002250
v -0.0303863 -0.2110540 0.2971580
v -0.0292491 -0.2130420 0.3017720
v -0.0391676 -0.2080670 0.3016550
v -0.0014190 -0.2132280 0.2834560
v -0.0109648 -0.2138630 0.2879980
v -0.0116649 -0.2122210 0.2839180
v -0.0314538 -0.2026670 0.2798360
v -0.0308771 -0.2048430 0.2835040
v -0.0379661 -0.2002830 0.2823290
v -0.0185848 -0.2017920 0.2687990
v -0.0227341 -0.2028710 0.2726050
v -0.0277364 -0.1979780 0.2699740
v -0.0473188 -0.1891660 0.2757890
v -0.0556629 -0.1861950 0.2803620
v -0.0086179 -0.2094300 0.2753760
v -0.0062657 -0.2074950 0.2710980
v -0.0533213 -0.1911010 0.2849760
v -0.0611586 -0.1855860 0.2859380
v -0.0723459 -0.1852380 0.3019080
v -0.0647286 -0.1896040 0.2993860
v -0.0633472 -0.1929980 0.3074010
v -0.0870412 -0.1654970 0.2744970
v -0.0855043 -0.1711660 0.2846680
v -0.0942027 -0.1667570 0.2826050
v -0.1012460 -0.1735650 0.3075600
v -0.0955544 -0.1757420 0.3063560
v -0.0944709 -0.1797150 0.3172660
v -0.1178700 -0.1535400 0.2806680
v -0.1129210 -0.1605910 0.2899060
v -0.1158960 -0.1589010 0.2929250
v -0.1104220 -0.1677960 0.3193230
v -0.1091900 -0.1699030 0.3170080
v -0.1042020 -0.1753300 0.3291540
v -0.0799254 -0.1935000 0.3573830
v -0.0883342 -0.1881640 0.3449960
v -0.0795529 -0.1930620 0.3498400
v -0.0719409 -0.1911350 0.3249470
v -0.0800517 -0.1882460 0.3269690
v -0.0798960 -0.1852640 0.3149990
v -0.0513581 -0.2028610 0.3507950
v -0.0578916 -0.1997350 0.3430560
v -0.0512428 -0.2019570 0.3402010
v -0.0411417 -0.2110780 0.3855910
v -0.0461011 -0.2079760 0.3746680
v -0.0381027 -0.2108730 0.3792740
v -0.0247430 -0.2128580 0.3652330
v -0.0313438 -0.2106130 0.3644180
v -0.0284228 -0.2115700 0.3569120
v -0.0082719 -0.2188910 0.3773760
v -0.0145267 -0.2170790 0.3750450
v -0.0073332 -0.2187210 0.3684550
v -0.0242495 -0.2162200 0.3876560
v -0.0171230 -0.2189360 0.3921150
v -0.0256764 -0.2170420 0.3949510
v -0.0363354 -0.2123460 0.4025440
v -0.0270148 -0.2167600 0.4052790
v -0.0273473 -0.2154360 0.4085260
v -0.0590987 -0.2037830 0.3728530
v -0.0522806 -0.2070650 0.3847560
v -0.0617460 -0.2028520 0.3772330
v -0.0734563 -0.1941360 0.3744850
v -0.0646399 -0.1991290 0.3826410
v -0.0673113 -0.1954270 0.3817960
v -0.0976332 -0.1807570 0.3412960
v -0.0897905 -0.1860010 0.3533350
v -0.0981320 -0.1785960 0.3436160
v -0.0080171 -0.2194200 0.4179100
v -0.0085884 -0.2211100 0.4155260
v 0.2119140 -0.0002964 -0.0683951
v 0.2123350 -0.0099410 -0.0577380
v 0.2146710 -0.0104485 -0.0742100
v 0.2188930 -0.0431931 -0.0948332
v 0.2171870 -0.0367404 -0.0791638
v 0.2175140 -0.0503022 -0.0802534
v 0.2215210 -0.0218498 -0.1330050
v 0.2208130 -0.0283396 -0.1208300
v 0.2218220 -0.0371497 -0.1344340
v 0.2193110 -0.0780638 -0.1459950
v 0.2203440 -0.0686718 -0.1347670
v 0.2187370 -0.0842694 -0.1362100
v 0.2197000 -0.0603641 -0.1735280
v 0.2199950 -0.0664074 -0.1635780
v 0.2178010 -0.0726608 -0.1743150
v 0.2079280 -0.0959470 -0.2037560
v 0.2116700 -0.0970100 -0.1861700
v 0.2079660 -0.1095620 -0.1930960
v 0.2071370 -0.0440036 -0.2350090
v 0.2077300 -0.0621181 -0.2251390
v 0.2033440 -0.0502013 -0.2449650
v 0.1907220 -0.0431188 -0.2805980
v 0.1956980 -0.0622882 -0.2621540
v 0.1914460 -0.0699367 -0.2683490
v 0.1878630 0.0324003 -0.2996640
v 0.1887610 0.0096590 -0.2957260
v 0.1817640 0.0339630 -0.3122400
v 0.1913580 -0.1167480 -0.2403490
v 0.1907920 -0.1358810 -0.2265050
v 0.1998140 -0.1557670 -0.1786150
v 0.1998920 -0.1453790 -0.1917990
v 0.2040470 -0.1436990 -0.1750800
v 0.1897140 -0.1758030 -0.1846050
v 0.1886460 -0.1845570 -0.1692520
v 0.1944580 -0.1799650 -0.1184890
v 0.1970790 -0.1760740 -0.1340680
v 0.2003030 -0.1687760 -0.1185340
v 0.2097870 -0.1353010 -0.1021020
v 0.2087080 -0.1431040 -0.1162110
v 0.2120100 -0.1285690 -0.1159640
v 0.2166150 -0.0999467 -0.1382370
v 0.2140030 -0.1156050 -0.1408420
v 0.2144050 -0.1087730 -0.1519610
v 0.2185740 -0.0753504 -0.1004570
v 0.2186970 -0.0822894 -0.1131810
v 0.2196870 -0.0666414 -0.1110420
v 0.2079660 -0.1208410 -0.1823300
v 0.2040580 -0.1216170 -0.1993070
v 0.2159240 0.0162872 -0.1244310
v 0.2186220 0.0051995 -0.1271600
v 0.2188260 0.0107539 -0.1385640
v 0.2213740 0.0078997 -0.1782430
v 0.2218640 0.0010643 -0.1672590
v 0.2221590 -0.0010167 -0.1802490
v 0.2145720 0.0348054 -0.1745220
v 0.2178150 0.0258599 -0.1761400
v 0.2167250 0.0316641 -0.1885890
v 0.2135260 0.0393341 -0.2257880
v 0.2172890 0.0284617 -0.2125950
v 0.2155960 0.0280285 -0.2242380
v 0.2041090 0.0725650 -0.2183780
v 0.2075580 0.0617458 -0.2227530
v 0.2024000 0.0738619 -0.2355650
v 0.1933560 0.0745741 -0.2799790
v 0.1879110 0.0765328 -0.2997920
v 0.1909020 0.0644592 -0.2957340
v 0.1927950 0.0572837 -0.2905750
v 0.2079660 0.0139086 -0.2441410
v 0.2074180 0.0241086 -0.2486380
v 0.2147540 0.0045909 -0.2247510
v 0.1831850 0.0637470 -0.3133590
v 0.1905850 0.0480989 -0.2934290
v 0.1887290 0.0444446 -0.2977850
v 0.1994850 -0.0157878 -0.2656710
v 0.2014800 -0.0044636 -0.2611390
v 0.2053020 -0.0249725 -0.2465410
v 0.2151300 -0.0617859 -0.1967240
v 0.2152180 -0.0475941 -0.2045610
v 0.2183080 -0.0546980 -0.1868450
v 0.2223930 -0.0428981 -0.1568010
v 0.2222240 -0.0401634 -0.1698210
v 0.2228760 -0.0303064 -0.1633840
v 0.2225490 -0.0092579 -0.1834570
v 0.2218240 0.0004370 -0.1925350
v 0.2172190 0.0161888 -0.2197600
v 0.2121470 0.0293973 -0.2371120
v 0.2065490 0.0434055 -0.1450730
v 0.2017220 0.0510356 -0.1437790
v 0.1973070 0.0666331 -0.1683190
v 0.2007560 0.0611558 -0.1702090
v 0.1999350 0.0668218 -0.1811470
v 0.1938200 0.0637416 -0.1414720
v 0.1936720 0.0651661 -0.1408390
v 0.1953810 0.0742101 -0.1647790
v 0.1944180 0.0734659 -0.1669370
v 0.1954000 0.0768277 -0.1776260
v 0.1996590 0.0840034 -0.2084120
v 0.1985590 0.0800702 -0.2006150
v 0.2009060 0.0790416 -0.2112930
v 0.2110720 0.0498981 -0.1984270
v 0.2065490 0.0597871 -0.1962990
v 0.2087330 0.0509612 -0.1856260
v 0.1692650 -0.2082020 -0.1154910
v 0.1787090 -0.1996240 -0.1158390
v 0.1739270 -0.2002060 -0.0976927
v 0.1863050 -0.1754790 -0.0721157
v 0.1929830 -0.1607880 -0.0652591
v 0.2006090 -0.1518340 -0.0757089
v 0.1989110 -0.1460460 -0.0631782
v 0.2066250 -0.1125380 -0.0579851
v 0.2081290 -0.1179950 -0.0677174
v 0.2112030 -0.1054510 -0.0708109
v 0.1821820 -0.1213800 -0.0169302
v 0.1924890 -0.1198040 -0.0300987
v 0.1911750 -0.1070640 -0.0203958
v 0.2068260 -0.0787654 -0.0376437
v 0.2056860 -0.0872140 -0.0393048
v 0.2097410 -0.0793261 -0.0476018
v 0.2008660 -0.0564360 -0.0198696
v 0.2032880 -0.0662321 -0.0255408
v 0.2077380 -0.0535925 -0.0346061
v 0.2154650 -0.0566195 -0.0652883
v 0.2172000 -0.0627188 -0.0786057
v 0.2157790 -0.0740906 -0.0731363
v 0.2176750 -0.0726529 -0.0874157
v 0.2155000 -0.1056230 -0.1032600
v 0.2154110 -0.0999946 -0.0921357
v 0.2130000 -0.1144040 -0.0913596
v 0.1029350 0.1533750 -0.3735570
v 0.1078190 0.1520250 -0.3789200
v 0.1190660 0.1482750 -0.3762860
v 0.1145970 0.1477620 -0.3727120
v 0.1183070 0.1464390 -0.3696580
v 0.1188810 0.1513500 -0.3905660
v 0.1226730 0.1508770 -0.3970660
v 0.1200210 0.1444480 -0.3559180
v 0.1146050 0.1454560 -0.3600030
v 0.1131200 0.1469390 -0.3546240
v 0.1271260 0.0526593 -0.3932680
v 0.1327530 0.0463023 -0.3806660
v 0.1293710 0.0389726 -0.3862870
v 0.1313020 -0.0066534 -0.3702110
v 0.1364680 0.0021220 -0.3651210
v 0.1407890 -0.0200559 -0.3522960
v 0.0993225 0.0346939 -0.4215750
v 0.1093050 0.0231252 -0.4077180
v 0.0968227 0.0166433 -0.4182390
v 0.0833691 -0.0517746 -0.4163420
v 0.0969567 -0.0358501 -0.4066440
v 0.0983033 -0.0654587 -0.4015070
v 0.1212060 -0.1484270 -0.3685050
v 0.1222820 -0.1138060 -0.3692970
v 0.1308240 -0.1431940 -0.3540290
v 0.1463060 -0.1845680 -0.3089920
v 0.1443900 -0.1459480 -0.3228680
v 0.1489100 -0.1495570 -0.3063320
v 0.1551140 -0.1124960 -0.2944420
v 0.1525980 -0.1007730 -0.3071370
v 0.1546850 -0.0920961 -0.3039320
v 0.1557980 -0.0681111 -0.3111610
v 0.1581530 -0.0619879 -0.3109400
v 0.1485430 -0.0301841 -0.3373040
v 0.1456270 -0.0403814 -0.3384120
v 0.1133500 0.0570923 -0.4175780
v 0.1094070 0.0532654 -0.4192550
v 0.1071440 0.0607439 -0.4230630
v 0.0879261 0.0763441 -0.4367100
v 0.0738742 0.0849442 -0.4423330
v 0.1792130 0.1458440 -0.3825630
v 0.1797570 0.1372040 -0.3715080
v 0.1906390 0.1406530 -0.3837750
v 0.2179460 0.1256300 -0.3950380
v 0.2070720 0.1243860 -0.3828720
v 0.2371980 0.1465640 -0.4392580
v 0.2304710 0.1401090 -0.4232840
v 0.2101950 0.1498380 -0.4121320
v 0.2184960 0.1557460 -0.4285880
v 0.2023950 0.1572640 -0.4167110
v 0.1281500 0.1190730 -0.4258300
v 0.1323720 0.1303420 -0.4249530
v 0.1352770 0.1158180 -0.4341110
v 0.1582280 0.1054640 -0.4593900
v 0.1525520 0.1186220 -0.4510530
v 0.1618890 0.1213110 -0.4606680
v 0.1700080 0.1377510 -0.4630470
v 0.1723440 0.1244740 -0.4713970
v 0.2006190 0.1233630 -0.5016380
v 0.1951740 0.1318460 -0.4937770
v 0.2065820 0.1358830 -0.5038330
v 0.2153710 0.1479800 -0.5069080
v 0.2176510 0.1402570 -0.5125370
v 0.2392550 0.1480070 -0.5272210
v 0.2367080 0.1497420 -0.5247570
v 0.2432410 0.1530560 -0.5281450
v 0.2481170 0.1576460 -0.5292720
v 0.1447390 0.1533490 -0.4200200
v 0.1383260 0.1549810 -0.4064210
v 0.1513000 0.1588470 -0.4143030
v 0.1846070 0.1576570 -0.4070640
v 0.1665560 0.1568490 -0.3992560
v 0.1744680 0.1522720 -0.3917080
v 0.2117850 0.1693900 -0.4520070
v 0.2033580 0.1667830 -0.4382750
v 0.2187830 0.1655630 -0.4470610
v 0.1964810 0.1648270 -0.4723960
v 0.2006090 0.1695870 -0.4654410
v 0.2118250 0.1705810 -0.4785380
v 0.2465510 0.1666710 -0.5005730
v 0.2389340 0.1682470 -0.4893790
v 0.2487850 0.1642770 -0.4933840
v 0.2443840 0.1691160 -0.5121940
v 0.2437780 0.1688770 -0.5089680
v 0.2497450 0.1674050 -0.5151390
v 0.2576520 0.1636630 -0.5267690
v 0.2580740 0.1642050 -0.5228590
v 0.2430480 0.1668230 -0.5188380
v 0.2496680 0.1667720 -0.5228590
v 0.2468000 0.1645240 -0.5238450
v 0.2475940 0.1685480 -0.5165930
v 0.2404360 0.1695790 -0.5117030
v 0.1616770 0.1379580 -0.3610710
v 0.1559130 0.1431750 -0.3674890
v 0.1501170 0.1402040 -0.3598910
v 0.1281820 0.1429470 -0.3519610
v 0.1282550 0.1428540 -0.3578770
v 0.1555940 0.1341050 -0.3382400
v 0.1475050 0.1376900 -0.3437250
v 0.1522010 0.1371480 -0.3324810
v 0.1648690 0.1402650 -0.2786880
v 0.1532740 0.1415010 -0.3031060
v 0.1543390 0.1453230 -0.2830300
v 0.0674424 0.0974190 0.0690094
v 0.0697035 0.0942379 0.0678692
v 0.0710045 0.0944798 0.0676115
v 0.0833823 0.0881839 0.0631573
v 0.0808799 0.0873095 0.0636250
v 0.0865314 0.0831396 0.0613075
v 0.0912412 0.0773514 0.0584293
v 0.0925017 0.0792091 0.0588679
v 0.1083050 0.0755735 0.0532736
v 0.1067280 0.0717969 0.0528803
v 0.1159390 0.0677892 0.0486865
v 0.1239120 0.0598907 0.0429965
v 0.1264950 0.0634308 0.0433898
v 0.1531770 0.0590138 0.0286002
v 0.1482470 0.0547748 0.0304978
v 0.1573190 0.0513624 0.0237926
v 0.1614760 0.0446998 0.0175364
v 0.1648310 0.0485507 0.0169305
v 0.1794920 0.0482531 0.0006075
v 0.1761820 0.0440965 0.0026511
v 0.1805060 0.0420448 -0.0047211
v 0.1818040 0.0373116 -0.0114661
v 0.1844300 0.0409632 -0.0121279
v 0.1929700 0.0471049 -0.0271407
v 0.1911480 0.0410296 -0.0277202
v 0.1940180 0.0413486 -0.0365674
v 0.1943270 0.0377821 -0.0466451
v 0.1964570 0.0422255 -0.0458213
v 0.2016760 0.0523032 -0.0647329
v 0.1998650 0.0462174 -0.0655701
v 0.2007530 0.0495632 -0.0761208
v 0.1989080 0.0498051 -0.0882370
v 0.2010640 0.0540069 -0.0872589
v 0.2025560 0.0693014 -0.1099420
v 0.2007880 0.0642944 -0.1111670
v 0.2005920 0.0691686 -0.1237160
v 0.1984310 0.0702448 -0.1379050
v 0.2006220 0.0734022 -0.1364830
v 0.2030630 0.0834347 -0.1578450
v 0.2014690 0.0803491 -0.1612290
v 0.2021720 0.0833390 -0.1714500
v 0.2012280 0.0841151 -0.1839670
v 0.1139270 -0.1242270 0.2825470
v 0.1154740 -0.1233710 0.2829080
v 0.1304590 -0.1234000 0.2817420
v 0.1285550 -0.1254040 0.2823870
v 0.1318730 -0.1250270 0.2789060
v 0.1293200 -0.1179490 0.2858180
v 0.1293030 -0.1196130 0.2843040
v 0.1334130 -0.1165090 0.2825840
v 0.1160700 -0.1207050 0.2836790
v 0.1149730 -0.1195840 0.2839260
v 0.1023750 -0.1186910 0.2798410
v 0.0006972 -0.1842330 0.4677940
v 0.0100042 -0.1860880 0.4659790
v 0.0119327 -0.1827770 0.4659310
v 0.0382471 -0.1712990 0.4530250
v 0.0342966 -0.1754820 0.4551670
v 0.0449071 -0.1710780 0.4478430
v 0.0530339 -0.1697680 0.4401200
v 0.0555150 -0.1666740 0.4395990
v 0.0807138 -0.1523790 0.4177770
v 0.0769559 -0.1567960 0.4205600
v 0.0877435 -0.1504730 0.4099640
v 0.1168720 -0.1321360 0.3721620
v 0.1062880 -0.1412170 0.3850700
v 0.1146400 -0.1361570 0.3702430
v 0.1127680 -0.1376610 0.3503670
v 0.1077520 -0.1421310 0.3658020
v 0.1037320 -0.1440180 0.3633280
v 0.1309960 -0.1198340 0.3142870
v 0.1263160 -0.1252630 0.3251560
v 0.1263800 -0.1231500 0.3122220
v 0.1108990 -0.1228900 0.2968950
v 0.1164260 -0.1262470 0.3078820
v 0.1076770 -0.1265200 0.3056730
v 0.1131490 -0.1186300 0.2856590
v 0.1134870 -0.1191830 0.2875300
v 0.0997597 -0.1171260 0.2811460
v 0.1272700 -0.1191930 0.2961010
v 0.1283810 -0.1177480 0.2924810
v 0.1317390 -0.1164210 0.2976320
v 0.0842865 -0.1362260 0.3279520
v 0.0972357 -0.1361200 0.3288350
v 0.0900689 -0.1413070 0.3413470
v 0.0750677 -0.1564980 0.3827920
v 0.0854853 -0.1513000 0.3706500
v 0.0791607 -0.1562640 0.3856040
v 0.0515185 -0.1561870 0.3757020
v 0.0618072 -0.1566390 0.3778650
v 0.0525029 -0.1613250 0.3885220
v 0.0391430 -0.1750670 0.4217240
v 0.0467202 -0.1710140 0.4142030
v 0.0419030 -0.1754820 0.4255850
v 0.0257484 -0.1716790 0.4080320
v 0.0308472 -0.1732310 0.4129990
v 0.0245871 -0.1770760 0.4194570
v 0.0081991 -0.1905270 0.4453580
v 0.0168625 -0.1873080 0.4412470
v 0.0126515 -0.1908750 0.4500750
v 0.0024111 -0.1806510 0.4193910
v 0.0045729 -0.1846270 0.4283040
v -0.0022344 -0.1851260 0.4288410
v 0.0830310 -0.1558630 0.3883630
v 0.0724178 -0.1611940 0.4000560
v 0.0474871 -0.1753910 0.4357640
v 0.0578806 -0.1702440 0.4263480
v 0.0493137 -0.1742140 0.4379750
v 0.0438986 -0.1759310 0.4294790
v 0.0359621 -0.1799860 0.4355410
v 0.0201642 -0.1889690 0.4507560
v 0.0105863 -0.1925540 0.4560340
v 0.0095697 -0.1928120 0.4600520
v 0.1182210 -0.1175140 0.3762470
v 0.1185960 -0.1226060 0.3752290
v 0.1279220 -0.1111570 0.3622380
v 0.1458070 -0.0954394 0.3214780
v 0.1407700 -0.1037550 0.3332700
v 0.1435620 -0.1029470 0.3198230
v 0.1462310 -0.0690943 0.3229560
v 0.1469250 -0.0783987 0.3235750
v 0.1505430 -0.0693441 0.3094450
v 0.1515490 -0.2203320 -0.1159290
v 0.1599980 -0.2150700 -0.1155280
v 0.1786820 -0.2001840 -0.1533970
v 0.1705170 -0.2073860 -0.1543800
v 0.1742940 -0.2000570 -0.1725930
v 0.1013690 0.0470279 0.3313170
v 0.0967638 0.0495393 0.3333230
v 0.0985582 0.0420023 0.3376550
v 0.0851420 0.0247463 0.3568750
v 0.0887388 0.0321452 0.3510420
v 0.0830525 0.0279382 0.3571380
v 0.0786752 0.0304868 0.3578190
v 0.0766905 0.0237471 0.3631230
v 0.0758831 0.0870198 0.0645791
v 0.0725788 0.0899511 0.0662747
v 0.0779834 0.0846598 0.0637207
v 0.0871588 0.0746113 0.0619694
v 0.0810596 0.0807930 0.0639599
v 0.0836909 0.0772664 0.0644568
v 0.0988986 0.0649669 0.0562289
v 0.1066290 0.0569089 0.0550038
v 0.1132800 0.0412157 0.0671995
v 0.1071650 0.0502968 0.0623282
v 0.1067490 0.0483993 0.0689323
v 0.1333350 0.0210150 0.0588998
v 0.1262890 0.0277202 0.0626816
v 0.1305510 0.0187853 0.0714545
v 0.1262330 0.0205233 0.1247480
v 0.1242340 0.0234840 0.1059560
v 0.1201980 0.0282411 0.1261380
v 0.1399840 -0.0013648 0.1213110
v 0.1361540 0.0058878 0.1223670
v 0.1378030 0.0034243 0.1420750
v 0.1339700 0.0091062 0.2043970
v 0.1316880 0.0128987 0.1842760
v 0.1282230 0.0168160 0.2059040
v 0.1464160 -0.0130822 0.2007930
v 0.1429820 -0.0056356 0.2019680
v 0.1448570 -0.0106559 0.2228800
v 0.1427790 -0.0203136 0.2866000
v 0.1414350 -0.0107994 0.2673190
v 0.1393990 -0.0135314 0.2869530
v 0.1508170 -0.0445353 0.2857090
v 0.1483900 -0.0363019 0.2873890
v 0.1291940 -0.0084261 0.3092530
v 0.1311190 -0.0011735 0.2900440
v 0.1262700 0.0062254 0.2911840
v 0.1093030 0.0356002 0.2525400
v 0.1162740 0.0281002 0.2511500
v 0.1108420 0.0358500 0.2314060
v 0.1112120 0.0272472 0.3030130
v 0.1102660 0.0302663 0.2889600
v 0.1052900 0.0350633 0.2893580
v 0.1122420 0.0063184 0.3314020
v 0.1142540 0.0139377 0.3228890
v 0.1101020 0.0130183 0.3297570
v 0.1070420 0.0208902 0.3293020
v 0.1061650 0.0232181 0.3298820
v 0.1072190 0.0280418 0.3234080
v 0.1057360 0.0258387 0.3303680
v 0.1143750 0.0333703 0.2096640
v 0.1066960 0.0414203 0.2116230
v 0.0939126 0.0551151 0.1730770
v 0.1018060 0.0480218 0.1714020
v 0.1004250 0.0503738 0.1510660
v 0.0811374 0.0574802 0.2370160
v 0.0830177 0.0588994 0.2163060
v 0.0761164 0.0626866 0.2176290
v 0.0668309 0.0746007 0.1786070
v 0.0720101 0.0708056 0.1774330
v 0.0714334 0.0742845 0.1569580
v 0.0954897 0.0491487 0.2345080
v 0.0952348 0.0469933 0.2547450
v 0.1022000 0.0419917 0.2537090
v 0.1064270 0.0447290 0.1292130
v 0.0990408 0.0527231 0.1307330
v 0.0877571 0.0668990 0.0962101
v 0.0948325 0.0593832 0.0948282
v 0.0913619 0.0644273 0.0818032
v 0.0769937 0.0725702 0.1351040
v 0.0708328 0.0777448 0.1364390
v 0.0641970 0.0902009 0.1013660
v 0.0685206 0.0856936 0.1004380
v 0.0666834 0.0901851 0.0874241
v 0.0603936 0.0882582 0.1378840
v 0.0589024 0.0910222 0.1360270
v 0.0566655 0.1027000 0.1007120
v 0.0581514 0.0988702 0.1014110
v 0.0530044 0.1024920 0.1548960
v 0.0541551 0.1026970 0.1356790
v 0.0513630 0.1092620 0.1329970
v 0.0491314 0.1205640 0.0965025
v 0.0480184 0.1264060 0.0842509
v 0.0666271 0.0950219 0.0716697
v 0.0700496 0.0901052 0.0731977
v 0.0710045 0.0901133 0.0703727
v 0.0822451 0.0778430 0.0666600
v 0.0882639 0.0713823 0.0647917
v 0.0999877 0.0559708 0.0706306
v 0.1051530 0.0486543 0.0789197
v 0.1411130 0.0360971 0.0355791
v 0.1390290 0.0312362 0.0412637
v 0.1478160 0.0266174 0.0345851
v 0.1640130 0.0014310 0.0248051
v 0.1561280 0.0054042 0.0342344
v 0.1594800 -0.0055054 0.0333149
v 0.1699650 0.0243451 0.0065870
v 0.1690690 0.0178844 0.0114798
v 0.1756670 0.0171642 0.0021621
v 0.1964810 0.0035730 -0.0208449
v 0.1899040 0.0016463 -0.0093693
v 0.1974220 -0.0046762 -0.0179454
v 0.2057450 -0.0280367 -0.0298967
v 0.1983960 -0.0229953 -0.0161011
v 0.1980680 -0.0342396 -0.0150513
v 0.1780680 -0.0513786 0.0131727
v 0.1796960 -0.0411149 0.0112460
v 0.1715370 -0.0426882 0.0218047
v 0.1888580 -0.0856567 -0.0069402
v 0.1862590 -0.0733200 0.0001637
v 0.1788190 -0.0855610 0.0061114
v 0.1518040 -0.0714224 0.0442216
v 0.1596820 -0.0692299 0.0337348
v 0.1529660 -0.0598990 0.0474641
v 0.1492290 -0.0331260 0.0649325
v 0.1531430 -0.0400013 0.0513282
v 0.1526090 -0.0310265 0.0524444
v 0.1618780 -0.0158329 0.0324644
v 0.1633610 -0.0258921 0.0319408
v 0.1706250 -0.0224477 0.0216957
v 0.1420200 0.0003786 0.0676433
v 0.1476650 -0.0048781 0.0546423
v 0.1445440 0.0046787 0.0544908
v 0.1400210 -0.1095890 0.3181540
v 0.1436770 -0.1039760 0.3083840
v 0.1388870 -0.1093810 0.2887440
v 0.1379480 -0.1103860 0.2937170
v 0.1336750 -0.1140910 0.2897090
v 0.1517720 -0.0877348 0.2807850
v 0.1485720 -0.0958779 0.2844630
v 0.1495270 -0.0943285 0.2745710
v 0.1461150 -0.1031410 0.2553990
v 0.1451340 -0.1044060 0.2655010
v 0.1491540 -0.0827838 0.2227340
v 0.1490250 -0.0897653 0.2361290
v 0.1457850 -0.0916682 0.2234650
v 0.1318170 -0.1182980 0.2294210
v 0.1375160 -0.1112390 0.2317300
v 0.1335410 -0.1205750 0.2371150
v 0.1204630 -0.1181620 0.1983510
v 0.1260420 -0.1167000 0.2099990
v 0.1178780 -0.1257870 0.2131620
v 0.1367810 -0.0977143 0.1992600
v 0.1304300 -0.1020830 0.1813680
v 0.1381520 -0.0911260 0.1841590
v 0.1432240 -0.0729400 0.1493870
v 0.1375970 -0.0838149 0.1461360
v 0.1373290 -0.0814841 0.1268230
v 0.1530860 -0.0583974 0.2114870
v 0.1510660 -0.0612278 0.1913820
v 0.1523860 -0.0526409 0.1933970
v 0.1503580 -0.0372720 0.1561550
v 0.1502910 -0.0453937 0.1550470
v 0.1491090 -0.0427785 0.1356650
v 0.1505300 -0.0258681 0.2205760
v 0.1510260 -0.0284088 0.1984280
v 0.1490980 -0.0206724 0.1996130
v 0.1431330 -0.0063691 0.1606470
v 0.1460640 -0.0138557 0.1595150
v 0.1445650 -0.0113229 0.1398960
v 0.1524000 -0.0838043 0.2538470
v 0.1532740 -0.0747897 0.2423770
v 0.1536740 -0.0766128 0.2593430
v 0.1532710 -0.0417793 0.2167790
v 0.1532580 -0.0410193 0.2393680
v 0.1540220 -0.0493057 0.2359220
v 0.1543760 -0.0684857 0.2657350
v 0.1536170 -0.0785209 0.2750740
v 0.1529680 -0.0806949 0.2885720
v 0.1306310 -0.0906318 0.1036940
v 0.1372480 -0.0792119 0.1076800
v 0.1440040 -0.0634017 0.0752415
v 0.1404320 -0.0748560 0.0719913
v 0.1449080 -0.0729585 0.0567790
v 0.1471530 -0.0487050 0.1150740
v 0.1479260 -0.0401634 0.1162830
v 0.1471880 -0.0271251 0.0810989
v 0.1475580 -0.0353160 0.0802166
v 0.1454020 -0.0163777 0.1192540
v 0.1430660 -0.0087876 0.1202780
v 0.1378760 0.0048832 0.0840277
v 0.1414800 -0.0032863 0.0836077
v 0.1183600 -0.1358780 0.2932810
v 0.1119470 -0.1368900 0.3003240
v 0.1159490 -0.1405580 0.3010890
v 0.1072640 -0.1516080 0.3230760
v 0.1028200 -0.1573430 0.3334140
v 0.0850399 -0.1659730 0.3572950
v 0.0742739 -0.1713920 0.3696210
v 0.0513763 -0.1683300 0.3790290
v 0.0606326 -0.1637080 0.3687180
v 0.0505610 -0.1591350 0.3648000
v 0.0394274 -0.1932560 0.4047900
v 0.0450116 -0.1852430 0.3982680
v 0.0370592 -0.1891690 0.4047970
v 0.0235920 -0.1829970 0.4063500
v 0.0298870 -0.1796670 0.4013110
v 0.0247292 -0.1743470 0.3967900
v 0.0075501 -0.2060920 0.4209610
v 0.0143225 -0.1997800 0.4181810
v 0.0069922 -0.2012000 0.4202010
v 0.0000669 -0.1889050 0.4144900
v 0.0051549 -0.1899660 0.4150690
v 0.0034947 -0.1845810 0.4104820
v 0.0994700 -0.1230570 0.2794160
v 0.1112150 -0.1274160 0.2843040
v 0.1121240 -0.1266400 0.2831740
v 0.1251330 -0.1294170 0.2832090
v 0.1246180 -0.1307010 0.2833630
v 0.1274770 -0.1310170 0.2808700
v 0.1135840 -0.2521510 -0.0956304
v 0.1244110 -0.2605100 -0.1146910
v 0.1225390 -0.2458020 -0.1068850
v 0.1242420 -0.2272360 -0.0973154
v 0.1304650 -0.2326980 -0.1160990
v 0.1338040 -0.2293250 -0.1171730
v 0.1504090 -0.2210890 -0.1575240
v 0.1468550 -0.2236410 -0.1582600
v 0.1512170 -0.2165530 -0.1777140
v 0.1544080 -0.1864280 -0.2283180
v 0.1530490 -0.1993760 -0.2148490
v 0.1538370 -0.1878560 -0.2322540
v 0.1611810 -0.1784610 -0.2246630
v 0.1577580 -0.1809700 -0.2260930
v 0.1535340 -0.1896440 -0.2400510
v 0.1545260 -0.1737600 -0.2495710
v 0.1566450 -0.1235970 -0.2821580
v 0.1553740 -0.1348600 -0.2812360
v 0.1323750 0.0708376 -0.3823320
v 0.1285820 0.0703432 -0.3918650
v 0.1307200 0.0802854 -0.3868450
v 0.1376370 0.0927948 -0.3924740
v 0.1343220 0.0859301 -0.3948360
v 0.2165810 0.0936586 -0.5052550
v 0.2111280 0.0849150 -0.4959030
v 0.2078390 0.0841974 -0.4947900
v 0.1820260 0.0714886 -0.4672170
v 0.1883240 0.0698941 -0.4704780
v 0.1770650 0.0650652 -0.4581780
v 0.1675720 0.0614748 -0.4467370
v 0.1642010 0.0619505 -0.4462030
v 0.1354140 0.0624050 -0.4258430
v 0.1394230 0.0590217 -0.4259230
v 0.1303980 0.0582298 -0.4189910
v 0.2490030 0.1456950 -0.5308110
v 0.2515530 0.1470550 -0.5311750
v 0.2467980 0.1390720 -0.5289370
v 0.2292970 0.1081450 -0.5135600
v 0.2369920 0.1202030 -0.5199410
v 0.2300150 0.1112180 -0.5119820
v 0.2196620 0.1033110 -0.5113150
v 0.2250620 0.1046450 -0.5137360
v 0.1465740 0.1006060 -0.3742110
v 0.1406890 0.0992954 -0.3736310
v 0.1424140 0.1015140 -0.3790160
v 0.1377920 0.0977487 -0.3869430
v 0.1604590 0.0230800 -0.3350580
v 0.1527190 0.0358367 -0.3460720
v 0.1547440 0.0428341 -0.3443890
v 0.1497360 0.0801047 -0.3562900
v 0.1460540 0.0770935 -0.3595350
v 0.1442130 0.0882024 -0.3638940
v 0.1740120 0.0516946 -0.3257220
v 0.1655900 0.0625724 -0.3369450
v 0.1651400 0.0353529 -0.3321350
v 0.1722960 0.0193169 -0.3217940
v 0.1671670 0.0170845 -0.3268810
v 0.1554600 0.0077588 -0.3387710
v 0.1639170 -0.0057925 -0.3261530
v 0.1602880 -0.0129707 -0.3285210
v -0.1198280 0.0126835 0.3059950
v -0.1154750 0.0233352 0.2895710
v -0.1209010 0.0145544 0.2910830
v -0.1280380 0.0123619 0.2517530
v -0.1212070 0.0218974 0.2506550
v -0.1212490 0.0235212 0.2303270
v -0.1354000 -0.0104884 0.2945860
v -0.1388260 -0.0207575 0.3011180
v -0.1455470 -0.0464807 0.3071800
v -0.1437930 -0.0289217 0.2902960
v -0.1463030 -0.0362010 0.2878890
v 0.0000669 -0.2000650 0.4205090
v -0.0060592 -0.1956480 0.4183510
v -0.0068584 -0.2012000 0.4202010
v -0.0232115 -0.2011700 0.4151120
v -0.0217229 -0.1967510 0.4147720
v -0.0293323 -0.1929560 0.4102400
v 0.0007267 -0.2169700 0.4209050
v -0.0080171 -0.2138390 0.4206560
v -0.0078455 -0.2169800 0.4196030
v -0.0270738 -0.2135950 0.4110060
v -0.0261914 -0.2112750 0.4130180
v -0.0354368 -0.2072960 0.4077710
v -0.0338114 -0.1846370 0.4038220
v -0.0369254 -0.1891690 0.4048000
v -0.0564541 -0.1849000 0.3902470
v -0.0534287 -0.1810810 0.3905230
v -0.0627062 -0.1766080 0.3814800
v -0.0427860 -0.2003780 0.4034850
v -0.0447733 -0.2031480 0.4014990
v -0.0635779 -0.1943480 0.3860670
v -0.0725362 -0.1898060 0.3772570
v -0.0797968 -0.1825850 0.3692520
v -0.0815187 -0.1852640 0.3674100
v 0.0810920 0.1290930 -0.4243730
v 0.0660477 0.1400870 -0.4191220
v 0.0195822 0.1265950 -0.4353780
v 0.0364798 0.1238490 -0.4361330
v 0.0205960 0.1134760 -0.4423470
v 0.0121794 0.1496440 -0.4176440
v -0.0046805 0.1495400 -0.4190340
v -0.0529915 0.1236840 -0.4353650
v -0.0342406 0.1252760 -0.4363350
v -0.0473510 0.1097370 -0.4424260
v -0.0502557 0.1576140 -0.4026980
v -0.0518649 0.1480570 -0.4156750
v -0.0668393 0.1459100 -0.4137270
v -0.0204301 0.0652352 -0.4522840
v -0.0188047 0.0835250 -0.4510190
v 0.0000454 0.0725571 -0.4526020
v 0.0571000 0.0910514 -0.4459960
v 0.0385557 0.0953328 -0.4475560
v 0.0554693 0.1061100 -0.4427980
v -0.0793060 -0.2910270 -0.3885030
v -0.0634920 -0.2686850 -0.3985300
v -0.0596996 -0.3069650 -0.3939970
v -0.0175254 -0.3194770 -0.3984510
v 0.0000454 -0.3278010 -0.3975050
v 0.0374506 -0.3150490 -0.3976220
v 0.0574756 -0.3123200 -0.3944940
v 0.0797991 -0.2382680 -0.3961150
v 0.0621748 -0.2409390 -0.4036990
v -0.2597740 0.1617100 -0.5125690
v -0.2612250 0.1605350 -0.5151680
v -0.2605470 0.1582280 -0.5062810
v -0.2567140 0.1401460 -0.4711340
v -0.2593750 0.1463880 -0.4854110
v -0.2568960 0.1386330 -0.4719710
v -0.2494020 0.1471380 -0.4601850
v -0.2536030 0.1444060 -0.4659920
v -0.2490650 0.1383120 -0.4503590
v -0.2344250 0.1134290 -0.4099980
v -0.2414930 0.1195120 -0.4247430
v -0.2349750 0.1112090 -0.4112660
v -0.2226640 0.1217390 -0.3974250
v -0.2281760 0.1185230 -0.4024560
v -0.2194640 0.1129100 -0.3879240
v -0.1940620 0.0968689 -0.3540100
v -0.2053190 0.0992157 -0.3668970
v -0.1983450 0.0944931 -0.3587860
v -0.2564460 0.1564610 -0.4897610
v -0.2515800 0.1587730 -0.4817330
v -0.2546760 0.1615820 -0.4954380
v -0.2027810 0.0856351 -0.1798080
v -0.2010810 0.0839768 -0.1845760
v -0.2019980 0.0829590 -0.1740120
v -0.2025510 0.0770112 -0.1404140
v -0.2009980 0.0769554 -0.1516000
v -0.2003410 0.0725783 -0.1380540
v -0.1977440 0.0691978 -0.1374690
v -0.1993480 0.0667103 -0.1250160
v -0.1971090 0.0471315 -0.0907696
v -0.1967280 0.0517744 -0.1017700
v -0.2027170 0.0576955 -0.0846438
v -0.2009760 0.0526832 -0.0866503
v -0.2006950 0.0488059 -0.0748797
v -0.1927370 0.0350952 -0.0483726
v -0.1945900 0.0365409 -0.0591280
v -0.1975140 0.0473229 -0.0407824
v -0.1965700 0.0424993 -0.0435755
v -0.1951530 0.0430972 -0.0359721
v -0.1883060 0.0476950 -0.0155695
v -0.1888660 0.0413964 -0.0211930
v -0.1850200 0.0418083 -0.0130608
v -0.1820810 0.0375641 -0.0121491
v -0.1808680 0.0428820 -0.0051357
v -0.1680210 0.0539936 0.0155831
v -0.1706650 0.0464167 0.0101084
v -0.1639120 0.0490343 0.0176614
v -0.1608030 0.0449842 0.0181903
v -0.1557550 0.0518860 0.0248635
v -0.1276190 0.0658066 0.0437859
v -0.1358480 0.0585566 0.0380029
v -0.1261550 0.0621922 0.0433420
v -0.1232640 0.0597686 0.0432676
v -0.1167140 0.0663249 0.0481099
v -0.0962276 0.0815690 0.0582354
v -0.1002270 0.0752438 0.0557026
v -0.0926980 0.0796502 0.0588652
v -0.0906192 0.0779014 0.0586899
v -0.0859335 0.0837509 0.0616530
v -0.0707954 0.0948943 0.0680899
v -0.0744996 0.0909690 0.0662720
v -0.0703798 0.0941661 0.0678746
v -0.0698594 0.0937861 0.0677576
v -0.1022490 -0.1186910 0.2798470
v -0.1148440 -0.1195840 0.2839340
v -0.1159420 -0.1207050 0.2836870
v -0.1303310 -0.1234000 0.2817500
v -0.1295350 -0.1215050 0.2831180
v -0.1330240 -0.1209550 0.2794110
v -0.1256960 -0.1288480 0.2831450
v -0.1269330 -0.1271610 0.2826610
v -0.1286870 -0.1295610 0.2804840
v -0.1153460 -0.1233710 0.2829160
v -0.1137980 -0.1242270 0.2825550
v -0.0013547 -0.2236880 0.3454180
v -0.0060940 -0.2213260 0.3522000
v -0.0060323 -0.2230000 0.3449110
v -0.0135960 -0.2227160 0.3342880
v -0.0144006 -0.2213520 0.3405950
v -0.0174717 -0.2207730 0.3372410
v 0.0000642 -0.2250280 0.3193070
v -0.0053296 -0.2250140 0.3235890
v -0.0059599 -0.2241850 0.3174890
v -0.0225195 -0.2187980 0.3164470
v -0.0192634 -0.2205820 0.3209020
v -0.0257837 -0.2176900 0.3250370
v -0.0256952 -0.2168710 0.3342270
v -0.0308314 -0.2143150 0.3304690
v -0.0443978 -0.2050030 0.3404110
v -0.0378693 -0.2081550 0.3435760
v -0.0407098 -0.2066130 0.3506300
v -0.0599034 -0.1966040 0.3153520
v -0.0546222 -0.2001760 0.3236180
v -0.0635136 -0.1949280 0.3232640
v -0.0409325 -0.2092710 0.3186770
v -0.0443361 -0.2069320 0.3119290
v -0.0347581 -0.2126410 0.3128780
v -0.1485560 -0.0444901 0.2864930
v -0.1500930 -0.0539140 0.2857280
v -0.1486960 -0.0630801 0.3042700
v -0.1353410 -0.1067370 0.3447560
v -0.1408510 -0.0983229 0.3318750
v -0.1337560 -0.1128340 0.3427420
v -0.1343120 -0.0886492 0.3510840
v -0.1349610 -0.0951258 0.3497710
v -0.1271660 -0.1065750 0.3627590
v -0.0963108 -0.1455590 0.3960250
v -0.1083460 -0.1358570 0.3825640
v -0.0963054 -0.1365870 0.4016910
v -0.0965093 -0.1398190 0.4008160
v -0.0853863 -0.1492670 0.4124490
v -0.0522726 -0.1724890 0.4396360
v -0.0626846 -0.1674050 0.4305390
v -0.0512587 -0.1741400 0.4379010
v -0.0528735 -0.1655690 0.4423950
v -0.0530800 -0.1680910 0.4419190
v -0.0424694 -0.1724940 0.4499350
v -0.0119545 -0.1881850 0.4649260
v -0.0215540 -0.1855380 0.4609560
v -0.0118043 -0.1901040 0.4636430
v -0.0097069 -0.1804200 0.4666510
v -0.0103962 -0.1833460 0.4664330
v -0.0981211 -0.1758240 0.3453230
v -0.1053900 -0.1704480 0.3331740
v -0.1183230 -0.1490650 0.3027050
v -0.1142760 -0.1543030 0.3139550
v -0.1158150 -0.1472050 0.3069860
v -0.1503620 -0.0844740 0.2732420
v -0.1518880 -0.0709174 0.2662020
v -0.1521240 -0.0723553 0.2596540
v -0.1530520 -0.0565504 0.2258150
v -0.1527650 -0.0501456 0.2285250
v -0.1522710 -0.0418935 0.2118910
v -0.1476120 -0.0971960 0.2551570
v -0.1505440 -0.0852740 0.2470460
v -0.1491040 -0.0907354 0.2439850
v -0.1473900 -0.0863743 0.2194410
v -0.1499220 -0.0779654 0.2196490
v -0.1492890 -0.0732428 0.2058400
v -0.1397540 -0.1185020 0.2526140
v -0.1425620 -0.1096630 0.2426560
v -0.1391980 -0.1170700 0.2452130
v -0.1498570 -0.0890716 0.2630580
v -0.1461670 -0.0993540 0.2692830
v -0.1468670 -0.0968877 0.2736090
v -0.1372350 -0.1107050 0.2930260
v -0.1379110 -0.1098490 0.2880080
v -0.1326400 -0.1147180 0.2918540
v -0.1488220 -0.0870280 0.2905970
v -0.1457480 -0.0968904 0.2927040
v -0.1437340 -0.1003320 0.3031350
v -0.1224000 -0.1277450 0.3356490
v -0.1282340 -0.1213620 0.3217280
v -0.1197420 -0.1290100 0.3284390
v -0.1304040 -0.1191610 0.3417030
v -0.1249160 -0.1250290 0.3537360
v -0.1177410 -0.1570880 0.2959970
v -0.1186750 -0.1549440 0.2988960
v -0.1214590 -0.1500960 0.2892920
v -0.1275770 -0.1355300 0.2807240
v -0.1256370 -0.1385460 0.2838970
v -0.1258090 -0.1340550 0.2834690
v -0.1330320 -0.1311550 0.2599810
v -0.1310770 -0.1346390 0.2689370
v -0.1341850 -0.1294940 0.2646610
v -0.1348940 -0.1234910 0.2739310
v -0.1332760 -0.1264570 0.2746960
v -0.1317450 -0.1250270 0.2789140
v -0.1443910 -0.1070660 0.2511970
v -0.1411480 -0.1148880 0.2599170
v -0.1426420 -0.1104840 0.2606110
v -0.1372490 -0.1128280 0.2786270
v -0.1367950 -0.1151640 0.2765940
v -0.1329200 -0.1168620 0.2820340
v -0.1502090 -0.0287809 0.1959270
v -0.1514770 -0.0363391 0.1944390
v -0.1498360 -0.0373411 0.1558420
v -0.1491600 -0.0294081 0.1569820
v -0.1478160 -0.0268222 0.1374700
v -0.1506490 -0.0602738 0.1903590
v -0.1484360 -0.0693734 0.1896200
v -0.1423690 -0.0732907 0.1487330
v -0.1463250 -0.0630988 0.1516160
v -0.1451500 -0.0609142 0.1311070
v -0.1249910 -0.1122830 0.1975670
v -0.1318710 -0.0992824 0.1826360
v -0.1231590 -0.1099550 0.1810100
v -0.1116740 -0.1142930 0.1383520
v -0.1202790 -0.1069470 0.1404700
v -0.1172530 -0.1084190 0.1215110
v -0.1169390 -0.1096040 0.0678852
v -0.1232670 -0.1009270 0.0847212
v -0.1265250 -0.0996757 0.0654163
v -0.1449600 -0.0739577 0.0534675
v -0.1401610 -0.0747551 0.0676513
v -0.1440660 -0.0640502 0.0652755
v -0.1488890 -0.0367749 0.0632317
v -0.1463620 -0.0452662 0.0771444
v -0.1470870 -0.0357836 0.0787362
v -0.1473090 -0.0321374 0.1169450
v -0.1473980 -0.0402087 0.1159460
v -0.1485810 -0.0428211 0.1353280
v -0.1413680 0.0012210 0.0683981
v -0.1435350 -0.0102998 0.0825713
v -0.1407220 -0.0029063 0.0838548
v -0.1394880 -0.0015481 0.1210930
v -0.1425620 -0.0089418 0.1200360
v -0.1440610 -0.0114770 0.1396540
v -0.1224860 0.0273933 0.0764986
v -0.1283620 0.0179454 0.0881602
v -0.1237360 0.0242972 0.0901322
v -0.1202810 0.0280391 0.1255740
v -0.1260320 0.0203028 0.1243810
v -0.1277700 0.0179269 0.1442070
v -0.1002320 0.0559521 0.0788638
v -0.1058220 0.0477241 0.0918915
v -0.0988158 0.0560559 0.0933372
v -0.0923788 0.0611824 0.1317690
v -0.0997922 0.0531697 0.1300390
v -0.1011790 0.0508229 0.1503890
v -0.0729976 0.0845827 0.0855583
v -0.0777531 0.0784836 0.0982114
v -0.0715197 0.0843834 0.0996173
v -0.0664048 0.0832858 0.1372700
v -0.0715949 0.0794641 0.1363270
v -0.0722037 0.0760226 0.1569320
v -0.0589191 0.1001350 0.0877111
v -0.0601849 0.0953409 0.1014000
v -0.0584415 0.0980968 0.1023600
v -0.0577494 0.0911285 0.1495650
v -0.0588064 0.0899486 0.1429130
v -0.0591846 0.0857362 0.1629910
v -0.0540561 0.1024470 0.1369700
v -0.0528815 0.1024920 0.1549010
v -0.0609359 0.0808356 0.2216470
v -0.0579373 0.0854411 0.1999610
v -0.0621135 0.0764213 0.2217540
v -0.0542467 0.0967016 0.2195480
v -0.0571863 0.0917105 0.2201350
v -0.0607696 0.0880616 0.2386480
v -0.0610029 0.0800887 0.1805760
v -0.0594527 0.0819118 0.1824320
v -0.0630118 0.0734659 0.2207840
v -0.0681455 0.0674516 0.2414200
v -0.0764174 0.0587773 0.2577030
v -0.0767552 0.0599227 0.2614400
v -0.0966863 0.0436075 0.2962920
v -0.1033490 0.0369740 0.3088250
v -0.0635832 0.0938579 0.0876739
v -0.0625560 0.0967201 0.0792492
v -0.0657826 0.0932041 0.0785264
v -0.0790779 0.0816462 0.0664022
v -0.0730324 0.0876577 0.0687915
v -0.0768463 0.0844739 0.0662215
v -0.0861347 0.0713638 0.0822258
v -0.0826506 0.0762378 0.0737718
v -0.0895224 0.0693546 0.0718052
v -0.1081040 0.0551045 0.0561226
v -0.1004060 0.0623810 0.0584613
v -0.1133590 0.0394032 0.0781197
v -0.1101610 0.0456831 0.0680978
v -0.1164060 0.0368066 0.0700033
v -0.1323670 0.0150540 0.0719886
v -0.1271290 0.0260912 0.0629447
v -0.1331900 0.0197926 0.0603641
v -0.1358780 0.0248314 0.0504804
v -0.1389620 0.0132894 0.0577331
v -0.1468880 -0.0149452 0.0648635
v -0.1471970 -0.0018645 0.0536695
v -0.1500580 -0.0108551 0.0515487
v -0.1345800 0.0080672 0.1627780
v -0.1295080 0.0155536 0.1640300
v -0.1273110 0.0169888 0.2075570
v -0.1329540 0.0090319 0.2050660
v -0.1347840 0.0040487 0.2271510
v -0.1101020 0.0401686 0.1688060
v -0.1025680 0.0484789 0.1707410
v -0.0970217 0.0508734 0.2137940
v -0.1048860 0.0436553 0.2118570
v -0.1059450 0.0408729 0.2325170
v -0.0795125 0.0682863 0.1761750
v -0.0727911 0.0725650 0.1774910
v -0.0690013 0.0681002 0.2165390
v -0.0745881 0.0650332 0.2172040
v -0.0760015 0.0613365 0.2341910
v -0.0844904 0.0538526 0.2519520
v -0.0768492 0.0588570 0.2466340
v -0.1411540 -0.0106026 0.2467250
v -0.1372160 -0.0033714 0.2502730
v -0.1300980 -0.1212500 0.2301620
v -0.1294650 -0.1172320 0.2209110
v -0.1251920 -0.1272960 0.2308640
v -0.1093940 -0.1499870 0.2581020
v -0.1120390 -0.1421980 0.2427410
v -0.1020160 -0.1493170 0.2501210
v -0.1223010 -0.1467340 0.2715810
v -0.1193260 -0.1482060 0.2678340
v -0.1250660 -0.1353780 0.2475060
v -0.1281960 -0.1338870 0.2513780
v -0.1295830 -0.1272510 0.2402290
v -0.1402180 -0.0982751 0.2149320
v -0.1390240 -0.1074200 0.2272630
v -0.1437850 -0.0962074 0.2219530
v -0.1070050 0.0303035 0.3154990
v -0.1067440 0.0315446 0.3182630
v -0.1043870 0.0236965 0.3338100
v -0.1056690 0.0227478 0.3315190
v -0.1048110 0.0389833 0.3298390
v -0.1051730 0.0334634 0.3307770
v -0.1057870 0.0382869 0.3186830
v -0.1043870 0.0440486 0.3164390
v -0.1763110 -0.0366262 -0.3040040
v -0.1723360 -0.0478175 -0.3037170
v -0.1792350 -0.0579748 -0.2920450
v -0.1856340 -0.1117650 -0.2524220
v -0.1804500 -0.1034600 -0.2650730
v -0.1797340 -0.1256620 -0.2507610
v -0.1735860 -0.1355830 -0.2500540
v -0.1789590 -0.1457700 -0.2362480
v -0.1839340 -0.1789020 -0.1934070
v -0.1779050 -0.1771670 -0.2068230
v -0.1770890 -0.1891420 -0.1906800
v -0.1695820 -0.1969050 -0.1901970
v -0.1747660 -0.1990870 -0.1734720
v -0.0888519 -0.1402020 0.3185100
v -0.1019730 -0.1385620 0.3097210
v -0.0983117 -0.1443720 0.3218980
v -0.1003420 -0.1593820 0.3380030
v -0.1060420 -0.1530750 0.3263820
v -0.1060900 -0.1583750 0.3302110
v -0.0727214 -0.1717980 0.3711020
v -0.0828624 -0.1670060 0.3598150
v -0.0757118 -0.1755640 0.3708200
v -0.0829108 -0.1547600 0.3463640
v -0.0712595 -0.1590660 0.3576910
v -0.0728769 -0.1504520 0.3430770
v -0.0576878 -0.1619940 0.0029542
v -0.0574627 -0.1709880 -0.0083461
v -0.0672791 -0.1863460 -0.0268273
v -0.0673195 -0.1751070 -0.0165342
v -0.0494563 -0.2045210 -0.0308083
v -0.0560385 -0.1980950 -0.0309439
v -0.0576745 -0.2102300 -0.0367960
v -0.0956591 -0.2415340 -0.0722965
v -0.0864967 -0.2240390 -0.0602575
v -0.1031420 -0.2305180 -0.0772264
v -0.1075120 -0.2243690 -0.0785791
v -0.1180280 -0.2337580 -0.0961779
v -0.1314630 0.0749940 -0.4008130
v -0.1338230 0.0846014 -0.3956180
v -0.1327340 0.0888110 -0.3816470
v -0.1308570 0.0811969 -0.3856840
v -0.2052440 0.0795252 -0.4863040
v -0.1941450 0.0718607 -0.4722610
v -0.1774540 0.0665932 -0.4600250
v -0.1883730 0.0702130 -0.4710360
v -0.1423180 0.0589926 -0.4280890
v -0.1549690 0.0605659 -0.4385330
v -0.1684850 0.0628753 -0.4456340
v -0.1533550 0.0608050 -0.4322960
v -0.1640300 0.0661415 -0.4383600
v -0.2522540 0.1465030 -0.5301760
v -0.2525190 0.1474890 -0.5309390
v -0.2495610 0.1413230 -0.5290170
v -0.2387200 0.1220230 -0.5220860
v -0.2311800 0.1098940 -0.5160610
v -0.2283660 0.1065720 -0.5149450
v -0.2231010 0.0983546 -0.5082610
v -0.1359640 0.0846359 -0.3741150
v -0.1371490 0.0936878 -0.3738920
v -0.1346790 0.0929383 -0.3779600
v -0.1360150 0.0927682 -0.3905550
v -0.1378330 0.0980170 -0.3860720
v -0.1546210 -0.0068501 0.0407589
v -0.1533630 -0.0196359 0.0473125
v -0.1654410 -0.0433074 0.0296234
v -0.1647540 -0.0329773 0.0303834
v -0.1729290 -0.0372614 0.0199311
v -0.1480760 -0.0561490 0.0583151
v -0.1530600 -0.0514876 0.0488645
v -0.1530280 -0.0615813 0.0453061
v -0.1672370 -0.0929599 0.0148470
v -0.1682490 -0.0783109 0.0203456
v -0.1779230 -0.0853909 0.0070070
v -0.1940050 -0.0596731 -0.0085109
v -0.2003140 -0.0463424 -0.0178843
v -0.2043020 -0.0142224 -0.0280709
v -0.1990400 -0.0259424 -0.0164996
v -0.1970170 -0.0167285 -0.0144055
v -0.1879760 -0.0184984 -0.0012210
v -0.1933460 -0.0079929 -0.0111659
v -0.1652370 -0.0011363 0.0234949
v -0.1677420 0.0086119 0.0169465
v -0.1718880 -0.0002034 0.0145573
v -0.1878660 0.0005805 -0.0066505
v -0.1956090 0.0020051 -0.0189712
v -0.1725890 0.0224554 0.0036158
v -0.1705850 0.0272951 0.0035149
v -0.1757290 0.0251477 -0.0035730
v -0.1889900 0.0223491 -0.0288045
v -0.1832290 0.0256658 -0.0201726
v -0.1865360 0.0256579 -0.0295088
v -0.1947540 0.0104856 -0.0243051
v -0.2013170 0.0035917 -0.0317092
v -0.2112650 -0.0000917 -0.0666384
v -0.2071690 0.0073070 -0.0587665
v -0.2082320 0.0099939 -0.0728386
v -0.2000210 0.0254826 -0.0732904
v -0.1970790 0.0295806 -0.0722008
v -0.1907680 0.0292962 -0.0496827
v -0.1880000 0.0301041 -0.0397460
v -0.1851710 0.0278930 -0.0298064
v -0.1894940 0.0261070 -0.0394005
v -0.2507140 0.1678270 -0.5073340
v -0.2477260 0.1690100 -0.5056750
v -0.2516150 0.1677180 -0.5134730
v -0.2575670 0.1636630 -0.5267530
v -0.2547990 0.1653000 -0.5252670
v -0.2569660 0.1631630 -0.5071320
v -0.2582540 0.1639930 -0.5160670
v -0.2537690 0.1665810 -0.5120220
v -0.2513630 0.1669320 -0.5032590
v 0.0973941 0.1236870 0.0337109
v 0.0909890 0.1206520 0.0365544
v -0.0683441 0.1101440 0.0587057
v -0.0696718 0.1079380 0.0552561
v -0.0667644 0.1063250 0.0613448
v -0.0781634 0.1243280 0.0492100
v -0.0746740 0.1201420 0.0516126
v -0.0744191 0.1252390 0.0517640
v -0.1985010 0.0939775 -0.1184280
v -0.1996410 0.0951229 -0.1281040
v -0.2011510 0.0919816 -0.1214520
v -0.1909450 0.0969620 -0.1060400
v -0.1927050 0.0956864 -0.1113160
v -0.1918090 0.0954923 -0.1032290
v -0.1931740 0.0938367 -0.0885186
v -0.1938610 0.0926353 -0.0792037
v -0.2004640 0.0873786 -0.0707019
v -0.1998500 0.0889625 -0.0785074
v -0.2018100 0.0855129 -0.0764822
v -0.1957860 0.0848591 -0.0451090
v -0.1976930 0.0859461 -0.0543123
v -0.1987630 0.0812528 -0.0483035
v -0.1934640 0.0842771 -0.0363787
v -0.1927310 0.0873174 -0.0443569
v -0.1831110 0.0843064 -0.0120562
v -0.1870530 0.0841868 -0.0197791
v -0.1852830 0.0804554 -0.0109452
v -0.1784280 0.0845748 -0.0046121
v -0.1802510 0.0867036 -0.0131804
v -0.1603770 0.0862889 0.0145068
v -0.1669510 0.0855342 0.0088249
v -0.1626130 0.0835198 0.0163192
v -0.1530970 0.0867487 0.0201570
v -0.1573990 0.0881945 0.0128166
v -0.1251390 0.0892655 0.0367670
v -0.1356420 0.0877161 0.0314678
v -0.1304840 0.0857468 0.0375776
v -0.1156760 0.0913810 0.0399111
v -0.1227460 0.0912348 0.0335514
v -0.0964314 0.1019160 0.0386646
v -0.1014470 0.0980436 0.0399828
v -0.0955438 0.1000160 0.0426856
v -0.0873498 0.1001750 0.0534968
v -0.0930921 0.0986150 0.0512538
v -0.0905416 0.0982296 0.0553014
v -0.0680677 0.1016740 0.0625805
v -0.0696556 0.1018020 0.0582379
v -0.0703503 0.1011290 0.0617302
v -0.0663995 0.1040870 0.0623652
v -0.0649351 0.1045920 0.0660461
v -0.1958320 0.1042040 -0.1195280
v -0.1985330 0.1054000 -0.1248800
v -0.1969240 0.1004010 -0.1277850
v -0.1920880 0.1141430 -0.0847209
v -0.1934470 0.1120600 -0.0958537
v -0.1896340 0.1207400 -0.0585141
v -0.1913150 0.1194880 -0.0669361
v -0.1893360 0.1345430 -0.0530234
v -0.1912050 0.1291910 -0.0555481
v -0.1879040 0.1301240 -0.0469534
v -0.1736850 0.1235570 -0.0253018
v -0.1790520 0.1229640 -0.0337796
v -0.1711910 0.1372040 -0.0190723
v -0.1735920 0.1326720 -0.0218176
v -0.1678220 0.1329940 -0.0143576
v -0.1464110 0.1271230 0.0025848
v -0.1539500 0.1264770 -0.0035491
v -0.1460380 0.1219330 0.0019441
v -0.1448740 0.1419740 0.0049871
v -0.1468610 0.1360740 0.0048702
v -0.1380770 0.1367790 0.0110625
v -0.1135570 0.1263710 0.0242922
v -0.1217720 0.1269560 0.0194554
v -0.1134580 0.1218430 0.0229820
v -0.1054700 0.1405870 0.0296287
v -0.1105580 0.1350460 0.0281430
v -0.1027640 0.1336110 0.0328764
v -0.0860061 0.1203650 0.0393530
v -0.0921856 0.1226350 0.0356615
v -0.0868778 0.1176700 0.0368947
v -0.0803493 0.1296160 0.0474693
v -0.0830718 0.1263130 0.0455426
v -0.0821733 0.1008210 0.0558755
v -0.0835411 0.1013760 0.0517268
v -0.0736923 0.1008580 0.0602526
v -0.0725683 0.1000500 0.0639015
v 0.0661415 0.1040760 0.0629075
v 0.0681613 0.1041190 0.0580414
v 0.0666244 0.1066440 0.0614538
v 0.0693764 0.1018550 0.0638642
v 0.0678929 0.1020590 0.0635560
v 0.0672681 0.1020350 0.0662375
v 0.0823363 0.1008870 0.0558807
v 0.0768220 0.1014690 0.0589688
v 0.0794961 0.1007620 0.0604784
v 0.0842219 0.1020860 0.0468235
v 0.0879072 0.1017110 0.0441607
v 0.0743382 0.1182870 0.0514212
v 0.0761754 0.1158310 0.0475225
v 0.0789114 0.1207560 0.0468182
v 0.0681773 0.1105210 0.0586021
v 0.0654495 0.1117810 0.0626737
v 0.1954320 0.0976104 -0.1257440
v 0.1982800 0.0977221 -0.1314100
v 0.1970310 0.1004010 -0.1277930
v 0.1919160 0.0954923 -0.1032440
v 0.1928110 0.0956864 -0.1113260
v 0.1942140 0.0922474 -0.0797060
v 0.1933670 0.0937064 -0.0886913
v 0.1999620 0.0900601 -0.0813165
v 0.2008280 0.0877134 -0.0729928
v 0.1978510 0.0860790 -0.0546605
v 0.1960380 0.0852524 -0.0461295
v 0.1880610 0.0887977 -0.0382550
v 0.1901990 0.0891725 -0.0459142
v 0.1879920 0.0839290 -0.0214801
v 0.1839410 0.0838174 -0.0130554
v 0.1733980 0.0890635 -0.0085905
v 0.1781190 0.0888031 -0.0156891
v 0.1617550 0.0830918 0.0174886
v 0.1667460 0.0854970 0.0091756
v 0.1595370 0.0861774 0.0155779
v 0.1471320 0.0908840 0.0161865
v 0.1548350 0.0903313 0.0105124
v 0.1264120 0.0882424 0.0394379
v 0.1337690 0.0886648 0.0324671
v 0.1252050 0.0898290 0.0367670
v 0.1119310 0.0949449 0.0354223
v 0.1207180 0.0934698 0.0312950
v 0.1184890 0.0969673 0.0282707
v 0.1010950 0.0953515 0.0482666
v 0.0936766 0.0981127 0.0510013
v 0.0919572 0.1003420 0.0434589
v 0.0902326 0.1018390 0.0412558
v 0.1989320 0.1173780 -0.1029650
v 0.2000240 0.1121660 -0.1187070
v 0.2005730 0.1200570 -0.1116930
v 0.1912830 0.1091550 -0.0919602
v 0.1934950 0.1119830 -0.0954338
v 0.1919400 0.1138620 -0.0829854
v 0.1910440 0.1193290 -0.0651209
v 0.1892280 0.1206330 -0.0566963
v 0.1892280 0.1294910 -0.0490954
v 0.1925140 0.1285350 -0.0577088
v 0.1924550 0.1329360 -0.0583839
v 0.1784300 0.1231240 -0.0322700
v 0.1733040 0.1239770 -0.0244168
v 0.1687850 0.1333900 -0.0159018
v 0.1748170 0.1324230 -0.0237364
v 0.1737920 0.1374530 -0.0238746
v 0.1540650 0.1264770 -0.0035597
v 0.1465230 0.1271230 0.0025767
v 0.1381920 0.1367790 0.0110573
v 0.1469760 0.1360740 0.0048596
v 0.1449890 0.1419740 0.0049792
v 0.1131490 0.1225580 0.0232503
v 0.1217910 0.1271230 0.0195617
v 0.1133180 0.1269770 0.0249087
v 0.1024280 0.1358140 0.0339738
v 0.1105100 0.1356730 0.0288766
v 0.1055990 0.1415910 0.0295489
v 0.0833959 0.1249020 0.0448410
v 0.0897016 0.1285290 0.0415721
v 0.0823257 0.1302990 0.0461564
v 0.1930660 0.0987639 -0.1189910
v 0.1933960 0.1029650 -0.1150020
v 0.1916050 0.1014050 -0.1099470
v 0.1906500 0.1041190 -0.0992581
v 0.1899470 0.1056130 -0.0878489
v 0.1909150 0.0963268 -0.0962045
v 0.1900330 0.0983573 -0.0903949
v 0.1895790 0.1013230 -0.0840831
v 0.1893540 0.1045520 -0.0769261
v 0.1910330 0.0919337 -0.0627955
v 0.1894350 0.0957661 -0.0644964
v 0.1887160 0.1010120 -0.0668643
v 0.1888900 0.1069490 -0.0695964
v 0.1845290 0.0966271 -0.0423398
v 0.1860980 0.1027000 -0.0520614
v 0.1879430 0.1084850 -0.0618706
v 0.1899580 0.1126470 -0.0720254
v -0.1932870 0.1029650 -0.1149910
v -0.1929600 0.0987639 -0.1189800
v -0.1914980 0.1014050 -0.1099390
v -0.1904030 0.0998561 -0.1041960
v -0.1901050 0.0982828 -0.0987558
v -0.1896470 0.1081210 -0.0796183
v -0.1894860 0.1030110 -0.0849415
v -0.1899100 0.0988941 -0.0905331
v -0.1908080 0.0963268 -0.0961939
v -0.1904590 0.1132320 -0.0765673
v -0.1891670 0.1094610 -0.0711643
v -0.1886970 0.1039990 -0.0672922
v -0.1891510 0.0980596 -0.0638425
v -0.1840410 0.1109040 -0.0477853
v -0.1856580 0.1041320 -0.0515671
v -0.1877560 0.0978895 -0.0555136
v -0.1901940 0.0930261 -0.0590376
v 0.0730588 0.1081720 0.0480034
v 0.0717098 0.1057000 0.0498958
v 0.0735871 0.1066730 0.0467226
v 0.0743759 0.1052560 0.0463584
v 0.0726673 0.1030770 0.0501110
v 0.0756792 0.1040050 0.0467359
v 0.0845894 0.1087140 0.0384202
v 0.0815478 0.1067630 0.0409555
v 0.0792814 0.1046850 0.0440995
v 0.0775542 0.1029230 0.0479795
v 0.0886341 0.1100640 0.0361611
v 0.0899592 0.1061970 0.0369159
v 0.0906377 0.1033590 0.0387097
v 0.0870140 0.1142920 0.0367884
v 0.0934619 0.1117120 0.0337109
v 0.1005720 0.1082570 0.0312126
v 0.1081310 0.1048820 0.0289378
v 0.1137850 0.1167450 0.0227694
v 0.1149590 0.1098890 0.0236197
v 0.1164750 0.1027960 0.0256475
v 0.1253930 0.1018250 0.0211747
v 0.1341960 0.1011820 0.0162290
v 0.1364410 0.0951760 0.0187112
v 0.1425850 0.1005440 0.0109881
v -0.0709297 0.1038590 0.0511103
v -0.0713400 0.1053490 0.0501350
v -0.0728179 0.1053360 0.0476873
v -0.0754088 0.1076620 0.0445087
v -0.0763233 0.1108560 0.0441499
v -0.0788741 0.1104630 0.0414418
v -0.0778738 0.1030240 0.0475837
v -0.0791880 0.1052220 0.0438762
v -0.0808644 0.1085780 0.0408598
v -0.0831925 0.1128330 0.0386221
v -0.0883315 0.1144780 0.0358395
v -0.0939210 0.1154830 0.0331048
v -0.0990518 0.1206520 0.0306094
v -0.0999504 0.1158950 0.0302267
v -0.0983545 0.1054130 0.0347207
v -0.1016730 0.1102400 0.0307954
v -0.1066480 0.1159290 0.0268701
v -0.1141600 0.1159190 0.0228518
v -0.1222180 0.1159080 0.0182646
v -0.1298480 0.1224170 0.0131090
v -0.1305430 0.1158420 0.0132259
v -0.1199380 0.0972782 0.0270190
v -0.1257880 0.1019320 0.0208612
v -0.1320610 0.1084240 0.0143393
v -0.1388660 0.1155650 0.0078866
v 0.0881916 -0.1242140 0.2841170
v 0.0991803 -0.1254390 0.2843090
v 0.0842782 -0.1212740 0.2782100
v 0.0817867 -0.1193710 0.2744250
v 0.0805395 -0.1183160 0.2727800
v 0.0807377 -0.1178800 0.2725940
v 0.0565316 -0.1138960 0.2655750
v 0.0291493 -0.1105450 0.2596810
v 0.0291923 -0.1101920 0.2595800
v 0.0000669 -0.1090360 0.2570280
v -0.0290612 -0.1101920 0.2595820
v -0.0290184 -0.1105450 0.2596830
v -0.0564004 -0.1138960 0.2655800
v -0.0806095 -0.1178800 0.2725990
v -0.0804083 -0.1183160 0.2727850
v -0.0993415 -0.1230570 0.2794210
v -0.0801830 -0.1190280 0.2737790
v -0.0791021 -0.1201690 0.2762990
v -0.0768625 -0.1220340 0.2810900
v 0.0000615 -0.1054290 0.2562820
v 0.0237771 -0.1065770 0.2582590
v 0.0274301 -0.1075630 0.2593960
v 0.0000615 -0.1067420 0.2573260
v 0.0292593 -0.1082680 0.2598720
v 0.0292675 -0.1086560 0.2597340
v 0.0568856 -0.1113770 0.2657290
v 0.0817811 -0.1151800 0.2730510
v 0.0000615 -0.1075240 0.2570580
v 0.0292620 -0.1090490 0.2596300
v 0.0292487 -0.1094370 0.2595640
v 0.0000642 -0.1083000 0.2569380
v 0.0292271 -0.1098200 0.2595420
v 0.0567272 -0.1131390 0.2653760
v 0.0809121 -0.1174280 0.2724690
v 0.1001030 -0.1219090 0.2788980
v 0.0960744 -0.1283990 0.2913380
v 0.0801398 -0.1255500 0.2883590
v 0.0571242 -0.1216650 0.2824860
v 0.0288088 -0.1178030 0.2756800
v -0.0001853 -0.1160790 0.2724240
v 0.0234740 -0.1217100 0.2854410
v 0.0200837 -0.1265870 0.2974610
v -0.0288629 -0.1176250 0.2754160
v -0.0543968 -0.1209500 0.2815320
v -0.0751380 -0.1252230 0.2888270
v -0.0922393 -0.1297200 0.2954340
v -0.0746766 -0.1298000 0.2994280
v -0.0739657 -0.1355540 0.3125620
v -0.0732040 -0.1424450 0.3274820
v -0.0586105 -0.1457030 0.3372060
v -0.0465837 -0.1497210 0.3476080
v -0.0504301 -0.1591350 0.3648030
v -0.0377327 -0.1541440 0.3582620
v -0.0317542 -0.1585070 0.3683800
v -0.0243917 -0.1498540 0.3518260
v -0.0115200 -0.1473560 0.3480680
v 0.0000642 -0.1476140 0.3493300
v -0.0358230 -0.1675620 0.3836480
v -0.0268511 -0.1623240 0.3768980
v -0.0224766 -0.1657310 0.3839940
v -0.0245955 -0.1743470 0.3967900
v -0.0182603 -0.1688720 0.3898400
v -0.0140037 -0.1718990 0.3946290
v -0.0115656 -0.1642110 0.3828060
v -0.0052492 -0.1614180 0.3782030
v 0.0000669 -0.1613960 0.3780830
v -0.0137730 -0.1806530 0.4056670
v -0.0093234 -0.1751070 0.3990330
v -0.0045008 -0.1779080 0.4027960
v -0.0033582 -0.1845810 0.4104820
v 0.0000669 -0.1804990 0.4061050
v 0.0046373 -0.1779050 0.4027960
v 0.0094571 -0.1751070 0.3990330
v 0.0139094 -0.1806530 0.4056670
v 0.0141374 -0.1718990 0.3946290
v 0.0053829 -0.1614180 0.3782030
v 0.0116994 -0.1642110 0.3828060
v 0.0183940 -0.1688750 0.3898400
v 0.0226103 -0.1657310 0.3839910
v 0.0269823 -0.1623240 0.3768950
v 0.0359568 -0.1675620 0.3836450
v 0.0318853 -0.1585070 0.3683770
v 0.0116484 -0.1473560 0.3480680
v 0.0245227 -0.1498540 0.3518230
v 0.0378636 -0.1541440 0.3582600
v 0.0449151 -0.1493780 0.3469520
v 0.0529374 -0.1443720 0.3347580
v 0.0699985 -0.1492220 0.3409510
v -0.0999719 -0.1219090 0.2789030
v -0.0807812 -0.1174280 0.2724740
v -0.0565963 -0.1131390 0.2653810
v -0.0290963 -0.1098200 0.2595450
v -0.0291228 -0.1094370 0.2595660
v -0.0291364 -0.1090490 0.2596330
v -0.0291417 -0.1086560 0.2597360
v -0.0816556 -0.1151800 0.2730560
v -0.0567624 -0.1113800 0.2657350
v -0.0291364 -0.1082680 0.2598750
v -0.0273072 -0.1075630 0.2593990
v -0.0236541 -0.1065770 0.2582610
v 0.0782999 -0.1136090 0.2731840
v 0.0509902 -0.1093760 0.2646340
v 0.0274088 -0.1072150 0.2607810
v 0.0000615 -0.1065270 0.2598110
v -0.0290907 -0.1082600 0.2633160
v -0.0272856 -0.1072150 0.2607830
v -0.0508646 -0.1093760 0.2646370
v -0.0290668 -0.1099260 0.2674510
v -0.0566338 -0.1116590 0.2701540
v -0.0806765 -0.1156690 0.2785710
v -0.0796573 -0.1179730 0.2842340
v -0.0993415 -0.1195490 0.2875640
v 0.0808103 -0.1144200 0.2753450
v 0.0808050 -0.1156690 0.2785660
v 0.0994700 -0.1195490 0.2875590
v 0.0797858 -0.1179730 0.2842290
v 0.0777795 -0.1215350 0.2928770
v 0.0553728 -0.1168730 0.2829190
v 0.0281596 -0.1168520 0.2843110
v 0.0942050 -0.1264060 0.3042060
v 0.0747863 -0.1260290 0.3037680
v 0.0709186 -0.1309900 0.3157780
v 0.0661174 -0.1361060 0.3281620
v 0.0601685 -0.1412170 0.3405390
v 0.0446469 -0.1361940 0.3297410
v 0.0219854 -0.1368580 0.3327710
v 0.0000669 -0.1385270 0.3375040
v 0.0692717 -0.1465080 0.3528120
v 0.0530687 -0.1461970 0.3525410
v 0.0456420 -0.1508930 0.3636950
v 0.0386253 -0.1551770 0.3736290
v 0.0326496 -0.1589300 0.3820560
v 0.0250564 -0.1540350 0.3718930
v 0.0119246 -0.1536010 0.3716120
v 0.0000669 -0.1545580 0.3737480
v 0.0368792 -0.1642080 0.3936220
v 0.0277171 -0.1626370 0.3897740
v 0.0233747 -0.1666190 0.3973080
v 0.0192496 -0.1712530 0.4054540
v 0.0154221 -0.1770230 0.4155900
v 0.0121902 -0.1726250 0.4062380
v 0.0052193 -0.1746580 0.4086030
v -0.0015424 -0.1767730 0.4120470
v -0.0074029 -0.1737200 0.4074180
v -0.0138401 -0.1713330 0.4043720
v -0.0192687 -0.1737830 0.4103550
v -0.0201968 -0.1698770 0.4030040
v -0.0261592 -0.1703790 0.4053240
v -0.0234234 -0.1662650 0.3966200
v -0.0275835 -0.1626370 0.3897740
v -0.0367457 -0.1642080 0.3936220
v -0.0325158 -0.1589300 0.3820560
v -0.0117936 -0.1536010 0.3716120
v -0.0249227 -0.1540350 0.3718960
v -0.0384918 -0.1551770 0.3736290
v -0.0513847 -0.1561870 0.3757040
v -0.0455108 -0.1508930 0.3636970
v -0.0529352 -0.1461970 0.3525430
v -0.0600374 -0.1412170 0.3405410
v -0.0218543 -0.1368580 0.3327730
v -0.0445158 -0.1361940 0.3297410
v -0.0659865 -0.1361060 0.3281650
v -0.0841527 -0.1362290 0.3279580
v -0.0707875 -0.1309900 0.3157800
v -0.0746551 -0.1260290 0.3037730
v -0.0776484 -0.1215350 0.2928800
v -0.0552417 -0.1168730 0.2829240
v -0.0287125 -0.1128420 0.2745710
v -0.1831400 0.1173030 -0.0444260
v -0.1808390 0.1113420 -0.0400223
v -0.1799320 0.1045020 -0.0363363
v -0.1800690 0.0977593 -0.0325252
v -0.1669910 0.1089530 -0.0158991
v -0.1719450 0.1033590 -0.0209006
v -0.1764960 0.0973818 -0.0249801
v -0.1806940 0.0921835 -0.0277148
v -0.1620340 0.1041300 -0.0080325
v -0.1634230 0.0968876 -0.0056432
v -0.1650920 0.0918380 -0.0029378
v -0.1482370 0.1072600 0.0036158
v -0.1467540 0.1149730 0.0023615
v 0.1832440 0.0916201 -0.0326394
v 0.1817990 0.0968716 -0.0348160
v 0.1810180 0.1035290 -0.0368970
v 0.1808950 0.1106510 -0.0386484
v 0.1692490 0.0981154 -0.0130741
v 0.1729530 0.1046210 -0.0220063
v 0.1769730 0.1113210 -0.0309704
v 0.1814530 0.1172450 -0.0398602
v 0.1656470 0.0928373 -0.0042587
v 0.1636460 0.0986522 -0.0064779
v 0.1620120 0.1058780 -0.0083328
v 0.1608860 0.1134920 -0.0096590
v 0.1483520 0.1072600 0.0036079
v 0.1541940 0.1142450 -0.0034640
v 0.1604810 0.1204470 -0.0102967
v 0.0202393 -0.2115860 -0.4170810
v 0.0213282 -0.1740040 -0.4236720
v 0.0222590 -0.1370900 -0.4300180
v 0.0019256 -0.1026550 -0.4367740
v 0.0243966 -0.1016130 -0.4354900
v 0.0649775 0.0988223 0.0698625
v 0.0647763 0.0994309 0.0699369
v 0.0651332 0.0996727 0.0698571
v 0.0660746 0.0998748 0.0695941
v 0.1125880 0.1491980 -0.3990170
v 0.1120490 0.1520490 -0.3942490
v 0.1070950 0.1537550 -0.3919320
v 0.1120200 0.1523040 -0.3890240
v 0.1160000 0.0615917 -0.4178060
v 0.1179120 0.0563454 -0.4143940
v 0.1212950 0.0567920 -0.4134450
v 0.1231370 0.0612781 -0.4170750
v 0.1248350 0.0575175 -0.4148480
v -0.0734964 -0.1956610 -0.4039890
v -0.0841152 -0.1586620 -0.4012620
v -0.0667402 -0.1671930 -0.4099290
v -0.0626982 -0.1355540 -0.4152810
v -0.0789384 -0.0984398 -0.4112660
v -0.0607321 -0.1033940 -0.4208490
v -0.1658560 0.1417160 -0.0146368
v -0.1608030 0.1385960 -0.0072724
v -0.1586630 0.1450970 -0.0089838
v -0.1502510 0.1476690 -0.0030043
v -0.1406410 0.1501920 0.0023855
v -0.1850280 0.0736360 -0.3116000
v -0.1826490 0.0762751 -0.3174650
v -0.1810130 0.0794083 -0.3210710
v -0.1256990 0.0572279 -0.4152360
v -0.1239580 0.0609831 -0.4174980
v -0.1215070 0.0566936 -0.4135780
v -0.1178190 0.0563454 -0.4143860
v -0.1132590 0.0570923 -0.4175700
v -0.1830220 0.0882503 -0.3497340
v -0.1762410 0.0882449 -0.3474270
v -0.1787980 0.0862837 -0.3413250
v -0.1770540 0.0831238 -0.3352390
v -0.1774380 0.0787492 -0.3302670
v -0.1323970 0.0574430 -0.4195710
v -0.1267880 0.0562605 -0.4132670
v -0.1240090 0.0555908 -0.4082280
v -0.1233200 0.0562285 -0.4036140
v -0.1273650 0.0563535 -0.3913730
v -0.1288690 0.0374657 -0.3859840
v -0.1324900 0.0494543 -0.3803070
v -0.1383180 0.0406071 -0.3682100
v -0.1440560 0.0316615 -0.3568080
v -0.1878200 -0.0432012 -0.2852440
v -0.1851680 -0.0654720 -0.2805880
v -0.1897650 -0.0670852 -0.2711930
v -0.1903710 -0.0908231 -0.2568470
v -0.1901830 -0.1133150 -0.2425200
v 0.1740010 0.0876072 -0.3453350
v 0.1783650 0.0859621 -0.3408600
v 0.1807630 0.0857042 -0.3384890
v 0.1861700 0.0881147 -0.3446550
v 0.1816540 0.0867354 -0.3377900
v 0.1240440 0.0549050 -0.4021130
v 0.1241300 0.0555987 -0.4078880
v 0.1264180 0.0562924 -0.4131550
v 0.1793520 0.0744917 -0.3249730
v 0.1810980 0.0738831 -0.3204260
v 0.1811090 0.0783746 -0.3211060
v 0.1832120 0.0788024 -0.3148710
v 0.0646046 0.0993220 0.0700432
v 0.0636258 0.1015760 0.0700299
v 0.0630813 0.1042630 0.0691530
v 0.1134170 -0.0511182 0.3549640
v 0.1151900 -0.0379257 0.3486210
v 0.1195810 -0.0232318 0.3372570
v 0.1217450 -0.0085085 0.3261850
v -0.1047330 0.1018600 -0.4296330
v -0.0941142 0.1167610 -0.4277220
v -0.0812963 0.1318110 -0.4223350
v -0.0805505 0.1427320 -0.4124780
v -0.0991055 0.0677122 0.0530184
v -0.1021230 0.0644220 0.0515302
v -0.0949429 0.0696841 0.0550967
v -0.0899970 0.0731285 0.0580228
v -0.0908687 0.0719963 0.0585994
v -0.0845335 0.0776437 0.0613527
v -0.1228670 -0.0193223 0.3296190
v -0.1194500 -0.0232318 0.3372650
v -0.1150590 -0.0379257 0.3486290
v -0.1132860 -0.0511182 0.3549720
v -0.1086060 -0.0519500 0.3595590
v -0.0668662 0.0963347 0.0690094
v -0.0653266 0.0982190 0.0697614
v -0.0647983 0.0992529 0.0698970
v -0.0639266 0.1017190 0.0697722
v -0.0640446 0.1038720 0.0684699
v -0.0670216 0.0958963 0.0692166
v -0.0647634 0.0989659 0.0700777
v -0.0643047 0.0994468 0.0703887
v -0.1561200 0.0086889 -0.3370490
v -0.1605300 -0.0139593 -0.3272130
v -0.1641400 -0.0056887 -0.3255260
v -0.1719040 -0.0158435 -0.3148980
v -0.1559000 -0.1640330 -0.2476170
v -0.1545620 -0.1769040 -0.2423260
v -0.1547820 -0.1810650 -0.2338400
v -0.1534160 -0.1980260 -0.2183730
v -0.1514420 -0.2147770 -0.2008250
v -0.1604280 -0.1882040 -0.2153960
v -0.1560210 -0.1990490 -0.2069690
v -0.1521640 -0.2117610 -0.1955010
v -0.1481250 -0.2265050 -0.1815910
v -0.1246960 -0.1304640 0.2838840
v -0.1236900 -0.1320800 0.2848690
v -0.1225020 -0.1337520 0.2866370
v -0.1224860 -0.1386840 0.2894220
v -0.1207320 -0.1354680 0.2897890
v -0.1110870 -0.1274160 0.2843110
v -0.1167760 -0.1318990 0.2889680
v -0.1177010 -0.1367310 0.2947430
v -0.1447450 -0.0652381 0.3227140
v -0.1430790 -0.0576825 0.3238540
v -0.1388870 -0.0697428 0.3385670
v -0.1329890 -0.0824808 0.3519750
v -0.1345480 -0.0576266 0.3401030
v -0.1311200 -0.0765835 0.3524450
v -0.0778334 0.0850080 0.0636117
v -0.0784800 0.0838520 0.0634177
v -0.0789735 0.0830520 0.0636835
v -0.0787856 0.0829642 0.0645259
v -0.0697925 0.0924999 0.0682759
v -0.0732793 0.0884922 0.0671464
v -0.2558820 0.1569840 -0.5318370
v -0.2529540 0.1553900 -0.5319750
v -0.2487190 0.1526450 -0.5311990
v -0.2471330 0.1540720 -0.5301780
v -0.2436900 0.1495400 -0.5294400
v -0.2369060 0.1337140 -0.5257480
v -0.2370780 0.1391890 -0.5265830
v -0.2375740 0.1436800 -0.5269470
v -0.2361310 0.1262970 -0.5240310
v -0.2287310 0.1230440 -0.5208580
v -0.2188260 0.1204180 -0.5154130
v -0.2071080 0.1200140 -0.5071100
v -0.2009470 0.0932200 -0.4961500
v -0.1985620 0.1023810 -0.4979180
v -0.1958670 0.1121930 -0.4972960
v -0.1938930 0.1231290 -0.4947180
v -0.2015130 0.0844924 -0.4911590
v -0.1914680 0.0857681 -0.4848450
v -0.1788750 0.0890024 -0.4761600
v -0.1651780 0.0947429 -0.4655480
v -0.1627610 0.0725411 -0.4530970
v -0.1601540 0.0807770 -0.4556220
v -0.1562730 0.0910115 -0.4560120
v -0.1520060 0.1030800 -0.4535830
v -0.1651400 0.0665083 -0.4506680
v -0.1527940 0.0702024 -0.4438640
v -0.1412960 0.0769739 -0.4385540
v -0.1317230 0.0862146 -0.4340100
v -0.1253610 0.0674198 -0.4226220
v -0.1260130 0.0758711 -0.4271740
v -0.1260080 0.0858823 -0.4299330
v -0.1252190 0.0972994 -0.4297040
v -0.1209440 0.0675952 -0.4206840
v -0.1173360 0.0767189 -0.4245540
v -0.1124360 0.0882024 -0.4280510
v -0.1061920 0.0697028 -0.4259230
v -0.1059830 0.0795812 -0.4283860
v -0.1055780 0.0903976 -0.4300290
v -0.1210460 0.1348250 -0.4117310
v -0.1179560 0.1341930 -0.4105880
v -0.1137070 0.1429870 -0.4041910
v -0.1146650 0.1337090 -0.4106550
v -0.1201040 0.1100110 -0.4238200
v -0.1151910 0.1227970 -0.4173620
v -0.1099680 0.1343440 -0.4111300
v -0.1029840 0.1362500 -0.4118030
v -0.0930682 0.1390910 -0.4123420
v -0.0840347 0.1503140 -0.4041330
v -0.2567620 0.1567190 -0.5314170
v -0.2557750 0.1541010 -0.5307710
v -0.2532250 0.1486310 -0.5300320
v -0.2499740 0.1421470 -0.5284320
v -0.2444060 0.1356520 -0.5216260
v -0.2448270 0.1343970 -0.5235660
v -0.2456390 0.1344850 -0.5253440
v -0.2469240 0.1362840 -0.5269810
v -0.2385560 0.1281010 -0.5155990
v -0.2314080 0.1158630 -0.5105410
v -0.2243920 0.1038160 -0.5054520
v -0.2146310 0.1049670 -0.4846610
v -0.2152080 0.0994176 -0.4899500
v -0.2161900 0.0951175 -0.4951380
v -0.2186110 0.0941768 -0.5011680
v -0.2048490 0.0985008 -0.4708230
v -0.1954080 0.0881253 -0.4624170
v -0.1842750 0.0791984 -0.4521610
v -0.1760670 0.0898980 -0.4348360
v -0.1733020 0.0824434 -0.4367740
v -0.1704190 0.0737741 -0.4393360
v -0.1552730 0.0708534 -0.4261780
v -0.1428270 0.0683872 -0.4164030
v -0.1387720 0.0626548 -0.4172190
v -0.1344160 0.0655329 -0.4109950
v 0.1047570 0.0341039 0.3040260
v 0.1009450 0.0386059 0.2899880
v 0.0977399 0.0411466 0.2908860
v 0.0888594 0.0486464 0.2753340
v 0.0833959 0.0537463 0.2568770
v 0.0796622 0.0560266 0.2579290
v 0.0935262 0.0485959 0.2927790
v 0.0852172 0.0531271 0.2768120
v 0.0773610 0.0582271 0.2587430
v 0.0718706 0.0628540 0.2392040
v 0.0000669 -0.2097840 0.4219840
v 0.0080087 -0.2102300 0.4211150
v 0.0085907 -0.2138390 0.4206560
v 0.0098540 -0.2167650 0.4193800
v 0.0329231 -0.2010160 0.4101450
v 0.0260167 -0.2081920 0.4140940
v 0.0192308 -0.2140860 0.4163450
v 0.0133810 -0.2183410 0.4167910
v 0.0000642 -0.2040910 0.2666570
v 0.0032318 -0.2015530 0.2649370
v 0.0049001 -0.2046970 0.2675340
v 0.0110932 -0.2039240 0.2681270
v 0.0149769 -0.1993310 0.2654370
v 0.0187132 -0.2017920 0.2687960
v 0.0074320 -0.2109900 0.2793280
v 0.0153953 -0.2074950 0.2756800
v 0.0221785 -0.2030700 0.2725090
v 0.0278646 -0.1979780 0.2699710
v 0.0086819 -0.2120770 0.2831660
v 0.0184262 -0.2095150 0.2831790
v 0.0277197 -0.2059860 0.2836230
v 0.0151084 -0.2156760 0.2959250
v 0.0224333 -0.2116680 0.2916650
v 0.0301472 -0.2067510 0.2877110
v 0.0367639 -0.2015820 0.2840750
v 0.0107204 -0.2184580 0.3001930
v 0.0213524 -0.2157340 0.3009030
v 0.0315552 -0.2120210 0.3017830
v 0.0409241 -0.2072430 0.3019530
v 0.0410634 -0.2092710 0.3186750
v 0.0444644 -0.2069320 0.3119270
v 0.0473880 -0.2041520 0.3059630
v 0.0496008 -0.2011830 0.3004010
v 0.0459154 -0.2056300 0.3248450
v 0.0544206 -0.2004550 0.3239600
v 0.0626441 -0.1957670 0.3242980
v 0.0408410 -0.2066160 0.3506240
v 0.0380005 -0.2081550 0.3435710
v 0.0319201 -0.2110090 0.3477440
v 0.0262446 -0.2134270 0.3519610
v 0.0259147 -0.2176900 0.3250340
v 0.0258262 -0.2167170 0.3347400
v 0.0240050 -0.2158300 0.3450200
v 0.0226505 -0.2187980 0.3164470
v 0.0193917 -0.2205820 0.3209020
v 0.0164011 -0.2220250 0.3254430
v 0.0136922 -0.2230350 0.3304260
v 0.0051013 -0.2251530 0.3236890
v 0.0087705 -0.2246290 0.3297990
v 0.0110798 -0.2234570 0.3369240
v 0.0089126 -0.2203690 0.3043760
v 0.0163770 -0.2199140 0.3095930
v 0.0034464 -0.2237410 0.3449340
v 0.0082072 -0.2229650 0.3445520
v 0.0128661 -0.2215380 0.3440970
v 0.0101517 -0.2192080 0.3601100
v 0.0144217 -0.2194150 0.3509570
v 0.0326980 -0.1924350 0.2682140
v 0.0377377 -0.1934370 0.2723040
v 0.0478279 -0.1890540 0.2760280
v 0.0550590 -0.1830130 0.2760440
v 0.0569419 -0.1858570 0.2810960
v 0.0453308 -0.1965880 0.2844660
v 0.0538333 -0.1910530 0.2854090
v 0.0623356 -0.1855910 0.2874290
v 0.0573602 -0.1945240 0.2977160
v 0.0643259 -0.1878400 0.2946760
v 0.0708703 -0.1817590 0.2918010
v 0.0751323 -0.1881610 0.3171650
v 0.0781200 -0.1840950 0.3082030
v 0.0792091 -0.1802150 0.2991090
v 0.0781551 -0.1767810 0.2900010
v 0.0704974 -0.1922270 0.3261240
v 0.0775353 -0.1896230 0.3284920
v 0.0839591 -0.1873930 0.3307720
v 0.0895459 -0.1852540 0.3327890
v 0.0645188 -0.1961660 0.3347770
v 0.0644330 -0.1981090 0.3470790
v 0.0623061 -0.2010080 0.3602800
v 0.0448239 -0.2057260 0.3571330
v 0.0496196 -0.2050850 0.3626900
v 0.0542811 -0.2046810 0.3681440
v 0.0582024 -0.2041920 0.3732620
v 0.0381079 -0.2084650 0.3621670
v 0.0348140 -0.2110300 0.3743780
v 0.0303000 -0.2142860 0.3864470
v 0.0182733 -0.2161590 0.3749360
v 0.0202152 -0.2166720 0.3832100
v 0.0223609 -0.2173680 0.3907870
v 0.0243832 -0.2178490 0.3972580
v 0.0116725 -0.2182770 0.3773340
v 0.0056136 -0.2205660 0.3874990
v -0.0014512 -0.2221920 0.3961340
v -0.0004615 -0.2235530 0.4090980
v 0.0082957 -0.2228380 0.4083220
v 0.0170529 -0.2207600 0.4059800
v 0.0258101 -0.2177480 0.4022940
v 0.0197807 -0.2183090 0.4123960
v 0.0271619 -0.2168370 0.4059800
v 0.1182990 -0.2200020 -0.0792568
v 0.1120250 -0.2216340 -0.0791080
v 0.0975201 -0.2131590 -0.0620461
v 0.0903642 -0.2004470 -0.0459807
v 0.0819850 -0.2036020 -0.0466557
v 0.1012800 -0.2385710 -0.0778908
v 0.0889801 -0.2239220 -0.0626440
v 0.0773341 -0.2097890 -0.0486410
v 0.0677186 -0.1979250 -0.0363654
v 0.1004250 -0.2539830 -0.0809125
v 0.0843160 -0.2527390 -0.0656923
v 0.0668711 -0.2516330 -0.0520534
v 0.0840664 -0.3106110 -0.0682649
v 0.0677964 -0.2818450 -0.0548678
v 0.0513843 -0.2588300 -0.0429962
v 0.0607532 -0.1914030 -0.0288789
v 0.0559761 -0.1973910 -0.0315896
v 0.0461113 -0.1977790 -0.0273986
v 0.0433003 -0.1950100 -0.0220993
v 0.0372683 -0.1979860 -0.0217405
v 0.0335936 -0.2118190 -0.0298915
v 0.0319119 -0.2039980 -0.0263010
v 0.0298575 -0.2001290 -0.0213179
v 0.0304850 -0.2249160 -0.0312229
v 0.0211941 -0.2121490 -0.0275661
v 0.0115733 -0.2052740 -0.0243796
v 0.0029582 -0.2022250 -0.0206377
v -0.0114047 -0.2099350 -0.0263090
v -0.0093180 -0.2043510 -0.0240102
v -0.0069523 -0.2019440 -0.0200848
v 0.0845063 -0.1353170 0.0313535
v 0.0841228 -0.1439730 0.0152669
v 0.0836776 -0.1560700 0.0000865
v 0.0733485 -0.1714420 -0.0142859
v 0.0845304 -0.1706240 -0.0148812
v 0.1228720 -0.1322160 0.0153999
v 0.1109010 -0.1506410 0.0002752
v 0.0994620 -0.1686700 -0.0152824
v 0.0909353 -0.1855190 -0.0304629
v 0.1378090 -0.1305730 0.0087583
v 0.1423920 -0.1468060 -0.0078411
v 0.1474050 -0.1620180 -0.0231757
v 0.1724160 -0.1392050 -0.0201938
v 0.1622030 -0.1575110 -0.0273986
v 0.1525420 -0.1750410 -0.0376119
v 0.1681330 -0.0931298 0.0139514
v 0.1552560 -0.0967151 0.0237659
v 0.1487600 -0.0843332 0.0399722
v 0.0064826 -0.1438610 0.4464580
v 0.0085156 -0.1523470 0.4516300
v 0.0012658 -0.1599530 0.4571340
v 0.0102081 -0.1594690 0.4564430
v 0.0336688 -0.1383410 0.4374920
v 0.0267649 -0.1490330 0.4461080
v 0.0189626 -0.1582120 0.4541810
v 0.0390170 -0.1265950 0.4295560
v 0.0427988 -0.1360160 0.4322050
v 0.0454488 -0.1434840 0.4350090
v 0.0473854 -0.1492300 0.4375950
v 0.0711036 -0.1220370 0.4096370
v 0.0645592 -0.1346690 0.4196800
v 0.0571242 -0.1450540 0.4298690
v 0.0812743 -0.1115420 0.3994240
v 0.0852520 -0.1153850 0.3991390
v 0.0895515 -0.1183160 0.3984110
v 0.1100110 -0.0678877 0.3644390
v 0.1055880 -0.0859729 0.3750720
v 0.1006560 -0.1033250 0.3856520
v 0.0962219 -0.1180190 0.3947120
v 0.1171830 -0.0522902 0.3524370
v 0.1209750 -0.0545518 0.3507090
v 0.1253820 -0.0567657 0.3484350
v 0.1304270 -0.0252275 0.3237400
v 0.1306450 -0.0421593 0.3355210
v 0.1306360 -0.0575443 0.3441640
v 0.1425620 -0.0309229 0.3048790
v 0.1404020 -0.0423561 0.3212680
v 0.1366020 -0.0554314 0.3357150
v 0.1312670 -0.0697534 0.3488680
v 0.1399140 -0.0733200 0.3378490
v 0.1323850 -0.0789806 0.3510020
v 0.1243740 -0.0842454 0.3613640
v 0.1159490 -0.0987401 0.3738600
v 0.1058450 -0.1133440 0.3866960
v 0.0945616 -0.1275140 0.3997110
v 0.1070770 -0.1251830 0.3894130
v 0.0952938 -0.1329140 0.4013670
v 0.0835593 -0.1398480 0.4120630
v 0.0765297 -0.1518660 0.4216360
v 0.0738742 -0.1496920 0.4228590
v 0.0720933 -0.1462930 0.4223460
v 0.0444511 -0.1660580 0.4483770
v 0.0521111 -0.1599610 0.4414430
v 0.0608845 -0.1523840 0.4323170
v 0.0339237 -0.1702910 0.4555340
v 0.0313623 -0.1681970 0.4560740
v 0.0299676 -0.1650800 0.4551540
v 0.0008286 -0.1773050 0.4673660
v 0.0103851 -0.1739720 0.4652240
v 0.0198531 -0.1683010 0.4602890
v 0.1208310 0.0039956 0.3188900
v 0.1185990 -0.0039613 0.3294940
v 0.1140180 -0.0026990 0.3346870
v 0.1082730 -0.0039241 0.3407490
v 0.1075140 -0.0315500 0.3544380
v 0.1051510 -0.0255784 0.3536910
v 0.1031530 -0.0169704 0.3511480
v 0.1014900 -0.0074773 0.3479590
v 0.1053950 -0.0414975 0.3596230
v 0.0971847 -0.0512085 0.3691460
v 0.0873358 -0.0608397 0.3791570
v 0.0909542 -0.0793049 0.3818910
v 0.0842865 -0.0758367 0.3856550
v 0.0426835 -0.1133650 0.4228240
v 0.0518430 -0.1111090 0.4171240
v 0.0611851 -0.1074540 0.4102640
v 0.0487665 -0.0687781 0.4051850
v 0.0568130 -0.0813141 0.4049360
v 0.0642320 -0.0922981 0.4037400
v 0.0503545 -0.0541425 0.3986800
v 0.0604662 -0.0513388 0.3922190
v 0.0704357 -0.0462812 0.3845860
v 0.0590151 -0.0180760 0.3792390
v 0.0644117 -0.0251878 0.3793430
v 0.0713396 -0.0322676 0.3783910
v 0.0793592 -0.0374234 0.3756810
v 0.0555230 -0.0124151 0.3788750
v 0.0645108 -0.0100073 0.3735170
v 0.0727827 -0.0068369 0.3678410
v 0.0803920 -0.0028716 0.3617870
v 0.0849408 0.0095102 0.3565860
v 0.0855148 0.0067861 0.3560330
v 0.0864080 0.0041843 0.3556080
v 0.0874594 0.0008118 0.3557060
v 0.0921129 0.0170631 0.3497610
v 0.0980001 0.0207785 0.3429810
v 0.1025380 0.0237311 0.3365580
v 0.0966511 0.0336600 0.3433320
v 0.0920887 0.0251743 0.3500370
v 0.0857482 0.0210256 0.3570050
v 0.0794584 0.0182272 0.3629690
v 0.0691133 0.0048222 0.3701100
v 0.0708033 0.0089601 0.3696930
v 0.0722302 0.0131804 0.3689490
v 0.0739225 0.0178391 0.3670860
v 0.0598735 0.0012821 0.3761060
v 0.0527282 0.0023425 0.3810060
v 0.0453361 0.0040701 0.3853700
v 0.0303484 -0.0046310 0.3910890
v 0.0328963 -0.0013382 0.3908050
v 0.0352647 0.0022815 0.3902520
v 0.0385288 0.0064273 0.3885830
v 0.0194963 -0.0056675 0.3950570
v 0.0111549 -0.0032279 0.3978980
v 0.0026766 -0.0002539 0.3995620
v -0.0020493 -0.0100154 0.3968350
v 0.0086632 -0.0106850 0.3961630
v 0.0105621 -0.0135075 0.3957380
v 0.0119273 -0.0177835 0.3964150
v 0.0408248 -0.0081603 0.3850510
v 0.0330974 -0.0120936 0.3887160
v 0.0242947 -0.0171325 0.3931150
v 0.0157977 -0.0240317 0.3980020
v 0.0505636 -0.0063399 0.3802120
v 0.0530474 -0.0086945 0.3790770
v 0.0347577 -0.0316856 0.3958860
v 0.0233479 -0.0328895 0.4002100
v 0.0112139 -0.0346436 0.4038010
v 0.0289375 -0.0720576 0.4149870
v 0.0197914 -0.0595508 0.4128790
v 0.0101491 -0.0485190 0.4101790
v 0.0279666 -0.0872964 0.4204220
v 0.0184798 -0.0897255 0.4238450
v 0.0091567 -0.0936694 0.4266620
v 0.0154731 -0.1194860 0.4343240
v 0.0083842 -0.1088630 0.4315120
v 0.0000695 -0.0998935 0.4290320
v 0.0872394 -0.0246270 0.3654940
v 0.0943926 -0.0110625 0.3549250
v 0.1005400 0.0012582 0.3448890
v 0.0937678 0.0039505 0.3497180
v 0.0997060 0.0075329 0.3431490
v 0.1052550 0.0109931 0.3362470
v 0.1239790 0.1428320 -0.4087300
v 0.1209750 0.1384420 -0.4096420
v 0.1225820 0.1267220 -0.4175720
v 0.1242770 0.1123310 -0.4252290
v 0.1100590 0.1343440 -0.4111330
v 0.1152810 0.1227970 -0.4173680
v 0.1202750 0.1103940 -0.4238760
v 0.1255560 0.0984476 -0.4298560
v 0.1030750 0.1362500 -0.4118080
v 0.1027210 0.1257280 -0.4191190
v 0.1035040 0.1137900 -0.4256250
v 0.1560340 -0.0183258 -0.3316650
v 0.1641740 -0.0330517 -0.3178610
v 0.1723730 -0.0474480 -0.3039910
v 0.1771500 -0.0386885 -0.3022790
v 0.1801030 -0.0614617 -0.2894880
v 0.1690820 -0.0961701 -0.2809540
v 0.1748680 -0.0916123 -0.2785570
v 0.1808970 -0.0854839 -0.2758810
v 0.1865540 -0.0777183 -0.2728750
v 0.1688010 -0.1182870 -0.2667360
v 0.1737840 -0.1352640 -0.2501340
v 0.1791540 -0.1495010 -0.2331280
v 0.1662070 -0.1751600 -0.2229840
v 0.1721910 -0.1709640 -0.2210760
v 0.1785720 -0.1657710 -0.2188190
v 0.1848160 -0.1594530 -0.2161080
v 0.1649810 -0.1891420 -0.2081830
v 0.1695540 -0.1963790 -0.1908560
v 0.0420236 -0.1919460 -0.0153356
v 0.0483777 -0.1908110 -0.0216927
v 0.0555793 -0.1879190 -0.0241537
v 0.0640710 -0.1825590 -0.0226680
v 0.0575372 -0.1697760 -0.0069800
v 0.0610992 -0.1701530 -0.0102676
v 0.0659887 -0.1707140 -0.0124149
v 0.0536374 -0.1697040 -0.0016116
v 0.0578322 -0.1616220 0.0033874
v 0.0622606 -0.1524370 0.0132205
v 0.0665734 -0.1434520 0.0278136
v 0.1556260 0.1000290 -0.3767110
v 0.1670090 0.0993804 -0.3836820
v 0.1794110 0.0994813 -0.3942860
v 0.1858970 0.1024260 -0.4141250
v 0.1917390 0.1008340 -0.4075160
v 0.1926290 0.0945143 -0.3794780
v 0.1980360 0.0988436 -0.4001910
v 0.2031220 0.1036380 -0.4222020
v 0.2130540 0.1078290 -0.4370230
v 0.2218080 0.1131440 -0.4516190
v 0.2250780 0.1195440 -0.4713200
v 0.2296800 0.1193360 -0.4655480
v 0.2325020 0.1122410 -0.4383420
v 0.2349080 0.1191960 -0.4590550
v 0.2369860 0.1262250 -0.4782860
v 0.2437240 0.1334590 -0.4896200
v 0.2493860 0.1403320 -0.4994400
v 0.2510970 0.1458730 -0.5110200
v 0.2536690 0.1463910 -0.5078010
v 0.2541170 0.1350430 -0.4767840
v 0.2554260 0.1415730 -0.4923900
v 0.2561420 0.1472730 -0.5055800
v 0.2555740 0.1358620 -0.4749420
v 0.2582430 0.1428220 -0.4883980
v 0.2598360 0.1487670 -0.5000090
v 0.2565930 0.1398690 -0.4715540
v 0.2591410 0.1451580 -0.4867260
v 0.2604100 0.1499660 -0.4997990
v 0.2607340 0.1537690 -0.5100760
v 0.2618200 0.1584090 -0.5135100
v 0.2616780 0.1583050 -0.5167260
v 0.2611630 0.1575050 -0.5178100
v 0.2604120 0.1558920 -0.5167020
v 0.2585940 0.1592730 -0.5287990
v 0.2593370 0.1584990 -0.5255060
v 0.2596260 0.1562960 -0.5200240
v 0.2575640 0.1579410 -0.5303670
v 0.2570810 0.1568490 -0.5285950
v 0.2556300 0.1544120 -0.5252030
v 0.2534250 0.1507050 -0.5194710
v 0.2462080 0.1435370 -0.5175100
v 0.2475060 0.1448500 -0.5165340
v 0.2491390 0.1456280 -0.5143680
v 0.2405510 0.1374510 -0.5108790
v 0.2349450 0.1317950 -0.5007960
v 0.2295110 0.1257170 -0.4877040
v 0.2181200 0.1166120 -0.4805080
v 0.2196540 0.1185150 -0.4782880
v 0.2218510 0.1193660 -0.4754100
v 0.2091540 0.1103250 -0.4677510
v 0.2013030 0.1076640 -0.4513530
v 0.1934980 0.1050570 -0.4334890
v 0.1759760 0.0992448 -0.4260930
v 0.1782370 0.1018600 -0.4228880
v 0.1814710 0.1028510 -0.4190660
v 0.1636220 0.0983812 -0.4128550
v 0.1540870 0.1008100 -0.3983500
v 0.1467910 0.1018650 -0.3866640
v 0.2479400 0.1230170 -0.4420360
v 0.2415890 0.1155120 -0.4263800
v 0.2338460 0.1106410 -0.4098860
v 0.2339150 0.1086180 -0.4108720
v 0.2395590 0.1129790 -0.4296670
v 0.2332580 0.1071170 -0.4120600
v 0.2248870 0.1026780 -0.3956040
v 0.2145050 0.0980357 -0.3807850
v 0.2038560 0.0942352 -0.3668890
v 0.1942810 0.0931031 -0.3547730
v 0.1940400 0.0909744 -0.3545600
v 0.2012280 0.0923643 -0.3695570
v 0.1931820 0.0898315 -0.3552780
v -0.0507920 -0.2473380 -0.0403013
v -0.0619283 -0.2282990 -0.0435623
v -0.0665871 -0.2530920 -0.0501904
v -0.0836993 -0.2589120 -0.0637815
v -0.1008650 -0.2634520 -0.0805883
v -0.0901956 -0.3163460 -0.0721716
v -0.1025790 -0.2888130 -0.0848830
v -0.1151740 -0.2660320 -0.0995079
v -0.0552497 -0.1498410 0.0300248
v -0.0522888 -0.1483150 0.0457473
v -0.0569745 -0.1449190 0.0437540
v -0.0580338 -0.1416530 0.0607574
v -0.0586695 -0.1397500 0.0796000
v -0.0778684 -0.1352210 0.0433393
v -0.0704736 -0.1349480 0.0616876
v -0.0643531 -0.1364390 0.0804637
v -0.0877870 -0.1308200 0.0464861
v -0.0874678 -0.1269320 0.0664368
v -0.0870412 -0.1255740 0.0863556
v -0.1062290 -0.1161690 0.0772640
v -0.0959379 -0.1213590 0.0904750
v -0.0867542 -0.1255450 0.1063540
v -0.0481017 -0.1526370 0.0471026
v -0.0487188 -0.1490570 0.0622855
v -0.0449477 -0.1508930 0.0794724
v -0.0406080 -0.1557520 0.0790366
v -0.0410960 -0.1530330 0.0965955
v -0.0500357 -0.1440260 0.1157090
v -0.0458972 -0.1473290 0.1147210
v -0.0417638 -0.1508880 0.1139760
v -0.0374564 -0.1545820 0.1134420
v -0.0505345 -0.1430430 0.1339380
v -0.0470934 -0.1453650 0.1496070
v -0.0441217 -0.1477760 0.1645060
v -0.0519696 -0.1433320 0.1850460
v -0.0485767 -0.1454400 0.1823840
v -0.0451863 -0.1477710 0.1803690
v -0.0416030 -0.1502580 0.1793350
v -0.0516932 -0.1451820 0.1992650
v -0.0484613 -0.1484160 0.2080640
v -0.0457497 -0.1508030 0.2132090
v -0.0564889 -0.1519960 0.2303620
v -0.0488716 -0.1528280 0.2262290
v -0.0447786 -0.1527780 0.2202410
v -0.0434323 -0.1520680 0.2125980
v -0.0633793 -0.1537870 0.2387620
v -0.0564111 -0.1570300 0.2411730
v -0.0470666 -0.1598260 0.2397830
v -0.0797325 -0.1630170 0.2652640
v -0.0649083 -0.1629830 0.2570650
v -0.0495717 -0.1630330 0.2482340
v -0.0361796 -0.1627680 0.2381910
v -0.0737513 -0.1679370 0.2699280
v -0.0587848 -0.1716520 0.2661390
v -0.0442851 -0.1757740 0.2628170
v -0.0256737 -0.1658110 0.2379570
v -0.0158919 -0.1682480 0.2380450
v -0.0074968 -0.1672510 0.2282650
v -0.0071132 -0.1700070 0.2388340
v -0.0147815 -0.1756300 0.2513750
v -0.0071159 -0.1734880 0.2465760
v 0.0004531 -0.1715940 0.2417230
v 0.0070673 -0.1774540 0.2520750
v 0.0075018 -0.1734880 0.2465760
v 0.0083520 -0.1699060 0.2388020
v 0.0312443 -0.1693130 0.2485290
v 0.0230824 -0.1688960 0.2439000
v 0.0163556 -0.1678700 0.2373030
v 0.0107204 -0.1667540 0.2281000
v 0.0379952 -0.1647050 0.2445530
v 0.0360907 -0.1615370 0.2376910
v 0.0359004 -0.1588180 0.2300370
v 0.0505208 -0.1509440 0.2222240
v 0.0448962 -0.1539500 0.2258860
v 0.0403233 -0.1557650 0.2254980
v 0.0367612 -0.1565910 0.2205020
v 0.0513468 -0.1477630 0.2116710
v 0.0485869 -0.1484160 0.2080620
v 0.0466853 -0.1491500 0.2044760
v 0.0517707 -0.1424070 0.1690640
v 0.0487022 -0.1454400 0.1823810
v 0.0462508 -0.1482360 0.1938700
v 0.0444163 -0.1505030 0.2035730
v 0.0512262 -0.1424230 0.1518500
v 0.0472137 -0.1453650 0.1496020
v 0.0432870 -0.1483870 0.1479590
v 0.0497509 -0.1452300 0.0974248
v 0.0460148 -0.1473290 0.1147180
v 0.0425493 -0.1493650 0.1311370
v 0.0393041 -0.1513290 0.1470610
v 0.0493648 -0.1467390 0.0792119
v 0.0451779 -0.1507070 0.0797887
v 0.0410929 -0.1548690 0.0808969
v 0.0443464 -0.1577690 0.0477776
v 0.0406719 -0.1583210 0.0647890
v 0.0369382 -0.1590260 0.0823267
v 0.0570894 -0.1449190 0.0437486
v 0.0626146 -0.1414450 0.0434005
v 0.0691106 -0.1376660 0.0459386
v 0.0591626 -0.1387030 0.0990698
v 0.0643554 -0.1365290 0.0816490
v 0.0701059 -0.1347910 0.0661603
v 0.0595730 -0.1377750 0.1185950
v 0.0648436 -0.1349290 0.1209470
v 0.0705080 -0.1322130 0.1242140
v 0.0603910 -0.1376290 0.1742410
v 0.0657554 -0.1343230 0.1587170
v 0.0714629 -0.1315700 0.1425030
v 0.0607397 -0.1391710 0.1896600
v 0.0673941 -0.1364700 0.1900540
v 0.0757356 -0.1333000 0.1878770
v 0.0716481 -0.1456500 0.2231990
v 0.0769695 -0.1392640 0.2099090
v 0.0817543 -0.1337700 0.1957890
v 0.0854423 -0.1296160 0.1805660
v 0.0668737 -0.1522270 0.2353150
v 0.0818189 -0.1469150 0.2317520
v 0.0960316 -0.1408130 0.2260000
v 0.1082300 -0.1338870 0.2190930
v 0.1101320 -0.1495250 0.2575070
v 0.1123690 -0.1420410 0.2425390
v 0.1150240 -0.1339720 0.2277200
v 0.1090430 -0.1557990 0.2717860
v 0.1155660 -0.1490970 0.2632100
v 0.1209570 -0.1421950 0.2548520
v 0.1256180 -0.1353200 0.2481280
v 0.1263960 -0.1406910 0.2640980
v 0.1283030 -0.1351520 0.2534140
v 0.1304810 -0.1286360 0.2443010
v 0.1352550 -0.1224430 0.2442400
v 0.1391310 -0.1175590 0.2475700
v 0.1420870 -0.1105530 0.2457710
v 0.1414480 -0.1144600 0.2536050
v 0.0623946 -0.1584280 0.2455370
v 0.0730561 -0.1599660 0.2544960
v 0.0836534 -0.1614250 0.2639570
v 0.0602461 -0.1711070 0.2659210
v 0.0763311 -0.1670970 0.2699360
v 0.0911795 -0.1637510 0.2740800
v 0.0861479 -0.1722790 0.2883400
v 0.0942345 -0.1675220 0.2849810
v 0.1019780 -0.1620420 0.2792990
v 0.1045390 -0.1723960 0.3107680
v 0.1072940 -0.1668070 0.2976390
v 0.1086620 -0.1612930 0.2848320
v 0.1071460 -0.1715540 0.3155380
v 0.1122150 -0.1655160 0.3077540
v 0.1158340 -0.1597030 0.3015830
v 0.0963319 -0.1805440 0.3425000
v 0.0887895 -0.1857990 0.3528460
v 0.0811159 -0.1888550 0.3651460
v 0.0809498 -0.1908270 0.3628680
v 0.0854827 -0.1891900 0.3474190
v 0.0794451 -0.1928070 0.3611460
v 0.0727774 -0.1954350 0.3727120
v 0.0643822 -0.1995600 0.3818650
v 0.0557670 -0.2035090 0.3899310
v 0.0498636 -0.2038410 0.3968350
v 0.0469078 -0.2073730 0.3969970
v 0.0520737 -0.2071660 0.3850910
v 0.0449768 -0.2095790 0.3951480
v 0.1128480 -0.1208910 0.1866170
v 0.1038420 -0.1234370 0.1769490
v 0.0950095 -0.1254840 0.1693850
v 0.0870730 -0.1271130 0.1637880
v 0.0989496 -0.1208460 0.1114810
v 0.0930301 -0.1236470 0.1289600
v 0.0863222 -0.1263260 0.1456150
v 0.0924884 -0.1240380 0.0893056
v 0.0836292 -0.1277850 0.0894891
v 0.0945911 -0.1260520 0.0506398
v 0.1053650 -0.1199270 0.0536004
v 0.1165070 -0.1118560 0.0569837
v 0.0415891 -0.1524140 0.2056780
v 0.0380111 -0.1545820 0.2081730
v 0.0335429 -0.1569340 0.2103790
v 0.0362624 -0.1532030 0.1631980
v 0.0334113 -0.1551320 0.1799520
v 0.0307130 -0.1571330 0.1965570
v 0.0281489 -0.1593530 0.2120930
v 0.0350742 -0.1540770 0.1468780
v 0.0305039 -0.1566520 0.1469810
v 0.0256116 -0.1590500 0.1471830
v 0.0330974 -0.1595310 0.0992186
v 0.0290608 -0.1599400 0.1154060
v 0.0248821 -0.1604580 0.1313760
v 0.0205424 -0.1612310 0.1475290
v 0.0325797 -0.1627650 0.0837034
v 0.0280631 -0.1660340 0.0849233
v 0.0234337 -0.1688510 0.0859783
v 0.0317405 -0.1775200 0.0384998
v 0.0273525 -0.1753910 0.0549453
v 0.0230475 -0.1732860 0.0711009
v 0.0187346 -0.1713040 0.0869244
v 0.0316626 -0.1832290 0.0243082
v 0.0266067 -0.1857510 0.0282680
v 0.0211700 -0.1870720 0.0349121
v 0.0415463 -0.1873610 -0.0055768
v 0.0458378 -0.1828110 -0.0055583
v 0.0495739 -0.1769460 -0.0040620
v 0.0446738 -0.1696080 0.0191523
v 0.0491931 -0.1699780 0.0067412
v 0.0218432 -0.1618320 0.2131300
v 0.0147221 -0.1640620 0.2139480
v 0.0070753 -0.1656990 0.2147640
v 0.0159452 -0.1623450 0.1641740
v 0.0109403 -0.1635600 0.1814510
v 0.0054607 -0.1648720 0.1986960
v -0.0005420 -0.1661960 0.2149290
v 0.0153417 -0.1632170 0.1480020
v 0.0100632 -0.1648060 0.1485070
v 0.0047445 -0.1658480 0.1489400
v 0.0143198 -0.1696690 0.1025410
v 0.0096958 -0.1684230 0.1180240
v 0.0047794 -0.1673600 0.1335230
v -0.0005849 -0.1662440 0.1491900
v 0.0140033 -0.1735260 0.0878971
v 0.0092586 -0.1753300 0.0887767
v 0.0045165 -0.1765530 0.0894385
v 0.0154007 -0.1866440 0.0459944
v 0.0099425 -0.1843950 0.0599734
v 0.0047579 -0.1810490 0.0748721
v -0.0002201 -0.1770420 0.0897655
v 0.0181821 -0.1902130 0.0304578
v 0.0135956 -0.1924900 0.0282626
v 0.0073328 -0.1940660 0.0261126
v -0.0925638 -0.1474090 0.2398600
v -0.0962680 -0.1401730 0.2251690
v -0.1090300 -0.1327840 0.2176530
v -0.1001090 -0.1327760 0.2093290
v -0.0655679 -0.1431040 0.2130210
v -0.0772006 -0.1390240 0.2095870
v -0.0901445 -0.1335760 0.2025120
v -0.0620221 -0.1411350 0.2025310
v -0.0672712 -0.1364700 0.1900590
v -0.0727427 -0.1324490 0.1760560
v -0.0602091 -0.1369490 0.1566470
v -0.0656325 -0.1343230 0.1587200
v -0.0719356 -0.1316420 0.1601390
v -0.0792363 -0.1290420 0.1611150
v -0.0598766 -0.1371080 0.1379220
v -0.0650853 -0.1347620 0.1202190
v -0.0866899 -0.1256010 0.1265390
v -0.0869126 -0.1259810 0.1458840
v -0.0869501 -0.1271130 0.1637960
v -0.1038130 -0.1201900 0.1537320
v -0.0948275 -0.1253220 0.1681920
v -0.0414635 -0.1524140 0.2056800
v -0.0395351 -0.1525200 0.1941440
v -0.0376817 -0.1527400 0.1794200
v -0.0282969 -0.1590680 0.2057490
v -0.0308314 -0.1570480 0.1934390
v -0.0332884 -0.1551000 0.1788360
v -0.0361395 -0.1532030 0.1632010
v -0.0206018 -0.1610770 0.1946780
v -0.0183461 -0.1614390 0.1770260
v -0.0168656 -0.1622390 0.1602620
v -0.0059170 -0.1658190 0.1491370
v -0.0110185 -0.1648010 0.1477920
v -0.0158249 -0.1634210 0.1442790
v -0.0080735 -0.1644100 0.1985980
v -0.0080869 -0.1654090 0.2143440
v -0.0349539 -0.1540770 0.1468780
v -0.0339778 -0.1555360 0.1303950
v -0.0328565 -0.1578720 0.1139680
v -0.0204221 -0.1619440 0.1378230
v -0.0244802 -0.1610190 0.1276840
v -0.0279856 -0.1608460 0.1144410
v -0.0307081 -0.1617310 0.0990644
v -0.0152214 -0.1650820 0.1289150
v -0.0146528 -0.1674640 0.1142980
v -0.0139742 -0.1707190 0.1002680
v -0.0049568 -0.1766400 0.0896299
v -0.0094521 -0.1757450 0.0885429
v -0.0136953 -0.1745220 0.0866241
v -0.0403585 -0.1594910 0.0617620
v -0.0442019 -0.1580980 0.0468794
v -0.0480374 -0.1573510 0.0327090
v -0.0409432 -0.1754710 0.0183923
v -0.0447438 -0.1696770 0.0184535
v -0.0486115 -0.1631240 0.0190461
v -0.0523478 -0.1563410 0.0217675
v -0.0408709 -0.1819870 0.0059865
v -0.0449556 -0.1839330 -0.0060180
v -0.0283960 -0.1932240 0.0027574
v -0.0310005 -0.1884590 0.0119848
v -0.0277605 -0.1850940 0.0280979
v -0.0228441 -0.1862660 0.0346436
v -0.0255959 -0.1812890 0.0436263
v -0.0327144 -0.1725720 0.0500260
v -0.0285650 -0.1750990 0.0548522
v -0.0243058 -0.1773020 0.0584187
v -0.0271166 -0.1673810 0.0855956
v -0.0232625 -0.1736050 0.0724988
v -0.0200788 -0.1796990 0.0594287
v -0.0144141 -0.1783760 0.0730436
v -0.0159429 -0.1822240 0.0590672
v -0.0185902 -0.1852940 0.0454602
v -0.0193733 -0.1897080 0.0302400
v -0.0214949 -0.1933170 0.0141427
v -0.0233912 -0.1963330 -0.0014868
v -0.0002979 -0.1954380 0.0201064
v -0.0080654 -0.1969790 0.0090002
v -0.0156264 -0.1981090 -0.0029351
v 0.0086766 -0.1969610 0.0089231
v 0.0102081 -0.1991290 -0.0051729
v -0.0635000 0.0865069 0.2521300
v -0.0686337 0.0798204 0.2570970
v -0.0720695 0.0735802 0.2596010
v -0.0658416 0.0765621 0.2420770
v -0.0749663 0.0672126 0.2622080
v -0.0968580 0.0563030 0.3036880
v -0.0919095 0.0569887 0.2932620
v -0.0856654 0.0584131 0.2809550
v -0.0797458 0.0599546 0.2687380
v -0.1100110 0.0447529 -0.4168260
v -0.1084370 0.0524920 -0.4202800
v -0.1070500 0.0607439 -0.4230550
v -0.0891843 0.0619160 -0.4348230
v -0.0988748 0.0676563 -0.4298980
v -0.1854790 0.0969912 -0.3452160
v -0.1923510 0.1016180 -0.3538660
v -0.1905160 0.1075500 -0.3552940
v -0.1824000 0.1086100 -0.3484770
v -0.1875550 0.1143930 -0.3572630
v -0.2141700 0.1235700 -0.3892790
v -0.2038190 0.1233920 -0.3788960
v -0.1932250 0.1226430 -0.3686080
v -0.1833890 0.1221780 -0.3596250
v -0.2215290 0.1310300 -0.4037930
v -0.2170340 0.1406590 -0.4084010
v -0.2101010 0.1498380 -0.4121220
v -0.2422760 0.1501680 -0.4512950
v -0.2318910 0.1532130 -0.4404730
v -0.2184020 0.1557460 -0.4285780
v -0.2023040 0.1572640 -0.4167010
v -0.1791190 0.1458440 -0.3825530
v -0.1793450 0.1376500 -0.3716220
v -0.1775590 0.1295100 -0.3613320
v -0.1749330 0.1228020 -0.3527930
v -0.1538210 0.1359330 -0.3530480
v -0.1612910 0.1314500 -0.3509620
v -0.1674600 0.1255080 -0.3488490
v -0.1723710 0.1186080 -0.3466400
v -0.1760860 0.1118230 -0.3445990
v -0.1709470 0.1168680 -0.3414770
v -0.1709820 0.1166180 -0.3352120
v -0.1725620 0.1171890 -0.3258340
v -0.1339790 0.1117940 -0.4338720
v -0.1409440 0.1138720 -0.4403910
v -0.1490390 0.1169470 -0.4482810
v -0.1301330 0.1471510 -0.4104550
v -0.1381040 0.1404330 -0.4250690
v -0.1475590 0.1311840 -0.4411480
v -0.1585120 0.1209230 -0.4574390
v -0.1691040 0.1253770 -0.4677160
v -0.1806240 0.1302990 -0.4786740
v -0.1926910 0.1359570 -0.4895250
v -0.1789180 0.1633470 -0.4518000
v -0.1841000 0.1566440 -0.4672650
v -0.1929970 0.1491070 -0.4833670
v -0.2041570 0.1430480 -0.4984230
v -0.2138480 0.1674020 -0.4890460
v -0.2142610 0.1608700 -0.4967910
v -0.2145260 0.1515260 -0.5038890
v -0.2161730 0.1417140 -0.5105920
v -0.2418950 0.1606760 -0.5221290
v -0.2349700 0.1537870 -0.5211430
v -0.2274440 0.1453200 -0.5191020
v -0.2473990 0.1650610 -0.5223230
v -0.2479650 0.1613190 -0.5267660
v -0.2480320 0.1576460 -0.5292560
v -0.0646372 0.1025460 0.0685762
v -0.0659729 0.1011820 0.0683742
v -0.0668072 0.1016000 0.0661179
v -0.0682904 0.0999757 0.0676726
v -0.0709456 0.0960903 0.0682014
v -0.0712435 0.0974084 0.0677205
v -0.0717851 0.0987506 0.0663517
v -0.0762672 0.0980064 0.0643905
v -0.0813202 0.0977248 0.0619028
v -0.0813954 0.0997259 0.0594233
v -0.0863816 0.0978123 0.0589025
v -0.0943151 0.0869959 0.0589291
v -0.0934408 0.0915643 0.0583496
v -0.0923652 0.0953594 0.0570634
v -0.1020880 0.0826932 0.0559258
v -0.1093670 0.0831981 0.0521573
v -0.1178160 0.0829829 0.0471583
v -0.1278340 0.0705106 0.0440091
v -0.1277940 0.0759003 0.0432836
v -0.1280570 0.0814946 0.0413648
v -0.1390510 0.0800462 0.0352736
v -0.1487470 0.0799000 0.0292248
v -0.1499970 0.0843037 0.0257964
v -0.1565710 0.0811836 0.0230777
v -0.1661920 0.0627051 0.0183709
v -0.1649520 0.0714036 0.0188813
v -0.1638100 0.0786084 0.0180841
v -0.1732350 0.0601141 0.0109111
v -0.1781220 0.0672151 0.0047294
v -0.1821740 0.0744093 -0.0025977
v -0.1879520 0.0561940 -0.0122315
v -0.1874720 0.0653230 -0.0106503
v -0.1866590 0.0737928 -0.0103579
v -0.1916320 0.0549955 -0.0204064
v -0.1946700 0.0625485 -0.0273535
v -0.1972640 0.0692165 -0.0358976
v -0.1989650 0.0543364 -0.0428075
v -0.1995950 0.0635396 -0.0439635
v -0.1994880 0.0734659 -0.0452950
v -0.2012450 0.0760571 -0.0548811
v -0.2023660 0.0785632 -0.0637576
v -0.2013810 0.0841629 -0.0656019
v -0.2026550 0.0815478 -0.0713185
v -0.2035860 0.0649163 -0.0831183
v -0.2036500 0.0735669 -0.0816753
v -0.2030200 0.0808381 -0.0796342
v -0.2034900 0.0676696 -0.0949395
v -0.2032960 0.0776038 -0.1044880
v -0.2023870 0.0861932 -0.1130560
v -0.2035000 0.0794296 -0.1329490
v -0.2036610 0.0836074 -0.1285640
v -0.2028730 0.0881095 -0.1249790
v -0.2039080 0.0826267 -0.1464890
v -0.2045090 0.0882104 -0.1537550
v -0.2043080 0.0936931 -0.1611670
v -0.2035270 0.0889625 -0.1798030
v -0.2037180 0.0936320 -0.1759070
v -0.0917753 0.0708270 0.0596837
v -0.0981480 0.0661841 0.0553066
v -0.1043890 0.0621949 0.0510970
v -0.1102770 0.0592821 0.0474188
v -0.1223570 0.0515804 0.0420291
v -0.1195170 0.0542964 0.0426192
v -0.1156200 0.0577993 0.0447000
v -0.1898400 -0.1331910 -0.2284530
v -0.1946490 -0.1098860 -0.2343450
v -0.1991420 -0.1037180 -0.2267040
v -0.2036990 -0.0964466 -0.2185140
v -0.2062470 -0.0316723 -0.2442820
v -0.2075260 -0.0524868 -0.2320540
v -0.2080970 -0.0718051 -0.2202540
v -0.2037850 -0.0099092 -0.2571080
v -0.2094810 -0.0111555 -0.2417860
v -0.2143390 -0.0129149 -0.2272920
v -0.2178660 -0.0155432 -0.2147210
v -0.2157250 0.0255782 -0.2246050
v -0.2181290 0.0101719 -0.2175860
v -0.2195720 -0.0054204 -0.2103280
v -0.2132820 0.0385952 -0.2271560
v -0.2172220 0.0273562 -0.2132620
v -0.2196790 0.0164838 -0.2018690
v -0.2210120 0.0051118 -0.1924690
v -0.2184450 0.0198908 -0.1780350
v -0.2202850 0.0099221 -0.1802570
v -0.2213450 0.0005381 -0.1822690
v -0.2218330 -0.0084447 -0.1840630
v -0.2156050 0.0306835 -0.1760260
v -0.2185820 0.0158274 -0.1651590
v -0.2206200 -0.0008041 -0.1547200
v -0.2216530 -0.0194101 -0.1447510
v -0.2180910 0.0032727 -0.1268280
v -0.2201110 -0.0102413 -0.1294380
v -0.2212290 -0.0244197 -0.1321430
v -0.2215910 -0.0390739 -0.1346260
v -0.2149720 0.0158380 -0.1244580
v -0.2174180 -0.0013781 -0.1150340
v -0.2185260 -0.0197795 -0.1056520
v -0.2184990 -0.0384147 -0.0960264
v -0.2077920 0.0508123 -0.2423760
v -0.2106270 0.0501346 -0.2257130
v -0.2118680 0.0491911 -0.2115370
v -0.2120780 0.0472299 -0.1990090
v -0.2010590 0.0794216 -0.2091030
v -0.2041310 0.0692801 -0.2045980
v -0.2078720 0.0574299 -0.1967660
v -0.2117990 0.0446759 -0.1869570
v -0.1998120 0.0843861 -0.2062220
v -0.1985730 0.0801684 -0.1998890
v -0.1975400 0.0761688 -0.1906640
v -0.1972350 0.0718447 -0.1801300
v -0.1942150 0.0723976 -0.1637610
v -0.1945260 0.0719165 -0.1671500
v -0.1959660 0.0697585 -0.1684730
v -0.1986800 0.0653787 -0.1685720
v -0.1948480 0.0720334 -0.1579120
v -0.1937930 0.0683447 -0.1502790
v -0.1939010 0.0633803 -0.1401590
v -0.1953090 0.0567521 -0.1288210
v -0.1942790 0.0534089 -0.1136700
v -0.1945880 0.0527152 -0.1153790
v -0.1957890 0.0511738 -0.1166630
v -0.1980310 0.0481495 -0.1176510
v -0.1947270 0.0545250 -0.1129480
v -0.1947060 0.0482424 -0.1026890
v -0.1950410 0.0420183 -0.0923882
v -0.1953760 0.0363760 -0.0818214
v -0.1949870 0.0382551 -0.0742419
v -0.1939790 0.0356266 -0.0717012
v -0.1940030 0.0338940 -0.0709172
v -0.1950540 0.0321718 -0.0711909
v -0.2115900 0.0417604 -0.1741920
v -0.2114420 0.0386191 -0.1609230
v -0.2112940 0.0352121 -0.1475180
v -0.2020120 0.0563853 -0.1572630
v -0.2064130 0.0449815 -0.1457610
v -0.2110500 0.0313425 -0.1345170
v -0.2107040 0.0269124 -0.1224270
v -0.2103050 0.0221765 -0.1102850
v -0.2095510 0.0178391 -0.0976635
v -0.2015400 0.0382018 -0.1073480
v -0.2049620 0.0272711 -0.0969114
v -0.2075390 0.0165849 -0.0856191
v -0.1384550 0.0708137 -0.3686590
v -0.1427520 0.0515246 -0.3601730
v -0.1487760 0.0288390 -0.3489870
v -0.1500990 0.0685573 -0.3534200
v -0.1507400 0.0522581 -0.3498800
v -0.1528450 0.0317067 -0.3443760
v -0.1561360 0.0672045 -0.3471290
v -0.1618120 0.0500602 -0.3380830
v -0.1664440 0.0319486 -0.3300510
v -0.1810400 0.0365249 -0.3139600
v -0.1766220 0.0270026 -0.3182200
v -0.1725560 0.0186869 -0.3213000
v -0.1878980 0.0125373 -0.2980620
v -0.1885690 -0.0164309 -0.2912980
v -0.1997850 0.0122821 -0.2713390
v -0.2015050 0.0294743 -0.2689100
v -0.2023900 0.0424780 -0.2669590
v -0.1881770 0.0639065 -0.3034570
v -0.1947320 0.0572837 -0.2874070
v -0.2001720 0.0532414 -0.2722750
v -0.1883490 0.0705266 -0.3028320
v -0.1946520 0.0637151 -0.2854860
v -0.2021890 0.0552372 -0.2631270
v -0.1884320 0.0842665 -0.2899560
v -0.1942520 0.0750631 -0.2753230
v -0.2010540 0.0637310 -0.2587790
v -0.1846770 0.0921968 -0.2996770
v -0.1896070 0.0931324 -0.2777970
v -0.1940940 0.0948386 -0.2543600
v -0.1974600 0.0972012 -0.2312810
v -0.1826790 0.0991864 -0.3044450
v -0.1846770 0.1073060 -0.2887410
v -0.1860880 0.1160760 -0.2704890
v -0.1755410 0.1181780 -0.3114110
v -0.1791890 0.1198150 -0.2932910
v -0.1828830 0.1222230 -0.2726810
v -0.1860070 0.1254650 -0.2508680
v -0.1707810 0.1243460 -0.3147810
v -0.1678110 0.1315590 -0.3022820
v -0.0484398 0.1371930 0.0661817
v -0.0433892 0.1394920 0.0711196
v -0.0430809 0.1353490 0.0790472
v -0.0437730 0.1310730 0.0873922
v -0.0320117 0.1359390 0.1053420
v -0.0378077 0.1325630 0.1018550
v -0.0425632 0.1288960 0.0984824
v -0.0460716 0.1258480 0.0938953
v -0.0260090 0.1376530 0.1117760
v -0.0323710 0.1315960 0.1236000
v -0.0387626 0.1239770 0.1384420
v -0.0448725 0.1152040 0.1556210
v -0.1786660 0.1055540 -0.3425950
v -0.1801920 0.0997577 -0.3407910
v -0.1809110 0.0944372 -0.3391540
v -0.1778750 0.0982695 -0.3292250
v -0.1787330 0.0932784 -0.3336680
v -0.1804390 0.0897146 -0.3365280
v -0.1790180 0.0859010 -0.3330920
v -0.1781970 0.0818933 -0.3302530
v -0.1747310 0.0916573 -0.3585920
v -0.1696190 0.0902142 -0.3508770
v -0.1620580 0.0933477 -0.3568380
v -0.1537440 0.0967068 -0.3633410
v -0.1586010 0.0865973 -0.3497900
v -0.1514930 0.0945462 -0.3602530
v -0.1460380 0.0992076 -0.3691720
v -0.0499310 0.1057210 0.1762550
v -0.0462698 0.1103670 0.1783600
v -0.0481690 0.1055570 0.2004370
v -0.0511676 0.1006030 0.2210200
v -0.0313653 0.1177210 0.1955390
v -0.0395968 0.1110130 0.2094750
v -0.0479731 0.1030430 0.2255750
v -0.0561671 0.0945489 0.2411040
v -0.0638381 0.0873147 0.2598640
v -0.0735554 0.0795598 0.2771620
v -0.0839674 0.0717118 0.2928080
v -0.0526909 0.0900016 0.2781910
v -0.0686202 0.0819039 0.2880770
v -0.0824898 0.0730592 0.2978630
v -0.2062650 -0.0037778 -0.0380795
v -0.2089930 -0.0123621 -0.0414202
v -0.2117610 -0.0112379 -0.0547137
v -0.2132790 -0.0120006 -0.0670318
v -0.2110450 -0.0391296 -0.0455874
v -0.2133650 -0.0288048 -0.0599545
v -0.2144460 -0.0185650 -0.0749913
v -0.2158890 -0.0301841 -0.0794189
v -0.2170000 -0.0430098 -0.0828925
v -0.2176110 -0.0559204 -0.0861533
v -0.2104120 -0.0840381 -0.0527550
v -0.2136920 -0.0769025 -0.0647488
v -0.2160740 -0.0719513 -0.0771041
v -0.2177770 -0.0688127 -0.0893531
v -0.2070330 -0.1020830 -0.0492390
v -0.2078960 -0.1102500 -0.0572783
v -0.2085530 -0.1173650 -0.0657428
v -0.1925280 -0.1578430 -0.0600289
v -0.1999870 -0.1458730 -0.0646771
v -0.2054640 -0.1338500 -0.0697531
v -0.2094380 -0.1222260 -0.0750764
v -0.1860480 -0.1744160 -0.0699525
v -0.1892450 -0.1779930 -0.0847475
v -0.1922510 -0.1793270 -0.1005340
v -0.1870940 -0.1416740 -0.0361953
v -0.1940160 -0.1220580 -0.0321637
v -0.1917420 -0.1110370 -0.0223545
v -0.1893840 -0.0989606 -0.0129518
v -0.2038190 -0.0735193 -0.0295433
v -0.1967170 -0.0812609 -0.0175920
v -0.1876730 -0.0863317 -0.0056407
v -0.1844860 -0.1511010 -0.2238210
v -0.1896820 -0.1498970 -0.2145540
v -0.1896090 -0.1637880 -0.2000430
v -0.1898270 -0.1744900 -0.1845760
v -0.2040070 -0.1264250 -0.1943240
v -0.1998470 -0.1474280 -0.1879700
v -0.1956250 -0.1655550 -0.1792470
v -0.2083900 -0.1157200 -0.1868060
v -0.2086390 -0.1247260 -0.1760130
v -0.2092530 -0.1302680 -0.1649860
v -0.2182200 -0.0792783 -0.1661080
v -0.2155890 -0.0984637 -0.1637850
v -0.2128260 -0.1163420 -0.1599580
v -0.2103130 -0.1315620 -0.1535080
v -0.2199980 -0.0685442 -0.1601390
v -0.2195210 -0.0767191 -0.1524500
v -0.2186870 -0.0856008 -0.1458810
v -0.2212020 -0.0548840 -0.1356620
v -0.2201290 -0.0715181 -0.1362440
v -0.2186700 -0.0863556 -0.1381260
v -0.2206390 -0.0588465 -0.1240540
v -0.2190410 -0.0780877 -0.1144040
v -0.2169300 -0.0959603 -0.1063430
v -0.2172860 -0.0823797 -0.0923270
v -0.2161460 -0.0968426 -0.0956012
v -0.2144190 -0.1118580 -0.1001700
v -0.2105410 -0.1248350 -0.0851913
v -0.2114800 -0.1264030 -0.0959972
v -0.2122360 -0.1265520 -0.1075050
v -0.2011430 -0.1663870 -0.1175510
v -0.2058900 -0.1534850 -0.1177900
v -0.2097070 -0.1395910 -0.1182360
v -0.2129360 -0.1243860 -0.1195760
v -0.1950090 -0.1784130 -0.1170990
v -0.1974760 -0.1749980 -0.1332890
v -0.1998070 -0.1684260 -0.1481930
v -0.2119200 -0.1276390 -0.1418330
v -0.2138260 -0.1192490 -0.1312160
v -0.1873990 -0.1895990 -0.1164370
v -0.1830600 -0.1963070 -0.1346390
v -0.1791520 -0.1992140 -0.1542740
v -0.1598890 -0.2150700 -0.1155200
v -0.1655370 -0.2124920 -0.1350670
v -0.1706040 -0.2070620 -0.1546670
v -0.1510290 -0.2205280 -0.1145020
v -0.1488920 -0.2235130 -0.1310910
v -0.2221790 -0.0323102 -0.1671100
v -0.2221120 -0.0240211 -0.1773950
v -0.2219160 -0.0162316 -0.1868450
v -0.2187160 -0.0614111 -0.1828320
v -0.2206420 -0.0413700 -0.1860350
v -0.2215350 -0.0231494 -0.1907180
v -0.2160310 -0.0714570 -0.1901590
v -0.2160720 -0.0591735 -0.1994370
v -0.0044177 0.0032860 0.3994180
v -0.0084195 -0.0000466 0.3988870
v -0.0200385 0.0007559 0.3960030
v -0.0320037 0.0018907 0.3913710
v -0.0125205 -0.0081418 0.3958630
v -0.0225973 -0.0053087 0.3937420
v -0.0327654 -0.0016997 0.3903910
v -0.0428904 0.0022894 0.3861090
v -0.0115764 -0.0104724 0.3953040
v -0.0217122 -0.0103156 0.3926520
v -0.0315987 -0.0096964 0.3890140
v -0.0156639 -0.0240317 0.3980050
v -0.0241583 -0.0171325 0.3931150
v -0.0331677 -0.0121574 0.3885890
v -0.0412998 -0.0083490 0.3846610
v -0.0232142 -0.0328895 0.4002130
v -0.0346241 -0.0316856 0.3958890
v -0.0450494 -0.0301814 0.3908500
v -0.0486330 -0.0687781 0.4051910
v -0.0502207 -0.0541425 0.3986820
v -0.0522056 -0.0405276 0.3919770
v -0.0549815 -0.0283768 0.3854020
v -0.0566768 -0.0813141 0.4049410
v -0.0664611 -0.0770433 0.3977120
v -0.0762938 -0.0707022 0.3895000
v -0.0765380 -0.1070450 0.4002640
v -0.0808027 -0.0913413 0.3924290
v -0.0839488 -0.0761875 0.3859150
v -0.0861536 -0.0621925 0.3803900
v -0.0811379 -0.1115420 0.3994290
v -0.0913729 -0.0983813 0.3882330
v -0.1011710 -0.0834881 0.3764430
v -0.0900988 -0.1231800 0.4008990
v -0.0980326 -0.1057380 0.3883310
v -0.1047330 -0.0867568 0.3758850
v -0.1098770 -0.0678877 0.3644440
v -0.0922260 -0.1267330 0.4016140
v -0.1028150 -0.1138730 0.3897870
v -0.1127280 -0.0998883 0.3775170
v -0.1062400 -0.1215050 0.3900080
v -0.1147780 -0.1042970 0.3776900
v -0.0743064 -0.1543930 0.4238340
v -0.0735448 -0.1517860 0.4239990
v -0.0628457 -0.1580420 0.4336300
v -0.0522564 -0.1629850 0.4423740
v -0.0690039 -0.1429260 0.4222340
v -0.0604156 -0.1524510 0.4325720
v -0.0513313 -0.1602510 0.4419320
v -0.0417317 -0.1672220 0.4502190
v -0.0669414 -0.1391250 0.4209980
v -0.0567653 -0.1449610 0.4298960
v -0.0465784 -0.1483950 0.4372020
v -0.0571273 -0.1212530 0.4175040
v -0.0518514 -0.1326590 0.4254610
v -0.0450872 -0.1417060 0.4336460
v -0.0369602 -0.1486340 0.4414570
v -0.0517065 -0.1111090 0.4171290
v -0.0427535 -0.1127830 0.4224630
v -0.0340663 -0.1134100 0.4264360
v -0.0288010 -0.0720576 0.4149950
v -0.0278302 -0.0872964 0.4204240
v -0.0267118 -0.1018280 0.4253410
v -0.0196550 -0.0595508 0.4128820
v -0.0096613 -0.0633034 0.4162330
v -0.0103292 -0.1336000 0.4399900
v -0.0093099 -0.1220820 0.4355140
v -0.0088728 -0.1086130 0.4311850
v -0.0316550 -0.1742090 0.4573330
v -0.0312043 -0.1714550 0.4571450
v -0.0204355 -0.1750780 0.4626720
v -0.0094735 -0.1773710 0.4662790
v -0.0245311 -0.1613460 0.4543460
v -0.0178740 -0.1685000 0.4607270
v -0.0092026 -0.1740680 0.4653650
v -0.0276290 -0.1535880 0.4479570
v -0.0175495 -0.1572720 0.4530280
v -0.0078616 -0.1594720 0.4562060
v -0.0277900 -0.1456370 0.4425700
v -0.0188825 -0.1403660 0.4418530
v -0.1170520 -0.0522902 0.3524450
v -0.1224750 -0.0361557 0.3396880
v -0.1262870 -0.0203695 0.3255630
v -0.1289790 -0.0452874 0.3387550
v -0.1299610 -0.0260090 0.3245530
v -0.1290630 -0.0084261 0.3092610
v -0.1026410 -0.0529519 0.3651830
v -0.0955302 -0.0524417 0.3707690
v -0.0875696 -0.0493003 0.3753830
v -0.1037990 -0.0222378 0.3538380
v -0.0967320 -0.0295223 0.3619670
v -0.0884227 -0.0365729 0.3701450
v -0.0792201 -0.0429726 0.3781970
v -0.1099170 -0.0155034 0.3457240
v -0.1041480 -0.0115727 0.3488120
v -0.0979173 -0.0072967 0.3516370
v -0.0923708 -0.0027919 0.3536670
v -0.1058540 0.0147643 0.3343380
v -0.1014150 0.0101559 0.3410380
v -0.0955812 0.0054786 0.3479640
v -0.0886318 0.0009127 0.3548950
v -0.1148040 -0.0094971 0.3378440
v -0.1142110 0.0007640 0.3329510
v -0.1128950 0.0097574 0.3289810
v -0.1175130 0.0138208 0.3150310
v -0.1145120 0.0154128 0.3213220
v -0.1113660 0.0171402 0.3256400
v -0.0713427 -0.0346144 0.3794330
v -0.0643906 -0.0258548 0.3796060
v -0.0588813 -0.0180760 0.3792390
v -0.0809797 -0.0033022 0.3615630
v -0.0728902 -0.0069831 0.3677690
v -0.0643770 -0.0100073 0.3735200
v -0.0865156 0.0040408 0.3555380
v -0.0853837 0.0067861 0.3560380
v -0.0848070 0.0095102 0.3565910
v -0.1018600 0.0231358 0.3377540
v -0.0977002 0.0206616 0.3432660
v -0.0919818 0.0170631 0.3497660
v -0.0849733 0.0130554 0.3568430
v -0.0919576 0.0251743 0.3500420
v -0.0854964 0.0170951 0.3569600
v -0.0776752 0.0100151 0.3637240
v -0.0720964 0.0131804 0.3689510
v -0.0706695 0.0089601 0.3696960
v -0.0689798 0.0048222 0.3701150
v -0.0520231 0.0016702 0.3810330
v -0.0597397 0.0010962 0.3760180
v -0.0657316 0.0006098 0.3715640
v -0.0506339 -0.0064036 0.3800820
v -0.0598498 -0.0038710 0.3748830
v 0.0489733 -0.1818040 0.2704120
v 0.0368444 -0.1866380 0.2668140
v 0.0262688 -0.1909780 0.2644800
v 0.0214731 -0.1827610 0.2587210
v 0.0197860 -0.1883150 0.2611930
v 0.0177556 -0.1939390 0.2631780
v 0.0106131 -0.1960010 0.2627770
v 0.0047392 -0.1974890 0.2628480
v 0.0000642 -0.1989510 0.2633930
v -0.0061745 -0.1869860 0.2586100
v -0.0055200 -0.1924430 0.2607940
v -0.0046108 -0.1974890 0.2628510
v -0.0031034 -0.2015530 0.2649370
v -0.0131427 -0.1850920 0.2583380
v -0.0196577 -0.1883150 0.2611950
v -0.0261404 -0.1909780 0.2644830
v -0.0405543 -0.1810020 0.2651610
v -0.0367162 -0.1866380 0.2668160
v -0.0325695 -0.1924350 0.2682200
v -0.0019716 -0.1925830 0.4644770
v -0.0106912 -0.1916110 0.4620350
v -0.0203309 -0.1888420 0.4577190
v -0.0310111 -0.1834540 0.4535140
v -0.0302414 -0.1847490 0.4516090
v -0.0187538 -0.1895430 0.4514250
v -0.0292249 -0.1853710 0.4489250
v -0.0400393 -0.1800100 0.4441780
v -0.0498398 -0.1752690 0.4358250
v -0.0598979 -0.1701240 0.4262390
v -0.0723270 -0.1631080 0.4176630
v -0.0700338 -0.1645400 0.4152630
v -0.0463745 -0.1734880 0.4220080
v -0.0558721 -0.1702460 0.4188380
v -0.0669358 -0.1655020 0.4124410
v -0.0789357 -0.1594690 0.4032990
v -0.0485498 -0.1701720 0.4124890
v -0.0572937 -0.1654680 0.4026790
v -0.0661287 -0.1607320 0.3920220
v -0.0616734 -0.1566390 0.3778680
v -0.0696904 -0.1564850 0.3796240
v -0.0758218 -0.1558980 0.3810220
v -0.0371909 -0.1692100 0.4051990
v -0.0308957 -0.1721650 0.4103570
v -0.0250005 -0.1740490 0.4126750
v -0.0250354 -0.1824470 0.4330430
v -0.0227395 -0.1802440 0.4257420
v -0.0206393 -0.1773290 0.4180780
v -0.0172384 -0.1865880 0.4391130
v -0.0089425 -0.1870580 0.4354880
v -0.1209200 -0.1274350 0.3633600
v -0.1150190 -0.1350090 0.3656320
v -0.1097220 -0.1398670 0.3651140
v -0.1159790 -0.1343810 0.3504620
v -0.1049610 -0.1427930 0.3626500
v -0.0864887 -0.1549250 0.3902340
v -0.0937414 -0.1498810 0.3756380
v -0.1004730 -0.1444190 0.3599390
v -0.0856492 -0.1510980 0.3700620
v -0.0956243 -0.1456680 0.3578560
v -0.1052130 -0.1396280 0.3445860
v -0.0971046 -0.1361200 0.3288400
v -0.1061730 -0.1354630 0.3302350
v -0.1129560 -0.1335980 0.3310270
v -0.1189110 -0.1279000 0.3179250
v -0.1232580 -0.1233230 0.3070050
v -0.1290330 -0.1190200 0.3047700
v -0.1260930 -0.1201790 0.2989360
v -0.1127150 -0.1205090 0.2910380
v -0.1216120 -0.1201930 0.2933070
v -0.1277290 -0.1182680 0.2936260
v -0.1284910 -0.1173090 0.2903420
v -0.1287460 -0.1170860 0.2882000
v -0.1331630 -0.1144070 0.2858560
v -0.1287890 -0.1174500 0.2866130
v -0.1669780 0.0355309 0.0063585
v -0.1684690 0.0329052 0.0036611
v -0.1629060 0.0351721 0.0111397
v -0.1581850 0.0349623 0.0173080
v -0.1597200 0.0310794 0.0178395
v -0.1528240 0.0341411 0.0245260
v -0.1422080 0.0421219 0.0301735
v -0.1444770 0.0384225 0.0307529
v -0.1465770 0.0326102 0.0327966
v -0.1303310 0.1521820 -0.4023020
v -0.1400810 0.1554540 -0.4082250
v -0.1530970 0.1594450 -0.4161190
v -0.1406330 0.1497420 -0.3790790
v -0.1492810 0.1547520 -0.3919790
v -0.1588580 0.1594850 -0.4072580
v -0.1689810 0.1632350 -0.4237800
v -0.1341350 0.1459130 -0.3692330
v -0.1484890 0.1469840 -0.3733810
v -0.1641260 0.1473370 -0.3782130
v -0.1231830 0.1451950 -0.3663490
v -0.1303500 0.1436880 -0.3628150
v -0.1381900 0.1418490 -0.3593780
v -0.1458100 0.1393140 -0.3559500
v -0.1326190 0.1430270 -0.3415350
v -0.1380960 0.1405820 -0.3480410
v -0.1454500 0.1381550 -0.3511560
v -0.1415720 0.1423010 -0.3259830
v -0.1507720 0.1386100 -0.3253340
v -0.1941640 0.1627730 -0.4231510
v -0.1862190 0.1660340 -0.4306400
v -0.1800560 0.1665280 -0.4396150
v -0.2212000 0.1720030 -0.4696220
v -0.2065040 0.1717630 -0.4606470
v -0.1917120 0.1692040 -0.4545130
v -0.2333660 0.1711340 -0.4814400
v -0.2264620 0.1721280 -0.4836780
v -0.2200550 0.1709340 -0.4869950
v -0.1469500 0.1018570 -0.3815510
v -0.1550120 0.1021550 -0.3904140
v -0.1661270 0.1024500 -0.4028250
v -0.1787820 0.1022750 -0.4073240
v -0.1790390 0.1031600 -0.4180430
v -0.1662750 0.0983997 -0.4162010
v -0.1782160 0.1019050 -0.4244080
v -0.1908650 0.1047830 -0.4345440
v -0.1971250 0.1033880 -0.4523310
v -0.1998740 0.1069040 -0.4508720
v -0.2026980 0.1086000 -0.4474870
v -0.2258370 0.1229880 -0.4911410
v -0.2194970 0.1183880 -0.4778680
v -0.2130380 0.1136680 -0.4617210
v -0.2329530 0.1288800 -0.5021880
v -0.2342060 0.1310010 -0.5000940
v -0.2352860 0.1311390 -0.4960760
v -0.2400820 0.1357470 -0.5116470
v -0.2468730 0.1440310 -0.5171430
v -0.2521200 0.1499500 -0.5204540
v -0.2543400 0.1529050 -0.5270160
v -0.2552230 0.1541040 -0.5254320
v -0.1913310 0.0897757 -0.3578100
v -0.1930340 0.0900016 -0.3552090
v -0.1945040 0.0915643 -0.3550360
v -0.2240430 0.1011900 -0.3985730
v -0.2148110 0.0969806 -0.3823270
v -0.2059060 0.0947269 -0.3687410
v -0.2329820 0.1073930 -0.4158290
v -0.2335750 0.1075900 -0.4120390
v -0.2343070 0.1089820 -0.4110320
v -0.2409320 0.1148080 -0.4330930
v -0.2477180 0.1220130 -0.4444120
v -0.2530340 0.1301930 -0.4576730
v -0.2560570 0.1374690 -0.4789260
v -0.2563840 0.1369030 -0.4747430
v -0.2567190 0.1374300 -0.4727470
v -0.2585060 0.1444460 -0.4925570
v -0.2602840 0.1497110 -0.5008760
v -0.2613140 0.1544150 -0.5087370
v -0.2602790 0.1563010 -0.5180760
v -0.2609630 0.1574520 -0.5183950
v -0.2614990 0.1579280 -0.5169540
v -0.2618160 0.1576750 -0.5139010
v -0.2594740 0.1536460 -0.5140600
v -0.2595380 0.1564580 -0.5204540
v -0.2592510 0.1584990 -0.5254930
v -0.2581840 0.1492880 -0.5064110
v -0.2559820 0.1475870 -0.5064830
v -0.2526260 0.1455620 -0.5073680
v -0.2474120 0.1287260 -0.4706850
v -0.2476480 0.1338790 -0.4848900
v -0.2478200 0.1388200 -0.4979650
v -0.2413610 0.1212710 -0.4569100
v -0.2351070 0.1194290 -0.4593610
v -0.2291330 0.1185310 -0.4634640
v -0.2157310 0.1012650 -0.4087680
v -0.2189790 0.1069090 -0.4302570
v -0.2215670 0.1128730 -0.4509150
v -0.2042570 0.0972145 -0.3933610
v -0.1975400 0.0988117 -0.3999870
v -0.1895610 0.1007940 -0.4060330
v -0.1753080 0.0955029 -0.3735810
v -0.1769260 0.0992954 -0.3907620
v -0.0776832 0.0106104 -0.4341160
v -0.0913891 0.0114742 -0.4253880
v -0.0917832 -0.0105708 -0.4196350
v -0.0925638 -0.0352388 -0.4127380
v -0.1234270 0.0219479 -0.3908870
v -0.1159500 -0.0008199 -0.3950250
v -0.1061920 -0.0290520 -0.3999230
v -0.0939157 -0.0619427 -0.4055490
v -0.1320560 0.0166485 -0.3758000
v -0.1355350 -0.0047533 -0.3648130
v -0.1385680 -0.0278002 -0.3548820
v -0.1530060 -0.0232848 -0.3317760
v -0.1494920 -0.0286799 -0.3358640
v -0.1456810 -0.0388187 -0.3405730
v -0.1405370 -0.0549771 -0.3471640
v -0.1579840 -0.0257511 -0.3255200
v -0.1574160 -0.0441366 -0.3186400
v -0.1572600 -0.0652859 -0.3100870
v -0.1570080 -0.0882452 -0.3011660
v -0.1614070 -0.1070030 -0.2807230
v -0.1593600 -0.1054670 -0.2847100
v -0.1578900 -0.1074330 -0.2880400
v -0.1564500 -0.1127700 -0.2925900
v -0.1643760 -0.1128730 -0.2740900
v -0.1606880 -0.1290020 -0.2665660
v -0.1579220 -0.1469390 -0.2568900
v -0.0953532 -0.0910330 -0.3995030
v -0.0972335 -0.1211780 -0.3945470
v -0.0993683 -0.1523440 -0.3904270
v -0.1332570 -0.0799214 -0.3564470
v -0.1235990 -0.1135010 -0.3673860
v -0.1123500 -0.1508560 -0.3781330
v -0.0996017 -0.1868800 -0.3874830
v -0.1414490 -0.0865178 -0.3421540
v -0.1415100 -0.1204640 -0.3387950
v -0.1408180 -0.1553480 -0.3361530
v -0.1542850 -0.1220530 -0.3000970
v -0.1509490 -0.1375490 -0.3100500
v -0.1460620 -0.1603120 -0.3214970
v -0.1393700 -0.1901890 -0.3334000
v -0.1553610 -0.1369250 -0.2852970
v -0.1540280 -0.1606470 -0.2783070
v -0.1527380 -0.1847460 -0.2708420
v -0.1537550 -0.1856760 -0.2439920
v -0.1530030 -0.1957700 -0.2511440
v -0.1517830 -0.2109260 -0.2623320
v -0.0846167 -0.2150640 -0.3956280
v -0.0980300 -0.2233140 -0.3847750
v -0.0963456 -0.2617590 -0.3811710
v -0.0944520 -0.3016760 -0.3770620
v -0.1307630 -0.2258170 -0.3446420
v -0.1202840 -0.2645600 -0.3551180
v -0.1075920 -0.3032580 -0.3647680
v -0.1374470 -0.2258090 -0.3297620
v -0.1354760 -0.2624580 -0.3256290
v -0.1339870 -0.2998800 -0.3214670
v -0.1495060 -0.2338960 -0.2757110
v -0.1457050 -0.2644620 -0.2895120
v -0.1404030 -0.2998160 -0.3035820
v -0.1511900 -0.2407160 -0.2535760
v -0.1511020 -0.2729470 -0.2457570
v -0.1515040 -0.3065690 -0.2396100
v -0.1471030 -0.2696150 -0.1822850
v -0.1502620 -0.2869690 -0.1997560
v -0.1519550 -0.3110950 -0.2172910
v -0.1421140 -0.2905280 -0.1604340
v -0.1438410 -0.3201390 -0.1594560
v -0.1261470 -0.2891350 -0.1217390
v -0.1261390 -0.2665690 -0.1199210
v -0.1267450 -0.2488850 -0.1175430
v -0.1431380 -0.2332770 -0.1601390
v -0.1364810 -0.2372050 -0.1380910
v -0.1279570 -0.2379310 -0.1163440
v -0.1297650 -0.2321580 -0.1152010
v -0.1317290 -0.2291180 -0.1117460
v -0.1239580 -0.2258360 -0.0932545
v -0.0952836 0.1568620 -0.3566650
v -0.0906944 0.1589030 -0.3635140
v -0.0982689 0.1550680 -0.3661150
v -0.1028420 0.1533750 -0.3735510
v -0.1077260 0.1520250 -0.3789150
v -0.1100540 0.1474780 -0.3656980
v -0.1109390 0.1482600 -0.3699880
v -0.1114220 0.1496390 -0.3759030
v -0.1117760 0.1511000 -0.3827920
v -0.1115320 0.1463510 -0.3632660
v -0.1162900 0.1453570 -0.3645020
v -0.1188410 0.1503400 -0.3837410
v -0.1152950 0.1510610 -0.3861300
v -0.1119260 0.1523070 -0.3890190
v -0.0610943 0.0113147 -0.4414190
v -0.0609171 -0.0142542 -0.4375790
v -0.0412007 -0.0417342 -0.4396940
v -0.0194404 -0.0706996 -0.4398460
v -0.0412785 -0.1055540 -0.4283620
v -0.0202531 -0.1050310 -0.4338400
v -0.1519360 -0.0725891 0.0421275
v -0.1487280 -0.0847211 0.0392786
v -0.1548810 -0.0966591 0.0240717
v -0.1622590 -0.1094900 0.0087716
v -0.1240980 -0.1258430 0.0238350
v -0.1383130 -0.1275940 0.0119342
v -0.1532720 -0.1270920 0.0023828
v -0.1126180 -0.1363110 0.0177145
v -0.1146430 -0.1514890 -0.0004449
v -0.1161590 -0.1679690 -0.0174246
v -0.0769189 -0.1553790 0.0034617
v -0.0877790 -0.1629850 -0.0070147
v -0.1010210 -0.1729410 -0.0194417
v -0.1155470 -0.1837740 -0.0329769
v -0.0906139 -0.2022550 -0.0479314
v -0.1011010 -0.2002530 -0.0478038
v -0.1141100 -0.1980100 -0.0477959
v -0.1286040 -0.1948080 -0.0478437
v -0.1362610 -0.2150960 -0.0787492
v -0.1386810 -0.2044840 -0.0635556
v -0.1432350 -0.1906510 -0.0488988
v -0.1636490 -0.1930540 -0.0656976
v -0.1576600 -0.1852350 -0.0511285
v -0.1511020 -0.1745860 -0.0365514
v -0.1755010 -0.1502180 -0.0312177
v -0.1616260 -0.1568940 -0.0266199
v 0.1525360 0.0981420 -0.3677500
v 0.1598100 0.0946021 -0.3600610
v 0.1674380 0.0907431 -0.3520990
v 0.1543980 0.0836446 -0.3528560
v 0.1598270 0.0863979 -0.3491920
v 0.1664650 0.0875088 -0.3461040
v 0.1554490 -0.1713840 -0.2418820
v 0.1555540 -0.1618110 -0.2548670
v 0.1565000 -0.1541810 -0.2560660
v 0.1573700 -0.1351100 -0.2696570
v 0.1576700 -0.1149700 -0.2827170
v 0.1607760 -0.1249760 -0.2694280
v 0.1588340 -0.1079940 -0.2838730
v 0.1568900 -0.0955191 -0.2959590
v 0.0926840 0.0525769 0.2927890
v 0.0832189 0.0603506 0.2767430
v 0.0734264 0.0686902 0.2583230
v 0.0826502 0.0708907 0.2856510
v 0.0782704 0.0716003 0.2743640
v 0.0718921 0.0738912 0.2586680
v 0.0650580 0.0774975 0.2392860
v 0.0543723 0.0967016 0.2195430
v 0.0573119 0.0917105 0.2201320
v 0.0591520 0.0866131 0.2199170
v 0.0601364 0.0820262 0.2175870
v 0.0551690 0.0945037 0.1761780
v 0.0577142 0.0865175 0.1952090
v 0.0604851 0.0794270 0.2102410
v 0.0706584 0.0658943 0.2188090
v 0.0670563 0.0685334 0.2197740
v 0.0644707 0.0733569 0.1998230
v 0.0633603 0.0775959 0.1795080
v 0.0603187 0.0794722 0.1962030
v 0.0610349 0.0804529 0.1787290
v 0.0629766 0.0815397 0.1589890
v 0.0696578 0.0197341 0.3688850
v 0.0653745 0.0224901 0.3693900
v 0.0667935 0.0287328 0.3639100
v 0.0599538 0.0254905 0.3690390
v 0.0435419 0.0113731 0.3849420
v 0.0485063 0.0170525 0.3797410
v 0.0518350 0.0230694 0.3737190
v 0.0336795 0.0095448 0.3897420
v 0.0298977 0.0130475 0.3893350
v 0.0262688 0.0168771 0.3875070
v 0.0020865 0.0070305 0.3985410
v 0.0096824 0.0114263 0.3954130
v 0.0168088 0.0163403 0.3903030
v 0.0227605 0.0214801 0.3837650
v -0.0020520 0.0237710 0.3838980
v 0.0078612 0.0256394 0.3811870
v 0.0180775 0.0264924 0.3786010
v 0.0282133 0.0261815 0.3767990
v 0.0239970 0.0413750 0.3570080
v 0.0302679 0.0356480 0.3639630
v 0.0352594 0.0298145 0.3706980
v 0.0211190 0.0468497 0.3502950
v 0.0403634 0.0436580 0.3525270
v 0.0550026 0.0396025 0.3553230
v 0.0638618 0.0346407 0.3589850
v 0.0713127 0.0744732 0.3073930
v 0.0861370 0.0671806 0.3140690
v 0.0785250 0.0741489 0.3024180
v 0.0826207 0.0730592 0.2978570
v 0.0840959 0.0717118 0.2928000
v 0.0496946 0.0977035 0.2524550
v 0.0622524 0.0887977 0.2655730
v 0.0736839 0.0795598 0.2771570
v 0.0379120 0.1052190 0.2400220
v 0.0436785 0.1047040 0.2316990
v 0.0480987 0.1030430 0.2255730
v 0.0512931 0.1006030 0.2210170
v 0.0353559 0.1219460 0.1642990
v 0.0420826 0.1141540 0.1814690
v 0.0482945 0.1055570 0.2004320
v 0.0281785 0.1281840 0.1513130
v 0.0337385 0.1268520 0.1433910
v 0.0388828 0.1239770 0.1384400
v 0.0435714 0.1201740 0.1341190
v 0.0306649 0.1401480 0.0916310
v 0.0365468 0.1332780 0.1020780
v 0.0422357 0.1253060 0.1142080
v 0.0473933 0.1168890 0.1260420
v 0.0247855 0.1455620 0.0837619
v 0.0307534 0.1440680 0.0794538
v 0.0363161 0.1414720 0.0769795
v 0.2015600 0.0049549 -0.0328043
v 0.1951310 0.0109055 -0.0251954
v 0.1931360 0.0170473 -0.0293705
v 0.1913120 0.0217778 -0.0338779
v 0.1790330 0.0262825 -0.0121092
v 0.1837300 0.0254693 -0.0214269
v 0.1876620 0.0251238 -0.0309625
v 0.1911350 0.0248074 -0.0408356
v 0.1774130 0.0287621 -0.0115857
v 0.1805700 0.0297534 -0.0187905
v 0.1836570 0.0311193 -0.0248473
v 0.1689400 0.0353211 0.0038311
v 0.1685460 0.0332800 0.0031135
v 0.1635470 0.0349065 0.0098665
v 0.1578150 0.0391667 0.0167365
v 0.1574690 0.0372531 0.0165931
v 0.1641150 0.0300935 0.0117163
v 0.1576670 0.0352068 0.0171458
v 0.1502000 0.0402774 0.0230351
v 0.1414720 0.0458904 0.0296340
v 0.1414620 0.0440114 0.0293390
v 0.1319000 0.0482743 0.0353532
v 0.1218960 0.0546658 0.0412186
v 0.1221580 0.0529251 0.0409688
v 0.1323990 0.0440965 0.0380959
v 0.1226460 0.0512056 0.0417527
v 0.1129000 0.0578657 0.0460847
v 0.1042760 0.0643874 0.0505441
v 0.1047270 0.0629576 0.0505202
v 0.0972706 0.0682543 0.0544191
v 0.0899270 0.0748027 0.0578207
v 0.0903533 0.0736784 0.0579085
v 0.2064210 -0.0017794 -0.0391054
v 0.2051010 0.0058454 -0.0452605
v 0.2074130 0.0071449 -0.0590482
v 0.2091350 0.0089628 -0.0737635
v 0.1952250 0.0235212 -0.0513544
v 0.2001120 0.0209805 -0.0624287
v 0.2053560 0.0171269 -0.0744997
v 0.2105000 0.0119420 -0.0872935
v 0.1925000 0.0267980 -0.0501877
v 0.1942920 0.0287434 -0.0605817
v 0.1958340 0.0312788 -0.0713902
v 0.1905640 0.0322727 -0.0476417
v 0.1922610 0.0324189 -0.0588808
v 0.1943080 0.0334181 -0.0704149
v 0.1967060 0.0347921 -0.0821829
v 0.2148940 0.0061270 -0.1009560
v 0.2114120 0.0162394 -0.0994441
v 0.2119510 0.0209726 -0.1108510
v 0.2120770 0.0258838 -0.1220420
v 0.1995950 0.0360519 -0.0942910
v 0.2032850 0.0359588 -0.1068850
v 0.2074940 0.0341729 -0.1200540
v 0.2118090 0.0306968 -0.1338840
v 0.1968270 0.0395095 -0.0930074
v 0.1964320 0.0449842 -0.1041930
v 0.1958130 0.0507565 -0.1159980
v 0.1952470 0.0448194 -0.0901185
v 0.1944050 0.0488430 -0.1024760
v 0.1943190 0.0531032 -0.1152620
v 0.1953060 0.0563587 -0.1286300
v 0.0901253 0.0613631 0.3227700
v 0.0960611 0.0597765 0.3198570
v 0.1016510 0.0523431 0.3246040
v 0.1040190 0.0451595 0.3281410
v 0.1026400 0.0500389 0.3144300
v 0.1052150 0.0444420 0.3228980
v 0.1049420 0.0389833 0.3298340
v 0.1053520 0.0337132 0.3304160
v 0.1055240 0.0293095 0.3305540
v 0.1380880 -0.1120730 0.2793070
v 0.1370440 -0.1150450 0.2767740
v 0.1365020 -0.1178090 0.2750840
v 0.1331520 -0.1209550 0.2794030
v 0.1360250 -0.1205960 0.2740800
v 0.1399030 -0.1179920 0.2610920
v 0.1377090 -0.1210560 0.2679750
v 0.1350220 -0.1234910 0.2739230
v 0.1334530 -0.1262330 0.2747360
v 0.1317600 -0.1285530 0.2761340
v 0.1289090 -0.1286730 0.2803360
v 0.1299040 -0.1302380 0.2781190
v 0.1323180 -0.1330870 0.2676610
v 0.1313770 -0.1326200 0.2727190
v 0.1296630 -0.1320220 0.2773030
v 0.1294940 -0.1374400 0.2712600
v 0.1264200 -0.1401990 0.2803990
v 0.1226330 -0.1421840 0.2900200
v 0.1178910 -0.1549220 0.2990110
v 0.1188190 -0.1510610 0.2991600
v 0.1187920 -0.1474600 0.2998800
v 0.1178720 -0.1439410 0.3004910
v 0.1138790 -0.1607450 0.3115680
v 0.1101290 -0.1620370 0.3224430
v 0.1050010 -0.1630650 0.3327870
v -0.1706360 0.1433480 -0.0228036
v -0.1667250 0.1513980 -0.0265641
v -0.1606070 0.1604390 -0.0305798
v -0.1839610 0.1418920 -0.0490449
v -0.1758500 0.1505980 -0.0443064
v -0.1657650 0.1597190 -0.0393712
v -0.1545540 0.1683430 -0.0350818
v -0.1875200 0.1405870 -0.0577832
v -0.1836710 0.1474120 -0.0616128
v -0.1788430 0.1543000 -0.0648844
v -0.1953730 0.1364680 -0.0926247
v -0.1898560 0.1443580 -0.0821882
v -0.1825370 0.1525360 -0.0741356
v -0.1956600 0.1376000 -0.1088180
v -0.1917690 0.1448440 -0.1110950
v -0.1874640 0.1511750 -0.1132640
v -0.1914360 0.1396010 -0.1663020
v -0.1890410 0.1464950 -0.1481770
v -0.1862920 0.1520200 -0.1309100
v -0.1827650 0.1568810 -0.1154640
v -0.1902480 0.1373210 -0.1867550
v -0.1856260 0.1437040 -0.1886980
v -0.1795410 0.1501170 -0.1904570
v -0.1834380 0.1355590 -0.2316080
v -0.1785430 0.1459980 -0.2125870
v -0.1714700 0.1563520 -0.1942340
v -0.1941830 0.1166040 -0.2227840
v -0.1968750 0.1089240 -0.2175010
v -0.1995660 0.1007520 -0.2103390
v -0.1983020 0.1243810 -0.1615950
v -0.1996730 0.1150020 -0.1777590
v -0.2008150 0.1048020 -0.1915730
v -0.1996890 0.1239790 -0.1429310
v -0.2015850 0.1152300 -0.1425750
v -0.2024110 0.1070340 -0.1424420
v 0.0498958 0.1274580 0.0758688
v 0.0530474 0.1210080 0.0764508
v 0.0541041 0.1137450 0.0863876
v 0.0554693 0.1144700 0.0769131
v 0.0562419 0.1280030 0.0630404
v 0.0562042 0.1217950 0.0667159
v 0.0566950 0.1148850 0.0713640
v 0.0587281 0.1217420 0.0643372
v 0.0595275 0.1145020 0.0672500
v 0.0602544 0.1089980 0.0693788
v 0.0621586 0.1052170 0.0696180
v 0.0614211 0.1054260 0.0702425
v 0.0608981 0.1049030 0.0710424
v 0.0636471 0.0986761 0.0723129
v 0.0616276 0.1016610 0.0723952
v 0.0602435 0.1046900 0.0718875
v 0.0607128 0.0971214 0.0883488
v 0.0600343 0.1008020 0.0794592
v 0.0594924 0.1046740 0.0739419
v 0.0641837 0.1192890 0.0614325
v 0.0667398 0.1246700 0.0574461
v 0.0711411 0.1212420 0.0549505
v 0.0704652 0.1294650 0.0532709
v 0.0622875 0.1431860 0.0515674
v 0.0686171 0.1386730 0.0506080
v 0.0752447 0.1339240 0.0490480
v 0.0807029 0.1382430 0.0446867
v 0.0861423 0.1422240 0.0400943
v 0.0943283 0.1379080 0.0378885
v 0.0914424 0.1458040 0.0351592
v 0.0690516 0.1638300 0.0335168
v 0.0778008 0.1601500 0.0315714
v 0.0876042 0.1546380 0.0305084
v 0.0973968 0.1483550 0.0297908
v 0.0621022 0.1640300 0.0372296
v 0.0624376 0.1699000 0.0311808
v 0.0640521 0.1749180 0.0241886
v 0.0669194 0.1793160 0.0163007
v 0.0377804 0.1824760 0.0269843
v 0.0479674 0.1834250 0.0214671
v 0.0587361 0.1838020 0.0148682
v 0.0701059 0.1833910 0.0078016
v 0.0274864 0.1824660 0.0298359
v 0.0293614 0.1870500 0.0226311
v 0.0307452 0.1908900 0.0155114
v 0.0320113 0.1938990 0.0084661
v 0.0000561 0.1964080 0.0087371
v 0.0107525 0.1971150 0.0060078
v 0.0217091 0.1969500 0.0038444
v 0.0329821 0.1963460 0.0012134
v -0.0103023 0.1943290 0.0129255
v -0.0106376 0.1971150 0.0060078
v -0.0108763 0.1992880 -0.0012130
v -0.0110158 0.2008350 -0.0089308
v -0.0400045 0.1946460 0.0021382
v -0.0318185 0.1977390 -0.0041922
v -0.0219053 0.2001550 -0.0108523
v -0.0110560 0.2016910 -0.0174272
v -0.0452267 0.1912120 0.0083544
v -0.0490540 0.1925730 0.0019044
v -0.0516422 0.1940900 -0.0058054
v -0.0535092 0.1954400 -0.0145303
v -0.0808322 0.1845410 -0.0034667
v -0.0731155 0.1897420 -0.0101798
v -0.0646829 0.1936300 -0.0170312
v -0.0546839 0.1963860 -0.0240075
v -0.0906755 0.1777800 0.0015774
v -0.0924083 0.1830610 -0.0078783
v -0.0964423 0.1862550 -0.0170019
v -0.1020830 0.1877410 -0.0251795
v -0.1201420 0.1752580 -0.0119072
v -0.1181890 0.1798480 -0.0179321
v -0.1145520 0.1841370 -0.0244008
v -0.1100460 0.1876830 -0.0313612
v -0.1058080 0.1900800 -0.0386057
v -0.1190470 0.1867820 -0.0360598
v -0.1273810 0.1855730 -0.0406840
v -0.1346440 0.1841850 -0.0458399
v -0.1496160 0.1743860 -0.0404369
v -0.1451260 0.1790670 -0.0459781
v -0.1409500 0.1825350 -0.0518142
v 0.0568803 0.1613300 0.0418962
v 0.0495954 0.1654120 0.0414338
v 0.0413587 0.1686270 0.0415295
v 0.0472299 0.1470370 0.0569464
v 0.0430938 0.1559560 0.0516525
v 0.0383893 0.1636020 0.0470175
v 0.0447514 0.1438500 0.0619215
v 0.0387864 0.1483710 0.0618178
v 0.1045550 0.1496040 0.0243666
v 0.1130010 0.1504680 0.0186448
v 0.1233890 0.1427950 0.0182646
v 0.1220700 0.1516510 0.0124472
v 0.0915173 0.1770920 0.0025714
v 0.1040970 0.1695150 0.0045674
v 0.1172100 0.1616220 0.0057871
v 0.1296520 0.1546080 0.0054603
v 0.0815156 0.1830900 0.0002194
v 0.0927377 0.1825560 -0.0063317
v 0.1029410 0.1815360 -0.0110037
v 0.1119770 0.1795370 -0.0132573
v 0.1095330 0.1878020 -0.0307578
v 0.1144550 0.1841770 -0.0242067
v 0.1183010 0.1798480 -0.0179402
v 0.1202540 0.1752580 -0.0119153
v 0.1052960 0.1902020 -0.0380025
v 0.1189500 0.1868220 -0.0358658
v 0.1311810 0.1822800 -0.0340612
v 0.1418000 0.1764650 -0.0323126
v 0.0731473 0.1873210 -0.0012767
v 0.0768005 0.1902900 -0.0108230
v 0.0794530 0.1923360 -0.0203958
v 0.0447514 0.1956610 -0.0030574
v 0.0561614 0.1951720 -0.0099779
v 0.0669811 0.1946720 -0.0188543
v 0.0759503 0.1941140 -0.0288045
v 0.0336553 0.1982040 -0.0064273
v 0.0333712 0.1994560 -0.0143364
v 0.0320623 0.2000670 -0.0226441
v 0.0000561 0.2021910 -0.0230773
v 0.0110503 0.2018340 -0.0268458
v 0.0214382 0.2010190 -0.0294928
v 0.0313567 0.1999610 -0.0316295
v -0.0109380 0.2018340 -0.0268458
v -0.0106564 0.2013210 -0.0378750
v -0.0107261 0.2002900 -0.0504269
v -0.0432205 0.1982280 -0.0317810
v -0.0320143 0.1991850 -0.0408116
v -0.0217095 0.1993840 -0.0512083
v -0.0132393 0.1989850 -0.0630055
v -0.0547535 0.1967000 -0.0338779
v -0.0542066 0.1965460 -0.0435384
v -0.0533266 0.1960750 -0.0530420
v -0.0919201 0.1923950 -0.0428926
v -0.0776056 0.1940020 -0.0489678
v -0.0638112 0.1949670 -0.0559175
v -0.0511809 0.1955360 -0.0631251
v -0.1021850 0.1914270 -0.0466850
v -0.0987194 0.1920810 -0.0553223
v -0.0958013 0.1921950 -0.0646691
v -0.1267830 0.1880760 -0.0606215
v -0.1160430 0.1900640 -0.0641801
v -0.1050520 0.1912620 -0.0689957
v -0.0940364 0.1919450 -0.0751189
v 0.1274450 0.1686430 -0.0077960
v 0.1344370 0.1599160 -0.0025950
v 0.1407560 0.1501920 0.0023774
v 0.1525470 0.1626240 -0.0217777
v 0.1523860 0.1553230 -0.0123511
v 0.1499450 0.1482090 -0.0031770
v 0.1510290 0.1693000 -0.0308508
v 0.1589490 0.1609550 -0.0289241
v 0.1655050 0.1523440 -0.0268909
v 0.1705360 0.1442730 -0.0250971
v 0.1748250 0.1553370 -0.0536639
v 0.1763140 0.1490890 -0.0437164
v 0.1761420 0.1429260 -0.0334659
v 0.1722230 0.1611650 -0.0623516
v 0.1795830 0.1533220 -0.0622188
v 0.1857040 0.1456660 -0.0611717
v 0.1901270 0.1387290 -0.0597207
v 0.1904990 0.1466200 -0.0925635
v 0.1926690 0.1419260 -0.0807583
v 0.1934470 0.1372540 -0.0691074
v 0.1872140 0.1511830 -0.1034700
v 0.1927790 0.1435580 -0.1065050
v 0.1969470 0.1359360 -0.1075710
v 0.1995650 0.1282100 -0.1081400
v 0.1964780 0.1294270 -0.1632510
v 0.1991330 0.1259860 -0.1438160
v 0.2005680 0.1228100 -0.1262750
v 0.1932220 0.1321040 -0.1851210
v 0.1968860 0.1234980 -0.1840100
v 0.1997210 0.1146670 -0.1822980
v 0.2016710 0.1062900 -0.1803690
v 0.1928870 0.1113180 -0.2451750
v 0.1975910 0.1069650 -0.2215380
v 0.2009010 0.1028810 -0.1994820
v 0.2029960 0.0993353 -0.1797070
v 0.1865430 0.1159080 -0.2697980
v 0.1894720 0.1088180 -0.2660210
v 0.1918400 0.1013740 -0.2612960
v 0.1939350 0.0932944 -0.2563900
v 0.1787030 0.1038080 -0.3201780
v 0.1837540 0.0979533 -0.3021070
v 0.1896360 0.0915855 -0.2795620
v 0.1960650 0.0839928 -0.2551490
v 0.2011580 0.0876098 -0.2065330
v 0.2026280 0.0910940 -0.1951290
v 0.2036200 0.0941370 -0.1802090
v 0.2038650 0.0965845 -0.1643170
v 0.2039210 0.0871155 -0.1551900
v 0.2041330 0.0906793 -0.1539470
v 0.2037570 0.0942697 -0.1524900
v 0.2029470 0.0980037 -0.1500430
v 0.2035530 0.0849070 -0.1441050
v 0.2033200 0.0871687 -0.1301320
v 0.2023600 0.0896401 -0.1163280
v 0.2034680 0.0755442 -0.1084320
v 0.2035020 0.0818427 -0.1066700
v 0.2026550 0.0873680 -0.1048950
v 0.2009600 0.0914156 -0.1032290
v 0.2037300 0.0714674 -0.0966855
v 0.2040470 0.0750179 -0.0846305
v 0.2034170 0.0792276 -0.0744811
v 0.2027140 0.0603797 -0.0640153
v 0.2030220 0.0692138 -0.0638958
v 0.2026660 0.0773460 -0.0647542
v 0.2018070 0.0837270 -0.0672922
v 0.2013190 0.0582005 -0.0541635
v 0.1998500 0.0658253 -0.0449229
v 0.1975000 0.0736945 -0.0374790
v 0.1940530 0.0552825 -0.0267661
v 0.1946110 0.0643716 -0.0271701
v 0.1947590 0.0731125 -0.0288469
v 0.1945410 0.0802721 -0.0322700
v 0.1907190 0.0546845 -0.0183308
v 0.1873640 0.0626334 -0.0103100
v 0.1829900 0.0696229 -0.0029962
v 0.1789610 0.0559043 0.0034617
v 0.1783970 0.0648870 0.0045647
v 0.1775710 0.0740505 0.0043334
v 0.1759060 0.0809552 0.0034591
v 0.1710270 0.0761368 0.0117456
v 0.1635550 0.0776225 0.0187191
v 0.1551430 0.0792224 0.0252649
v 0.1498600 0.0671700 0.0312765
v 0.1474190 0.0747654 0.0321374
v 0.1457000 0.0810109 0.0315288
v 0.1443530 0.0853774 0.0298041
v 0.1359070 0.0830626 0.0372296
v 0.1265410 0.0854172 0.0419786
v 0.1183580 0.0880271 0.0452741
v 0.1090160 0.0802322 0.0530690
v 0.1092950 0.0851621 0.0520219
v 0.1102310 0.0888350 0.0498292
v 0.1123790 0.0907724 0.0462548
v 0.1005970 0.0829563 0.0566780
v 0.0935183 0.0897439 0.0588201
v 0.0870892 0.0954126 0.0601675
v 0.0818805 0.0923112 0.0638031
v 0.0812153 0.0959759 0.0633434
v 0.0808425 0.0990243 0.0620012
v 0.0750919 0.1006770 0.0643505
v 0.0707655 0.1014430 0.0662269
v 0.0704573 0.1017860 0.0648502
v 0.0681667 0.1018310 0.0670666
v 0.0657713 0.1013390 0.0693150
v 0.0661684 0.1019740 0.0681802
v 0.1483470 0.1747430 -0.0386138
v 0.1540840 0.1728290 -0.0457043
v 0.1592470 0.1707480 -0.0532839
v 0.1370920 0.1850060 -0.0585353
v 0.1466460 0.1806530 -0.0583147
v 0.1556310 0.1751070 -0.0594150
v 0.1641310 0.1685270 -0.0610760
v 0.1268950 0.1880760 -0.0606295
v 0.1331580 0.1865980 -0.0665082
v 0.1385940 0.1850520 -0.0727749
v 0.1433530 0.1835150 -0.0793499
v 0.1214880 0.1887030 -0.0930552
v 0.1303010 0.1872710 -0.0910167
v 0.1389810 0.1851230 -0.0883512
v 0.1475640 0.1820270 -0.0862463
v 0.1126470 0.1897900 -0.0925476
v 0.1158100 0.1893140 -0.1015040
v 0.1202460 0.1886260 -0.1114910
v 0.1258300 0.1873640 -0.1231740
v 0.0988075 0.1894950 -0.1432660
v 0.1104610 0.1889400 -0.1410680
v 0.1218260 0.1874700 -0.1394070
v 0.1328840 0.1849690 -0.1367250
v 0.0869792 0.1893220 -0.1504070
v 0.0957446 0.1885330 -0.1641940
v 0.1030240 0.1872020 -0.1816660
v 0.1087720 0.1849690 -0.2013750
v 0.0835888 0.1848500 -0.2120240
v 0.0916784 0.1843420 -0.2169930
v 0.1010770 0.1836300 -0.2197630
v 0.1114540 0.1817300 -0.2224840
v 0.0779270 0.1859260 -0.2007660
v 0.0747137 0.1847110 -0.2167890
v 0.0728470 0.1830480 -0.2352990
v 0.0710310 0.1811080 -0.2548730
v 0.0386816 0.1872180 -0.2271030
v 0.0491851 0.1848520 -0.2411010
v 0.0590204 0.1823060 -0.2567990
v 0.0671955 0.1796910 -0.2730350
v 0.0291628 0.1873800 -0.2401410
v 0.0307614 0.1858170 -0.2574030
v 0.0336930 0.1843020 -0.2711450
v 0.0105165 0.1852620 -0.2898200
v 0.0215374 0.1844400 -0.2872210
v 0.0315446 0.1834440 -0.2849090
v 0.0399344 0.1826780 -0.2808930
v 0.0104360 0.1836750 -0.3093860
v 0.0215643 0.1811850 -0.3230060
v 0.0334703 0.1778870 -0.3357150
v 0.0141079 0.1759520 -0.3627110
v 0.0262393 0.1756300 -0.3578400
v 0.0366996 0.1747660 -0.3531520
v 0.0459638 0.1739160 -0.3469190
v 0.0142742 0.1717340 -0.3793500
v 0.0284843 0.1658530 -0.3911950
v 0.0414498 0.1574920 -0.4037390
v -0.0201029 0.1587620 -0.4076970
v -0.0174422 0.1661510 -0.3944750
v -0.0323763 0.1659940 -0.3909110
v -0.0467126 0.1649680 -0.3875360
v -0.0124185 0.1791760 -0.3454200
v -0.0261458 0.1756300 -0.3578370
v -0.0412408 0.1705520 -0.3705800
v -0.0111955 0.1816920 -0.3279490
v -0.0214681 0.1811850 -0.3230030
v -0.0312500 0.1802920 -0.3182990
v -0.0137221 0.1864070 -0.2714000
v -0.0214386 0.1844400 -0.2872210
v -0.0307966 0.1821020 -0.3010060
v -0.0206528 0.1870950 -0.2552630
v -0.0306624 0.1858170 -0.2574030
v -0.0392455 0.1843530 -0.2619340
v -0.0503038 0.1863640 -0.2208420
v -0.0490835 0.1848520 -0.2410980
v -0.0480374 0.1835500 -0.2583330
v -0.0456315 0.1827000 -0.2718340
v -0.0632103 0.1849480 -0.2201770
v -0.0721689 0.1818970 -0.2394900
v -0.0802367 0.1785300 -0.2586010
v -0.0952756 0.1811930 -0.2214480
v -0.0922340 0.1786360 -0.2409920
v -0.0898307 0.1764700 -0.2597310
v -0.0865397 0.1748780 -0.2775900
v -0.1047730 0.1804800 -0.2214180
v -0.1111620 0.1756120 -0.2406680
v -0.1181970 0.1844770 -0.1832520
v -0.1188650 0.1858380 -0.1631100
v -0.1301460 0.1844830 -0.1482380
v -0.1199540 0.1866090 -0.1437550
v -0.0882725 0.1863090 -0.1801270
v -0.0984698 0.1873800 -0.1599240
v -0.1094610 0.1877840 -0.1418170
v -0.1201390 0.1873130 -0.1271290
v -0.0769779 0.1871720 -0.1800820
v -0.0755321 0.1888230 -0.1597560
v -0.0748643 0.1900980 -0.1404330
v -0.0381646 0.1907120 -0.1713970
v -0.0497891 0.1908030 -0.1558680
v -0.0620516 0.1909540 -0.1388430
v -0.0742046 0.1910740 -0.1226370
v -0.0274036 0.1920730 -0.1569340
v -0.0269532 0.1930940 -0.1359970
v -0.0264837 0.1940930 -0.1175850
v 0.0000535 0.1951850 -0.1170350
v -0.0083578 0.1955150 -0.1103110
v -0.0170238 0.1954670 -0.1055350
v -0.0262638 0.1951590 -0.1008850
v 0.0084647 0.1955150 -0.1103140
v 0.0084325 0.1968140 -0.0933050
v 0.0091781 0.1980930 -0.0770377
v 0.0364394 0.1947390 -0.0950404
v 0.0271003 0.1961180 -0.0859062
v 0.0193649 0.1975740 -0.0748903
v 0.0477500 0.1943930 -0.0868045
v 0.0488766 0.1950390 -0.0742339
v 0.0512905 0.1955360 -0.0631277
v 0.0858314 0.1930540 -0.0612806
v 0.0748532 0.1939650 -0.0586231
v 0.0639208 0.1949670 -0.0559175
v 0.0534389 0.1960750 -0.0530420
v 0.0988290 0.1920810 -0.0553276
v 0.1020880 0.1914670 -0.0464856
v 0.1161530 0.1900640 -0.0641881
v 0.1133850 0.1902420 -0.0737103
v 0.1118190 0.1901200 -0.0833841
v 0.0832590 0.1923550 -0.0828739
v 0.0940144 0.1915410 -0.0861773
v 0.1037480 0.1907100 -0.0896906
v 0.0719378 0.1925750 -0.0930366
v 0.0732975 0.1918840 -0.1074090
v 0.0751376 0.1910740 -0.1237480
v 0.0372952 0.1928540 -0.1282340
v 0.0493889 0.1918440 -0.1350640
v 0.0624323 0.1909540 -0.1392150
v 0.0755612 0.1901200 -0.1428960
v 0.0270601 0.1930940 -0.1360000
v 0.0275079 0.1920730 -0.1569370
v 0.0272398 0.1910710 -0.1796560
v 0.0000535 0.1932880 -0.1546270
v 0.0083681 0.1927270 -0.1667480
v 0.0164923 0.1917510 -0.1824790
v -0.0082639 0.1927270 -0.1667480
v -0.0072366 0.1921820 -0.1850730
v -0.0050292 0.1916980 -0.2005880
v -0.0166483 0.1901410 -0.2178650
v -0.0073225 0.1908640 -0.2156410
v 0.0000508 0.1912920 -0.2110670
v 0.0086256 0.1896760 -0.2336200
v 0.0074267 0.1908640 -0.2156410
v 0.0752125 0.1888730 -0.1641860
v 0.0757007 0.1874010 -0.1841160
v 0.0656802 0.1956640 -0.0362059
v 0.0538439 0.1967050 -0.0434905
v 0.0427640 0.1972290 -0.0514075
v 0.0317700 0.1992830 -0.0411997
v 0.0323464 0.1983370 -0.0512640
v -0.0192553 0.1975740 -0.0748903
v -0.0269906 0.1961180 -0.0859035
v -0.0363327 0.1947390 -0.0950377
v -0.0487669 0.1950390 -0.0742313
v -0.0476406 0.1943930 -0.0868018
v -0.0477666 0.1935960 -0.1010790
v -0.0601984 0.1926820 -0.1048200
v -0.0729144 0.1918840 -0.1070370
v -0.0852819 0.1911220 -0.1085780
v -0.0939075 0.1915410 -0.0861720
v -0.0950207 0.1910210 -0.0978256
v -0.0967615 0.1903560 -0.1103720
v -0.1077530 0.1894100 -0.1120230
v -0.1185860 0.1880840 -0.1138830
v -0.1294540 0.1860030 -0.1168010
v -0.1320050 0.1857370 -0.0921383
v -0.1348320 0.1848390 -0.1004590
v -0.1379730 0.1837840 -0.1100610
v -0.1401850 0.1835180 -0.0879845
v -0.1498630 0.1797600 -0.0923057
v -0.1588930 0.1754520 -0.0976609
v -0.1607330 0.1741260 -0.0784356
v -0.1634580 0.1727020 -0.0864537
v -0.1655080 0.1716040 -0.0955959
v -0.1662720 0.1711650 -0.1055110
v -0.1651480 0.1704830 -0.0747468
v -0.1734310 0.1639870 -0.0800142
v -0.1557520 0.1750540 -0.0599678
v -0.1465340 0.1806530 -0.0583068
v -0.1369800 0.1850060 -0.0585274
v -0.1401000 0.1842620 -0.0718952
v -0.1335310 0.1863860 -0.0662956
v -0.1774350 0.1622890 -0.1167880
v -0.1713040 0.1673840 -0.1167450
v -0.1640490 0.1722210 -0.1149410
v -0.1622110 0.1692330 -0.1575850
v -0.1609370 0.1722290 -0.1383120
v -0.1586010 0.1747930 -0.1225070
v -0.1619780 0.1661400 -0.1787050
v -0.1512950 0.1742860 -0.1663790
v -0.1405690 0.1804270 -0.1560730
v -0.1609100 0.1625310 -0.2006410
v -0.1491790 0.1682210 -0.2079600
v -0.1372000 0.1728640 -0.2152530
v -0.1511690 0.1511940 -0.2678870
v -0.1436350 0.1602900 -0.2505010
v -0.1342310 0.1692490 -0.2348770
v -0.1412420 0.1503880 -0.2903840
v -0.1286360 0.1556560 -0.2944230
v -0.1171750 0.1603170 -0.2974320
v -0.1113390 0.1500370 -0.3458110
v -0.1101910 0.1543110 -0.3322970
v -0.1090750 0.1592650 -0.3161920
v -0.1073130 0.1645030 -0.2985190
v -0.1065080 0.1502070 -0.3540580
v -0.1006340 0.1536840 -0.3543260
v -0.0985798 0.1679760 -0.2979550
v -0.0899301 0.1710860 -0.2964670
v -0.0806390 0.1739770 -0.2945510
v -0.0771897 0.1660790 -0.3459920
v -0.0746418 0.1699320 -0.3286140
v -0.0727695 0.1734800 -0.3105980
v -0.0703261 0.1766140 -0.2924620
v -0.0811995 0.1625150 -0.3615390
v -0.0701627 0.1661800 -0.3591150
v -0.0582618 0.1699910 -0.3544880
v -0.0593079 0.1789740 -0.2894930
v -0.0488233 0.1809750 -0.2859400
v -0.0866362 0.1595700 -0.3739950
v -0.0829993 0.1590630 -0.3850750
v -0.0807650 0.1567080 -0.3953390
v -0.1070050 0.1537550 -0.3919260
v -0.1002800 0.1542420 -0.3949980
v -0.0920865 0.1533700 -0.3988870
v -0.1119590 0.1520490 -0.3942440
v -0.1124980 0.1491980 -0.3990110
v 0.0489223 0.1809750 -0.2859430
v 0.0598063 0.1790430 -0.2890710
v 0.0716319 0.1768260 -0.2911810
v 0.0547292 0.1734830 -0.3373520
v 0.0639288 0.1733290 -0.3250680
v 0.0732680 0.1735520 -0.3101720
v 0.0825000 0.1742620 -0.2932750
v 0.0583552 0.1699910 -0.3544910
v 0.0702561 0.1661800 -0.3591180
v 0.0812958 0.1625150 -0.3615420
v 0.0799734 0.1562910 -0.3961920
v 0.0827977 0.1589220 -0.3853620
v 0.0867299 0.1595700 -0.3740010
v 0.0907878 0.1589030 -0.3635190
v 0.0918849 0.1532340 -0.3991760
v 0.1003710 0.1542420 -0.3950040
v 0.1223780 0.1770120 -0.2279270
v 0.1117860 0.1774110 -0.2437900
v 0.1109090 0.1729300 -0.2638390
v 0.1093380 0.1686490 -0.2826660
v 0.0920940 0.1713700 -0.2960680
v 0.1005860 0.1680000 -0.2986990
v 0.1086940 0.1640080 -0.3006790
v 0.1688840 0.1662410 -0.0690090
v 0.1732930 0.1638920 -0.0773832
v 0.1771910 0.1614250 -0.0867753
v 0.1560070 0.1778440 -0.0856351
v 0.1644910 0.1724150 -0.0878888
v 0.1727460 0.1659380 -0.0923509
v 0.1804470 0.1587310 -0.0980064
v 0.1518930 0.1801700 -0.0938312
v 0.1565170 0.1776420 -0.1025240
v 0.1617630 0.1739960 -0.1127240
v 0.1436690 0.1814480 -0.1329200
v 0.1532610 0.1774690 -0.1289200
v 0.1614730 0.1731610 -0.1259030
v 0.1683740 0.1686060 -0.1241150
v 0.1415180 0.1806900 -0.1510340
v 0.1509330 0.1747900 -0.1649890
v 0.1603790 0.1676950 -0.1772270
v 0.1349900 0.1739210 -0.2160420
v 0.1485210 0.1689410 -0.2065060
v 0.1604890 0.1639210 -0.1966070
v 0.1694950 0.1600990 -0.1851370
v 0.1336030 0.1692890 -0.2382810
v 0.1438730 0.1603570 -0.2506310
v 0.1516380 0.1517460 -0.2647320
v 0.1180010 0.1597510 -0.2995820
v 0.1289760 0.1554640 -0.2951460
v 0.1414640 0.1505720 -0.2893390
v 0.1094130 0.1590790 -0.3169150
v 0.1102870 0.1543110 -0.3323020
v 0.1114350 0.1500370 -0.3458160
v 0.0953770 0.1568620 -0.3566700
v 0.1007310 0.1536840 -0.3543310
v 0.1066040 0.1502070 -0.3540630
v 0.1831100 0.1557220 -0.1115760
v 0.1852610 0.1522510 -0.1280670
v 0.1866750 0.1486710 -0.1471860
v 0.1753190 0.1619360 -0.1367570
v 0.1815890 0.1543400 -0.1513370
v 0.1864760 0.1464840 -0.1677400
v 0.1772440 0.1531230 -0.1883390
v 0.1836520 0.1463860 -0.1886130
v 0.1889600 0.1395740 -0.1868670
v 0.1753350 0.1382590 -0.2542960
v 0.1835740 0.1357950 -0.2313420
v 0.1893540 0.1337990 -0.2083000
v 0.1725020 0.1348680 -0.2767770
v 0.1783280 0.1290870 -0.2749990
v 0.1828500 0.1227970 -0.2727480
v 0.1633160 0.1298370 -0.3285050
v 0.1711690 0.1253640 -0.3130530
v 0.1790410 0.1206520 -0.2930550
v 0.1609640 0.1294220 -0.3388640
v 0.1664670 0.1234720 -0.3372830
v 0.1711670 0.1167000 -0.3349970
v 0.1654350 0.1311680 -0.3542540
v 0.1683960 0.1237850 -0.3480060
v 0.1713030 0.1164820 -0.3412910
v 0.1746530 0.1097320 -0.3326430
v -0.0086152 0.0072512 0.3977570
v -0.0109299 0.0113731 0.3951480
v -0.0120565 0.0156786 0.3916130
v -0.0409968 0.0127898 0.3851470
v -0.0308878 0.0143497 0.3878420
v -0.0209907 0.0171057 0.3884110
v -0.0115388 0.0205314 0.3867710
v -0.0510684 0.0135791 0.3805310
v -0.0478014 0.0177568 0.3795180
v -0.0436577 0.0217964 0.3776130
v -0.0377165 0.0251982 0.3756490
v -0.0610111 0.0162764 0.3747320
v -0.0652407 0.0224901 0.3693930
v -0.0666597 0.0287328 0.3639130
v -0.0829217 0.0279382 0.3571380
v -0.0785443 0.0304868 0.3578210
v -0.0721689 0.0328627 0.3582810
v -0.0637280 0.0346407 0.3589880
v -0.0886076 0.0321452 0.3510440
v -0.0893185 0.0398017 0.3454770
v -0.0860972 0.0470625 0.3404860
v -0.1012380 0.0470279 0.3313200
v -0.0966326 0.0495393 0.3333260
v -0.0890823 0.0517318 0.3349360
v -0.0777316 0.0532627 0.3365260
v -0.1038880 0.0451595 0.3281460
v -0.1015190 0.0523431 0.3246090
v -0.0959299 0.0597765 0.3198600
v -0.0107771 0.0258520 0.3803290
v -0.0110828 0.0316083 0.3723370
v -0.0138481 0.0372504 0.3638010
v -0.0353510 0.0301095 0.3703020
v -0.0301367 0.0356480 0.3639630
v -0.0238660 0.0413750 0.3570080
v -0.0548715 0.0396025 0.3553260
v -0.0402325 0.0436580 0.3525300
v -0.0209880 0.0468497 0.3502950
v -0.0617058 0.0538952 0.3384530
v -0.0424559 0.0536028 0.3407730
v -0.0213957 0.0521597 0.3438340
v 0.0000669 0.0496483 0.3474750
v -0.0635322 0.0583946 0.3333310
v -0.0448966 0.0626627 0.3304980
v -0.0232276 0.0661521 0.3277880
v -0.0430326 0.0726208 0.3178850
v -0.0226724 0.0709917 0.3219170
v 0.0000642 0.0688683 0.3251220
v 0.0215267 0.0521597 0.3438340
v 0.0425897 0.0536028 0.3407700
v 0.0618367 0.0538979 0.3384500
v 0.0233586 0.0661521 0.3277880
v 0.0450278 0.0626627 0.3304980
v 0.0636633 0.0583946 0.3333290
v 0.0778654 0.0532627 0.3365230
v 0.0228007 0.0709917 0.3219170
v 0.0431637 0.0726208 0.3178830
v 0.0596963 0.0737955 0.3129820
v 0.0153042 0.0900176 0.2910510
v 0.0335320 0.0858717 0.2961380
v 0.0529294 0.0807478 0.3013890
v 0.0125523 0.0974271 0.2756930
v 0.0226613 0.1009700 0.2641960
v 0.0308983 0.1037970 0.2516600
v 0.0086042 0.1174420 0.2173980
v 0.0175330 0.1144780 0.2240920
v 0.0272236 0.1106060 0.2310050
v 0.0080516 0.1230280 0.1950710
v 0.0154007 0.1257170 0.1794390
v 0.0220900 0.1276260 0.1639900
v 0.0066730 0.1373980 0.1319290
v 0.0136359 0.1353350 0.1374860
v 0.0208589 0.1324630 0.1431970
v 0.0064182 0.1415700 0.1138040
v 0.0126086 0.1437550 0.1021870
v 0.0187105 0.1452700 0.0916443
v 0.0066140 0.1524050 0.0748881
v 0.0128607 0.1510660 0.0770752
v 0.0188848 0.1489930 0.0795549
v 0.0069305 0.1555710 0.0675531
v 0.0140838 0.1576780 0.0624264
v 0.0214382 0.1594050 0.0576108
v 0.0084378 0.1663840 0.0521706
v 0.0160498 0.1650690 0.0525480
v 0.0228544 0.1632320 0.0527368
v 0.0083037 0.1708730 0.0470335
v 0.0162643 0.1743280 0.0421647
v 0.0233157 0.1780830 0.0364668
v 0.0000588 0.1818650 0.0337001
v 0.0077003 0.1829040 0.0320817
v 0.0170341 0.1829600 0.0310612
v -0.0051579 0.1791970 0.0371285
v -0.0075853 0.1829040 0.0320817
v -0.0089613 0.1869520 0.0261313
v -0.0098678 0.1909140 0.0196254
v -0.0376655 0.1824760 0.0269870
v -0.0292464 0.1870500 0.0226311
v -0.0201217 0.1911560 0.0177066
v -0.0460554 0.1785350 0.0290680
v -0.0470102 0.1835370 0.0217143
v -0.0471229 0.1876770 0.0147886
v -0.0073278 0.1753030 0.0418829
v -0.0161467 0.1743280 0.0421647
v -0.0077275 0.1623550 0.0569943
v -0.0072232 0.1588160 0.0618789
v -0.0137596 0.1578480 0.0623627
v -0.0206956 0.1599130 0.0574195
v -0.0196711 0.1566100 0.0625938
v -0.0062710 0.1490780 0.0848780
v -0.0128584 0.1512700 0.0767164
v -0.0194565 0.1532800 0.0690598
v -0.0257274 0.1550820 0.0625114
v -0.0062040 0.1454640 0.0979668
v -0.0126546 0.1438450 0.1017350
v -0.0193814 0.1415380 0.1052350
v -0.0069657 0.1329410 0.1517490
v -0.0135155 0.1353350 0.1374860
v -0.0198374 0.1370890 0.1235010
v -0.0074244 0.1281710 0.1729250
v -0.0152777 0.1257170 0.1794390
v -0.0233349 0.1224220 0.1861550
v -0.0090766 0.1113370 0.2387070
v -0.0174073 0.1144780 0.2240950
v -0.0248423 0.1167850 0.2088960
v -0.0103908 0.1046290 0.2581820
v -0.0225329 0.1009700 0.2641960
v -0.0366009 0.0963002 0.2704280
v -0.0334037 0.0858717 0.2961410
v -0.0445828 0.0884123 0.2871130
v -0.0320571 0.1486470 0.0699130
v -0.0319553 0.1529240 0.0624211
v -0.0309335 0.1570800 0.0570421
v -0.0480132 0.1523120 0.0527740
v -0.0415656 0.1570160 0.0519181
v -0.0347286 0.1599100 0.0520989
v -0.0277765 0.1608620 0.0536909
v -0.0516773 0.1562990 0.0478202
v -0.0492336 0.1651380 0.0416863
v -0.0465864 0.1726060 0.0357412
v -0.0685694 0.1624350 0.0346410
v -0.0621994 0.1694350 0.0315554
v -0.0546328 0.1746230 0.0298971
v -0.0775626 0.1596850 0.0319515
v -0.0814759 0.1642480 0.0246776
v -0.0862822 0.1678650 0.0170474
v -0.1044140 0.1493070 0.0244914
v -0.0999881 0.1592670 0.0179378
v -0.0939263 0.1694490 0.0103449
v -0.0225303 0.1634050 0.0526756
v -0.0159322 0.1650690 0.0525480
v -0.1037350 0.1697090 0.0043945
v -0.1122750 0.1702960 -0.0009872
v -0.1182320 0.1717820 -0.0060738
v -0.1343220 0.1599160 -0.0025871
v -0.1273320 0.1686430 -0.0077880
v -0.0914077 0.1361110 0.0393476
v -0.0851129 0.1409800 0.0408837
v -0.0801054 0.1363560 0.0456277
v -0.0762590 0.1311630 0.0494891
v -0.0664558 0.1411930 0.0497071
v -0.0694385 0.1352400 0.0513043
v -0.0719730 0.1293080 0.0523408
v -0.0634251 0.1434940 0.0499728
v -0.0638218 0.1320130 0.0557426
v -0.0636690 0.1207210 0.0612624
v -0.0635322 0.1111990 0.0655837
v -0.0607106 0.1086000 0.0691449
v -0.0617648 0.1074520 0.0688924
v -0.0626578 0.1064920 0.0685762
v -0.0594607 0.1119960 0.0684778
v -0.0600347 0.1061680 0.0709680
v -0.0609761 0.1024100 0.0721454
v -0.0624138 0.0996781 0.0723420
v -0.0601339 0.1418920 0.0526650
v -0.0595975 0.1304720 0.0591150
v -0.0593857 0.1202980 0.0644541
v -0.0527178 0.1319920 0.0645818
v -0.0559122 0.1249330 0.0652886
v -0.0580580 0.1178990 0.0668727
v -0.0511274 0.1288480 0.0704790
v -0.0529700 0.1205000 0.0769291
v -0.0542762 0.1128760 0.0863689
v -0.0492097 0.1201710 0.0970181
v -0.0523101 0.1136810 0.0989157
v -0.0550031 0.1066540 0.1014160
v 0.1770300 0.1030770 -0.3302510
v 0.1785050 0.0966750 -0.3284620
v 0.1793120 0.0907831 -0.3274550
v 0.1852880 0.1021790 -0.3481760
v 0.1810580 0.0970099 -0.3405120
v 0.1793100 0.0916440 -0.3337830
v 0.1930880 0.1061470 -0.3581430
v 0.1936940 0.1004590 -0.3562210
v 0.1942170 0.0961806 -0.3553040
v 0.1785070 0.0813431 -0.3299720
v 0.1792850 0.0856778 -0.3334720
v 0.1936590 0.1135080 -0.3627640
v 0.2033580 0.1092140 -0.3697460
v 0.2139120 0.1071540 -0.3803840
v 0.2244340 0.1075630 -0.3940470
v 0.2315470 0.1208960 -0.4082650
v 0.2326120 0.1165460 -0.4079440
v 0.2333040 0.1132370 -0.4086210
v 0.2286450 0.1263150 -0.4082410
v 0.2381400 0.1275090 -0.4224860
v 0.2461590 0.1303340 -0.4383420
v 0.2524360 0.1346920 -0.4551510
v 0.2536990 0.1475440 -0.4690880
v 0.2552840 0.1443080 -0.4694600
v 0.2562010 0.1418120 -0.4703630
v 0.2567140 0.1529930 -0.4836280
v 0.2598870 0.1551210 -0.4964290
v 0.2613830 0.1572500 -0.5067700
v 0.2580920 0.1630700 -0.5134380
v 0.2607050 0.1614170 -0.5151260
v 0.2616890 0.1600590 -0.5153040
v 0.2491740 0.1609970 -0.4829530
v 0.2414600 0.1622150 -0.4700950
v 0.2329770 0.1669000 -0.4691250
v 0.2316140 0.1637270 -0.4577370
v 0.2551820 0.1596550 -0.5310710
v 0.2559680 0.1569840 -0.5318500
v 0.2530390 0.1553900 -0.5319910
v 0.2493640 0.1498960 -0.5314300
v 0.2440380 0.1428060 -0.5293040
v 0.2376600 0.1436800 -0.5269570
v 0.2371660 0.1391890 -0.5265930
v 0.2369920 0.1337140 -0.5257590
v 0.2362170 0.1262970 -0.5240420
v 0.2288190 0.1230440 -0.5208690
v 0.2199360 0.1121560 -0.5144210
v 0.2106240 0.1020250 -0.5062360
v 0.1987040 0.1124270 -0.5002110
v 0.1994090 0.1024950 -0.4987410
v 0.2010350 0.0932200 -0.4961610
v 0.2016010 0.0844924 -0.4911700
v 0.1915560 0.0857681 -0.4848530
v 0.1820290 0.0796184 -0.4732710
v 0.1721290 0.0748372 -0.4619970
v 0.1587160 0.0920454 -0.4581860
v 0.1606390 0.0807531 -0.4557700
v 0.1613600 0.0715631 -0.4512660
v 0.1583300 0.0647277 -0.4441800
v 0.1497740 0.0697028 -0.4412300
v 0.1390240 0.0686848 -0.4326650
v 0.1303420 0.0681002 -0.4261720
v 0.1261820 0.0862650 -0.4299890
v 0.1258010 0.0759693 -0.4270410
v 0.1245400 0.0677148 -0.4222020
v 0.1207310 0.0676908 -0.4205490
v 0.1170490 0.0683181 -0.4208280
v 0.1122880 0.0693918 -0.4228240
v 0.1048240 0.1018570 -0.4296430
v 0.1056680 0.0903976 -0.4300340
v 0.1060760 0.0795812 -0.4283910
v 0.1062830 0.0697028 -0.4259310
v 0.1363630 0.0698781 -0.4092590
v 0.1447880 0.0638320 -0.4213090
v 0.1462170 0.0707153 -0.4174290
v 0.1583300 0.0718129 -0.4279320
v 0.1702950 0.0671993 -0.4433880
v 0.1713360 0.0735909 -0.4401200
v 0.1611380 0.0871766 -0.4202300
v 0.1723120 0.0810746 -0.4364280
v 0.1838930 0.0765089 -0.4532830
v 0.1942600 0.0753210 -0.4692710
v 0.1948870 0.0811251 -0.4665630
v 0.2047500 0.0874291 -0.4793590
v 0.2131910 0.0900549 -0.4935720
v 0.2138530 0.0953966 -0.4911380
v 0.2064690 0.1006850 -0.4732570
v 0.2146920 0.1017510 -0.4882860
v 0.2224840 0.1049930 -0.5014150
v 0.2307720 0.1158360 -0.5098880
v 0.2381690 0.1264860 -0.5166250
v 0.2438150 0.1330210 -0.5231620
v 0.2443540 0.1359310 -0.5218180
v 0.2395830 0.1339560 -0.5134430
v 0.2451890 0.1392130 -0.5208820
v 0.2494880 0.1439300 -0.5260670
v 0.2519100 0.1466970 -0.5291900
v 0.2533320 0.1500050 -0.5291660
v 0.2559220 0.1545900 -0.5305820
v 0.2568480 0.1567190 -0.5314330
v 0.1029840 -0.1987280 -0.0464644
v 0.1155520 -0.2098610 -0.0627184
v 0.1268200 -0.2181500 -0.0794295
v 0.1446750 -0.1911030 -0.0499565
v 0.1392360 -0.2046390 -0.0639117
v 0.1365590 -0.2153570 -0.0795624
v 0.1364250 -0.2229570 -0.0971080
v 0.1582140 -0.1853840 -0.0514873
v 0.1637610 -0.1930540 -0.0657083
v 0.1689400 -0.1980180 -0.0809550
v -0.0549573 0.0930340 -0.4457880
v -0.0580875 0.0746805 -0.4466280
v -0.0406614 0.0597817 -0.4501040
v -0.0209531 0.0443596 -0.4520870
v -0.0419786 0.0144773 -0.4471330
v -0.0212804 0.0205580 -0.4508640
v 0.0000454 0.0302237 -0.4524750
v 0.0585189 0.0740612 -0.4467160
v 0.0603134 0.0551415 -0.4454930
v 0.0782489 0.0506423 -0.4385840
v 0.0623571 0.0340799 -0.4428250
v 0.0213712 0.0205580 -0.4508640
v 0.0425950 0.0143046 -0.4466840
v 0.0630412 0.0096750 -0.4392740
v 0.0810864 0.0033552 -0.4278490
v 0.0637197 -0.0175630 -0.4344720
v 0.0664769 -0.0457710 -0.4286650
v 0.0724499 -0.0743830 -0.4213510
v 0.0466181 -0.1022460 -0.4298800
v 0.0663831 -0.1027050 -0.4214290
v 0.1261010 -0.3109510 -0.1213850
v 0.1363330 -0.3154510 -0.1410090
v 0.1439450 -0.3201390 -0.1594610
v 0.1489580 -0.3294750 -0.1770100
v 0.1501060 -0.2572490 -0.2035640
v 0.1502160 -0.2872930 -0.1990250
v 0.1509780 -0.3179140 -0.1961200
v 0.1507790 -0.2306670 -0.2132540
v 0.1515250 -0.2483940 -0.2292050
v 0.1512650 -0.2715180 -0.2449840
v 0.1499400 -0.2990320 -0.2583170
v 0.1462980 -0.2239380 -0.2982340
v 0.1461180 -0.2630640 -0.2886220
v 0.1467540 -0.2995950 -0.2786690
v 0.1417670 -0.2198960 -0.3170500
v 0.1352740 -0.2545170 -0.3274340
v 0.1269540 -0.2850900 -0.3392490
v 0.1204950 -0.1837570 -0.3660200
v 0.1199590 -0.2197550 -0.3615820
v 0.1187440 -0.2591760 -0.3569490
v 0.1164400 -0.3017770 -0.3532680
v 0.1097880 -0.1567590 -0.3816230
v 0.0960932 -0.1628580 -0.3941400
v 0.0935988 -0.2723070 -0.3822370
v 0.1039920 -0.3067470 -0.3679460
v 0.0426380 -0.3143290 -0.0410136
v 0.0391752 -0.2791580 -0.0387334
v 0.0360184 -0.2475140 -0.0351191
v 0.0000561 -0.2904880 -0.0325863
v 0.0114580 -0.2663750 -0.0317597
v 0.0218486 -0.2432380 -0.0313106
v -0.0119438 -0.2663350 -0.0318448
v -0.0118204 -0.2383850 -0.0296868
v -0.0120886 -0.2206350 -0.0277760
v -0.0413562 -0.2084950 -0.0297746
v -0.0313358 -0.2103740 -0.0283660
v -0.0211892 -0.2107910 -0.0271355
v -0.0450282 -0.1989990 -0.0268776
v -0.0418122 -0.1956100 -0.0223358
v -0.0393366 -0.2740610 -0.0380158
v -0.0432848 -0.3083200 -0.0408913
v 0.0412967 -0.1969980 0.4044150
v 0.0432496 -0.2001870 0.4033170
v 0.0458886 -0.2025740 0.4010080
v 0.0694755 -0.1856340 0.3796620
v 0.0614612 -0.1925460 0.3881020
v 0.0548230 -0.1988020 0.3939090
v 0.0792519 -0.1834920 0.3692040
v 0.0801666 -0.1866890 0.3677480
v 0.0969272 -0.1722550 0.3463480
v 0.0978715 -0.1678680 0.3444720
v 0.0994806 -0.1629560 0.3408180
v -0.0068933 -0.2230370 0.3124980
v -0.0077543 -0.2218040 0.3083660
v -0.0162460 -0.2199140 0.3095930
v -0.0252607 -0.2169430 0.3118070
v -0.0092456 -0.2170710 0.2960870
v -0.0189040 -0.2165710 0.3010010
v -0.0274868 -0.2150220 0.3066730
v -0.0102782 -0.2154200 0.2920290
v -0.0208110 -0.2130740 0.2925950
v -0.0308314 -0.2090660 0.2925470
v -0.0136872 -0.2099780 0.2797860
v -0.0218195 -0.2091110 0.2839870
v -0.0309415 -0.2068890 0.2878570
v -0.0401384 -0.2034770 0.2913010
v -0.0178499 -0.2068870 0.2759580
v -0.0269074 -0.2031720 0.2764000
v -0.0349887 -0.1992330 0.2773460
v -0.0376121 -0.1934370 0.2723070
v -0.0408788 -0.1945950 0.2762910
v -0.0415924 -0.1965570 0.2798250
v -0.0109648 -0.2039240 0.2681270
v -0.0047717 -0.2046970 0.2675360
v -0.0455270 -0.1961710 0.2837830
v -0.0478524 -0.1971710 0.2887210
v -0.0488849 -0.1991270 0.2942880
v -0.0689476 -0.1803270 0.2862970
v -0.0641142 -0.1869200 0.2921590
v -0.0569931 -0.1943610 0.2968500
v -0.0484587 -0.2017310 0.3000710
v -0.0769404 -0.1757020 0.2860710
v -0.0800302 -0.1779130 0.2939910
v -0.0804110 -0.1814670 0.3036400
v -0.1019430 -0.1637850 0.2831660
v -0.0959836 -0.1710700 0.2944400
v -0.0884817 -0.1783280 0.3050970
v -0.1083110 -0.1564800 0.2728680
v -0.1083430 -0.1621060 0.2864880
v -0.1074280 -0.1672990 0.2988300
v -0.1051560 -0.1721970 0.3102420
v -0.1129960 -0.1644310 0.3049560
v -0.1075090 -0.1713010 0.3139090
v -0.1012920 -0.1773260 0.3216220
v -0.0967347 -0.1821600 0.3378280
v -0.0955597 -0.1827080 0.3330420
v -0.0944600 -0.1821340 0.3265250
v -0.0716485 -0.1961230 0.3501810
v -0.0799254 -0.1909440 0.3389470
v -0.0875669 -0.1854560 0.3278090
v -0.0632024 -0.2006020 0.3598730
v -0.0646454 -0.1979760 0.3469460
v -0.0647230 -0.1958820 0.3344340
v -0.0544907 -0.2045430 0.3680110
v -0.0494885 -0.2050850 0.3626950
v -0.0446928 -0.2057260 0.3571380
v -0.0301662 -0.2132380 0.3810840
v -0.0346805 -0.2105170 0.3720080
v -0.0379741 -0.2083140 0.3615210
v -0.0222272 -0.2152980 0.3795080
v -0.0200814 -0.2148940 0.3711310
v -0.0181396 -0.2154040 0.3629270
v -0.0090122 -0.2198320 0.3863670
v -0.0093904 -0.2210730 0.3948770
v -0.0094038 -0.2221260 0.4023290
v -0.0344336 -0.2141340 0.3943740
v -0.0265079 -0.2172890 0.4008140
v -0.0179679 -0.2202170 0.4053240
v -0.0092187 -0.2224900 0.4080980
v -0.0431910 -0.2108090 0.3907280
v -0.0445158 -0.2098740 0.3947200
v -0.0457925 -0.2079840 0.3972900
v -0.0712140 -0.1981270 0.3695810
v -0.0631032 -0.2014680 0.3808820
v -0.0554187 -0.2036230 0.3903000
v -0.0487483 -0.2044180 0.3973300
v -0.0806874 -0.1925300 0.3619730
v -0.0814329 -0.1906460 0.3646330
v -0.0820497 -0.1879990 0.3659030
v -0.0179545 -0.2187080 0.4128610
v -0.0089881 -0.2221470 0.4123560
v 0.2041760 -0.0084288 -0.0292030
v 0.2090280 -0.0097309 -0.0425285
v 0.2103470 -0.0194739 -0.0444605
v 0.2109800 -0.0308484 -0.0455794
v 0.2167820 -0.0137095 -0.0905357
v 0.2162860 -0.0231546 -0.0771679
v 0.2146790 -0.0328178 -0.0625244
v 0.2116160 -0.0425526 -0.0474557
v 0.2173910 -0.0061113 -0.1032710
v 0.2190510 -0.0202951 -0.1060590
v 0.2199410 -0.0354408 -0.1081740
v 0.2201160 -0.0509907 -0.1095190
v 0.2220170 -0.0470387 -0.1454450
v 0.2213900 -0.0529334 -0.1343200
v 0.2206090 -0.0594472 -0.1228180
v 0.2213900 -0.0574088 -0.1544810
v 0.2197670 -0.0721958 -0.1548740
v 0.2175200 -0.0868340 -0.1574550
v 0.2149450 -0.0743192 -0.1883820
v 0.2150090 -0.0846521 -0.1794390
v 0.2149340 -0.0936030 -0.1707320
v 0.2146950 -0.1015600 -0.1618160
v 0.2116400 -0.0702743 -0.2057680
v 0.2078800 -0.0796159 -0.2147530
v 0.2040150 -0.0895342 -0.2231170
v 0.1989910 -0.0336868 -0.2633450
v 0.1995360 -0.0555165 -0.2544850
v 0.2000560 -0.0781222 -0.2427190
v 0.2002010 -0.0993460 -0.2299410
v 0.1944530 -0.0136589 -0.2794560
v 0.1898690 -0.0163964 -0.2892620
v 0.1852100 -0.0214990 -0.2965840
v 0.1916880 -0.0947006 -0.2544070
v 0.1960510 -0.1084750 -0.2356050
v 0.2000560 -0.1176390 -0.2171000
v 0.1904140 -0.1518450 -0.2128240
v 0.1954450 -0.1429150 -0.2089730
v 0.1999510 -0.1327900 -0.2045160
v 0.1901590 -0.1650130 -0.1989770
v 0.1951130 -0.1664240 -0.1818070
v 0.1995950 -0.1641180 -0.1646940
v 0.1863980 -0.1915260 -0.1523790
v 0.1931230 -0.1816950 -0.1511240
v 0.1987930 -0.1707670 -0.1495910
v 0.2034920 -0.1587150 -0.1477810
v 0.2018640 -0.1620210 -0.1034600
v 0.2049020 -0.1565300 -0.1170510
v 0.2065870 -0.1512870 -0.1315270
v 0.2074430 -0.1453950 -0.1457510
v 0.2148000 -0.1133700 -0.1153390
v 0.2132980 -0.1221300 -0.1288140
v 0.2109430 -0.1308840 -0.1434410
v 0.2077990 -0.1384950 -0.1589540
v 0.2170630 -0.0978977 -0.1146190
v 0.2180510 -0.0908550 -0.1256300
v 0.2114850 -0.1161870 -0.1665440
v 0.2079330 -0.1303660 -0.1710620
v 0.2181340 -0.0003178 -0.1155810
v 0.2204400 -0.0075730 -0.1301240
v 0.2219480 -0.0146848 -0.1445360
v 0.2187640 0.0160666 -0.1506590
v 0.2207860 0.0053297 -0.1531950
v 0.2220550 -0.0065259 -0.1559850
v 0.2227390 -0.0189610 -0.1590650
v 0.2157200 0.0258759 -0.1484670
v 0.2184340 0.0209433 -0.1633230
v 0.2200110 0.0169543 -0.1773840
v 0.2206520 0.0139537 -0.1896040
v 0.2148370 0.0395971 -0.2000480
v 0.2176110 0.0297401 -0.2010290
v 0.2195260 0.0200849 -0.2008250
v 0.2208130 0.0103473 -0.1985810
v 0.2117310 0.0498954 -0.2113890
v 0.2107740 0.0503817 -0.2252640
v 0.2080330 0.0515511 -0.2410080
v 0.1984650 0.0737822 -0.2577450
v 0.2009040 0.0638347 -0.2596880
v 0.2031240 0.0543630 -0.2597730
v 0.1892820 0.0707471 -0.2987500
v 0.1968880 0.0591253 -0.2790810
v 0.2049160 0.0448088 -0.2579230
v 0.1933210 0.0520960 -0.2878990
v 0.1996460 0.0427730 -0.2716160
v 0.2063030 0.0347682 -0.2539720
v 0.1921840 0.0499699 -0.2899290
v 0.1993160 0.0303114 -0.2691040
v 0.2068180 0.0073814 -0.2459540
v 0.1957160 0.0192770 -0.2786180
v 0.2041840 0.0024914 -0.2534510
v 0.2121070 -0.0139354 -0.2272760
v 0.2107440 -0.0371975 -0.2251760
v 0.2144560 -0.0318318 -0.2142800
v 0.2178150 -0.0270879 -0.2037900
v 0.2207170 -0.0481842 -0.1776070
v 0.2208960 -0.0354993 -0.1851390
v 0.2203170 -0.0220518 -0.1951030
v 0.2229160 -0.0193809 -0.1732120
v 0.2220150 -0.0164016 -0.1881180
v 0.2195070 -0.0091198 -0.2049410
v 0.2203330 0.0063264 -0.2052680
v 0.2185250 0.0036741 -0.2130710
v 0.2114420 0.0349516 -0.1466330
v 0.2109510 0.0391108 -0.1598710
v 0.2101570 0.0440353 -0.1730760
v 0.1977040 0.0572970 -0.1427870
v 0.2013090 0.0558618 -0.1573460
v 0.2052480 0.0533397 -0.1717850
v 0.1951150 0.0613338 -0.1420720
v 0.1950830 0.0658997 -0.1552250
v 0.1952090 0.0701545 -0.1675830
v 0.1945230 0.0663062 -0.1400580
v 0.1938820 0.0695884 -0.1543050
v 0.1943210 0.0723657 -0.1678540
v 0.1958990 0.0737263 -0.1797280
v 0.1969980 0.0796448 -0.1845620
v 0.1966600 0.0789619 -0.1892690
v 0.1972670 0.0766418 -0.1905630
v 0.1985830 0.0725384 -0.1883040
v 0.2037520 0.0697028 -0.2052280
v 0.2021860 0.0677016 -0.1932180
v 0.1829730 -0.1966310 -0.1343520
v 0.1872890 -0.1901170 -0.1169070
v 0.1917410 -0.1811130 -0.1024760
v 0.1797410 -0.1889770 -0.0831024
v 0.1892500 -0.1792240 -0.0868842
v 0.1967570 -0.1696990 -0.0930366
v 0.2017000 -0.1569420 -0.0891060
v 0.2061020 -0.1432230 -0.0883592
v 0.2098700 -0.1288960 -0.0894328
v 0.1968350 -0.1391730 -0.0516334
v 0.2040040 -0.1316040 -0.0645070
v 0.2092850 -0.1232360 -0.0781194
v 0.1946000 -0.1305810 -0.0408329
v 0.2005760 -0.1170700 -0.0441549
v 0.2054500 -0.1051820 -0.0496615
v 0.1929780 -0.0935791 -0.0163721
v 0.1994550 -0.0962286 -0.0295327
v 0.2052730 -0.0961543 -0.0437217
v 0.2097250 -0.0945916 -0.0576104
v 0.1980420 -0.0797567 -0.0192397
v 0.2049970 -0.0739604 -0.0309970
v 0.2094940 -0.0705932 -0.0421112
v 0.2123960 -0.0536801 -0.0501452
v 0.2127080 -0.0632848 -0.0520534
v 0.2120880 -0.0714597 -0.0521092
v 0.2130320 -0.0768678 -0.0595505
v 0.2132820 -0.0846042 -0.0658810
v 0.2129490 -0.0940415 -0.0705265
v 0.2169990 -0.0857948 -0.0911497
v 0.2146360 -0.0961701 -0.0815317
v 0.0983650 0.1550680 -0.3661210
v 0.1041290 0.1517730 -0.3673960
v 0.1080640 0.1492980 -0.3671920
v 0.1118700 0.1511000 -0.3827970
v 0.1115150 0.1496390 -0.3759090
v 0.1110330 0.1482600 -0.3699930
v 0.1101480 0.1474780 -0.3657060
v 0.1153890 0.1510610 -0.3861350
v 0.1189340 0.1503400 -0.3837460
v 0.1244940 0.1505080 -0.3829170
v 0.1232770 0.1451950 -0.3663550
v 0.1163840 0.1453570 -0.3645100
v 0.1116250 0.1463510 -0.3632720
v 0.1379610 0.0641243 -0.3708250
v 0.1354940 0.0550991 -0.3755050
v 0.1395300 0.0362352 -0.3667980
v 0.1470890 0.0230773 -0.3527000
v 0.1439720 0.0160293 -0.3567070
v 0.1248510 0.0329823 -0.3920510
v 0.1325650 0.0221658 -0.3766790
v 0.1404610 0.0095315 -0.3608980
v 0.1482740 -0.0042776 -0.3457580
v 0.1179210 0.0413060 -0.4049570
v 0.1185050 0.0278717 -0.3987960
v 0.1203420 0.0093747 -0.3899970
v 0.1228400 -0.0145706 -0.3799780
v 0.0963720 -0.0080834 -0.4125330
v 0.1106550 -0.0237208 -0.3938290
v 0.1238860 -0.0442961 -0.3731820
v 0.1112260 -0.0875568 -0.3855960
v 0.1232070 -0.0786060 -0.3705430
v 0.1340220 -0.0727619 -0.3540900
v 0.1384870 -0.1436810 -0.3389070
v 0.1404180 -0.1081060 -0.3379630
v 0.1422990 -0.0760705 -0.3375730
v 0.1520480 -0.1524720 -0.2914840
v 0.1507470 -0.1205220 -0.3072440
v 0.1484090 -0.0881017 -0.3214140
v 0.1457080 -0.0592611 -0.3333470
v 0.1547680 -0.0777237 -0.3090560
v 0.1508760 -0.0594578 -0.3232130
v 0.1521500 -0.0235746 -0.3346460
v 0.1554760 -0.0426084 -0.3231230
v 0.1129050 0.0472272 -0.4135970
v 0.1044530 0.0464433 -0.4211230
v 0.0929174 0.0471236 -0.4300840
v 0.0989659 0.0676563 -0.4299040
v 0.0898008 0.0617431 -0.4343790
v 0.1712680 0.1337460 -0.3614960
v 0.1790330 0.1276230 -0.3610100
v 0.1858510 0.1202750 -0.3605400
v 0.2035350 0.1419420 -0.3964390
v 0.1993770 0.1324540 -0.3827810
v 0.1960810 0.1226350 -0.3713460
v 0.2175680 0.1411640 -0.4094240
v 0.2237660 0.1329990 -0.4081170
v 0.2322520 0.1536810 -0.4414380
v 0.2260830 0.1602370 -0.4440370
v 0.1266750 0.1482860 -0.4057800
v 0.1297810 0.1416150 -0.4152730
v 0.1379700 0.1426520 -0.4231130
v 0.1482800 0.1455060 -0.4321840
v 0.1436990 0.1165170 -0.4423470
v 0.1497840 0.1327970 -0.4422030
v 0.1590080 0.1484430 -0.4425090
v 0.1725400 0.1608570 -0.4456850
v 0.1702120 0.1506410 -0.4545270
v 0.1819060 0.1529500 -0.4669510
v 0.1938090 0.1552940 -0.4792850
v 0.1836330 0.1280380 -0.4827450
v 0.1930070 0.1432630 -0.4862510
v 0.2051230 0.1567590 -0.4910210
v 0.2180450 0.1658080 -0.4973410
v 0.2154540 0.1573250 -0.5014970
v 0.2252060 0.1578930 -0.5105170
v 0.2346640 0.1643750 -0.5144190
v 0.2339930 0.1587010 -0.5177730
v 0.2279990 0.1452080 -0.5195770
v 0.2349830 0.1535750 -0.5215440
v 0.2417610 0.1600430 -0.5232980
v 0.2479780 0.1611120 -0.5271650
v 0.2523960 0.1610290 -0.5296520
v 0.2556460 0.1629690 -0.5289610
v 0.1288500 0.1521480 -0.4005050
v 0.1312110 0.1533780 -0.3935740
v 0.1345740 0.1521560 -0.3858320
v 0.1676390 0.1627410 -0.4224170
v 0.1584720 0.1593230 -0.4068060
v 0.1493740 0.1547520 -0.3919870
v 0.1407270 0.1497420 -0.3790850
v 0.1779500 0.1657230 -0.4375340
v 0.1858320 0.1658690 -0.4301910
v 0.1942540 0.1627730 -0.4231610
v 0.1892740 0.1679660 -0.4517570
v 0.2059110 0.1708940 -0.4586060
v 0.2207840 0.1703520 -0.4650750
v 0.2232860 0.1705760 -0.4903940
v 0.2262690 0.1709080 -0.4842120
v 0.2302270 0.1696560 -0.4774270
v 0.2244930 0.1699540 -0.4969770
v 0.2346450 0.1701180 -0.5006500
v 0.2446550 0.1681090 -0.5054330
v 0.2527330 0.1652840 -0.5099590
v 0.2522450 0.1669660 -0.5192110
v 0.2547290 0.1658100 -0.5191710
v 0.2565420 0.1646360 -0.5173240
v 0.2515990 0.1672220 -0.5213820
v 0.2544230 0.1653930 -0.5256310
v 0.2371450 0.1681200 -0.5125270
v 0.2303560 0.1691780 -0.5049790
v 0.1642200 0.1473370 -0.3782210
v 0.1485860 0.1469840 -0.3733890
v 0.1342280 0.1459130 -0.3692380
v 0.1465180 0.1386200 -0.3550730
v 0.1385030 0.1416150 -0.3591230
v 0.1304460 0.1436880 -0.3628200
v 0.1456460 0.1379690 -0.3505920
v 0.1381520 0.1406000 -0.3479430
v 0.1327150 0.1430270 -0.3415430
v 0.1519330 0.1391410 -0.3202850
v 0.1419660 0.1424450 -0.3246330
v 0.0676838 0.0953010 0.0685814
v 0.0687030 0.0944931 0.0681350
v 0.0726968 0.0905969 0.0662666
v 0.0780182 0.0858132 0.0637712
v 0.0756364 0.0911231 0.0657564
v 0.0793029 0.0862756 0.0636808
v 0.0839617 0.0808887 0.0609939
v 0.0903320 0.0759242 0.0580095
v 0.0971310 0.0710209 0.0547539
v 0.1045470 0.0662531 0.0511182
v 0.0989738 0.0755999 0.0562023
v 0.1053760 0.0686875 0.0520404
v 0.1129420 0.0615703 0.0469458
v 0.1224910 0.0569515 0.0420345
v 0.1325330 0.0524920 0.0364748
v 0.1424190 0.0483300 0.0303834
v 0.1377470 0.0588597 0.0371019
v 0.1446400 0.0512748 0.0308857
v 0.1515060 0.0446466 0.0239095
v 0.1591130 0.0416329 0.0172654
v 0.1653570 0.0393287 0.0107197
v 0.1704880 0.0376465 0.0042111
v 0.1710490 0.0462571 0.0098613
v 0.1731160 0.0404449 0.0036397
v 0.1749540 0.0361210 -0.0027570
v 0.1790250 0.0347151 -0.0102064
v 0.1828580 0.0337690 -0.0185513
v 0.1864550 0.0333305 -0.0278053
v 0.1879590 0.0409074 -0.0195852
v 0.1889140 0.0365622 -0.0281641
v 0.1895690 0.0335989 -0.0373700
v 0.1922210 0.0345982 -0.0472909
v 0.1942760 0.0362485 -0.0573261
v 0.1956920 0.0387041 -0.0674835
v 0.1984230 0.0438148 -0.0554870
v 0.1977200 0.0417977 -0.0664922
v 0.1965500 0.0421964 -0.0780874
v 0.1968180 0.0468551 -0.0891963
v 0.1967270 0.0522075 -0.1008870
v 0.1964750 0.0577939 -0.1131600
v 0.2010140 0.0590962 -0.0989737
v 0.1986130 0.0604993 -0.1122220
v 0.1962500 0.0631756 -0.1259300
v 0.1962500 0.0679221 -0.1390770
v 0.1965420 0.0720255 -0.1516930
v 0.1971780 0.0755893 -0.1635170
v 0.2009280 0.0770962 -0.1492130
v 0.1993750 0.0777367 -0.1630940
v 0.1980520 0.0788317 -0.1754040
v 0.1990900 0.0819199 -0.1862710
v 0.2002440 0.0847422 -0.1967240
v 0.1126020 -0.1258430 0.2827750
v 0.1130520 -0.1250320 0.2825070
v 0.1211200 -0.1271100 0.2837720
v 0.1258700 -0.1281840 0.2829480
v 0.1189240 -0.1225310 0.2837960
v 0.1235990 -0.1248410 0.2837880
v 0.1270770 -0.1269400 0.2825920
v 0.1244300 -0.1215350 0.2846120
v 0.1296630 -0.1215050 0.2831100
v 0.1292660 -0.1171470 0.2876570
v 0.1233810 -0.1190230 0.2862460
v 0.1141010 -0.1189090 0.2842770
v 0.1132590 -0.1185900 0.2847740
v -0.0021218 -0.1895380 0.4666830
v 0.0044844 -0.1914510 0.4654020
v 0.0079444 -0.1890490 0.4657580
v 0.0184745 -0.1863510 0.4618750
v 0.0253327 -0.1857160 0.4565790
v 0.0294685 -0.1820250 0.4555480
v 0.0233050 -0.1795610 0.4613540
v 0.0317564 -0.1789070 0.4556780
v 0.0403687 -0.1771370 0.4478910
v 0.0511751 -0.1722340 0.4393760
v 0.0618904 -0.1673630 0.4301380
v 0.0707602 -0.1639790 0.4183170
v 0.0726190 -0.1622790 0.4201720
v 0.0662274 -0.1620260 0.4304410
v 0.0745314 -0.1599240 0.4210890
v 0.0836587 -0.1564640 0.4093000
v 0.0984641 -0.1425400 0.3988740
v 0.0969033 -0.1462610 0.3986130
v 0.0950552 -0.1494080 0.3975210
v 0.0929174 -0.1518660 0.3956340
v 0.1208280 -0.1317000 0.3549990
v 0.1114780 -0.1395110 0.3681170
v 0.1010520 -0.1469410 0.3810120
v 0.0900394 -0.1537530 0.3934490
v 0.1286440 -0.1238920 0.3418780
v 0.1246070 -0.1280780 0.3396960
v 0.1202730 -0.1313070 0.3374110
v 0.1159140 -0.1335760 0.3350480
v 0.1252830 -0.1215900 0.3017460
v 0.1220990 -0.1252180 0.3101490
v 0.1176070 -0.1297760 0.3206760
v 0.1117060 -0.1349580 0.3326590
v 0.1215500 -0.1204850 0.2939610
v 0.1128430 -0.1205090 0.2910300
v 0.1226680 -0.1186460 0.2886330
v 0.1289490 -0.1171180 0.2898660
v 0.1030850 -0.1310860 0.3166950
v 0.1059660 -0.1357370 0.3305010
v 0.1043300 -0.1404510 0.3453920
v 0.0813708 -0.1464920 0.3538590
v 0.0897527 -0.1463170 0.3557320
v 0.0954174 -0.1459420 0.3581240
v 0.0995907 -0.1452430 0.3607450
v 0.0716750 -0.1516510 0.3661880
v 0.0695292 -0.1566870 0.3802120
v 0.0647282 -0.1616220 0.3943930
v 0.0443921 -0.1655850 0.3978660
v 0.0504860 -0.1663130 0.4016540
v 0.0551985 -0.1665410 0.4050740
v 0.0589133 -0.1664430 0.4081860
v 0.0373247 -0.1694490 0.4058500
v 0.0352352 -0.1745120 0.4178460
v 0.0319549 -0.1791150 0.4287850
v 0.0180909 -0.1805290 0.4242190
v 0.0212371 -0.1825220 0.4307600
v 0.0247829 -0.1832950 0.4355360
v 0.0293773 -0.1826490 0.4377360
v 0.0113560 -0.1829630 0.4267310
v 0.0061553 -0.1881240 0.4374200
v 0.0936498 -0.1501310 0.3760610
v 0.0866868 -0.1550710 0.3910020
v 0.0789542 -0.1598310 0.4052150
v 0.0623677 -0.1662090 0.4109840
v 0.0655085 -0.1658560 0.4136500
v 0.0683330 -0.1651570 0.4161160
v 0.0527790 -0.1712060 0.4210040
v 0.0457788 -0.1758960 0.4328140
v 0.0376893 -0.1805500 0.4433860
v 0.0286882 -0.1845600 0.4438570
v 0.0287257 -0.1853170 0.4483510
v 0.0283929 -0.1853950 0.4521480
v 0.0180802 -0.1897740 0.4588960
v 0.0078934 -0.1924190 0.4630920
v 0.1086350 -0.1332390 0.3875150
v 0.1181750 -0.1275590 0.3738410
v 0.1263510 -0.1225420 0.3590310
v 0.1357140 -0.0997048 0.3492500
v 0.1354940 -0.1065030 0.3476930
v 0.1342950 -0.1129500 0.3458990
v 0.1320260 -0.1188050 0.3439430
v 0.1420060 -0.0887394 0.3365980
v 0.1468420 -0.0873017 0.3230460
v 0.1494090 -0.0885801 0.3106880
v 0.1380420 -0.2271300 -0.1168780
v 0.1441170 -0.2242490 -0.1164370
v 0.1504760 -0.2223970 -0.1365420
v 0.1557930 -0.2177090 -0.1565250
v 0.1656440 -0.2124920 -0.1350750
v 0.1626720 -0.2131910 -0.1554300
v 0.0907692 0.0563827 0.3293100
v 0.0892134 0.0517318 0.3349340
v 0.0862308 0.0470625 0.3404830
v 0.0939903 0.0369183 0.3444640
v 0.0894494 0.0398017 0.3454740
v 0.0822239 0.0422043 0.3463910
v 0.0774468 0.0374046 0.3524000
v 0.0723024 0.0328627 0.3582780
v 0.0686038 0.0941582 0.0681987
v 0.0693602 0.0932067 0.0681084
v 0.0703393 0.0919046 0.0682759
v 0.0842971 0.0787467 0.0609461
v 0.0793834 0.0829749 0.0636623
v 0.0753951 0.0865414 0.0661896
v 0.0724715 0.0891725 0.0684778
v 0.0913430 0.0721663 0.0583336
v 0.0925070 0.0701491 0.0592559
v 0.0937489 0.0675421 0.0606856
v 0.1140880 0.0475143 0.0550861
v 0.1070120 0.0534619 0.0579802
v 0.1004810 0.0593460 0.0604810
v 0.0943846 0.0651370 0.0627400
v 0.1217080 0.0418110 0.0515914
v 0.1207610 0.0376092 0.0574461
v 0.1196880 0.0344547 0.0652780
v 0.1181540 0.0333357 0.0759670
v 0.1332380 0.0126382 0.0853166
v 0.1275840 0.0201406 0.0875277
v 0.1216650 0.0275846 0.0893029
v 0.1155470 0.0351430 0.0906503
v 0.1347190 0.0087634 0.1031010
v 0.1315650 0.0131299 0.1234990
v 0.1279710 0.0181501 0.1445710
v 0.1394530 0.0009659 0.1617840
v 0.1349820 0.0082931 0.1630150
v 0.1297110 0.0157743 0.1643970
v 0.1236520 0.0235717 0.1659750
v 0.1411720 -0.0019123 0.1816790
v 0.1388490 0.0017075 0.2031420
v 0.1364680 0.0040674 0.2250700
v 0.1467210 -0.0174407 0.2446730
v 0.1432160 -0.0099782 0.2456480
v 0.1391440 -0.0026644 0.2465310
v 0.1344720 0.0046494 0.2474020
v 0.1496150 -0.0251000 0.2435990
v 0.1480140 -0.0259663 0.2665050
v 0.1456750 -0.0282254 0.2875190
v 0.1354940 -0.0077325 0.2886670
v 0.1327450 0.0030442 0.2691980
v 0.1290670 0.0122342 0.2484310
v 0.1210290 0.0145544 0.2910750
v 0.1217370 0.0182432 0.2711830
v 0.1229280 0.0201514 0.2497280
v 0.1250360 0.0195374 0.2278290
v 0.1199590 0.0126835 0.3059840
v 0.1156030 0.0233352 0.2895630
v 0.1093220 0.0333650 0.2719510
v 0.1175930 0.0135843 0.3153600
v 0.1140390 0.0205021 0.3138350
v 0.1109310 0.0250945 0.3136940
v 0.1083590 0.0177435 0.3291350
v 0.1095820 0.0230827 0.3221850
v 0.1085440 0.0282385 0.3141730
v 0.1068910 0.0306861 0.3148930
v 0.1059150 0.0330568 0.3155970
v 0.1216190 0.0250069 0.2077030
v 0.1189160 0.0289773 0.1877470
v 0.1168530 0.0318581 0.1677690
v 0.0987591 0.0485029 0.2133880
v 0.1037620 0.0452313 0.1916140
v 0.1095070 0.0401499 0.1696140
v 0.1151930 0.0341544 0.1477150
v 0.0907341 0.0542540 0.2149020
v 0.0877007 0.0580543 0.1949140
v 0.0859868 0.0611318 0.1746260
v 0.0733216 0.0670344 0.1977100
v 0.0785332 0.0663195 0.1760850
v 0.0850133 0.0639171 0.1541570
v 0.0887951 0.0508283 0.2557920
v 0.0973617 0.0431636 0.2734230
v 0.1135350 0.0364478 0.1276630
v 0.1115640 0.0392942 0.1087170
v 0.1089110 0.0432035 0.0920510
v 0.0915335 0.0601272 0.1322100
v 0.0972921 0.0555908 0.1115740
v 0.1019300 0.0514023 0.0934516
v 0.0840316 0.0667022 0.1336750
v 0.0827039 0.0698968 0.1144100
v 0.0807218 0.0738194 0.0976746
v 0.0659135 0.0821138 0.1375810
v 0.0699074 0.0815132 0.1171810
v 0.0741426 0.0801605 0.0991601
v 0.0778197 0.0787041 0.0848435
v 0.0625798 0.0854598 0.1383790
v 0.0620379 0.0894727 0.1189350
v 0.0613621 0.0934673 0.1018680
v 0.0576499 0.0938951 0.1353990
v 0.0585136 0.0949262 0.1179710
v 0.0595623 0.0960105 0.1018680
v 0.0561693 0.0975334 0.1362130
v 0.0554667 0.1025620 0.1173360
v 0.0548094 0.1077710 0.1001430
v 0.0501453 0.1150260 0.1128810
v 0.0523339 0.1139680 0.0989209
v 0.0686950 0.0900655 0.0784386
v 0.0740057 0.0844392 0.0771336
v 0.0801451 0.0779919 0.0755391
v 0.0764356 0.0841708 0.0685602
v 0.0813761 0.0778377 0.0699103
v 0.0866090 0.0709518 0.0738781
v 0.0940896 0.0639171 0.0663013
v 0.0932312 0.0635689 0.0722676
v 0.1301270 0.0363469 0.0469963
v 0.1362720 0.0258414 0.0489895
v 0.1409330 0.0150806 0.0524471
v 0.1555910 0.0226601 0.0273830
v 0.1524290 0.0162739 0.0344948
v 0.1484780 0.0100602 0.0435067
v 0.1624870 0.0196888 0.0198406
v 0.1670820 0.0099115 0.0176614
v 0.1723840 -0.0002699 0.0142411
v 0.1824130 0.0092365 -0.0028236
v 0.1815650 0.0002244 0.0023986
v 0.1800850 -0.0094998 0.0073498
v 0.1981540 -0.0132550 -0.0168823
v 0.1894640 -0.0168534 -0.0034827
v 0.1795700 -0.0195615 0.0098746
v 0.1961960 -0.0467357 -0.0120588
v 0.1887830 -0.0384280 -0.0010535
v 0.1799370 -0.0303116 0.0105151
v 0.1920100 -0.0598910 -0.0060234
v 0.1828290 -0.0614643 0.0065153
v 0.1740260 -0.0600477 0.0178794
v 0.1686240 -0.0783668 0.0200426
v 0.1674410 -0.0656686 0.0249804
v 0.1656490 -0.0548122 0.0288182
v 0.1487760 -0.0511820 0.0622829
v 0.1533030 -0.0495343 0.0497523
v 0.1586650 -0.0475011 0.0395974
v 0.1645250 -0.0448302 0.0308938
v 0.1516160 -0.0223998 0.0533479
v 0.1573560 -0.0287649 0.0418325
v 0.1641930 -0.0354514 0.0314598
v 0.1472360 -0.0166089 0.0667078
v 0.1500120 -0.0137998 0.0541745
v 0.1542850 -0.0102492 0.0432596
v 0.1350220 -0.1163890 0.3294300
v 0.1356820 -0.1152600 0.3163090
v 0.1344240 -0.1153210 0.3054260
v 0.1459920 -0.1001300 0.3002860
v 0.1415340 -0.1067480 0.2997890
v 0.1366280 -0.1122220 0.2989100
v 0.1495110 -0.0924707 0.3005520
v 0.1474780 -0.0976053 0.2927570
v 0.1441310 -0.1031170 0.2869770
v 0.1404800 -0.1082360 0.2827300
v 0.1504230 -0.0922529 0.2627480
v 0.1472450 -0.0997048 0.2694610
v 0.1429880 -0.1063250 0.2748400
v 0.1504550 -0.0903154 0.2496770
v 0.1480440 -0.0966937 0.2468890
v 0.1452600 -0.1033510 0.2455610
v 0.1403940 -0.0975256 0.2146660
v 0.1418000 -0.1013550 0.2271960
v 0.1422180 -0.1060990 0.2373380
v 0.1335200 -0.1068540 0.2104190
v 0.1296490 -0.1167990 0.2204860
v 0.1220270 -0.1121980 0.1819660
v 0.1222500 -0.1081560 0.1628550
v 0.1215170 -0.1057510 0.1414320
v 0.1443130 -0.0802723 0.1873830
v 0.1380180 -0.0868101 0.1655290
v 0.1302070 -0.0950380 0.1429360
v 0.1213960 -0.1038080 0.1201470
v 0.1488830 -0.0760466 0.2070330
v 0.1484570 -0.0703754 0.1893940
v 0.1478100 -0.0661285 0.1708390
v 0.1470380 -0.0630349 0.1518900
v 0.1526810 -0.0444077 0.1951750
v 0.1514150 -0.0484978 0.1743950
v 0.1492780 -0.0539114 0.1537050
v 0.1461740 -0.0604810 0.1326410
v 0.1522200 -0.0363231 0.1969500
v 0.1509910 -0.0323421 0.1770130
v 0.1496770 -0.0293070 0.1572690
v 0.1475820 -0.0168215 0.1793430
v 0.1482450 -0.0215042 0.1583910
v 0.1483330 -0.0267238 0.1377590
v 0.1518150 -0.0742953 0.2249370
v 0.1534210 -0.0660486 0.2281320
v 0.1540680 -0.0577861 0.2318820
v 0.1517880 -0.0329507 0.2419280
v 0.1525280 -0.0419840 0.2626760
v 0.1527080 -0.0525427 0.2809950
v 0.1544270 -0.0584744 0.2525580
v 0.1540620 -0.0603268 0.2732450
v 0.1528370 -0.0635266 0.2929490
v 0.1526680 -0.0741093 0.2981660
v 0.1516510 -0.0838415 0.3001610
v 0.1223270 -0.1016770 0.0998432
v 0.1237600 -0.1006830 0.0802006
v 0.1263830 -0.1008080 0.0616982
v 0.1421270 -0.0680393 0.1110020
v 0.1380500 -0.0769768 0.0891860
v 0.1345740 -0.0875967 0.0673908
v 0.1453110 -0.0579270 0.1133920
v 0.1451470 -0.0554474 0.0947990
v 0.1461900 -0.0531486 0.0775350
v 0.1478320 -0.0320656 0.1172560
v 0.1472580 -0.0376599 0.0975681
v 0.1472680 -0.0439001 0.0791110
v 0.1469900 -0.0241380 0.1182500
v 0.1461040 -0.0216026 0.0994259
v 0.1460720 -0.0191151 0.0820051
v 0.1419660 -0.0062469 0.1013660
v 0.1442110 -0.0112830 0.0829353
v 0.1057220 -0.1292020 0.2901400
v 0.1052020 -0.1327760 0.2970490
v 0.1016990 -0.1373390 0.3069280
v 0.0972331 -0.1431780 0.3196580
v 0.1118670 -0.1459450 0.3117890
v 0.1035280 -0.1479250 0.3228020
v 0.0928640 -0.1501620 0.3333390
v 0.0947413 -0.1611920 0.3451360
v 0.0892778 -0.1580900 0.3464360
v 0.0818321 -0.1538750 0.3448890
v 0.0636713 -0.1765390 0.3807620
v 0.0682578 -0.1678730 0.3703730
v 0.0709856 -0.1587710 0.3571990
v 0.0538386 -0.1810570 0.3902840
v 0.0492226 -0.1769700 0.3899200
v 0.0433219 -0.1724730 0.3878260
v 0.0294658 -0.1929560 0.4102400
v 0.0339479 -0.1846370 0.4038190
v 0.0363376 -0.1762070 0.3951930
v 0.0218593 -0.1967510 0.4147720
v 0.0198772 -0.1917780 0.4133920
v 0.0172568 -0.1863510 0.4104980
v 0.0061956 -0.1956480 0.4183510
v 0.0110181 -0.1888710 0.4134880
v 0.1096730 -0.1283890 0.2868550
v 0.1170810 -0.1316150 0.2884760
v 0.1216510 -0.1342300 0.2878460
v 0.1199940 -0.1292340 0.2843670
v 0.1235930 -0.1323090 0.2847050
v 0.1249560 -0.2821530 -0.1191030
v 0.1335630 -0.2635420 -0.1361350
v 0.1398020 -0.2467140 -0.1513500
v 0.1272440 -0.2383610 -0.1129950
v 0.1359040 -0.2383160 -0.1348380
v 0.1429750 -0.2345340 -0.1586640
v 0.1411510 -0.2280020 -0.1377800
v 0.1446940 -0.2274990 -0.1590520
v 0.1479100 -0.2258490 -0.1803480
v 0.1542560 -0.2069880 -0.1952250
v 0.1521470 -0.2090080 -0.1967740
v 0.1510020 -0.2125640 -0.1989880
v 0.1504580 -0.2194790 -0.2030120
v 0.1563340 -0.1950950 -0.2111870
v 0.1556160 -0.1835370 -0.2270980
v 0.1522470 -0.2085930 -0.2273660
v 0.1530080 -0.1951530 -0.2507510
v 0.1527780 -0.1779370 -0.2724050
v 0.1551570 -0.1558710 -0.2660320
v 0.1540460 -0.1530960 -0.2780260
v 0.1263370 0.0614376 -0.3971410
v 0.1271440 0.0665109 -0.4002340
v 0.1301670 0.0689294 -0.4039760
v 0.1326860 0.0895339 -0.3830100
v 0.1311520 0.0844845 -0.3904670
v 0.1320340 0.0774896 -0.3991950
v 0.2210650 0.0966696 -0.5054090
v 0.2125760 0.0867540 -0.4952970
v 0.2035430 0.0784251 -0.4837180
v 0.1935950 0.0717118 -0.4711980
v 0.1984730 0.0762909 -0.4828810
v 0.1918940 0.0699578 -0.4717430
v 0.1822950 0.0666252 -0.4583400
v 0.1693180 0.0632128 -0.4457350
v 0.1559990 0.0610176 -0.4341000
v 0.1437090 0.0596276 -0.4240680
v 0.1511010 0.0601247 -0.4351980
v 0.1421270 0.0580570 -0.4255190
v 0.2548520 0.1528730 -0.5319430
v 0.2524410 0.1473930 -0.5306860
v 0.2487180 0.1405630 -0.5277390
v 0.2405220 0.1285210 -0.5253810
v 0.2427320 0.1300570 -0.5254800
v 0.2436030 0.1314050 -0.5246270
v 0.2331380 0.1165910 -0.5203850
v 0.2279400 0.1061440 -0.5142860
v 0.1413010 0.0948519 -0.3691110
v 0.1378410 0.0945967 -0.3734420
v 0.1377920 0.0852844 -0.3719170
v 0.1350970 0.0928560 -0.3777880
v 0.1395650 0.1006060 -0.3829090
v 0.1350970 0.0966405 -0.3819340
v 0.1501760 0.0294424 -0.3489020
v 0.1449780 0.0508256 -0.3583740
v 0.1405100 0.0702157 -0.3665190
v 0.1573720 0.0490424 -0.3424890
v 0.1499000 0.0614933 -0.3526600
v 0.1431520 0.0739443 -0.3627670
v 0.1611270 0.0549023 -0.3398370
v 0.1571950 0.0716746 -0.3472010
v 0.1768960 0.0264712 -0.3178370
v 0.1790120 0.0002696 -0.3102020
v 0.1795640 -0.0230829 -0.3040760
v 0.1664110 0.0039266 -0.3253370
v 0.1721350 -0.0165611 -0.3145040
v -0.1033140 0.0367721 0.2860580
v -0.1097780 0.0306542 0.2882370
v -0.1087160 0.0338089 0.2720680
v -0.1001620 0.0436447 0.2541340
v -0.1072670 0.0374896 0.2529810
v -0.1261390 0.0062254 0.2911920
v -0.1211340 0.0188065 0.2713020
v -0.1142380 0.0302291 0.2516070
v -0.1310610 -0.0017794 0.2915140
v -0.1326650 0.0012821 0.2741700
v -0.1343730 0.0010298 0.2591440
v -0.1412880 -0.0233327 0.2944290
v -0.1398800 -0.0129574 0.2735370
v -0.0050212 -0.1899660 0.4150690
v -0.0108817 -0.1888710 0.4134880
v -0.0171203 -0.1863510 0.4104980
v -0.0074137 -0.2060920 0.4209610
v -0.0141861 -0.1997800 0.4181840
v -0.0197408 -0.1917780 0.4133950
v -0.0234556 -0.1829970 0.4063500
v -0.0078723 -0.2102300 0.4211150
v -0.0160797 -0.2083640 0.4186810
v -0.0244131 -0.2050340 0.4149550
v -0.0169809 -0.2147320 0.4170150
v -0.0253224 -0.2084070 0.4143200
v -0.0327869 -0.2010160 0.4101470
v -0.0297506 -0.1796670 0.4013110
v -0.0362038 -0.1762070 0.3951950
v -0.0431881 -0.1724730 0.3878280
v -0.0392909 -0.1932560 0.4047920
v -0.0448751 -0.1852430 0.3982700
v -0.0490888 -0.1769700 0.3899230
v -0.0512428 -0.1683300 0.3790320
v -0.0411632 -0.1969980 0.4044150
v -0.0497782 -0.1928760 0.3976400
v -0.0587633 -0.1885840 0.3897370
v -0.0543325 -0.1987620 0.3941250
v -0.0609654 -0.1918820 0.3884900
v -0.0681296 -0.1840950 0.3806640
v -0.0778980 -0.1793010 0.3703520
v -0.0872560 -0.1746370 0.3596130
v -0.0940579 -0.1666820 0.3492030
v -0.0956886 -0.1701660 0.3487640
v 0.0942050 0.1159000 -0.4283120
v 0.0831868 0.1163920 -0.4322960
v 0.0703767 0.1136600 -0.4373320
v 0.0488311 0.1463510 -0.4163260
v 0.0516607 0.1332490 -0.4280140
v 0.0536212 0.1198410 -0.4369700
v 0.0300829 0.1488020 -0.4165330
v 0.0161597 0.1386470 -0.4271850
v 0.0021375 0.1272080 -0.4356630
v -0.0211141 0.1495400 -0.4190340
v -0.0192392 0.1386630 -0.4284610
v -0.0156639 0.1263530 -0.4363700
v -0.0091570 0.1140900 -0.4426310
v -0.0365230 0.1493490 -0.4174530
v -0.0531871 0.1366910 -0.4265740
v -0.0350371 0.0963241 -0.4476380
v -0.0153904 0.0996462 -0.4478720
v 0.0031487 0.1046610 -0.4464000
v 0.0199228 0.0834002 -0.4509630
v 0.0199496 0.0992768 -0.4477020
v -0.0673676 -0.2316210 -0.4023890
v -0.0471256 -0.2415450 -0.4071760
v -0.0244212 -0.2493610 -0.4097160
v -0.0380679 -0.3140900 -0.3973740
v -0.0207439 -0.2866000 -0.4036680
v -0.0014807 -0.2628190 -0.4084540
v 0.0176162 -0.3194770 -0.3984530
v 0.0198182 -0.2866000 -0.4036680
v 0.0201642 -0.2493370 -0.4102320
v 0.0609998 -0.2770770 -0.3985730
v 0.0421150 -0.2439660 -0.4084810
v -0.2596730 0.1625470 -0.5254450
v -0.2611240 0.1615050 -0.5215440
v -0.2618130 0.1593790 -0.5156330
v -0.2616920 0.1556560 -0.5075890
v -0.2591870 0.1545340 -0.4946350
v -0.2605250 0.1530350 -0.4970800
v -0.2609650 0.1516960 -0.4977980
v -0.2569310 0.1498670 -0.4809300
v -0.2557970 0.1420650 -0.4693960
v -0.2528460 0.1333950 -0.4558500
v -0.2432360 0.1317000 -0.4343130
v -0.2462830 0.1287790 -0.4380470
v -0.2476350 0.1262990 -0.4401060
v -0.2361180 0.1249630 -0.4180830
v -0.2319260 0.1156000 -0.4064980
v -0.2260140 0.1077090 -0.3952160
v -0.2129550 0.1053680 -0.3770620
v -0.2163210 0.1028860 -0.3808940
v -0.2474900 0.1549140 -0.4668340
v -0.2442880 0.1614010 -0.4717030
v -0.2409890 0.1663070 -0.4764440
v -0.2002230 0.0848672 -0.1959880
v -0.1989060 0.0817897 -0.1860290
v -0.1977070 0.0784409 -0.1746950
v -0.2015150 0.0802960 -0.1639690
v -0.1992520 0.0776358 -0.1635650
v -0.1968190 0.0749383 -0.1618900
v -0.1961320 0.0709173 -0.1487700
v -0.1955420 0.0662504 -0.1360450
v -0.1950620 0.0607970 -0.1240480
v -0.2004720 0.0625485 -0.1119060
v -0.1980370 0.0592024 -0.1128170
v -0.1959740 0.0565715 -0.1131470
v -0.2009010 0.0574430 -0.0989923
v -0.1989570 0.0492735 -0.0886993
v -0.1968810 0.0427224 -0.0800727
v -0.1996810 0.0457602 -0.0636672
v -0.1977580 0.0416488 -0.0665507
v -0.1960470 0.0390949 -0.0696760
v -0.1981630 0.0435729 -0.0529623
v -0.1947220 0.0382869 -0.0457415
v -0.1910440 0.0351457 -0.0381407
v -0.1922730 0.0416117 -0.0290198
v -0.1897620 0.0372585 -0.0288815
v -0.1873160 0.0338726 -0.0295805
v -0.1856290 0.0314621 -0.0301731
v -0.1836310 0.0338168 -0.0206350
v -0.1796320 0.0344679 -0.0120135
v -0.1778590 0.0321425 -0.0120110
v -0.1751390 0.0355921 -0.0037777
v -0.1762260 0.0443756 0.0025182
v -0.1730260 0.0402774 0.0034883
v -0.1701500 0.0372691 0.0041474
v -0.1643970 0.0395307 0.0117855
v -0.1576520 0.0422176 0.0188946
v -0.1496610 0.0454120 0.0255306
v -0.1459440 0.0550566 0.0317707
v -0.1434040 0.0515299 0.0316378
v -0.1401910 0.0492735 0.0319966
v -0.1299240 0.0536161 0.0380774
v -0.1198010 0.0581845 0.0435307
v -0.1104720 0.0628461 0.0482426
v -0.1081740 0.0708083 0.0521840
v -0.1051730 0.0688204 0.0521521
v -0.1022970 0.0675660 0.0522106
v -0.0951039 0.0723683 0.0556469
v -0.0887605 0.0770802 0.0586579
v -0.0830904 0.0816168 0.0613502
v -0.0797511 0.0874636 0.0641698
v -0.0787641 0.0863873 0.0638988
v -0.0779328 0.0858477 0.0637846
v -0.0734858 0.0896668 0.0658787
v -0.0697361 0.0932493 0.0676513
v -0.1139730 -0.1189090 0.2842850
v -0.1231320 -0.1191430 0.2860680
v -0.1288270 -0.1183000 0.2852680
v -0.1187950 -0.1225310 0.2838040
v -0.1242990 -0.1215350 0.2846200
v -0.1290550 -0.1197330 0.2841250
v -0.1234700 -0.1248410 0.2837960
v -0.1284270 -0.1254040 0.2823950
v -0.1209760 -0.1273340 0.2838440
v -0.1129240 -0.1250320 0.2825120
v -0.0065285 -0.2197310 0.3600090
v -0.0118097 -0.2184000 0.3582570
v -0.0166000 -0.2170310 0.3551130
v -0.0056917 -0.2244700 0.3376070
v -0.0103962 -0.2221950 0.3430180
v -0.0154574 -0.2192710 0.3475710
v -0.0208137 -0.2162280 0.3501170
v -0.0052384 -0.2251740 0.3303890
v -0.0098249 -0.2242090 0.3290550
v -0.0142558 -0.2228720 0.3289970
v -0.0124668 -0.2227580 0.3182070
v -0.0163828 -0.2220170 0.3250020
v -0.0182978 -0.2210940 0.3317470
v -0.0213850 -0.2189150 0.3367700
v -0.0238740 -0.2162840 0.3428830
v -0.0261136 -0.2135760 0.3496940
v -0.0375127 -0.2105760 0.3268490
v -0.0347554 -0.2108410 0.3368180
v -0.0317890 -0.2110090 0.3471640
v -0.0457846 -0.2056300 0.3248510
v -0.0492256 -0.2029800 0.3318460
v -0.0539060 -0.2002720 0.3101650
v -0.0469191 -0.2043350 0.3058570
v -0.1480520 -0.0283158 0.2451860
v -0.1504150 -0.0407587 0.2493450
v -0.1504740 -0.0461670 0.2667390
v -0.1507740 -0.0644408 0.2861640
v -0.1504210 -0.0757118 0.2879120
v -0.1485620 -0.0819970 0.3026460
v -0.1457290 -0.0732561 0.3211810
v -0.1459440 -0.0814922 0.3193230
v -0.1452470 -0.0899169 0.3177280
v -0.1434600 -0.0981608 0.3164900
v -0.1411540 -0.0839584 0.3361300
v -0.1353330 -0.1012330 0.3476400
v -0.1280810 -0.1159930 0.3570800
v -0.1178400 -0.1180260 0.3757470
v -0.1182610 -0.1224570 0.3734380
v -0.1190980 -0.1259200 0.3695070
v -0.1074690 -0.1292310 0.3885060
v -0.0962813 -0.1429580 0.3991820
v -0.0845173 -0.1542470 0.4086510
v -0.0744996 -0.1569420 0.4231780
v -0.0741215 -0.1593130 0.4220610
v -0.0733973 -0.1614070 0.4202120
v -0.0637416 -0.1630760 0.4329980
v -0.0528788 -0.1704350 0.4409890
v -0.0419060 -0.1770630 0.4478160
v -0.0318589 -0.1768980 0.4570280
v -0.0318211 -0.1794150 0.4562650
v -0.0315397 -0.1816370 0.4550800
v -0.0212509 -0.1807200 0.4626860
v -0.0111472 -0.1859710 0.4658430
v -0.0900239 -0.1807940 0.3568380
v -0.0973220 -0.1729620 0.3470070
v -0.1031740 -0.1651700 0.3373710
v -0.1110760 -0.1650770 0.3210240
v -0.1107920 -0.1622180 0.3229670
v -0.1092900 -0.1597430 0.3257410
v -0.1513940 -0.0719753 0.2755630
v -0.1518260 -0.0558434 0.2577330
v -0.1508150 -0.0402112 0.2378460
v -0.1521420 -0.0758074 0.2549740
v -0.1528020 -0.0605633 0.2445240
v -0.1518980 -0.0443439 0.2320730
v -0.1495540 -0.0285203 0.2178840
v -0.1515900 -0.0802244 0.2507780
v -0.1524320 -0.0713931 0.2374310
v -0.1526440 -0.0633725 0.2232610
v -0.1473760 -0.0964892 0.2420290
v -0.1498970 -0.0839823 0.2322190
v -0.1516410 -0.0703833 0.2210680
v -0.1523810 -0.0566885 0.2080800
v -0.1452600 -0.1027850 0.2416190
v -0.1451740 -0.0986763 0.2316640
v -0.1439510 -0.1063250 0.2624600
v -0.1451630 -0.1025780 0.2654950
v -0.1417840 -0.1071280 0.2743610
v -0.1376670 -0.1110370 0.2812580
v -0.1471830 -0.0954979 0.2785020
v -0.1428110 -0.1038560 0.2819440
v -0.1379590 -0.1100140 0.2842850
v -0.1468240 -0.0953410 0.2845510
v -0.1417330 -0.1048260 0.2935250
v -0.1355590 -0.1127860 0.3002170
v -0.1403760 -0.1055380 0.3152360
v -0.1365990 -0.1117310 0.3132290
v -0.1326650 -0.1162720 0.3097500
v -0.1358050 -0.1121960 0.3285210
v -0.1264180 -0.1242350 0.3395850
v -0.1153700 -0.1599210 0.3095700
v -0.1189910 -0.1521110 0.3008500
v -0.1212740 -0.1448390 0.2940010
v -0.1244220 -0.1451530 0.2813880
v -0.1241460 -0.1439300 0.2856800
v -0.1236020 -0.1415780 0.2881200
v -0.1252240 -0.1439440 0.2737390
v -0.1277590 -0.1398880 0.2745660
v -0.1292880 -0.1359100 0.2759130
v -0.1295860 -0.1324650 0.2780550
v -0.1369480 -0.1244740 0.2617850
v -0.1342040 -0.1279310 0.2697660
v -0.1314790 -0.1294410 0.2760620
v -0.1392790 -0.1195650 0.2602840
v -0.1379620 -0.1202430 0.2676320
v -0.1358970 -0.1205960 0.2740880
v -0.1401000 -0.1130990 0.2692910
v -0.1363740 -0.1178090 0.2750920
v -0.1457670 -0.0146821 0.2009440
v -0.1483070 -0.0215601 0.1980950
v -0.1469660 -0.0170846 0.1785890
v -0.1426340 -0.0065498 0.1604320
v -0.1455580 -0.0140125 0.1592760
v -0.1519920 -0.0440436 0.1929450
v -0.1504100 -0.0323978 0.1760690
v -0.1477330 -0.0216292 0.1581250
v -0.1517540 -0.0518942 0.1914460
v -0.1508500 -0.0483250 0.1735580
v -0.1497610 -0.0454361 0.1547100
v -0.1446970 -0.0787308 0.1878850
v -0.1474510 -0.0658281 0.1713010
v -0.1486990 -0.0538821 0.1535320
v -0.1401750 -0.0921173 0.2012180
v -0.1391640 -0.0885508 0.1849110
v -0.1379320 -0.0860633 0.1664060
v -0.1363630 -0.0848700 0.1459160
v -0.1220590 -0.1076060 0.1609900
v -0.1286500 -0.0968665 0.1431090
v -0.1335150 -0.0870386 0.1244550
v -0.1206110 -0.1038320 0.1036570
v -0.1288130 -0.0930156 0.1040820
v -0.1360390 -0.0803149 0.1048630
v -0.1344560 -0.0870705 0.0669896
v -0.1375300 -0.0766579 0.0850508
v -0.1409630 -0.0674041 0.1010230
v -0.1450640 -0.0546129 0.0729240
v -0.1440100 -0.0556202 0.0904404
v -0.1442170 -0.0582140 0.1105000
v -0.1467650 -0.0268222 0.0795973
v -0.1467400 -0.0376520 0.0968665
v -0.1464210 -0.0488618 0.1142710
v -0.1455500 -0.0182700 0.0811494
v -0.1455440 -0.0213661 0.0990857
v -0.1464750 -0.0242362 0.1179600
v -0.1371630 0.0043066 0.0851677
v -0.1413120 -0.0061804 0.1012220
v -0.1448930 -0.0165027 0.1189890
v -0.1328610 0.0113386 0.0865018
v -0.1340970 0.0083089 0.1034440
v -0.1356630 0.0056752 0.1221720
v -0.1184090 0.0314011 0.0911181
v -0.1246580 0.0223678 0.1060300
v -0.1311650 0.0129040 0.1232620
v -0.1373130 0.0032142 0.1418810
v -0.1123980 0.0394244 0.0911607
v -0.1127260 0.0381887 0.1078130
v -0.1139000 0.0362672 0.1269030
v -0.0916814 0.0641590 0.0949238
v -0.0988427 0.0550406 0.1107000
v -0.1070210 0.0447450 0.1283940
v -0.1155580 0.0339710 0.1469550
v -0.0845898 0.0716694 0.0965955
v -0.0843645 0.0705452 0.1140060
v -0.0849733 0.0683633 0.1334890
v -0.0663593 0.0890342 0.1006620
v -0.0712300 0.0824407 0.1168630
v -0.0779219 0.0744944 0.1350430
v -0.0859819 0.0656021 0.1540350
v -0.0626900 0.0924414 0.1012780
v -0.0625666 0.0896615 0.1183690
v -0.0628026 0.0860844 0.1378710
v -0.0569878 0.1001990 0.1085120
v -0.0585247 0.0941741 0.1222650
v -0.0603861 0.0882237 0.1394660
v -0.0631354 0.0821616 0.1585980
v -0.0555099 0.1015280 0.1211970
v -0.0561376 0.0964464 0.1418040
v -0.0570040 0.0909530 0.1621110
v -0.0527768 0.1002310 0.1759660
v -0.0550594 0.0942485 0.1774540
v -0.0568214 0.0889519 0.1796250
v -0.0582108 0.0847528 0.1820910
v -0.0543272 0.0960849 0.1986960
v -0.0593294 0.0863022 0.2208530
v -0.0672685 0.0757913 0.1785010
v -0.0634546 0.0782204 0.1792370
v -0.0640392 0.0742845 0.1988500
v -0.0656351 0.0700749 0.2172680
v -0.0603592 0.0781938 0.2010830
v -0.0640339 0.0714647 0.2193110
v -0.0696208 0.0648074 0.2355360
v -0.0767283 0.0582111 0.2535280
v -0.0858344 0.0506315 0.2710290
v -0.0951709 0.0432620 0.2807400
v -0.0953880 0.0426507 0.2874850
v -0.0872988 0.0514529 0.2802900
v -0.0955892 0.0430361 0.2919470
v -0.1032790 0.0352599 0.3015670
v -0.0603619 0.0997180 0.0793954
v -0.0623628 0.0984503 0.0744947
v -0.0646991 0.0967547 0.0717839
v -0.0703718 0.0884390 0.0772879
v -0.0690709 0.0908893 0.0726078
v -0.0681830 0.0927763 0.0706252
v -0.0761519 0.0826720 0.0756481
v -0.0805638 0.0793844 0.0687595
v -0.0858182 0.0753528 0.0638137
v -0.0965521 0.0621311 0.0698864
v -0.0943314 0.0662771 0.0642576
v -0.0929098 0.0689931 0.0611721
v -0.1035340 0.0541529 0.0684593
v -0.1085600 0.0509106 0.0609993
v -0.1150990 0.0465336 0.0554395
v -0.1213250 0.0319380 0.0657670
v -0.1213570 0.0367562 0.0576187
v -0.1231270 0.0411146 0.0509083
v -0.1320240 0.0351802 0.0462309
v -0.1404990 0.0293626 0.0414551
v -0.1477620 0.0232874 0.0370861
v -0.1436510 0.0062014 0.0555537
v -0.1476360 0.0112377 0.0444450
v -0.1528880 0.0154819 0.0346144
v -0.1389600 0.0007534 0.1615930
v -0.1406330 -0.0025714 0.1817960
v -0.1423070 -0.0072089 0.2027250
v -0.1237330 0.0233724 0.1654150
v -0.1312190 0.0127286 0.1840870
v -0.1379380 0.0010165 0.2034850
v -0.1437100 -0.0125056 0.2237870
v -0.1172150 0.0316774 0.1670090
v -0.1189240 0.0289586 0.1877550
v -0.1205330 0.0258121 0.2093240
v -0.0947927 0.0561967 0.1727150
v -0.1038070 0.0461242 0.1912280
v -0.1127900 0.0351376 0.2103100
v -0.0869849 0.0628354 0.1745620
v -0.0879693 0.0599546 0.1950840
v -0.0890717 0.0567681 0.2154840
v -0.0734937 0.0688922 0.1978960
v -0.0814491 0.0613392 0.2168640
v -0.0905791 0.0529810 0.2355390
v -0.0924216 0.0489493 0.2540360
v -0.0940874 0.0455023 0.2694340
v -0.1449170 -0.0188759 0.2451570
v -0.1459070 -0.0268647 0.2668220
v -0.1346870 -0.1053120 0.2114470
v -0.1276730 -0.1143720 0.2104510
v -0.1192080 -0.1239180 0.2120160
v -0.1223680 -0.1355750 0.2423180
v -0.1194740 -0.1345860 0.2355950
v -0.1152040 -0.1336030 0.2272470
v -0.1206780 -0.1423600 0.2548700
v -0.1152330 -0.1492510 0.2634150
v -0.1266410 -0.1397450 0.2629200
v -0.1309640 -0.1324600 0.2554500
v -0.1351970 -0.1248960 0.2495280
v -0.1341560 -0.1179950 0.2334070
v -0.1372590 -0.1167430 0.2387070
v -0.1079380 0.0290437 0.3126550
v -0.1096200 0.0238003 0.3211970
v -0.1087370 0.0191946 0.3280160
v -0.1068060 0.0326741 0.3214920
v -0.1072860 0.0269868 0.3254330
v -0.1069110 0.0211267 0.3298070
v -0.1065570 0.0333357 0.3258420
v -0.1050870 0.0284405 0.3319120
v -0.1050840 0.0444420 0.3229030
v -0.1025090 0.0500389 0.3144360
v -0.1649770 -0.0362168 -0.3152300
v -0.1679480 -0.0576187 -0.3031540
v -0.1692300 -0.0787947 -0.2909180
v -0.1804660 -0.0805327 -0.2789400
v -0.1748580 -0.0913972 -0.2785250
v -0.1692650 -0.1011370 -0.2775210
v -0.1686030 -0.1235460 -0.2632840
v -0.1676610 -0.1446050 -0.2486320
v -0.1667060 -0.1633630 -0.2338990
v -0.1783820 -0.1628230 -0.2218620
v -0.1720010 -0.1714230 -0.2209130
v -0.1658400 -0.1793110 -0.2193160
v -0.1646220 -0.1927910 -0.2044310
v -0.1625250 -0.2039500 -0.1884880
v -0.1044430 -0.1336350 0.2993990
v -0.1116390 -0.1374830 0.3015810
v -0.1150990 -0.1417460 0.3033080
v -0.0939425 -0.1510470 0.3348140
v -0.1036120 -0.1485570 0.3240590
v -0.1109930 -0.1472420 0.3145580
v -0.0889616 -0.1587230 0.3476880
v -0.0923198 -0.1626590 0.3484400
v -0.0678479 -0.1678970 0.3706180
v -0.0605014 -0.1637080 0.3687230
v -0.0569529 -0.1546300 0.0157878
v -0.0622823 -0.1528760 0.0123169
v -0.0687706 -0.1522460 0.0093164
v -0.0562476 -0.1802650 -0.0173555
v -0.0615905 -0.1720110 -0.0120056
v -0.0683656 -0.1633840 -0.0046999
v -0.0556951 -0.1887590 -0.0247117
v -0.0615259 -0.1918790 -0.0295593
v -0.0704978 -0.1971600 -0.0371254
v -0.0707365 -0.2168370 -0.0466026
v -0.0773723 -0.2095130 -0.0481812
v -0.0831978 -0.2048240 -0.0483061
v -0.0978102 -0.2135490 -0.0625696
v -0.1118590 -0.2210870 -0.0781858
v -0.1296790 0.0668272 -0.4054560
v -0.1263880 0.0659050 -0.4014430
v -0.1251060 0.0620913 -0.3980360
v -0.1310020 0.0840539 -0.3903080
v -0.1282450 0.0717996 -0.3912960
v -0.2147710 0.0883645 -0.4985080
v -0.2116270 0.0853084 -0.4967430
v -0.2164930 0.0936586 -0.5052450
v -0.2077510 0.0841974 -0.4947790
v -0.1820730 0.0657003 -0.4592700
v -0.1917950 0.0698887 -0.4719900
v -0.1983750 0.0762963 -0.4829390
v -0.1687290 0.0616899 -0.4482940
v -0.1674570 0.0628992 -0.4495860
v -0.1421920 0.0580649 -0.4255000
v -0.1410410 0.0594974 -0.4219730
v -0.2547670 0.1528730 -0.5319300
v -0.2514680 0.1470550 -0.5311650
v -0.2467120 0.1390720 -0.5289270
v -0.2449850 0.1328960 -0.5263650
v -0.2430810 0.1305220 -0.5259640
v -0.2404330 0.1285210 -0.5253680
v -0.2330490 0.1165910 -0.5203720
v -0.2249760 0.1046450 -0.5137250
v -0.1404130 0.0926725 -0.3692990
v -0.1403760 0.0984981 -0.3724960
v -0.1422320 0.1010890 -0.3760280
v -0.1349870 0.0967174 -0.3815800
v -0.1397540 0.1007540 -0.3814740
v -0.1584240 0.0175575 0.0262322
v -0.1563270 0.0060022 0.0335062
v -0.1596820 -0.0035998 0.0317655
v -0.1640540 -0.0119979 0.0280554
v -0.1528130 -0.0311488 0.0505441
v -0.1582170 -0.0268807 0.0396134
v -0.1642500 -0.0226045 0.0299530
v -0.1704080 -0.0173478 0.0209781
v -0.1528420 -0.0415800 0.0507249
v -0.1588210 -0.0477058 0.0391217
v -0.1665560 -0.0538608 0.0275717
v -0.1596500 -0.0696179 0.0330411
v -0.1676670 -0.0653497 0.0245686
v -0.1756540 -0.0589555 0.0157612
v -0.1866050 -0.0731207 -0.0004052
v -0.1852190 -0.0607255 0.0034856
v -0.1836230 -0.0494147 0.0061752
v -0.1999410 -0.0358661 -0.0174352
v -0.1917600 -0.0380160 -0.0047609
v -0.1823430 -0.0386539 0.0079451
v -0.1807850 -0.0286027 0.0094680
v -0.1786930 -0.0189955 0.0108446
v -0.1759140 -0.0095131 0.0122106
v -0.1615190 0.0254666 0.0184799
v -0.1642440 0.0174300 0.0182168
v -0.1702420 0.0166858 0.0101908
v -0.1763810 0.0159869 0.0018114
v -0.1796080 -0.0001370 0.0046177
v -0.1818390 0.0086837 -0.0020130
v -0.1825960 0.0159416 -0.0073494
v -0.1654730 0.0290942 0.0106453
v -0.1694320 0.0305506 0.0031934
v -0.1732970 0.0308296 -0.0040435
v -0.1814150 0.0216608 -0.0103313
v -0.1795620 0.0257615 -0.0115432
v -0.1780600 0.0284166 -0.0120029
v -0.1773170 0.0303035 -0.0120189
v -0.1878310 0.0166007 -0.0170152
v -0.1921250 0.0172944 -0.0273880
v -0.1954350 0.0180783 -0.0384862
v -0.2049460 0.0053882 -0.0448911
v -0.2016920 0.0131140 -0.0487207
v -0.1977660 0.0193194 -0.0501585
v -0.2039270 0.0189394 -0.0739017
v -0.1993700 0.0216715 -0.0618999
v -0.1943620 0.0240102 -0.0501532
v -0.1939280 0.0290969 -0.0605524
v -0.1920310 0.0271382 -0.0498874
v -0.1813000 0.0297559 -0.0207837
v -0.1848860 0.0296496 -0.0300138
v -0.2400500 0.1691350 -0.4837390
v -0.2418710 0.1701960 -0.4945240
v -0.2440870 0.1696750 -0.5055530
v -0.2459640 0.1678140 -0.5151310
v -0.2544230 0.1665120 -0.5174860
v -0.2533430 0.1668490 -0.5199840
v -0.2510390 0.1667060 -0.5214110
v -0.2564730 0.1654440 -0.5177700
v -0.2584490 0.1641150 -0.5224950
v -0.2528200 0.1649490 -0.4996050
v -0.2470390 0.1669980 -0.4911510
v 0.0846136 0.1211890 0.0417421
v 0.0857697 0.1178690 0.0387602
v 0.0816631 0.1150820 0.0403602
v -0.0762348 0.1134450 0.0463053
v -0.0729976 0.1096150 0.0491622
v -0.0707954 0.1066250 0.0518942
v -0.0695565 0.1045790 0.0540975
v -0.0803921 0.1179120 0.0440808
v -0.0755109 0.1162860 0.0494598
v -0.0712058 0.1154510 0.0548469
v -0.1953250 0.0976104 -0.1257360
v -0.1981470 0.0975147 -0.1306050
v -0.2008310 0.0971640 -0.1358460
v -0.2019580 0.1007970 -0.1410150
v -0.1938520 0.0963347 -0.1193660
v -0.1953680 0.0948359 -0.1153100
v -0.1970170 0.0935257 -0.1078660
v -0.1925010 0.0947084 -0.0968184
v -0.1951290 0.0936002 -0.0980754
v -0.1982670 0.0921305 -0.0985033
v -0.1948800 0.0911631 -0.0699525
v -0.1970170 0.0911577 -0.0791691
v -0.1991470 0.0904056 -0.0880934
v -0.1930530 0.0904827 -0.0607332
v -0.1963230 0.0890024 -0.0617138
v -0.1992350 0.0870410 -0.0630188
v -0.1872920 0.0890263 -0.0362936
v -0.1896410 0.0893984 -0.0439662
v -0.1914820 0.0898768 -0.0520375
v -0.1844030 0.0888535 -0.0286477
v -0.1876250 0.0866770 -0.0284324
v -0.1904810 0.0841735 -0.0279089
v -0.1725350 0.0886569 -0.0069190
v -0.1769630 0.0888190 -0.0138102
v -0.1809090 0.0888722 -0.0210841
v -0.1673850 0.0889492 -0.0006868
v -0.1702280 0.0870464 0.0008519
v -0.1729640 0.0849602 0.0024545
v -0.1470200 0.0908840 0.0161944
v -0.1547230 0.0903313 0.0105204
v -0.1615060 0.0896880 0.0049022
v -0.1385360 0.0915165 0.0215974
v -0.1413680 0.0891087 0.0241699
v -0.1450990 0.0869162 0.0258070
v -0.1137900 0.0955322 0.0324219
v -0.1212310 0.0935415 0.0300672
v -0.1296930 0.0923483 0.0263465
v -0.1075350 0.0962338 0.0366607
v -0.1078950 0.0945010 0.0405675
v -0.1081100 0.0933610 0.0447824
v -0.0899301 0.1014980 0.0450430
v -0.0946078 0.0990828 0.0469724
v -0.1000630 0.0962257 0.0484554
v -0.0692936 0.1033030 0.0548867
v -0.0700500 0.1026170 0.0543259
v -0.0714633 0.1021660 0.0537333
v -0.0735636 0.1018490 0.0531513
v -0.0678827 0.1035260 0.0584879
v -0.0668178 0.1025960 0.0627587
v -0.1985600 0.1180790 -0.1020830
v -0.1998280 0.1124000 -0.1184060
v -0.2008880 0.1064470 -0.1321570
v -0.1967570 0.1214630 -0.0871951
v -0.1960470 0.1148660 -0.0983545
v -0.1946570 0.1083420 -0.1081500
v -0.1961000 0.1256990 -0.0760916
v -0.1943060 0.1213400 -0.0758365
v -0.1921010 0.1173880 -0.0757116
v -0.1939840 0.1278780 -0.0651581
v -0.1909130 0.1248720 -0.0571720
v -0.1869860 0.1215080 -0.0503658
v -0.1837940 0.1310700 -0.0383401
v -0.1841160 0.1265860 -0.0403598
v -0.1835050 0.1222780 -0.0421830
v -0.1789320 0.1320320 -0.0298569
v -0.1740640 0.1282370 -0.0236965
v -0.1676720 0.1244130 -0.0173900
v -0.1614920 0.1338260 -0.0075541
v -0.1616080 0.1298340 -0.0089547
v -0.1610630 0.1255340 -0.0101771
v -0.1546770 0.1350560 -0.0013246
v -0.1470810 0.1314390 0.0037753
v -0.1384740 0.1274400 0.0084661
v -0.1288080 0.1367570 0.0171061
v -0.1303180 0.1317820 0.0156709
v -0.1301700 0.1273330 0.0141374
v -0.1193290 0.1360720 0.0228757
v -0.1129750 0.1304980 0.0261924
v -0.1057920 0.1255260 0.0285630
v -0.0955919 0.1316250 0.0371125
v -0.0978692 0.1278170 0.0345799
v -0.0987462 0.1243510 0.0322412
v -0.0889374 0.1290820 0.0413833
v -0.0848901 0.1231320 0.0427068
v -0.0765380 0.1019450 0.0517482
v -0.0802608 0.1021890 0.0496618
v -0.0847615 0.1021390 0.0473817
v -0.0750495 0.1013680 0.0560454
v -0.0776752 0.1008450 0.0582539
v 0.0709024 0.1021550 0.0547459
v 0.0701487 0.1030610 0.0540204
v 0.0700764 0.1044940 0.0534542
v 0.0706959 0.1065400 0.0526996
v 0.0723936 0.1017700 0.0557611
v 0.0692528 0.1019960 0.0595111
v 0.0667182 0.1027210 0.0633195
v 0.0761005 0.1018870 0.0524816
v 0.0743302 0.1016690 0.0572999
v 0.0724204 0.1017270 0.0615867
v 0.0801345 0.1021630 0.0495476
v 0.0835245 0.1013440 0.0510464
v 0.0878320 0.1001350 0.0519315
v 0.0721334 0.1090440 0.0507594
v 0.0743650 0.1114670 0.0476580
v 0.0774925 0.1137480 0.0440889
v 0.0704573 0.1096020 0.0544085
v 0.0707576 0.1145790 0.0552509
v 0.1986290 0.0948650 -0.1210720
v 0.1998230 0.0959759 -0.1311180
v 0.2009570 0.0980755 -0.1390320
v 0.2019120 0.1018680 -0.1441690
v 0.1971220 0.0942086 -0.1097160
v 0.1954750 0.0950591 -0.1159350
v 0.1939590 0.0963347 -0.1193760
v 0.1983420 0.0931828 -0.1011160
v 0.1952360 0.0938286 -0.0986973
v 0.1926100 0.0947084 -0.0968290
v 0.1991630 0.0917424 -0.0910061
v 0.1971780 0.0913996 -0.0801046
v 0.1952360 0.0907750 -0.0704521
v 0.1994420 0.0870304 -0.0635370
v 0.1965160 0.0888722 -0.0618865
v 0.1934930 0.0900362 -0.0617191
v 0.1939330 0.0846359 -0.0379096
v 0.1929750 0.0873919 -0.0451860
v 0.1919320 0.0895765 -0.0536639
v 0.1912990 0.0841974 -0.0297852
v 0.1881470 0.0865840 -0.0294422
v 0.1853870 0.0886276 -0.0306170
v 0.1790390 0.0841203 -0.0051011
v 0.1808280 0.0864962 -0.0138447
v 0.1821020 0.0886463 -0.0230640
v 0.1732420 0.0848060 0.0022898
v 0.1704930 0.0871978 0.0004532
v 0.1679530 0.0894143 -0.0018614
v 0.1515120 0.0869241 0.0216452
v 0.1571950 0.0881573 0.0131700
v 0.1617710 0.0898423 0.0045035
v 0.1426660 0.0877401 0.0274042
v 0.1407400 0.0893957 0.0245765
v 0.1386510 0.0915165 0.0215894
v 0.1167460 0.0912136 0.0409288
v 0.1229870 0.0913623 0.0342211
v 0.1297700 0.0923616 0.0266442
v 0.1088200 0.0929223 0.0448383
v 0.1063630 0.0947987 0.0421169
v 0.1041020 0.0968158 0.0389703
v 0.0928451 0.0992635 0.0469857
v 0.0973431 0.0986841 0.0417263
v 0.1959390 0.1042040 -0.1195380
v 0.1986400 0.1054000 -0.1248880
v 0.2009360 0.1067340 -0.1329510
v 0.1947670 0.1083420 -0.1081610
v 0.1962450 0.1146320 -0.0986548
v 0.1971320 0.1207640 -0.0880774
v 0.1919160 0.1171730 -0.0739256
v 0.1944230 0.1210610 -0.0756850
v 0.1967730 0.1248320 -0.0775134
v 0.1864440 0.1214570 -0.0485453
v 0.1911750 0.1246860 -0.0572650
v 0.1950750 0.1271450 -0.0670769
v 0.1828290 0.1222810 -0.0403598
v 0.1843200 0.1264350 -0.0404422
v 0.1851320 0.1304610 -0.0404715
v 0.1675050 0.1248270 -0.0169674
v 0.1743930 0.1282290 -0.0240846
v 0.1802830 0.1314470 -0.0319671
v 0.1610840 0.1256750 -0.0100417
v 0.1619000 0.1300150 -0.0093002
v 0.1621440 0.1343650 -0.0085774
v 0.1385890 0.1274400 0.0084580
v 0.1471960 0.1314390 0.0037674
v 0.1549690 0.1352400 -0.0016702
v 0.1302820 0.1273330 0.0141321
v 0.1304330 0.1317820 0.0156655
v 0.1289230 0.1367570 0.0171007
v 0.1051050 0.1269050 0.0305483
v 0.1128030 0.1309960 0.0271571
v 0.1193800 0.1361810 0.0231573
v 0.0972732 0.1274820 0.0361930
v 0.0964847 0.1319360 0.0379178
# 11379 vertices, 0 vertices normals

f 692 2840 2842
f 691 2843 2845
f 690 2846 2848
f 39 2849 2851
f 702 2852 2854
f 6 2855 2857
f 700 2858 2860
f 42 2861 2863
f 686 2864 2866
f 4 2867 2869
f 3 2870 2872
f 685 2873 2875
f 687 2876 2878
f 687 2878 2880
f 695 2881 2883
f 696 2884 2886
f 696 2886 2888
f 706 2889 2891
f 706 2891 2893
f 707 2894 2896
f 12 2897 2899
f 12 2899 2901
f 12 2901 2903
f 12 2903 2905
f 24 2906 2908
f 24 2908 2910
f 340 2911 2913
f 340 2913 2915
f 263 2916 2918
f 263 2918 2920
f 13 2921 2923
f 13 2923 2925
f 13 2925 2927
f 13 2927 2929
f 17 2930 2932
f 17 2932 2934
f 19 2935 2937
f 19 2937 2939
f 17 2934 2941
f 17 2941 2943
f 13 2929 2945
f 13 2945 2947
f 203 2948 2950
f 203 2950 2952
f 204 2953 2955
f 204 2955 2957
f 9 2958 2960
f 9 2960 2962
f 204 2963 2965
f 25 2966 2968
f 25 2968 2970
f 27 2971 2973
f 27 2973 2975
f 29 2976 2978
f 29 2978 2980
f 31 2981 2983
f 31 2983 2985
f 31 2985 2987
f 31 2987 2989
f 29 2980 2991
f 29 2991 2993
f 27 2975 2995
f 27 2995 2997
f 27 2997 2999
f 698 3000 3002
f 41 3003 3005
f 707 3006 3008
f 698 3009 3011
f 689 3012 3014
f 38 3015 3017
f 37 3018 3020
f 687 2880 3022
f 94 3023 3025
f 693 3026 3028
f 90 3029 3031
f 68 3032 3034
f 86 3035 3037
f 84 3038 3040
f 77 3041 3043
f 74 3044 3046
f 78 3047 3049
f 75 3050 3052
f 73 3053 3055
f 72 3056 3058
f 65 3059 3061
f 67 3062 3064
f 64 3065 3067
f 61 3068 3070
f 59 3071 3073
f 56 3074 3076
f 53 3077 3079
f 50 3080 3082
f 48 3083 3085
f 704 3086 3088
f 44 3089 3091
f 120 3092 3094
f 118 3095 3097
f 202 3098 3100
f 14 3101 3103
f 235 3104 3106
f 612 3107 3109
f 47 3110 3112
f 46 3113 3115
f 100 3116 3118
f 651 3119 3121
f 98 3122 3124
f 652 3125 3127
f 104 3128 3130
f 653 3131 3133
f 76 3134 3136
f 57 3137 3139
f 80 3140 3142
f 56 3143 3074
f 653 3145 3147
f 57 3139 3149
f 57 3149 3151
f 591 3152 3154
f 99 3155 3157
f 592 3158 3160
f 103 3161 3163
f 593 3164 3166
f 95 3167 3169
f 95 3169 3171
f 297 3172 3174
f 574 3175 3177
f 261 3178 3180
f 319 3181 3183
f 451 3184 3186
f 677 3187 3189
f 454 3190 3192
f 678 3193 3195
f 679 3196 3198
f 438 3199 3201
f 439 3202 3204
f 679 3205 3207
f 680 3208 3210
f 201 3211 3213
f 200 3214 3216
f 201 3217 3211
f 193 3219 3221
f 440 3222 3224
f 677 3189 3226
f 678 3195 3228
f 438 3201 3230
f 321 3231 3233
f 318 3234 3236
f 439 3204 3238
f 317 3239 3241
f 440 3242 3244
f 191 3245 3247
f 193 3248 3250
f 192 3251 3253
f 319 3183 3255
f 257 3256 3258
f 112 3259 3261
f 112 3261 3268
f 657 3269 3271
f 111 3272 3274
f 110 3275 3277
f 271 3278 3280
f 458 3281 3283
f 388 3284 3286
f 385 3287 3289
f 271 3290 3292
f 670 3293 3295
f 675 3296 3298
f 672 3299 3301
f 674 3302 3304
f 60 3305 3307
f 676 3308 3310
f 58 3311 3313
f 285 3314 3316
f 275 3317 3319
f 331 3320 3322
f 331 3322 3324
f 332 3325 3327
f 339 3328 3330
f 675 3331 3333
f 182 3334 3336
f 611 3337 3339
f 59 3073 3341
f 673 3342 3344
f 60 3345 3347
f 672 3348 3350
f 671 3351 3353
f 673 3354 3356
f 293 3357 3359
f 291 3360 3362
f 292 3363 3365
f 290 3366 3368
f 301 3369 3371
f 292 3372 3374
f 299 3375 3377
f 294 3378 3380
f 298 3381 3383
f 296 3384 3386
f 294 3387 3389
f 293 3390 3392
f 292 3393 3363
f 671 3395 3397
f 605 3398 3400
f 670 3401 3403
f 608 3404 3406
f 291 3362 3408
f 290 3368 3410
f 91 3411 3413
f 232 3414 3416
f 231 3417 3419
f 379 3420 3422
f 415 3423 3425
f 254 3426 3428
f 329 3429 3431
f 255 3432 3434
f 421 3435 3437
f 428 3438 3440
f 419 3441 3443
f 70 3444 3446
f 664 3447 3449
f 664 3449 3451
f 665 3452 3454
f 665 3454 3456
f 669 3457 3459
f 464 3460 3462
f 463 3463 3465
f 247 3466 3468
f 668 3469 3471
f 460 3472 3474
f 667 3475 3477
f 461 3478 3480
f 666 3481 3483
f 462 3484 3486
f 242 3487 3489
f 241 3490 3492
f 665 3493 3495
f 664 3496 3498
f 664 3498 3500
f 70 3501 3503
f 113 3509 3511
f 448 3512 3514
f 166 3515 3517
f 165 3518 3520
f 663 3521 3523
f 660 3524 3526
f 662 3527 3529
f 661 3530 3532
f 446 3533 3535
f 445 3536 3538
f 168 3539 3541
f 444 3542 3544
f 449 3545 3547
f 444 3544 3549
f 443 3550 3552
f 436 3553 3555
f 434 3556 3558
f 435 3559 3561
f 433 3562 3564
f 431 3565 3567
f 432 3568 3570
f 430 3571 3573
f 455 3574 3576
f 419 3577 3579
f 420 3580 3582
f 430 3583 3585
f 429 3586 3588
f 431 3589 3591
f 441 3592 3594
f 435 3595 3597
f 279 3598 3600
f 324 3601 3603
f 280 3604 3606
f 323 3607 3609
f 325 3610 3612
f 325 3612 3614
f 436 3615 3617
f 437 3618 3620
f 321 3233 3622
f 323 3623 3607
f 322 3625 3627
f 321 3628 3630
f 318 3236 3632
f 318 3632 3634
f 317 3241 3636
f 272 3637 3639
f 429 3640 3642
f 428 3643 3645
f 272 3646 3648
f 432 3570 3650
f 456 3651 3653
f 455 3576 3655
f 424 3656 3658
f 420 3582 3660
f 423 3661 3663
f 422 3664 3666
f 420 3667 3669
f 419 3670 3441
f 456 3653 3673
f 426 3674 3676
f 424 3658 3678
f 425 3679 3681
f 423 3663 3683
f 427 3684 3686
f 422 3666 3688
f 446 3689 3691
f 447 3692 3694
f 662 3695 3697
f 448 3698 3700
f 663 3701 3703
f 165 3520 3705
f 164 3706 3708
f 445 3538 3710
f 654 3711 3713
f 426 3714 3716
f 425 3681 3718
f 445 3719 3721
f 654 3713 3723
f 655 3724 3726
f 425 3718 3728
f 427 3686 3730
f 659 3731 3733
f 109 3734 3736
f 110 3737 3739
f 659 3740 3742
f 658 3743 3745
f 655 3726 3747
f 427 3730 3749
f 427 3749 3751
f 657 3752 3754
f 422 3688 3756
f 122 3757 3759
f 123 3760 3762
f 457 3763 3765
f 56 3766 3143
f 225 3768 3770
f 496 3771 3773
f 222 3774 3776
f 220 3777 3779
f 494 3780 3782
f 493 3783 3785
f 493 3785 3787
f 535 3788 3790
f 594 3791 3793
f 594 3793 3795
f 595 3796 3798
f 596 3799 3801
f 650 3802 3804
f 102 3805 3807
f 48 3085 3809
f 205 3810 3812
f 205 3812 3814
f 647 3815 3817
f 206 3818 3820
f 208 3821 3823
f 208 3823 3825
f 645 3826 3828
f 210 3829 3831
f 644 3832 3834
f 212 3835 3837
f 213 3838 3840
f 213 3840 3842
f 642 3843 3845
f 215 3846 3848
f 487 3849 3851
f 218 3852 3854
f 219 3855 3857
f 157 3858 3860
f 207 3861 3863
f 72 3058 3865
f 619 3866 3868
f 621 3869 3871
f 620 3872 3874
f 622 3875 3877
f 629 3878 3880
f 630 3881 3883
f 628 3884 3886
f 631 3887 3889
f 219 3890 3892
f 623 3893 3895
f 217 3896 3898
f 624 3899 3901
f 216 3902 3904
f 625 3905 3907
f 214 3908 3910
f 211 3911 3913
f 623 3895 3915
f 624 3901 3917
f 624 3917 3919
f 625 3907 3921
f 97 3922 3924
f 44 3925 3089
f 77 3927 3929
f 43 3930 3932
f 72 3933 3056
f 77 3935 3937
f 82 3938 3940
f 81 3941 3943
f 219 3944 3890
f 488 3946 3948
f 640 3949 3951
f 489 3952 3954
f 493 3787 3956
f 545 3957 3959
f 145 3960 3962
f 551 3963 3965
f 640 3966 3968
f 81 3969 3971
f 81 3971 3973
f 77 3974 3976
f 97 3977 3979
f 551 3965 3981
f 549 3982 3984
f 549 3984 3986
f 547 3987 3989
f 637 3990 3992
f 638 3993 3995
f 638 3995 3997
f 626 3998 4000
f 584 4001 4003
f 615 4004 4006
f 583 4007 4009
f 638 4010 4012
f 637 4013 4015
f 617 4016 4018
f 616 4019 4021
f 618 4022 4024
f 639 4025 4027
f 629 4028 4030
f 627 4031 4033
f 628 3886 4035
f 626 4000 4037
f 615 4006 4039
f 616 4040 4042
f 119 4043 4045
f 639 4027 4047
f 583 4009 4049
f 118 4050 4052
f 105 4053 4055
f 618 4056 4058
f 619 4059 4061
f 617 4062 4064
f 296 3386 4066
f 614 4067 4069
f 295 4070 4072
f 603 4073 4075
f 604 4076 4078
f 602 4079 4081
f 606 4082 4084
f 49 4085 4087
f 610 4088 4090
f 612 4091 4093
f 186 4094 4096
f 188 4097 4099
f 610 4100 4102
f 609 4103 4105
f 606 4106 4108
f 607 4109 4111
f 604 4112 4114
f 605 4115 4117
f 295 4118 4120
f 607 4121 4123
f 609 4105 4125
f 611 4126 3337
f 608 4128 4130
f 607 4111 4121
f 612 4093 4133
f 235 4134 4136
f 50 3082 4138
f 601 4139 4141
f 126 4142 4144
f 125 4145 4147
f 51 4148 4150
f 127 4151 4153
f 601 4141 4155
f 613 4156 4158
f 125 4147 4160
f 124 4161 4163
f 564 4164 4166
f 563 4167 4169
f 614 4069 4171
f 603 4075 4173
f 436 4174 4176
f 443 4177 4179
f 443 4179 4181
f 452 4182 4184
f 444 4185 4187
f 449 3547 4189
f 333 4190 4192
f 599 4193 4195
f 599 4195 4197
f 598 4198 4200
f 35 4201 4203
f 36 4204 4206
f 599 4207 4209
f 33 4210 4212
f 333 4213 4215
f 187 4216 4218
f 598 4200 4220
f 36 4206 4222
f 597 4223 4225
f 597 4225 4227
f 204 2965 4229
f 204 4229 4231
f 207 4232 4234
f 157 4235 4237
f 495 4238 4240
f 496 4241 4243
f 494 4244 3780
f 492 4246 4248
f 493 4249 3783
f 489 4251 4253
f 220 3779 4255
f 595 4256 3796
f 596 4258 3799
f 95 4260 4262
f 593 4263 4265
f 592 4266 4268
f 587 4269 4271
f 589 4272 4274
f 591 4275 4277
f 102 4278 4280
f 586 4281 4283
f 224 4284 4286
f 223 4287 4289
f 588 4290 4292
f 226 4293 4295
f 590 4296 4298
f 102 4299 4301
f 589 4302 4304
f 588 4305 4307
f 587 4308 4310
f 586 4311 4313
f 585 4314 4316
f 79 4317 4319
f 96 4320 4322
f 74 4323 4325
f 580 4326 4328
f 45 4329 4331
f 579 4332 4334
f 121 4335 4337
f 578 4338 4340
f 120 4341 3092
f 580 4328 4344
f 577 4345 4347
f 579 4334 4349
f 576 4350 4352
f 578 4340 4354
f 575 4355 4357
f 577 4347 4359
f 576 4352 4363
f 575 4357 4367
f 575 4372 4374
f 118 3097 4376
f 118 4376 4378
f 498 4379 4381
f 495 4382 4384
f 492 4385 4246
f 535 4387 4389
f 85 4390 4392
f 86 3037 4394
f 166 4395 4397
f 582 4398 4400
f 113 4401 4403
f 107 4404 4406
f 105 4407 4409
f 583 4410 4412
f 584 4413 4415
f 581 4416 4418
f 239 4419 4421
f 65 4422 3059
f 254 4424 4426
f 379 4427 4429
f 566 4430 4432
f 572 4433 4435
f 311 4436 4438
f 309 4439 4441
f 574 3177 4443
f 309 4441 4445
f 299 3377 4447
f 573 4448 4450
f 298 3383 4452
f 562 4453 4455
f 559 4456 4458
f 326 4459 4461
f 327 4462 4464
f 556 4465 4467
f 572 4468 4433
f 555 4470 4472
f 311 4473 4436
f 554 4475 4477
f 312 4478 4480
f 467 4481 4483
f 571 4484 4486
f 350 4487 4489
f 352 4490 4492
f 571 4493 4495
f 316 4496 4498
f 316 4498 4500
f 315 4501 4503
f 315 4503 4505
f 567 4506 4508
f 568 4509 4511
f 350 4489 4513
f 348 4514 4516
f 568 4511 4518
f 569 4519 4521
f 348 4516 4523
f 346 4524 4526
f 566 4527 4529
f 297 4530 4532
f 297 4532 4534
f 281 4535 4537
f 325 3614 4539
f 325 4539 4541
f 259 4542 4544
f 323 4545 4547
f 264 4548 4550
f 322 3627 4552
f 699 4553 4555
f 546 4556 4558
f 701 4559 4561
f 485 4562 4564
f 486 4565 4567
f 484 4568 4570
f 488 4571 4573
f 489 3954 4575
f 486 4576 4578
f 487 4579 4581
f 701 4582 4584
f 466 4585 4587
f 565 4588 4590
f 693 4591 4593
f 61 3070 4595
f 308 4596 4598
f 310 4599 4601
f 466 4602 4604
f 520 4605 4607
f 520 4607 4609
f 518 4610 4612
f 468 4613 4615
f 501 4616 4618
f 472 4619 4621
f 474 4622 4624
f 473 4625 4627
f 475 4628 4630
f 154 4631 4633
f 500 4634 4636
f 155 4637 4639
f 84 4640 4642
f 84 4642 4644
f 546 4558 4646
f 466 4647 4649
f 467 4650 4652
f 312 4653 4655
f 518 4612 4657
f 517 4658 4660
f 519 4661 4663
f 515 4664 4666
f 523 4667 4669
f 501 4618 4671
f 502 4672 4674
f 474 4624 4676
f 476 4677 4679
f 475 4630 4681
f 477 4682 4684
f 500 4636 4686
f 479 4687 4689
f 499 4690 4692
f 481 4693 4695
f 515 4666 4697
f 514 4698 4700
f 513 4701 4703
f 512 4704 4706
f 511 4707 4709
f 411 4710 4712
f 410 4713 4715
f 401 4716 4718
f 400 4719 4721
f 342 4722 4724
f 398 4725 4727
f 63 4728 4730
f 343 4731 4733
f 402 4734 4736
f 345 4737 4739
f 403 4740 4742
f 347 4743 4745
f 404 4746 4748
f 349 4749 4751
f 405 4752 4754
f 351 4755 4757
f 353 4758 4760
f 353 4760 4762
f 355 4763 4765
f 355 4765 4767
f 408 4768 4770
f 357 4771 4773
f 92 4774 4776
f 92 4776 4778
f 693 3028 4780
f 523 4669 4782
f 509 4783 4785
f 507 4786 4788
f 508 4789 4791
f 506 4792 4794
f 524 4795 4797
f 525 4798 4800
f 527 4801 4803
f 526 4804 4806
f 528 4807 4809
f 530 4810 4812
f 529 4813 4815
f 531 4816 4818
f 231 4819 4821
f 227 4822 4824
f 531 4825 4827
f 532 4828 4830
f 530 4831 4833
f 541 4834 4836
f 540 4837 4839
f 542 4840 4842
f 543 4843 4845
f 491 4846 4848
f 490 4849 4851
f 543 4852 4854
f 480 4855 4857
f 540 4858 4860
f 478 4861 4863
f 539 4864 4866
f 476 4867 4869
f 504 4870 4872
f 503 4873 4875
f 505 4876 4878
f 519 4879 4881
f 523 4882 4667
f 505 4884 4886
f 506 4887 4792
f 504 4889 4891
f 526 4892 4894
f 539 4895 4897
f 538 4898 4900
f 540 4901 4903
f 530 4904 4906
f 526 4907 4909
f 526 4894 4804
f 502 4674 4912
f 476 4679 4914
f 477 4684 4916
f 479 4689 4918
f 479 4918 4920
f 481 4695 4922
f 481 4922 4924
f 483 4925 4927
f 682 4928 4930
f 485 4931 4933
f 546 4934 4936
f 682 4937 4939
f 481 4940 4693
f 484 4570 4943
f 482 4944 4946
f 490 4947 4949
f 489 4575 4951
f 491 4952 4954
f 492 4955 4957
f 497 4958 4960
f 498 4961 4379
f 497 4960 4964
f 532 4965 4967
f 55 4968 4970
f 532 4967 4972
f 533 4973 4975
f 534 4976 4978
f 535 4389 4980
f 529 4815 4982
f 383 4983 4985
f 231 4821 4987
f 89 4988 4990
f 91 4991 4993
f 527 4803 4995
f 383 4985 4997
f 509 4785 4999
f 510 5000 5002
f 508 4791 5004
f 537 5005 5007
f 524 4797 5009
f 358 5010 5012
f 536 5013 5015
f 360 5016 5018
f 383 4997 5020
f 382 5021 5023
f 510 5002 5025
f 537 5007 5027
f 358 5012 5029
f 400 5030 4719
f 359 5032 5034
f 398 5035 4725
f 361 5037 5039
f 376 5040 5042
f 563 5043 5045
f 561 5046 5048
f 560 5049 5051
f 564 5052 5054
f 557 5055 5057
f 124 5058 5060
f 547 5061 5063
f 122 5064 5066
f 561 5048 5068
f 560 5051 5070
f 557 5057 5072
f 558 5073 5075
f 547 5063 5077
f 548 5078 5080
f 558 5075 5082
f 328 5083 5085
f 548 5080 5087
f 556 5088 4465
f 550 5090 5092
f 555 5093 4470
f 552 5095 5097
f 554 5098 4475
f 553 5100 5102
f 467 5103 4481
f 469 5105 5107
f 468 5108 5110
f 470 5111 5113
f 472 5114 4619
f 471 5116 5118
f 473 5119 4625
f 154 5121 4631
f 469 5123 5125
f 553 5126 5128
f 545 5129 5131
f 552 5132 5134
f 551 5135 3963
f 550 5137 5139
f 549 5140 3982
f 548 5142 5144
f 547 5145 3987
f 149 5147 5149
f 471 5150 5152
f 151 5153 5155
f 154 5156 5121
f 153 5158 5160
f 83 5161 5163
f 471 5152 5165
f 83 5163 5167
f 84 3040 4640
f 151 5169 5171
f 704 5172 5174
f 150 5175 5177
f 46 5178 5180
f 143 5181 5183
f 149 5184 5186
f 143 5187 5181
f 148 5189 5191
f 145 3962 5193
f 376 5042 5195
f 69 5196 5198
f 465 5199 5201
f 63 5202 5204
f 375 5205 5207
f 464 5208 5210
f 374 5211 5213
f 463 5214 3463
f 367 5216 5218
f 247 5219 3466
f 374 5221 5223
f 370 5224 5226
f 371 5227 5229
f 371 5229 5231
f 372 5232 5234
f 372 5234 5236
f 373 5237 5239
f 373 5239 5241
f 232 3416 5243
f 232 5243 5245
f 230 5246 5248
f 241 5249 5251
f 462 5252 5254
f 462 5254 5256
f 461 5257 5259
f 461 5259 5261
f 460 5262 5264
f 460 5264 3472
f 458 3283 5267
f 330 5268 5270
f 385 3289 5272
f 457 5273 5275
f 93 5276 5278
f 229 5279 5281
f 93 5278 5283
f 93 5283 5285
f 94 3025 5287
f 253 5288 5290
f 252 5293 5295
f 380 5298 5300
f 94 5301 5303
f 381 5304 5306
f 111 5311 3272
f 108 5313 5315
f 110 5316 3275
f 109 5318 5320
f 262 5323 5325
f 320 5326 5328
f 322 5329 5331
f 262 5332 5334
f 454 5335 5337
f 197 5338 5340
f 451 5341 5343
f 450 5344 5346
f 452 5347 5349
f 449 4189 5351
f 451 5352 3184
f 449 5351 5355
f 196 5356 5358
f 168 5359 5361
f 169 5362 5364
f 131 5365 5367
f 170 5368 5370
f 171 5371 5373
f 196 5374 5376
f 195 5377 5379
f 190 5380 5382
f 194 5383 5385
f 193 5386 5388
f 190 5389 5391
f 189 5392 5394
f 171 5395 5397
f 181 5398 5400
f 170 5401 5403
f 192 5404 3251
f 392 5406 5408
f 391 5409 5411
f 393 5412 5414
f 417 5415 5417
f 418 5418 5420
f 414 5421 5423
f 413 5424 5426
f 238 5427 5429
f 65 5430 5432
f 415 3425 5434
f 416 5435 5437
f 329 3431 5439
f 384 5440 5442
f 386 5443 5445
f 417 5446 5448
f 391 5449 5451
f 414 5423 5453
f 394 5454 5456
f 395 5457 5459
f 396 5460 5462
f 397 5463 5465
f 342 5466 5468
f 63 4730 5470
f 64 3067 5472
f 412 5473 5475
f 65 5476 5478
f 413 5479 5481
f 418 5482 5484
f 393 5485 5487
f 395 5459 5489
f 397 5465 5491
f 569 4521 5493
f 570 5494 5496
f 346 4526 5498
f 344 5499 5501
f 342 5502 5504
f 396 5505 5507
f 330 5508 5510
f 385 5272 5512
f 385 5512 5514
f 387 5515 5517
f 388 5518 5520
f 389 5521 5523
f 390 5524 5526
f 391 5411 5528
f 391 5528 5530
f 386 5531 5533
f 89 4990 5535
f 362 5536 5538
f 90 3031 5540
f 360 5541 5543
f 68 5544 5546
f 378 5547 5549
f 377 5550 5552
f 381 5553 5555
f 380 5556 5558
f 252 5559 5561
f 250 5562 5564
f 379 4429 5566
f 378 5549 5568
f 88 5569 5571
f 230 5248 5573
f 363 5574 5576
f 375 5577 5205
f 374 5579 5211
f 363 5581 5583
f 373 5584 5586
f 372 5587 5589
f 372 5589 5591
f 371 5592 5594
f 371 5594 5596
f 370 5597 5599
f 370 5599 5224
f 364 5601 5603
f 363 5604 5606
f 365 5607 5609
f 366 5610 5612
f 367 5613 5615
f 368 5616 5618
f 247 5619 5219
f 369 5621 5623
f 368 5624 5616
f 361 5626 5628
f 360 5629 5541
f 359 5631 5633
f 358 5634 5636
f 92 5637 5639
f 357 5640 5642
f 357 5642 5644
f 355 5645 5647
f 355 5647 5649
f 353 5650 5652
f 353 5652 5654
f 351 5655 5657
f 351 5657 5659
f 349 5660 5662
f 349 5662 5664
f 347 5665 5667
f 347 5667 5669
f 345 5670 5672
f 345 5672 5674
f 343 5675 5677
f 343 5677 4731
f 340 2915 5680
f 341 5681 5683
f 282 5684 5686
f 340 5687 5689
f 182 5690 5692
f 339 5693 5695
f 339 5695 5697
f 332 5698 5700
f 284 5701 5703
f 338 5704 5706
f 283 5707 5709
f 26 5710 5712
f 24 5713 5715
f 283 5716 5718
f 28 5719 5721
f 336 5722 5724
f 30 5725 5727
f 335 5728 5730
f 32 5731 5733
f 333 5734 5736
f 33 5737 5739
f 336 5724 5741
f 334 5742 5744
f 335 5730 5746
f 333 5736 5748
f 333 5748 4190
f 331 5750 5752
f 273 5753 5755
f 275 5756 5758
f 330 5270 5760
f 329 5761 5763
f 301 5764 5766
f 300 5767 5769
f 300 5769 5771
f 314 5772 5774
f 313 5775 5777
f 315 4505 5779
f 306 5780 5782
f 265 5783 5785
f 302 5786 5788
f 266 5789 5791
f 286 5792 5794
f 277 5795 5797
f 285 5798 5800
f 275 5801 3317
f 58 5803 5805
f 287 5806 5808
f 288 5809 5811
f 289 5812 5814
f 290 3410 5816
f 290 5816 5818
f 287 5808 5820
f 303 5821 5823
f 304 5824 5826
f 305 5827 5829
f 287 5830 5832
f 303 5823 5834
f 307 5835 5837
f 305 5829 5839
f 308 5840 5842
f 309 4445 5844
f 310 5845 4599
f 311 5847 5849
f 312 4480 5851
f 61 5852 5854
f 313 5777 5856
f 306 5782 5858
f 316 5859 5861
f 684 5862 5864
f 571 5865 5867
f 399 5868 5870
f 390 5871 5873
f 683 5874 5876
f 388 5877 5879
f 269 5880 5882
f 267 5883 5885
f 684 5886 5888
f 265 5889 5891
f 273 5755 5893
f 282 5894 5896
f 274 5897 5899
f 281 5900 4535
f 278 5902 5904
f 280 5905 5907
f 279 5908 5910
f 278 5911 5913
f 270 5914 5916
f 276 5917 5919
f 268 5920 5922
f 277 5923 5925
f 266 5926 5928
f 274 5929 5931
f 276 5932 5934
f 274 5931 5936
f 274 5936 5897
f 270 5916 5939
f 269 5940 5942
f 268 5922 5944
f 267 5945 5883
f 266 5928 5948
f 265 5949 5889
f 259 5951 5953
f 264 4550 5955
f 262 5334 5957
f 22 5958 5960
f 261 5961 5963
f 21 5964 5966
f 234 5967 5969
f 20 5970 5972
f 23 5973 5975
f 258 5976 5978
f 257 5979 5981
f 256 5982 5984
f 255 5985 5987
f 251 5988 5990
f 254 5991 4424
f 251 5990 5994
f 250 5995 5562
f 240 5997 5999
f 241 6000 5249
f 243 6002 6004
f 248 6005 6007
f 248 6007 6009
f 66 6010 6012
f 244 6013 6015
f 245 6016 6018
f 243 6019 6002
f 242 6021 6023
f 241 3492 6000
f 237 6025 6027
f 239 6028 6030
f 65 6031 4422
f 237 6033 6035
f 236 6036 6038
f 51 6039 6041
f 133 6042 6044
f 235 4136 6046
f 132 6047 6049
f 234 6050 6052
f 233 6053 6055
f 192 6056 6058
f 189 6059 6061
f 233 6055 6063
f 115 6064 6066
f 189 6061 6068
f 181 5400 6070
f 181 6070 6072
f 231 3419 6074
f 228 6075 6077
f 227 4824 6079
f 56 6080 6082
f 55 6083 6085
f 229 6086 6088
f 230 6089 6091
f 94 6099 3023
f 221 6101 6103
f 223 6104 6106
f 222 6107 6109
f 224 6110 6112
f 225 6113 6115
f 78 6116 6118
f 221 6119 6121
f 218 6122 6124
f 215 6125 6127
f 215 6127 6129
f 214 6130 3908
f 213 6132 6134
f 211 6135 3911
f 212 6137 6139
f 210 6140 6142
f 210 6142 6144
f 208 6145 6147
f 208 6147 6149
f 206 6150 6152
f 206 6152 6154
f 205 6155 6157
f 205 6157 6159
f 48 6160 6162
f 48 6162 3083
f 203 6164 6166
f 174 6167 6169
f 175 6170 6172
f 203 6173 2948
f 200 6175 6177
f 199 6178 6180
f 201 6181 6183
f 198 6184 6186
f 198 6186 6188
f 195 6189 6191
f 196 6192 6194
f 198 6195 6197
f 132 6198 6200
f 176 6201 6203
f 188 6204 6206
f 187 6207 4216
f 186 6209 6211
f 185 6212 6214
f 183 6215 6217
f 184 6218 6220
f 182 6221 5690
f 170 5403 6224
f 117 6225 6227
f 180 6228 6230
f 161 6231 6233
f 173 6234 6236
f 128 6237 6239
f 130 6240 6242
f 180 6243 6245
f 179 6246 6248
f 177 6249 6251
f 178 6252 6254
f 176 6203 6256
f 131 6257 6259
f 175 6260 6262
f 130 6263 6265
f 174 6266 6268
f 173 6269 6271
f 172 6272 6274
f 161 6233 6276
f 162 6277 6279
f 128 6239 6281
f 163 6282 6284
f 164 6285 6287
f 165 6288 6290
f 166 6291 6293
f 167 6294 6296
f 159 6297 6299
f 162 6300 6302
f 138 6303 6305
f 136 6306 6308
f 137 6309 6311
f 135 6312 6314
f 139 6315 6317
f 140 6318 6320
f 141 6321 6323
f 142 6324 6326
f 143 6327 6329
f 144 6330 6332
f 145 5193 6334
f 146 6335 6337
f 147 6338 6340
f 144 6332 6342
f 146 6337 6344
f 146 6344 6346
f 123 3762 6348
f 141 6349 6351
f 52 6352 6354
f 139 6355 6357
f 157 6358 3858
f 137 6360 6362
f 138 6363 6365
f 138 6365 6367
f 159 6368 6370
f 135 6314 6372
f 133 6373 6375
f 140 6320 6377
f 160 6378 6380
f 142 6326 6382
f 156 6383 6385
f 156 6385 6387
f 133 6375 6389
f 129 6390 6392
f 168 6393 6395
f 131 6396 5365
f 129 6398 6400
f 128 6401 6403
f 123 6348 6405
f 125 6406 4145
f 124 6408 4161
f 123 6410 3760
f 43 6412 6414
f 71 6415 6417
f 71 6417 6419
f 119 6420 6422
f 119 6422 6424
f 15 6425 6427
f 116 6428 6430
f 115 6431 6433
f 15 6434 6436
f 109 3736 6438
f 107 6439 4404
f 108 6441 6443
f 106 6444 6446
f 106 6446 6448
f 95 3171 6450
f 73 6451 3053
f 103 3163 6454
f 104 6455 3128
f 76 6457 3134
f 103 6459 6461
f 101 6462 6464
f 99 3157 6466
f 99 6466 6468
f 73 6469 6471
f 95 6472 4260
f 159 6370 6475
f 636 6476 6478
f 167 6479 6481
f 581 6482 6484
f 637 4015 6486
f 633 6487 6489
f 633 6489 6491
f 635 6492 6494
f 633 6491 6496
f 634 6497 6499
f 632 6500 6502
f 633 6496 6504
f 631 6505 6507
f 625 3921 6509
f 211 3913 6511
f 632 6502 6513
f 681 6514 6516
f 102 6517 3805
f 221 6519 6101
f 681 6521 6514
f 685 6523 2873
f 704 6525 6527
f 152 6528 6530
f 642 6531 6533
f 7 6534 6536
f 6 2857 6538
f 643 6539 6541
f 644 6542 6544
f 644 6545 6542
f 645 6547 6549
f 645 6550 6547
f 646 6552 6554
f 646 6555 6552
f 647 6557 6559
f 647 6560 6557
f 696 6562 6564
f 648 6565 6567
f 649 6568 6570
f 704 6527 6572
f 703 6573 6575
f 702 6576 2852
f 700 6578 2858
f 699 6580 6582
f 698 6583 3000
f 697 6585 6587
f 40 6588 6590
f 83 6591 6593
f 1 6594 6596
f 153 6597 6599
f 2 6600 6602
f 152 6603 6528
f 648 6605 6565
f 649 6570 6608
f 693 6609 6611
f 409 6612 6614
f 408 6615 6617
f 4 2869 6619
f 522 6620 6622
f 693 6611 6624
f 688 6625 6627
f 692 6628 2840
f 691 6630 2843
f 403 4742 6633
f 404 4748 6635
f 690 6636 2846
f 405 4754 6639
f 689 6640 3012
f 406 6642 6644
f 37 6645 3018
f 407 6647 6649
f 3 6650 6652
f 408 4770 6654
f 4 6619 6656
f 411 6657 6659
f 8 6660 6662
f 39 2851 6664
f 512 6665 6667
f 38 3017 6669
f 514 6670 6672
f 687 3022 6674
f 516 6675 6677
f 685 6678 6680
f 521 6681 6683
f 522 6684 6686
f 708 6687 6689
f 708 6689 2841
f 710 6690 6691
f 711 6692 6693
f 711 6693 2844
f 712 6694 6695
f 713 6696 6697
f 713 6697 2847
f 714 6698 6699
f 715 6700 6701
f 715 6701 2850
f 716 6702 6703
f 717 6704 6706
f 717 6706 2853
f 719 6707 6708
f 720 6709 6710
f 720 6710 2856
f 721 6711 6712
f 722 6713 6714
f 722 6714 2859
f 723 6715 6716
f 724 6717 6718
f 724 6718 2862
f 725 6719 6720
f 726 6721 6723
f 726 6723 2865
f 728 6724 6726
f 729 6727 6728
f 729 6728 2868
f 730 6729 6730
f 731 6731 6732
f 731 6732 2871
f 732 6733 6656
f 733 6734 6735
f 733 6735 2874
f 734 6736 6737
f 735 6678 6738
f 735 6738 2877
f 736 6739 6740
f 736 6740 6741
f 736 6741 2879
f 738 6742 6744
f 739 6745 6747
f 739 6747 2882
f 741 6748 6750
f 742 6751 6752
f 742 6752 2885
f 743 6753 6754
f 743 6754 6755
f 743 6755 2887
f 745 6756 6758
f 746 6562 6759
f 746 6759 2890
f 747 6760 6761
f 747 6761 6762
f 747 6762 2892
f 749 6763 6765
f 750 6766 6767
f 750 6767 2895
f 751 6768 6769
f 752 6770 6772
f 752 6772 2898
f 754 6773 6774
f 754 6774 6776
f 754 6776 2900
f 756 6777 6779
f 756 6779 6781
f 756 6781 2902
f 758 6782 6784
f 758 6784 6786
f 758 6786 2904
f 760 6787 6788
f 761 2958 6790
f 761 6790 2907
f 763 6791 6793
f 763 6793 6795
f 763 6795 2909
f 765 6796 5689
f 764 6794 6798
f 764 6798 2912
f 767 6799 6801
f 767 6801 6802
f 767 6802 2914
f 768 6803 6804
f 769 6805 6806
f 769 6806 2917
f 770 6807 6808
f 770 6808 6810
f 770 6810 2919
f 772 6811 2947
f 771 6809 6812
f 771 6812 2922
f 773 6813 6814
f 773 6814 6816
f 773 6816 2924
f 775 6817 6818
f 775 6818 6819
f 775 6819 2926
f 777 6820 6822
f 777 6822 6824
f 777 6824 2928
f 779 6825 6826
f 778 6823 6828
f 778 6828 2931
f 781 6829 6831
f 781 6831 6833
f 781 6833 2933
f 783 6834 6835
f 782 6832 6837
f 782 6837 2936
f 785 6838 6840
f 785 6840 6841
f 785 6841 2938
f 787 6842 6844
f 783 6835 6845
f 783 6845 2940
f 788 6846 6847
f 788 6847 6848
f 788 6848 2942
f 790 6849 6851
f 779 6826 6852
f 779 6852 2944
f 791 6853 6854
f 791 6854 6855
f 791 6855 2946
f 772 6856 2920
f 793 6858 6859
f 793 6859 2949
f 794 6860 6861
f 794 6861 6862
f 794 6862 2951
f 795 6863 6864
f 796 6164 6865
f 796 6865 2954
f 797 6866 6867
f 797 6867 6868
f 797 6868 2956
f 798 6869 2962
f 761 2906 6871
f 761 6871 2959
f 800 6872 6873
f 800 6873 6875
f 800 6875 2961
f 798 6876 2957
f 801 6874 6878
f 801 6878 2964
f 803 6879 6881
f 799 6870 6882
f 799 6882 2967
f 805 6883 6885
f 805 6885 6887
f 805 6887 2969
f 807 6888 2999
f 806 6886 6890
f 806 6890 2972
f 809 6891 6892
f 809 6892 6894
f 809 6894 2974
f 811 6895 6896
f 810 6893 6898
f 810 6898 2977
f 813 6899 6900
f 813 6900 6902
f 813 6902 2979
f 815 6903 6904
f 814 6901 6906
f 814 6906 2982
f 817 6907 6908
f 817 6908 6910
f 817 6910 2984
f 819 6911 6912
f 819 6912 6913
f 819 6913 2986
f 821 6914 6916
f 821 6916 6918
f 821 6918 2988
f 823 6919 6921
f 815 6904 6922
f 815 6922 2990
f 824 6923 6924
f 824 6924 6926
f 824 6926 2992
f 826 6927 6928
f 811 6896 6929
f 811 6929 2994
f 827 6930 6931
f 827 6931 6933
f 827 6933 2996
f 829 6934 6935
f 829 6935 6936
f 829 6936 2998
f 807 6937 2970
f 830 6938 6939
f 830 6939 3001
f 831 6940 6941
f 832 6942 6943
f 832 6943 3004
f 833 6944 6945
f 834 3009 6946
f 834 6946 3007
f 835 6947 6948
f 834 3006 6949
f 834 6949 3010
f 836 6950 6590
f 837 6951 6952
f 837 6952 3013
f 838 6953 6954
f 839 6955 6956
f 839 6956 3016
f 840 6957 6958
f 841 6959 6960
f 841 6960 3019
f 842 6961 6962
f 738 6744 6963
f 738 6963 3021
f 843 6964 6965
f 844 6966 6967
f 844 6967 3024
f 846 6968 6970
f 847 6971 6972
f 847 6972 3027
f 849 6973 6974
f 850 3411 6975
f 850 6975 3030
f 852 6976 6978
f 853 5569 6980
f 853 6980 3033
f 855 6981 6983
f 856 6984 6986
f 856 6986 3036
f 858 6987 6989
f 859 6990 6992
f 859 6992 3039
f 861 6993 6994
f 862 3938 6996
f 862 6996 3042
f 864 6997 3973
f 865 6998 7000
f 865 7000 3045
f 867 7001 7002
f 868 7003 7005
f 868 7005 3048
f 870 7006 7007
f 871 7008 7009
f 871 7009 3051
f 872 7010 7011
f 873 7012 7014
f 873 7014 3054
f 875 7015 7016
f 876 7017 7019
f 876 7019 3057
f 878 7020 7021
f 879 7022 7023
f 879 7023 3060
f 881 7024 7026
f 882 7027 7028
f 882 7028 3063
f 883 7029 6012
f 884 5476 7031
f 884 7031 3066
f 886 7032 7033
f 887 62 7034
f 887 7034 3069
f 888 7035 7036
f 889 3345 7038
f 889 7038 3072
f 891 7039 7040
f 892 7041 7042
f 892 7042 3075
f 894 7043 6085
f 895 7045 7047
f 895 7047 3078
f 897 7048 7050
f 898 4148 7052
f 898 7052 3081
f 900 7053 7055
f 901 7056 7058
f 901 7058 3084
f 903 7059 7060
f 902 7057 7062
f 902 7062 3087
f 905 7063 5180
f 906 7064 7066
f 906 7066 3090
f 908 7067 3932
f 909 7068 7070
f 909 7070 3093
f 911 7071 7072
f 912 7073 7074
f 912 7074 3096
f 913 7075 7076
f 914 7077 7078
f 914 7078 3099
f 916 7079 7081
f 759 6785 7082
f 759 7082 3102
f 917 7083 7084
f 918 6047 7086
f 918 7086 3105
f 920 7087 7088
f 921 4134 7089
f 921 7089 3108
f 922 7090 4099
f 923 7091 7092
f 923 7092 3111
f 924 7093 7094
f 904 7061 7095
f 904 7095 3114
f 925 7096 6354
f 926 7097 7098
f 926 7098 3117
f 928 7099 7101
f 929 7102 7103
f 929 7103 3120
f 930 7104 3804
f 931 7105 7106
f 931 7106 3123
f 932 7107 7108
f 933 7109 7110
f 933 7110 3126
f 934 7111 7112
f 935 7113 7114
f 935 7114 3129
f 936 7115 7116
f 937 7117 7118
f 937 7118 3132
f 938 7119 7120
f 939 7121 7122
f 939 7122 3135
f 940 7123 7124
f 941 7125 7126
f 941 7126 3138
f 942 7127 7128
f 866 6999 7129
f 866 7129 3141
f 943 7130 7131
f 944 7132 7133
f 944 7133 3144
f 892 7134 7041
f 945 3788 7135
f 945 7135 3146
f 947 7136 7138
f 942 7128 7139
f 942 7139 3148
f 948 7140 7141
f 948 7141 7142
f 948 7142 3150
f 893 7143 7044
f 950 4278 7146
f 950 7146 3153
f 952 7147 7148
f 953 7149 7150
f 953 7150 3156
f 954 7151 7152
f 955 4275 7153
f 955 7153 3159
f 956 7154 7155
f 957 7156 7157
f 957 7157 3162
f 958 7158 7159
f 959 4266 7160
f 959 7160 3165
f 960 7161 7162
f 961 4263 7163
f 961 7163 3168
f 962 7164 7165
f 962 7165 7166
f 962 7166 3170
f 964 7167 7169
f 965 7170 7172
f 965 7172 3173
f 967 7173 7175
f 968 7176 7177
f 968 7177 3176
f 969 7178 7179
f 970 5967 7181
f 970 7181 3179
f 972 7182 7183
f 973 7184 7185
f 973 7185 3182
f 974 7186 7187
f 975 7188 7190
f 975 7190 3185
f 977 7191 7193
f 978 7194 7195
f 978 7195 3188
f 979 7196 7197
f 980 5341 7198
f 980 7198 3191
f 981 7199 7200
f 982 7201 7202
f 982 7202 3194
f 983 7203 7204
f 984 7205 7206
f 984 7206 3197
f 985 7207 7208
f 986 7209 7210
f 986 7210 3200
f 987 7211 7212
f 988 3205 7213
f 988 7213 3203
f 989 7214 7215
f 988 3202 7217
f 988 7217 3206
f 991 7218 7219
f 992 7220 7221
f 992 7221 3209
f 993 7222 3224
f 994 7223 7224
f 994 7224 3212
f 995 7225 7226
f 996 6181 7227
f 996 7227 3215
f 997 7228 7229
f 998 5335 7230
f 998 7230 3218
f 994 7231 7223
f 999 6175 7232
f 999 7232 3220
f 1000 7233 7234
f 1001 3248 7235
f 1001 7235 3223
f 993 7236 3210
f 979 7197 7238
f 979 7238 3225
f 1003 7239 7241
f 983 7204 7242
f 983 7242 3227
f 1004 7243 7244
f 987 7212 7245
f 987 7245 3229
f 1005 7246 7247
f 1006 7248 7249
f 1006 7249 3232
f 1007 7250 7251
f 1008 7252 7253
f 1008 7253 3235
f 1009 7254 7255
f 989 7215 7256
f 989 7256 3237
f 1010 7257 7258
f 1011 7259 7260
f 1011 7260 3240
f 1012 7261 7262
f 990 7216 7263
f 990 7263 3243
f 1013 7264 7265
f 1014 7266 7267
f 1014 7267 3246
f 1015 7268 7269
f 1001 3222 7270
f 1001 7270 3249
f 1016 7271 7272
f 1017 7273 7274
f 1017 7274 3252
f 1018 7275 7276
f 974 7187 7277
f 974 7277 3254
f 1019 7278 3636
f 1020 5982 7280
f 1020 7280 3257
f 1022 7281 7283
f 1023 7284 7285
f 1023 7285 3260
f 1024 7286 7287
f 1025 5979 7288
f 1025 7288 3263
f 1026 7289 7290
f 1027 7292 7293
f 1024 7287 7295
f 1024 7295 3267
f 1029 7296 7298
f 1030 7299 7300
f 1030 7300 3270
f 1031 7301 3756
f 1032 7302 7303
f 1032 7303 3273
f 1033 7304 7305
f 1034 7306 7307
f 1034 7307 3276
f 1035 7308 3754
f 1036 7309 7310
f 1036 7310 3279
f 1038 7311 7313
f 1039 7314 7315
f 1039 7315 3282
f 1040 7316 7317
f 1041 3290 7318
f 1041 7318 3285
f 1042 7319 7320
f 1043 5518 7321
f 1043 7321 3288
f 1044 7322 7323
f 1041 3284 7325
f 1041 7325 3291
f 1046 7326 5942
f 1047 3404 7327
f 1047 7327 3294
f 1049 7328 7330
f 1050 7331 7332
f 1050 7332 3297
f 1051 7333 3339
f 1052 7334 7335
f 1052 7335 3300
f 1053 7336 7337
f 1054 7338 7339
f 1054 7339 3303
f 1055 7340 3333
f 1056 3348 7341
f 1056 7341 3306
f 1057 7342 7343
f 1058 7344 7345
f 1058 7345 3309
f 1059 7346 7347
f 890 7037 7348
f 890 7348 3312
f 1060 7349 7350
f 1061 5803 7351
f 1061 7351 3315
f 1062 7352 7353
f 1063 7354 7355
f 1063 7355 3318
f 1064 7356 7357
f 1065 5756 7358
f 1065 7358 3321
f 1066 7359 7360
f 1066 7360 7361
f 1066 7361 3323
f 1067 7362 7363
f 1068 5750 7364
f 1068 7364 3326
f 1069 7365 7366
f 1070 5698 7367
f 1070 7367 3329
f 1071 7368 7369
f 1072 7370 7371
f 1072 7371 3332
f 1055 7372 3304
f 1073 5693 7373
f 1073 7373 3335
f 1074 7374 7375
f 1075 7376 7377
f 1075 7377 3338
f 1051 7378 3298
f 891 7040 7380
f 891 7380 3340
f 1077 7381 7382
f 1078 7383 7384
f 1078 7384 3343
f 1079 7385 7386
f 889 3071 7387
f 889 7387 3346
f 1080 7388 7389
f 1056 3305 7390
f 1056 7390 3349
f 1081 7391 3356
f 1082 3401 7392
f 1082 7392 3352
f 1083 7393 7394
f 1084 7395 7396
f 1084 7396 3355
f 1081 7397 3350
f 1085 3395 7398
f 1085 7398 3358
f 1086 7399 7400
f 1087 7401 7402
f 1087 7402 3361
f 1088 7403 7404
f 1089 7405 7406
f 1089 7406 3364
f 1090 7407 7408
f 1091 7409 7410
f 1091 7410 3367
f 1092 7411 7412
f 1093 3372 7413
f 1093 7413 3370
f 1094 7414 7415
f 1093 3369 7417
f 1093 7417 3373
f 1096 7418 7419
f 1097 7420 7421
f 1097 7421 3376
f 1098 7422 7423
f 1099 3393 7424
f 1099 7424 3379
f 1100 7425 7426
f 1101 7427 7428
f 1101 7428 3382
f 1102 7429 7430
f 1103 3387 7431
f 1103 7431 3385
f 1104 7432 7433
f 1103 3384 7435
f 1103 7435 3388
f 1106 7436 7437
f 1107 7438 7439
f 1107 7439 3391
f 1108 7440 7441
f 1099 3378 7442
f 1099 7442 3394
f 1089 7443 7405
f 1085 3357 7444
f 1085 7444 3396
f 1109 7445 7446
f 1110 7447 7448
f 1110 7448 3399
f 1111 7449 4120
f 1082 3351 7450
f 1082 7450 3402
f 1112 7451 7452
f 1047 3293 7453
f 1047 7453 3405
f 1113 7454 7455
f 1088 7404 7456
f 1088 7456 3407
f 1114 7457 7458
f 1092 7412 7459
f 1092 7459 3409
f 1115 7460 7461
f 850 3029 7463
f 850 7463 3412
f 1117 7464 7465
f 1118 7466 7467
f 1118 7467 3415
f 1119 7468 7469
f 1120 4991 7470
f 1120 7470 3418
f 1121 7471 7472
f 1122 7473 7474
f 1122 7474 3421
f 1124 7475 7477
f 1125 7478 7479
f 1125 7479 3424
f 1126 7480 7481
f 1127 4427 7482
f 1127 7482 3427
f 1128 7483 7484
f 1129 7485 7486
f 1129 7486 3430
f 1130 7487 7488
f 1131 5991 7489
f 1131 7489 3433
f 1132 7490 5763
f 1133 7491 7492
f 1133 7492 3436
f 1134 7493 7494
f 1135 7495 7496
f 1135 7496 3439
f 1037 7497 7312
f 1136 7498 7499
f 1136 7499 3442
f 1137 7500 7501
f 1138 7502 7503
f 1138 7503 3445
f 1140 7504 7506
f 1141 3501 7507
f 1141 7507 3448
f 1142 7508 7509
f 1142 7509 7510
f 1142 7510 3450
f 1144 7511 7513
f 1145 3496 7514
f 1145 7514 3453
f 1146 7515 7516
f 1146 7516 7517
f 1146 7517 3455
f 1148 7518 7520
f 1149 7521 7522
f 1149 7522 3458
f 1150 7523 3471
f 1151 3493 7524
f 1151 7524 3461
f 1152 7525 7526
f 1153 7527 7528
f 1153 7528 3464
f 1154 7529 7530
f 1155 7531 7532
f 1155 7532 3467
f 1156 7533 7534
f 1157 7535 7536
f 1157 7536 3470
f 1150 7537 3459
f 1158 7538 7539
f 1158 7539 3473
f 1159 7540 7541
f 1160 7542 7543
f 1160 7543 3476
f 1147 7544 7519
f 1161 5262 7545
f 1161 7545 3479
f 1162 7546 7547
f 1163 7548 7549
f 1163 7549 3482
f 1143 7550 7512
f 1164 5257 7551
f 1164 7551 3485
f 1165 7552 7553
f 1166 7554 7555
f 1166 7555 3488
f 1139 7556 7505
f 1167 5252 7557
f 1167 7557 3491
f 1168 7558 7559
f 1151 3460 7560
f 1151 7560 3494
f 1170 7561 7563
f 1145 3452 7564
f 1145 7564 3497
f 1171 7565 7566
f 1171 7566 7567
f 1171 7567 3499
f 1173 7568 7570
f 1141 3447 7571
f 1141 7571 3502
f 880 7572 7025
f 1174 7573 7575
f 1174 7575 3505
f 1176 7576 7577
f 1177 7579 7580
f 1178 7581 7583
f 1178 7583 3510
f 1180 7584 7585
f 1181 7586 7587
f 1181 7587 3513
f 1182 7588 3703
f 1183 4401 7589
f 1183 7589 3516
f 1184 7590 7591
f 1185 6291 7592
f 1185 7592 3519
f 1186 7593 7594
f 1179 7582 7596
f 1179 7596 3522
f 1188 7597 7599
f 1189 7600 7601
f 1189 7601 3525
f 1190 7602 7603
f 1191 3701 7604
f 1191 7604 3528
f 1192 7605 7606
f 1193 7607 7608
f 1193 7608 3531
f 1194 7609 7610
f 1195 3695 7611
f 1195 7611 3534
f 1196 7612 7613
f 1197 7614 7615
f 1197 7615 3537
f 1198 7616 7617
f 1199 3689 7618
f 1199 7618 3540
f 1200 7619 7620
f 1201 7621 7622
f 1201 7622 3543
f 1202 7623 7624
f 1203 5359 7625
f 1203 7625 3546
f 1204 7626 7627
f 1202 7624 7628
f 1202 7628 3548
f 1206 7629 7631
f 1207 4185 7632
f 1207 7632 3551
f 1208 7633 7634
f 1209 4177 7635
f 1209 7635 3554
f 1210 7636 7637
f 1211 7638 7639
f 1211 7639 3557
f 1212 7640 7641
f 1213 3615 7642
f 1213 7642 3560
f 1214 7643 7644
f 1215 7645 7646
f 1215 7646 3563
f 1216 7647 7648
f 1217 3595 7649
f 1217 7649 3566
f 1218 7650 7651
f 1219 7652 7653
f 1219 7653 3569
f 1220 7654 7655
f 1221 3589 7656
f 1221 7656 3572
f 1222 7657 7658
f 1223 7659 7660
f 1223 7660 3575
f 1224 7661 7662
f 1225 3583 7663
f 1225 7663 3578
f 1226 7664 7665
f 1227 3670 7666
f 1227 7666 3581
f 1228 7667 7668
f 1225 3577 7669
f 1225 7669 3584
f 1229 7670 7671
f 1230 7672 7673
f 1230 7673 3587
f 1231 7674 3645
f 1221 3571 7675
f 1221 7675 3590
f 1232 7676 7677
f 1233 7678 7679
f 1233 7679 3593
f 1234 7680 3642
f 1217 3565 7681
f 1217 7681 3596
f 1235 7682 7683
f 1236 7684 7685
f 1236 7685 3599
f 1237 7686 7687
f 1238 7688 7689
f 1238 7689 3602
f 1239 7690 7691
f 1240 7692 7693
f 1240 7693 3605
f 1241 7694 5910
f 1242 7695 7696
f 1242 7696 3608
f 1243 7697 7698
f 1244 4545 7699
f 1244 7699 3611
f 1245 7700 7701
f 1245 7701 7702
f 1245 7702 3613
f 1247 7703 7705
f 1213 3559 7706
f 1213 7706 3616
f 1248 7707 7708
f 1249 4174 7709
f 1249 7709 3619
f 1250 7710 7711
f 1007 7251 7712
f 1007 7712 3621
f 1251 7713 7714
f 1252 7715 7716
f 1252 7716 3624
f 1242 7717 7695
f 1253 3628 7718
f 1253 7718 3626
f 1254 7719 7720
f 1253 3625 7721
f 1253 7721 3629
f 1256 7722 7724
f 1009 7255 7725
f 1009 7725 3631
f 1257 7726 7727
f 1257 7727 7728
f 1257 7728 3633
f 1259 7729 7731
f 1012 7262 7732
f 1012 7732 3635
f 1019 7733 3255
f 1260 7734 7735
f 1260 7735 3638
f 1261 7736 7737
f 1262 7738 7739
f 1262 7739 3641
f 1234 7740 3594
f 1263 3646 7741
f 1263 7741 3644
f 1231 7742 3588
f 1263 3643 7743
f 1263 7743 3647
f 1264 7744 7745
f 1220 7655 7746
f 1220 7746 3649
f 1265 7747 7748
f 1266 7749 7750
f 1266 7750 3652
f 1267 7751 7752
f 1224 7662 7753
f 1224 7753 3654
f 1268 7754 7755
f 1269 7756 7757
f 1269 7757 3657
f 1270 7758 7759
f 1228 7668 7760
f 1228 7760 3659
f 1271 7761 7762
f 1272 7763 7764
f 1272 7764 3662
f 1273 7765 7766
f 1274 3667 7767
f 1274 7767 3665
f 1275 7768 7769
f 1274 3664 7770
f 1274 7770 3668
f 1276 7771 7772
f 1227 3580 7773
f 1227 7773 3671
f 1136 7774 7498
f 1267 7752 7775
f 1267 7775 3672
f 1277 7776 7777
f 1278 7778 7779
f 1278 7779 3675
f 1279 7780 7781
f 1270 7759 7782
f 1270 7782 3677
f 1280 7783 7784
f 1281 7785 7786
f 1281 7786 3680
f 1282 7787 7788
f 1273 7766 7789
f 1273 7789 3682
f 1283 7790 7791
f 1284 7792 7793
f 1284 7793 3685
f 1285 7794 7795
f 1275 7769 7796
f 1275 7796 3687
f 1286 7797 7798
f 1199 3539 7799
f 1199 7799 3690
f 1288 7800 7802
f 1289 7803 7804
f 1289 7804 3693
f 1290 7805 3708
f 1195 3533 7806
f 1195 7806 3696
f 1291 7807 7808
f 1292 7809 7810
f 1292 7810 3699
f 1293 7811 7812
f 1191 3527 7813
f 1191 7813 3702
f 1182 7814 3514
f 1186 7594 7815
f 1186 7815 3704
f 1294 7816 7817
f 1295 6288 7818
f 1295 7818 3707
f 1290 7819 3694
f 1198 7617 7820
f 1198 7820 3709
f 1296 7821 7822
f 1297 7823 7824
f 1297 7824 3712
f 1298 7825 7826
f 1299 3719 7827
f 1299 7827 3715
f 1300 7828 7829
f 1282 7788 7830
f 1282 7830 3717
f 1301 7831 7832
f 1299 3714 7833
f 1299 7833 3720
f 1205 7834 7630
f 1298 7826 7835
f 1298 7835 3722
f 1302 7836 7837
f 1303 7838 7839
f 1303 7839 3725
f 1304 7840 7841
f 1301 7832 7842
f 1301 7842 3727
f 1305 7843 7844
f 1285 7795 7845
f 1285 7845 3729
f 1306 7846 7847
f 1307 3743 7848
f 1307 7848 3732
f 1308 7849 7850
f 1309 7851 7852
f 1309 7852 3735
f 1310 7853 7854
f 1311 3740 7855
f 1311 7855 3738
f 1312 7856 5320
f 1311 3737 7858
f 1311 7858 3741
f 1314 7859 7861
f 1307 3731 7862
f 1307 7862 3744
f 1315 7863 7864
f 1304 7841 7865
f 1304 7865 3746
f 1316 7866 7867
f 1306 7847 7868
f 1306 7868 3748
f 1317 7869 7870
f 1317 7870 7871
f 1317 7871 3750
f 1318 7872 7873
f 1319 7874 7875
f 1319 7875 3753
f 1035 7876 3277
f 1286 7798 7877
f 1286 7877 3755
f 1031 7878 3271
f 1320 7879 7880
f 1320 7880 3758
f 1322 7881 7883
f 1323 7884 7885
f 1323 7885 3761
f 1324 7886 7887
f 1325 4323 7888
f 1325 7888 3764
f 1326 7889 7890
f 1327 5273 7891
f 1327 7891 3767
f 944 7892 7132
f 1328 6116 7894
f 1328 7894 3769
f 1330 7895 7897
f 1331 7898 7899
f 1331 7899 3772
f 1332 7900 7901
f 1333 6113 7902
f 1333 7902 3775
f 1334 7903 7904
f 1335 7905 7906
f 1335 7906 3778
f 1336 7907 7908
f 1337 7909 7910
f 1337 7910 3781
f 1338 7911 7912
f 1339 7913 7914
f 1339 7914 3784
f 1340 7915 7916
f 1340 7916 7918
f 1340 7918 3786
f 1342 7919 7920
f 945 3145 7921
f 945 7921 3789
f 1343 7922 7923
f 1344 7924 7925
f 1344 7925 3792
f 1345 7926 7927
f 1345 7927 7928
f 1345 7928 3794
f 1346 7929 7930
f 1347 7931 7932
f 1347 7932 3797
f 1348 7933 7934
f 1349 7935 7936
f 1349 7936 3800
f 1350 7937 7938
f 1351 7939 7940
f 1351 7940 3803
f 930 7941 3121
f 1352 7942 7943
f 1352 7943 3806
f 927 7944 7100
f 903 7060 7945
f 903 7945 3808
f 1354 7946 7948
f 1355 6160 7949
f 1355 7949 3811
f 1356 7950 7951
f 1356 7951 7952
f 1356 7952 3813
f 1358 7953 7955
f 1359 7956 7957
f 1359 7957 3816
f 1360 7958 6567
f 1361 6155 7959
f 1361 7959 3819
f 1362 7960 7961
f 1363 6150 7962
f 1363 7962 3822
f 1364 7963 7964
f 1364 7964 7965
f 1364 7965 3824
f 1366 7966 7968
f 1367 7969 7970
f 1367 7970 3827
f 1368 7971 6554
f 1369 6145 7972
f 1369 7972 3830
f 1370 7973 7974
f 1371 7975 7976
f 1371 7976 3833
f 1372 7977 6549
f 1373 6140 7978
f 1373 7978 3836
f 1374 7979 7980
f 1375 6137 7981
f 1375 7981 3839
f 1376 7982 7983
f 1376 7983 7984
f 1376 7984 3841
f 1378 7985 7987
f 1379 7988 7989
f 1379 7989 3844
f 1380 7990 6541
f 1381 6132 7991
f 1381 7991 3847
f 1382 7992 7993
f 1383 7994 7995
f 1383 7995 3850
f 1384 7996 6533
f 1385 6125 7997
f 1385 7997 3853
f 1386 7998 7999
f 1387 6122 8000
f 1387 8000 3856
f 1388 8001 4581
f 1389 8002 8003
f 1389 8003 3859
f 1390 8004 8005
f 1391 4235 8006
f 1391 8006 3862
f 1392 8007 8008
f 878 7021 8010
f 878 8010 3864
f 1394 8011 8012
f 1395 8013 8014
f 1395 8014 3867
f 1396 8015 4064
f 1397 8016 8017
f 1397 8017 3870
f 1398 8018 8019
f 1399 8020 8021
f 1399 8021 3873
f 1400 8022 4061
f 1401 8023 8024
f 1401 8024 3876
f 1402 8025 8026
f 1403 8027 8028
f 1403 8028 3879
f 1404 8029 8030
f 1405 8031 8032
f 1405 8032 3882
f 1406 8033 8034
f 1407 8035 8036
f 1407 8036 3885
f 1408 8037 8038
f 1409 8039 8040
f 1409 8040 3888
f 1410 8041 8042
f 1411 8043 8044
f 1411 8044 3891
f 1412 8045 8046
f 1413 8047 8048
f 1413 8048 3894
f 1414 8049 8050
f 1415 8051 8052
f 1415 8052 3897
f 1416 8053 8054
f 1417 8055 8056
f 1417 8056 3900
f 1418 8057 8058
f 1419 8059 8060
f 1419 8060 3903
f 1420 8061 8062
f 1421 8063 8064
f 1421 8064 3906
f 1422 8065 8066
f 1423 8067 8068
f 1423 8068 3909
f 1424 8069 8070
f 1425 8071 8072
f 1425 8072 3912
f 1426 8073 8074
f 1414 8050 8075
f 1414 8075 3914
f 1427 8076 8077
f 1418 8058 8078
f 1418 8078 3916
f 1428 8079 8080
f 1428 8080 8081
f 1428 8081 3918
f 1429 8082 8083
f 1422 8066 8084
f 1422 8084 3920
f 1430 8085 8086
f 1431 6469 8087
f 1431 8087 3923
f 1432 8088 8089
f 1433 8090 8091
f 1433 8091 3926
f 906 8092 7064
f 1434 3977 8093
f 1434 8093 3928
f 1435 8094 8095
f 1436 8096 8097
f 1436 8097 3931
f 908 8098 3091
f 1437 3935 8099
f 1437 8099 3934
f 876 8100 7017
f 1437 3933 8101
f 1437 8101 3936
f 1438 8102 8103
f 862 3041 8104
f 862 8104 3939
f 1439 8105 8106
f 863 6995 8107
f 863 8107 3942
f 1440 8108 8109
f 1441 8110 8111
f 1441 8111 3945
f 1411 8112 8043
f 1442 8113 8114
f 1442 8114 3947
f 1443 8115 8116
f 1444 3969 8117
f 1444 8117 3950
f 1445 8118 8119
f 1446 8120 8121
f 1446 8121 3953
f 1447 8122 8123
f 1342 7920 8124
f 1342 8124 3955
f 1448 8125 4253
f 1449 5147 8127
f 1449 8127 3958
f 1451 8128 8129
f 1452 8130 8131
f 1452 8131 3961
f 1453 8132 8133
f 1454 8134 8135
f 1454 8135 3964
f 1455 8136 8137
f 1341 7917 8138
f 1341 8138 3967
f 1456 8139 8140
f 1444 3949 8141
f 1444 8141 3970
f 1457 8142 8143
f 1457 8143 8144
f 1457 8144 3972
f 864 8145 3043
f 869 7004 8147
f 869 8147 3975
f 1459 8148 8149
f 1434 3927 8150
f 1434 8150 3978
f 1460 8151 8152
f 1455 8137 8154
f 1455 8154 3980
f 1462 8155 8156
f 1463 8157 8158
f 1463 8158 3983
f 1464 8159 8160
f 1464 8160 8161
f 1464 8161 3985
f 1465 8162 8163
f 1466 8164 8165
f 1466 8165 3988
f 1467 8166 5066
f 1468 6487 8168
f 1468 8168 3991
f 1470 8169 8170
f 1471 4013 8171
f 1471 8171 3994
f 1472 8172 8173
f 1472 8173 8174
f 1472 8174 3996
f 1473 8175 8176
f 1474 8177 8178
f 1474 8178 3999
f 1475 8179 8180
f 1476 4010 8181
f 1476 8181 4002
f 1477 8182 8183
f 1478 8184 8185
f 1478 8185 4005
f 1479 8186 8187
f 1480 4413 8188
f 1480 8188 4008
f 1481 8189 8190
f 1476 4001 8192
f 1476 8192 4011
f 1483 8193 8194
f 1471 3993 8195
f 1471 8195 4014
f 1484 8196 8197
f 1393 8009 8199
f 1393 8199 4017
f 1486 8200 8201
f 1487 8202 8203
f 1487 8203 4020
f 1488 8204 4045
f 1489 4062 8205
f 1489 8205 4023
f 1490 8206 8207
f 1491 8208 8209
f 1491 8209 4026
f 1492 8210 8211
f 1493 4056 8212
f 1493 8212 4029
f 1494 8213 8214
f 1495 8215 8216
f 1495 8216 4032
f 1496 8217 4047
f 1408 8038 8218
f 1408 8218 4034
f 1497 8219 8220
f 1475 8180 8221
f 1475 8221 4036
f 1498 8222 8223
f 1479 8187 8224
f 1479 8224 4038
f 1499 8225 8226
f 1500 8227 8228
f 1500 8228 4041
f 1501 8229 8230
f 1502 8231 8232
f 1502 8232 4044
f 1488 8233 4021
f 1492 8211 8234
f 1492 8234 4046
f 1496 8235 4033
f 1481 8190 8236
f 1481 8236 4048
f 1503 8237 8238
f 1504 8239 8240
f 1504 8240 4051
f 1505 8241 6424
f 1506 4410 8242
f 1506 8242 4054
f 1507 8243 4378
f 1493 4028 8244
f 1493 8244 4057
f 1508 8245 8246
f 1509 8247 8248
f 1509 8248 4060
f 1400 8249 3874
f 1489 4022 8250
f 1489 8250 4063
f 1396 8251 3868
f 1104 7433 8253
f 1104 8253 4065
f 1511 8254 8255
f 1512 8256 8257
f 1512 8257 4068
f 1513 8258 8259
f 1105 7434 8260
f 1105 8260 4071
f 1514 8261 8262
f 1515 8263 8264
f 1515 8264 4074
f 1516 8265 8266
f 1517 4118 8267
f 1517 8267 4077
f 1518 8268 8269
f 1519 8270 8271
f 1519 8271 4080
f 1520 8272 8273
f 1521 4112 8274
f 1521 8274 4083
f 1522 8275 8276
f 1523 8277 8278
f 1523 8278 4086
f 1524 8279 8280
f 1525 4106 8281
f 1525 8281 4089
f 1526 8282 8283
f 1527 8284 8285
f 1527 8285 4092
f 1528 8286 8287
f 1529 4100 8288
f 1529 8288 4095
f 1530 8289 8290
f 1531 6209 8291
f 1531 8291 4098
f 922 8292 3109
f 1529 4094 8294
f 1529 8294 4101
f 1533 8295 8296
f 1534 8297 8298
f 1534 8298 4104
f 1535 8299 8300
f 1525 4088 8301
f 1525 8301 4107
f 1536 8302 8303
f 1537 8304 8305
f 1537 8305 4110
f 1538 8306 8307
f 1521 4082 8308
f 1521 8308 4113
f 1539 8309 8310
f 1540 8311 8312
f 1540 8312 4116
f 1541 8313 4123
f 1517 4076 8314
f 1517 8314 4119
f 1111 8315 3400
f 1542 8316 8317
f 1542 8317 4122
f 1541 8318 4117
f 1535 8300 8320
f 1535 8320 4124
f 1544 8321 8322
f 1545 8323 8324
f 1545 8324 4127
f 1075 8325 7376
f 1546 8326 8327
f 1546 8327 4129
f 1048 8328 7329
f 1538 8307 8329
f 1538 8329 4131
f 1542 8330 8316
f 1528 8287 8331
f 1528 8331 4132
f 1547 8332 8333
f 921 3107 8334
f 921 8334 4135
f 1548 8335 8336
f 900 7055 8337
f 900 8337 4137
f 1549 8338 8339
f 1550 8340 8341
f 1550 8341 4140
f 1551 8342 8343
f 1552 8344 8345
f 1552 8345 4143
f 1553 8346 8347
f 1554 8348 8349
f 1554 8349 4146
f 1555 8350 8351
f 898 3080 8352
f 898 8352 4149
f 1556 8353 8354
f 1557 6039 8355
f 1557 8355 4152
f 1558 8356 8357
f 1551 8343 8358
f 1551 8358 4154
f 1559 8359 8360
f 1560 8361 8362
f 1560 8362 4157
f 1561 8363 4173
f 1555 8351 8364
f 1555 8364 4159
f 1562 8365 8366
f 1563 8367 8368
f 1563 8368 4162
f 1564 8369 8370
f 1565 5058 8371
f 1565 8371 4165
f 1566 8372 8373
f 1567 5052 8374
f 1567 8374 4168
f 1568 8375 8376
f 1513 8259 8377
f 1513 8377 4170
f 1569 8378 8379
f 1516 8266 8380
f 1516 8380 4172
f 1561 8381 4158
f 1249 3618 8382
f 1249 8382 4175
f 1570 8383 8384
f 1209 3553 8385
f 1209 8385 4178
f 1571 8386 8387
f 1571 8387 8388
f 1571 8388 4180
f 1572 8389 8390
f 1573 8391 8392
f 1573 8392 4183
f 1574 8393 8394
f 1207 3550 8395
f 1207 8395 4186
f 1575 8396 8397
f 1204 7627 8398
f 1204 8398 4188
f 1576 8399 8400
f 1577 8401 8402
f 1577 8402 4191
f 1579 8403 8405
f 1580 4213 8406
f 1580 8406 4194
f 1581 8407 8408
f 1581 8408 8409
f 1581 8409 4196
f 1583 8410 8412
f 1584 8413 8414
f 1584 8414 4199
f 1585 8415 8416
f 1586 4207 8417
f 1586 8417 4202
f 1587 8418 8419
f 825 6925 8420
f 825 8420 4205
f 1588 8421 8422
f 1586 4201 8423
f 1586 8423 4208
f 1589 8424 8425
f 1590 8426 8427
f 1590 8427 4211
f 820 8428 6915
f 1580 4193 8429
f 1580 8429 4214
f 1591 8430 5739
f 1592 8431 8432
f 1592 8432 4217
f 1594 8433 8435
f 1585 8416 8436
f 1585 8436 4219
f 1595 8437 8438
f 1588 8422 8439
f 1588 8439 4221
f 1596 8440 8441
f 828 6932 8442
f 828 8442 4224
f 1597 8443 8444
f 1597 8444 8445
f 1597 8445 4226
f 1599 8446 8448
f 803 6881 8449
f 803 8449 4228
f 1600 8450 8451
f 1600 8451 8452
f 1600 8452 4230
f 1602 8453 8455
f 1603 8456 8458
f 1603 8458 4233
f 1605 8459 8461
f 1391 3861 8462
f 1391 8462 4236
f 1606 8463 8464
f 1607 4387 8465
f 1607 8465 4239
f 1608 8466 8467
f 1609 8468 8469
f 1609 8469 4242
f 1610 8470 8471
f 1611 8472 8473
f 1611 8473 4245
f 1337 8474 7909
f 1612 8475 8476
f 1612 8476 4247
f 1613 8477 8478
f 1614 8479 8480
f 1614 8480 4250
f 1339 8481 7913
f 1615 4955 8482
f 1615 8482 4252
f 1448 8483 3956
f 1336 7908 8484
f 1336 8484 4254
f 1616 8485 8486
f 1617 8487 8488
f 1617 8488 4257
f 1347 8489 7931
f 1618 8490 8491
f 1618 8491 4259
f 1349 8492 7935
f 1619 8493 8494
f 1619 8494 4261
f 1621 8495 8497
f 961 3167 8498
f 961 8498 4264
f 1622 8499 8500
f 959 3164 8501
f 959 8501 4267
f 1623 8502 8503
f 1624 8504 8505
f 1624 8505 4270
f 1625 8506 4316
f 1626 8507 8508
f 1626 8508 4273
f 1627 8509 4310
f 955 3158 8510
f 955 8510 4276
f 1628 8511 8512
f 950 3152 8513
f 950 8513 4279
f 1629 8514 4304
f 1630 4317 8515
f 1630 8515 4282
f 1631 8516 8517
f 1632 8518 8519
f 1632 8519 4285
f 1633 8520 6118
f 1634 8521 8522
f 1634 8522 4288
f 1635 8523 6112
f 1636 4311 8524
f 1636 8524 4291
f 1637 8525 8526
f 1638 8527 8528
f 1638 8528 4294
f 1639 8529 6106
f 1640 4305 8530
f 1640 8530 4297
f 1641 8531 8532
f 1642 8533 8534
f 1642 8534 4300
f 1643 8535 8536
f 1644 8537 8538
f 1644 8538 4303
f 1629 8539 4280
f 1640 4296 8540
f 1640 8540 4306
f 1645 8541 8542
f 1646 8543 8544
f 1646 8544 4309
f 1627 8545 4274
f 1636 4290 8546
f 1636 8546 4312
f 1647 8547 8548
f 1648 8549 8550
f 1648 8550 4315
f 1625 8551 4271
f 1630 4281 8552
f 1630 8552 4318
f 1649 8553 8554
f 1458 8146 8555
f 1458 8555 4321
f 1620 8556 8496
f 1325 3763 8558
f 1325 8558 4324
f 1651 8559 8560
f 1652 8561 8562
f 1652 8562 4327
f 1653 8563 8564
f 874 7013 8565
f 874 8565 4330
f 1654 8566 8567
f 1655 8568 8569
f 1655 8569 4333
f 1656 8570 8571
f 1657 8572 8573
f 1657 8573 4336
f 1658 8574 8575
f 1659 8576 8577
f 1659 8577 4339
f 1660 8578 8579
f 1661 8580 8581
f 1661 8581 4342
f 909 8582 7068
f 1653 8564 8583
f 1653 8583 4343
f 1662 8584 8585
f 1663 8586 8587
f 1663 8587 4346
f 1664 8588 8589
f 1656 8571 8590
f 1656 8590 4348
f 1665 8591 8592
f 1666 8593 8594
f 1666 8594 4351
f 1667 8595 8596
f 1660 8579 8597
f 1660 8597 4353
f 1668 8598 8599
f 910 7069 8600
f 910 8600 4356
f 1669 8601 8602
f 1664 8589 8604
f 1664 8604 4358
f 1671 8605 8606
f 1672 8607 8608
f 1672 8608 4361
f 1667 8596 8610
f 1667 8610 4362
f 1673 8611 8612
f 1674 8613 8614
f 1674 8614 4365
f 1669 8602 8616
f 1669 8616 4366
f 1675 8617 8618
f 1676 8619 8620
f 1676 8620 4369
f 1677 4372 8622
f 1677 8622 4371
f 1677 4370 8624
f 1677 8624 4373
f 1678 8625 8626
f 913 7076 8627
f 913 8627 4375
f 1679 8628 8629
f 1679 8629 8630
f 1679 8630 4377
f 1507 8631 4055
f 1681 8633 8635
f 1681 8635 4380
f 1683 8636 8637
f 1684 8638 8639
f 1684 8639 4383
f 1685 8640 8641
f 1686 4961 8642
f 1686 8642 4386
f 1612 8643 8475
f 1607 4238 8644
f 1607 8644 4388
f 1687 8645 8646
f 1650 8557 8648
f 1650 8648 4391
f 1689 8649 8650
f 858 6989 8651
f 858 8651 4393
f 845 8652 6969
f 1690 6294 8654
f 1690 8654 4396
f 1692 8655 8656
f 1693 8657 8658
f 1693 8658 4399
f 1694 8659 4418
f 1183 3515 8660
f 1183 8660 4402
f 1695 8661 8662
f 1696 8663 8664
f 1696 8664 4405
f 1697 8665 8666
f 1698 8667 8668
f 1698 8668 4408
f 1699 8669 8670
f 1506 4053 8671
f 1506 8671 4411
f 1700 8672 8673
f 1480 4007 8674
f 1480 8674 4414
f 1701 8675 8676
f 1482 8191 8677
f 1482 8677 4417
f 1694 8678 4400
f 1702 6021 8679
f 1702 8679 4420
f 1703 8680 8681
f 1704 8682 8683
f 1704 8683 4423
f 879 8684 7022
f 1705 8685 8687
f 1705 8687 4425
f 1707 8688 8689
f 1127 3426 8690
f 1127 8690 4428
f 1708 8691 8692
f 1709 4530 8693
f 1709 8693 4431
f 1710 8694 8695
f 1711 8696 8697
f 1711 8697 4434
f 1712 8698 8699
f 1713 8700 8701
f 1713 8701 4437
f 1714 8702 8703
f 1715 5847 8704
f 1715 8704 4440
f 1716 8705 8706
f 969 7179 8708
f 969 8708 4442
f 1718 8709 8710
f 1716 8706 8711
f 1716 8711 4444
f 1719 8712 8713
f 1098 7423 8714
f 1098 8714 4446
f 1721 8715 8717
f 1722 8718 8719
f 1722 8719 4449
f 1723 8720 4461
f 1102 7430 8721
f 1102 8721 4451
f 1724 8722 8723
f 1725 8724 8725
f 1725 8725 4454
f 1726 8726 8727
f 1727 8728 8729
f 1727 8729 4457
f 1728 8730 8731
f 1729 8732 8733
f 1729 8733 4460
f 1723 8734 4450
f 1730 8735 8736
f 1730 8736 4463
f 1731 8737 8738
f 1732 8739 8741
f 1732 8741 4466
f 1734 8742 8743
f 1735 8744 8745
f 1735 8745 4469
f 1711 8746 8696
f 1736 8747 8748
f 1736 8748 4471
f 1737 8749 8750
f 1738 8751 8752
f 1738 8752 4474
f 1713 8753 8700
f 1739 8754 8755
f 1739 8755 4476
f 1740 8756 8757
f 1741 8758 8759
f 1741 8759 4479
f 1742 8760 8761
f 1743 8762 8763
f 1743 8763 4482
f 1744 8764 4655
f 1745 5868 8766
f 1745 8766 4485
f 1747 8767 8768
f 1748 8769 8770
f 1748 8770 4488
f 1749 8771 8772
f 1750 4493 8773
f 1750 8773 4491
f 1751 8774 8775
f 1750 4490 8777
f 1750 8777 4494
f 1753 8778 8780
f 1754 5865 8781
f 1754 8781 4497
f 1755 8782 8783
f 1755 8783 8785
f 1755 8785 4499
f 1757 8786 8788
f 1758 5859 8789
f 1758 8789 4502
f 1759 8790 8791
f 1759 8791 8793
f 1759 8793 4504
f 1761 8794 8796
f 1746 8765 8798
f 1746 8798 4507
f 1763 8799 8800
f 1764 8801 8802
f 1764 8802 4510
f 1765 8803 8804
f 1749 8772 8805
f 1749 8805 4512
f 1766 8806 8807
f 1767 8808 8809
f 1767 8809 4515
f 1768 8810 8811
f 1765 8804 8813
f 1765 8813 4517
f 1770 8814 8815
f 1771 8816 8817
f 1771 8817 4520
f 1772 8818 8819
f 1768 8811 8820
f 1768 8820 4522
f 1773 8821 8822
f 1774 8823 8824
f 1774 8824 4525
f 1775 8825 8826
f 1733 8740 8828
f 1733 8828 4528
f 1777 8829 8830
f 1709 4430 8831
f 1709 8831 4531
f 1778 8832 8833
f 1778 8833 8834
f 1778 8834 4533
f 1779 8835 5818
f 1780 8836 8837
f 1780 8837 4536
f 1782 8838 8840
f 1247 7705 8841
f 1247 8841 4538
f 1783 8842 8843
f 1783 8843 8844
f 1783 8844 4540
f 1785 8845 8847
f 1786 8848 8849
f 1786 8849 4543
f 1787 8850 5978
f 1244 3610 8851
f 1244 8851 4546
f 1788 8852 8853
f 1789 8854 8855
f 1789 8855 4549
f 1790 8856 8857
f 1254 7720 8858
f 1254 8858 4551
f 1791 8859 8860
f 1792 6585 8861
f 1792 8861 4554
f 1793 8862 8863
f 1794 8864 8865
f 1794 8865 4557
f 1795 8866 8867
f 1796 6580 8868
f 1796 8868 4560
f 1797 8869 8870
f 1798 8871 8872
f 1798 8872 4563
f 1799 8873 4936
f 1800 4582 8874
f 1800 8874 4566
f 1801 8875 8876
f 1802 8877 8878
f 1802 8878 4569
f 1803 8879 8880
f 1804 4576 8881
f 1804 8881 4572
f 1805 8882 8883
f 1447 8123 8884
f 1447 8884 4574
f 1806 8885 8886
f 1804 4571 8887
f 1804 8887 4577
f 1807 8888 8889
f 1808 8890 8891
f 1808 8891 4580
f 1388 8892 3857
f 1800 4565 8893
f 1800 8893 4583
f 1809 8894 8895
f 1810 4653 8896
f 1810 8896 4586
f 1812 8897 8899
f 1813 8900 8901
f 1813 8901 4589
f 1814 8902 4601
f 1815 4602 8903
f 1815 8903 4592
f 1816 8904 8905
f 888 7036 8906
f 888 8906 4594
f 1817 8907 8908
f 1818 5852 8909
f 1818 8909 4597
f 1819 8910 8911
f 1820 8912 8913
f 1820 8913 4600
f 1814 8914 4590
f 1815 4591 8915
f 1815 8915 4603
f 1822 8916 8918
f 1823 4647 8919
f 1823 8919 4606
f 1824 8920 8921
f 1824 8921 8922
f 1824 8922 4608
f 1826 8923 8925
f 1827 8926 8927
f 1827 8927 4611
f 1828 8928 8929
f 1829 8930 8931
f 1829 8931 4614
f 1830 8932 8933
f 1831 8934 8935
f 1831 8935 4617
f 1832 8936 8937
f 1833 8938 8939
f 1833 8939 4620
f 1834 8940 8941
f 1835 8942 8943
f 1835 8943 4623
f 1836 8944 8945
f 1837 8946 8947
f 1837 8947 4626
f 1838 8948 8949
f 1839 8950 8951
f 1839 8951 4629
f 1840 8952 8953
f 1841 8954 8955
f 1841 8955 4632
f 1842 8956 8957
f 1843 8958 8959
f 1843 8959 4635
f 1844 8960 8961
f 1845 8962 8963
f 1845 8963 4638
f 1846 8964 8965
f 1847 8966 8967
f 1847 8967 4641
f 1848 8968 8969
f 1848 8969 8971
f 1848 8971 4643
f 1850 8972 8973
f 1795 8867 8974
f 1795 8974 4645
f 1851 8975 8976
f 1823 4605 8977
f 1823 8977 4648
f 1852 8978 8979
f 1853 8980 8981
f 1853 8981 4651
f 1854 8982 5110
f 1810 4585 8983
f 1810 8983 4654
f 1744 8984 4483
f 1828 8929 8985
f 1828 8985 4656
f 1856 8986 8988
f 1857 8989 8990
f 1857 8990 4659
f 1858 8991 8992
f 1859 8993 8994
f 1859 8994 4662
f 1860 8995 8996
f 1861 8997 8998
f 1861 8998 4665
f 1862 8999 9000
f 1863 9001 9002
f 1863 9002 4668
f 1864 9003 9004
f 1832 8937 9005
f 1832 9005 4670
f 1865 9006 9007
f 1866 9008 9009
f 1866 9009 4673
f 1867 9010 9011
f 1836 8945 9012
f 1836 9012 4675
f 1868 9013 9014
f 1869 9015 9016
f 1869 9016 4678
f 1870 9017 9018
f 1840 8953 9019
f 1840 9019 4680
f 1871 9020 9021
f 1872 9022 9023
f 1872 9023 4683
f 1873 9024 9025
f 1844 8961 9026
f 1844 9026 4685
f 1874 9027 9028
f 1875 9029 9030
f 1875 9030 4688
f 1876 9031 9032
f 1849 8970 9033
f 1849 9033 4691
f 1877 9034 9035
f 1878 9036 9037
f 1878 9037 4694
f 1879 9038 9039
f 1862 9000 9040
f 1862 9040 4696
f 1880 9041 9042
f 1881 9043 9044
f 1881 9044 4699
f 1882 9045 6677
f 1883 9046 9047
f 1883 9047 4702
f 1884 9048 9049
f 1885 9050 9051
f 1885 9051 4705
f 1886 9052 6672
f 1887 9053 9054
f 1887 9054 4708
f 1888 9055 9056
f 1889 9057 9058
f 1889 9058 4711
f 1890 9059 6667
f 1891 9060 9061
f 1891 9061 4714
f 1892 9062 9063
f 1893 9064 9065
f 1893 9065 4717
f 1894 9066 6659
f 1895 9067 9068
f 1895 9068 4720
f 1896 9069 9070
f 1897 9071 9072
f 1897 9072 4723
f 1898 9073 9074
f 1899 9075 9076
f 1899 9076 4726
f 1900 9077 9078
f 1901 9079 9080
f 1901 9080 4729
f 1902 9081 9082
f 1903 9083 9084
f 1903 9084 4732
f 1904 9085 9086
f 1905 9087 9088
f 1905 9088 4735
f 1906 9089 9090
f 1907 5675 9091
f 1907 9091 4738
f 1908 9092 9093
f 1909 9094 9095
f 1909 9095 4741
f 1910 9096 9097
f 1911 5670 9098
f 1911 9098 4744
f 1912 9099 9100
f 1913 9101 9102
f 1913 9102 4747
f 1914 9103 9104
f 1915 5665 9105
f 1915 9105 4750
f 1916 9106 9107
f 1917 9108 9109
f 1917 9109 4753
f 1918 9110 9111
f 1919 5660 9112
f 1919 9112 4756
f 1920 9113 9114
f 1921 5655 9115
f 1921 9115 4759
f 1922 9116 9117
f 1922 9117 9119
f 1922 9119 4761
f 1924 9120 9121
f 1925 5650 9122
f 1925 9122 4764
f 1926 9123 9124
f 1926 9124 9126
f 1926 9126 4766
f 1928 9127 9128
f 1929 9129 9130
f 1929 9130 4769
f 1930 9131 9132
f 1931 5645 9133
f 1931 9133 4772
f 1932 9134 9135
f 1933 5640 9136
f 1933 9136 4775
f 1934 9137 9138
f 1934 9138 9139
f 1934 9139 4777
f 1936 9140 9142
f 849 6974 9143
f 849 9143 4779
f 1937 9144 6614
f 1864 9004 9145
f 1864 9145 4781
f 1938 9146 9147
f 1939 9148 9149
f 1939 9149 4784
f 1940 9150 9151
f 1941 9152 9153
f 1941 9153 4787
f 1942 9154 9155
f 1943 9156 9157
f 1943 9157 4790
f 1944 9158 9159
f 1945 9160 9161
f 1945 9161 4793
f 1946 9162 9163
f 1947 9164 9165
f 1947 9165 4796
f 1948 9166 9167
f 1949 9168 9169
f 1949 9169 4799
f 1950 9170 9171
f 1951 9172 9173
f 1951 9173 4802
f 1952 9174 9175
f 1953 9176 9177
f 1953 9177 4805
f 1954 9178 9179
f 1955 9180 9181
f 1955 9181 4808
f 1956 9182 9183
f 1957 4907 9184
f 1957 9184 4811
f 1958 9185 9186
f 1959 9187 9188
f 1959 9188 4814
f 1960 9189 9190
f 1961 4831 9191
f 1961 9191 4817
f 1962 9192 9193
f 1963 9194 9195
f 1963 9195 4820
f 1964 9196 9197
f 1965 4825 9198
f 1965 9198 4823
f 1966 9199 9200
f 1965 4822 9202
f 1965 9202 4826
f 1968 9203 9204
f 1969 9205 9206
f 1969 9206 4829
f 1970 9207 4970
f 1961 4816 9208
f 1961 9208 4832
f 1971 9209 9210
f 1972 9211 9212
f 1972 9212 4835
f 1973 9213 4972
f 1974 4904 9214
f 1974 9214 4838
f 1975 9215 9216
f 1976 9217 9218
f 1976 9218 4841
f 1977 9219 9220
f 1978 4858 9221
f 1978 9221 4844
f 1979 9222 9223
f 1980 9224 9225
f 1980 9225 4847
f 1981 9226 9227
f 1982 4852 9228
f 1982 9228 4850
f 1983 9229 4954
f 1982 4849 9230
f 1982 9230 4853
f 1985 9231 9233
f 1986 9234 9235
f 1986 9235 4856
f 1987 9236 9237
f 1978 4843 9238
f 1978 9238 4859
f 1988 9239 9240
f 1989 9241 9242
f 1989 9242 4862
f 1990 9243 9244
f 1991 4901 9245
f 1991 9245 4865
f 1992 9246 9247
f 1993 9248 9249
f 1993 9249 4868
f 1994 9250 9251
f 1995 4895 9252
f 1995 9252 4871
f 1996 9253 9254
f 1997 9255 9256
f 1997 9256 4874
f 1998 9257 4914
f 1999 4889 9258
f 1999 9258 4877
f 2000 9259 9260
f 2001 9261 9262
f 2001 9262 4880
f 2002 9263 9264
f 2003 4884 9265
f 2003 9265 4883
f 1863 9266 9001
f 2003 4882 9267
f 2003 9267 4885
f 2004 9268 9269
f 2005 9270 9271
f 2005 9271 4888
f 1945 9272 9160
f 1999 4876 9273
f 1999 9273 4890
f 2006 9274 9275
f 2007 9276 9277
f 2007 9277 4893
f 2008 9278 9279
f 1995 4870 9280
f 1995 9280 4896
f 2009 9281 9282
f 2010 9283 9284
f 2010 9284 4899
f 2011 9285 4909
f 1991 4864 9286
f 1991 9286 4902
f 2012 9287 9288
f 1974 4837 9289
f 1974 9289 4905
f 2013 9290 9291
f 1957 4810 9292
f 1957 9292 4908
f 2011 9293 4900
f 2008 9279 9294
f 2008 9294 4910
f 1953 9295 9176
f 1867 9011 9296
f 1867 9296 4911
f 2014 9297 9298
f 1870 9018 9299
f 1870 9299 4913
f 1998 9300 4875
f 1873 9025 9301
f 1873 9301 4915
f 2015 9302 9303
f 1876 9032 9304
f 1876 9304 4917
f 2016 9305 9306
f 2016 9306 9307
f 2016 9307 4919
f 2017 9308 9309
f 1879 9039 9310
f 1879 9310 4921
f 2018 9311 9312
f 2018 9312 9313
f 2018 9313 4923
f 2019 9314 9315
f 2020 9316 9317
f 2020 9317 4926
f 2021 9318 4946
f 2022 4940 9319
f 2022 9319 4929
f 2023 9320 9321
f 2024 9322 9323
f 2024 9323 4932
f 2025 9324 9325
f 2026 4937 9326
f 2026 9326 4935
f 1799 9327 4564
f 2026 4934 9328
f 2026 9328 4938
f 2027 9329 9330
f 2022 4928 9331
f 2022 9331 4941
f 1878 9332 9036
f 1803 8880 9333
f 1803 9333 4942
f 2028 9334 9335
f 2029 9336 9337
f 2029 9337 4945
f 2021 9338 4927
f 2030 9339 9340
f 2030 9340 4948
f 1984 9341 9232
f 1806 8886 9342
f 1806 9342 4950
f 2031 9343 9344
f 2032 9345 9346
f 2032 9346 4953
f 1983 9347 4851
f 1615 4251 9348
f 1615 9348 4956
f 2033 9349 9350
f 2034 9351 9352
f 2034 9352 4959
f 2035 9353 9354
f 1686 4385 9355
f 1686 9355 4962
f 1681 9356 8633
f 2035 9354 9357
f 2035 9357 4963
f 2036 9358 9359
f 2037 9360 9361
f 2037 9361 4966
f 2038 9362 9363
f 2039 9364 9365
f 2039 9365 4969
f 1970 9366 4830
f 2038 9363 9367
f 2038 9367 4971
f 1973 9368 4836
f 1682 8634 9369
f 1682 9369 4974
f 2040 9370 9371
f 2041 9372 9373
f 2041 9373 4977
f 949 9374 7144
f 1687 8646 9375
f 1687 9375 4979
f 946 9376 7137
f 1960 9190 9377
f 1960 9377 4981
f 2042 9378 9379
f 2043 9380 9381
f 2043 9381 4984
f 2044 9382 9383
f 1964 9197 9384
f 1964 9384 4986
f 2045 9385 9386
f 2046 9387 9388
f 2046 9388 4989
f 2047 9389 9390
f 1120 3417 9391
f 1120 9391 4992
f 851 9392 6977
f 1952 9175 9394
f 1952 9394 4994
f 2049 9395 9396
f 2044 9383 9397
f 2044 9397 4996
f 2050 9398 9399
f 1940 9151 9400
f 1940 9400 4998
f 2051 9401 9402
f 2052 9403 9404
f 2052 9404 5001
f 2053 9405 9406
f 1944 9159 9407
f 1944 9407 5003
f 2054 9408 9409
f 2055 9410 9411
f 2055 9411 5006
f 2056 9412 9413
f 1948 9167 9414
f 1948 9414 5008
f 2057 9415 9416
f 2058 9417 9418
f 2058 9418 5011
f 2059 9419 9420
f 2048 9393 9421
f 2048 9421 5014
f 2060 9422 9423
f 2061 9424 9425
f 2061 9425 5017
f 2062 9426 5636
f 2050 9399 9427
f 2050 9427 5019
f 2063 9428 9429
f 2064 9430 9431
f 2064 9431 5022
f 2065 9432 5543
f 2053 9406 9433
f 2053 9433 5024
f 2066 9434 9435
f 2056 9413 9436
f 2056 9436 5026
f 2067 9437 9438
f 2059 9420 9439
f 2059 9439 5028
f 2068 9440 9441
f 2069 9442 9443
f 2069 9443 5031
f 1895 9444 9067
f 2070 5634 9445
f 2070 9445 5033
f 2071 9446 9447
f 2072 9448 9449
f 2072 9449 5036
f 1899 9450 9075
f 2073 5631 9451
f 2073 9451 5038
f 2074 9452 9453
f 2075 9454 9455
f 2075 9455 5041
f 2076 9456 9457
f 1510 8252 9458
f 1510 9458 5044
f 2077 9459 9460
f 2078 9461 9462
f 2078 9462 5047
f 2079 9463 9464
f 2080 9465 9466
f 2080 9466 5050
f 2081 9467 9468
f 1567 4167 9469
f 1567 9469 5053
f 2082 9470 9471
f 2083 9472 9473
f 2083 9473 5056
f 2084 9474 9475
f 1565 4164 9476
f 1565 9476 5059
f 2085 9477 9478
f 2086 9479 9480
f 2086 9480 5062
f 2087 9481 9482
f 2088 9483 9484
f 2088 9484 5065
f 1467 9485 3989
f 2079 9464 9486
f 2079 9486 5067
f 2089 9487 9488
f 2081 9468 9489
f 2081 9489 5069
f 2090 9490 9491
f 2084 9475 9492
f 2084 9492 5071
f 2091 9493 9494
f 2092 9495 9496
f 2092 9496 5074
f 2093 9497 9498
f 2087 9482 9499
f 2087 9499 5076
f 2094 9500 9501
f 2095 5145 9502
f 2095 9502 5079
f 2096 9503 9504
f 2093 9498 9505
f 2093 9505 5081
f 2097 9506 9507
f 2098 9508 9509
f 2098 9509 5084
f 2099 9510 9511
f 2096 9504 9512
f 2096 9512 5086
f 2100 9513 9514
f 2101 9515 9516
f 2101 9516 5089
f 1732 9517 8739
f 2102 5142 9518
f 2102 9518 5091
f 2103 9519 9520
f 2104 9521 9522
f 2104 9522 5094
f 1736 9523 8747
f 2105 5137 9524
f 2105 9524 5096
f 2106 9525 9526
f 2107 9527 9528
f 2107 9528 5099
f 1739 9529 8754
f 2108 5132 9530
f 2108 9530 5101
f 2109 9531 9532
f 2110 9533 9534
f 2110 9534 5104
f 1743 9535 8762
f 2111 5126 9536
f 2111 9536 5106
f 2112 9537 9538
f 2113 9539 9540
f 2113 9540 5109
f 1854 9541 4652
f 2114 5123 9542
f 2114 9542 5112
f 2115 9543 9544
f 2116 9545 9546
f 2116 9546 5115
f 1833 9547 8938
f 2117 9548 9549
f 2117 9549 5117
f 2118 9550 9551
f 2119 9552 9553
f 2119 9553 5120
f 1837 9554 8946
f 2120 9555 9556
f 2120 9556 5122
f 1841 9557 8954
f 2114 5111 9558
f 2114 9558 5124
f 2121 9559 5165
f 2111 5105 9561
f 2111 9561 5127
f 2123 9562 9564
f 2124 9565 9566
f 2124 9566 5130
f 2125 9567 9568
f 2108 5100 9569
f 2108 9569 5133
f 2126 9570 9571
f 2127 9572 9573
f 2127 9573 5136
f 1454 9574 8134
f 2105 5095 9575
f 2105 9575 5138
f 2128 9576 9577
f 2129 9578 9579
f 2129 9579 5141
f 1463 9580 8157
f 2102 5090 9581
f 2102 9581 5143
f 2130 9582 9583
f 2095 5078 9584
f 2095 9584 5146
f 1466 9585 8164
f 1449 3957 9586
f 1449 9586 5148
f 2131 9587 9588
f 2132 9589 9590
f 2132 9590 5151
f 2133 9591 9592
f 2134 5184 9593
f 2134 9593 5154
f 2135 9594 9595
f 2136 9596 9597
f 2136 9597 5157
f 2120 9598 9555
f 2137 5169 9599
f 2137 9599 5159
f 2138 9600 9601
f 2139 6597 9602
f 2139 9602 5162
f 2140 9603 9604
f 2133 9592 9605
f 2133 9605 5164
f 2121 9606 5125
f 2140 9604 9607
f 2140 9607 5166
f 2141 9608 9609
f 861 6994 9610
f 861 9610 5168
f 1847 9611 8966
f 2137 5158 9613
f 2137 9613 5170
f 2143 9614 9615
f 2144 9616 9617
f 2144 9617 5173
f 2145 9618 6530
f 2146 9619 9620
f 2146 9620 5176
f 2147 9621 9622
f 2148 9623 9624
f 2148 9624 5179
f 905 9625 3088
f 2149 9626 9627
f 2149 9627 5182
f 2150 9628 9629
f 2134 5153 9630
f 2134 9630 5185
f 2151 9631 9632
f 2152 9633 9634
f 2152 9634 5188
f 2149 9635 9626
f 1450 8126 9636
f 1450 9636 5190
f 2153 9637 9638
f 1453 8133 9639
f 1453 9639 5192
f 2154 9640 9641
f 2076 9457 9642
f 2076 9642 5194
f 2155 9643 9644
f 2156 9645 9646
f 2156 9646 5197
f 2157 9647 5204
f 2158 9648 9649
f 2158 9649 5200
f 1172 9650 7569
f 885 7030 9651
f 885 9651 5203
f 2157 9652 5198
f 2159 9653 9654
f 2159 9654 5206
f 2160 9655 9656
f 2161 9657 9658
f 2161 9658 5209
f 1169 9659 7562
f 2162 9660 9661
f 2162 9661 5212
f 2163 9662 9663
f 2164 9664 9665
f 2164 9665 5215
f 1153 9666 7527
f 2165 5221 9667
f 2165 9667 5217
f 2166 9668 9669
f 2167 9670 9671
f 2167 9671 5220
f 1155 9672 7531
f 2165 5216 9673
f 2165 9673 5222
f 2169 9674 9676
f 2170 9677 9679
f 2170 9679 5225
f 2172 9680 9681
f 2173 5597 9682
f 2173 9682 5228
f 2174 9683 9684
f 2174 9684 9686
f 2174 9686 5230
f 2176 9687 9688
f 2177 5592 9689
f 2177 9689 5233
f 2178 9690 9691
f 2178 9691 9693
f 2178 9693 5235
f 2180 9694 9695
f 2181 5587 9696
f 2181 9696 5238
f 2182 9697 9698
f 2182 9698 9700
f 2182 9700 5240
f 2184 9701 9702
f 1119 7469 9703
f 1119 9703 5242
f 2185 9704 9705
f 2185 9705 9706
f 2185 9706 5244
f 2186 9707 9708
f 2187 9709 9710
f 2187 9710 5247
f 2188 9711 9712
f 2189 9713 9715
f 2189 9715 5250
f 2191 9716 9718
f 1167 3490 9719
f 1167 9719 5253
f 2192 9720 9721
f 2192 9721 9723
f 2192 9723 5255
f 2194 9724 9726
f 1164 3484 9727
f 1164 9727 5258
f 2195 9728 9729
f 2195 9729 9730
f 2195 9730 5260
f 2197 9731 9733
f 1161 3478 9734
f 1161 9734 5263
f 2198 9735 9736
f 2198 9736 9738
f 2198 9738 5265
f 1158 9739 7538
f 1040 7317 9741
f 1040 9741 5266
f 2200 9742 9743
f 2201 9744 9745
f 2201 9745 5269
f 2202 9746 9747
f 1044 7323 9748
f 1044 9748 5271
f 2203 9749 9750
f 1327 3766 9752
f 1327 9752 5274
f 2205 9753 9754
f 1688 8647 9755
f 1688 9755 5277
f 2206 9756 9757
f 2207 6089 9758
f 2207 9758 5280
f 2209 9759 9761
f 2206 9757 9762
f 2206 9762 5282
f 2210 9763 9764
f 2210 9764 9766
f 2210 9766 5284
f 2212 9767 9768
f 846 6970 9769
f 846 9769 5286
f 2213 9770 5306
f 2214 9771 9772
f 2214 9772 5289
f 2215 9773 9774
f 2216 9775 9776
f 2216 9776 5292
f 2217 9778 9779
f 2217 9779 5294
f 2218 9780 9781
f 2219 9782 9783
f 2219 9783 5297
f 2220 5559 9785
f 2220 9785 5299
f 2221 9786 9787
f 2222 9788 9789
f 2222 9789 5302
f 2223 9790 9791
f 2224 5556 9792
f 2224 9792 5305
f 2213 9793 5287
f 2225 6099 9794
f 2225 9794 5308
f 2226 9797 9798
f 2227 9799 9800
f 2227 9800 5312
f 1032 9801 7302
f 2228 5321 9802
f 2228 9802 5314
f 2229 9803 9804
f 2230 9805 9806
f 2230 9806 5317
f 1034 9807 7306
f 2231 6441 9808
f 2231 9808 5319
f 1312 9809 3739
f 2228 5313 9810
f 2228 9810 5322
f 2232 5961 9812
f 2232 9812 5324
f 2233 9813 9814
f 2234 9815 9816
f 2234 9816 5327
f 1258 9817 7730
f 2235 5332 9818
f 2235 9818 5330
f 1255 9819 7723
f 2235 5329 9820
f 2235 9820 5333
f 2236 9821 9822
f 998 3217 9824
f 998 9824 5336
f 2238 9825 9826
f 2239 9827 9828
f 2239 9828 5339
f 2240 9829 6197
f 980 3190 9830
f 980 9830 5342
f 2241 9831 9832
f 2242 9833 9834
f 2242 9834 5345
f 2243 9835 9836
f 2244 5352 9837
f 2244 9837 5348
f 2245 9838 9839
f 1576 8400 9840
f 1576 9840 5350
f 2246 9841 9842
f 2244 5347 9843
f 2244 9843 5353
f 975 9844 7188
f 2246 9842 9845
f 2246 9845 5354
f 2247 9846 9847
f 2248 9848 9849
f 2248 9849 5357
f 2249 9850 9851
f 1203 3545 9852
f 1203 9852 5360
f 2250 9853 9854
f 2251 9855 9856
f 2251 9856 5363
f 2252 9857 5376
f 2253 9858 9859
f 2253 9859 5366
f 2254 9860 9861
f 2255 6257 9862
f 2255 9862 5369
f 2256 9863 9864
f 2257 5401 9865
f 2257 9865 5372
f 2258 9866 9867
f 2259 9868 9869
f 2259 9869 5375
f 2252 9870 5364
f 2260 9871 9872
f 2260 9872 5378
f 2261 9873 6194
f 2262 5395 9874
f 2262 9874 5381
f 2263 9875 9876
f 2264 9877 9878
f 2264 9878 5384
f 2265 9879 6191
f 2266 5389 9880
f 2266 9880 5387
f 2267 9881 9882
f 2266 5386 9883
f 2266 9883 5390
f 2268 9884 9885
f 2269 9886 9887
f 2269 9887 5393
f 2270 9888 9889
f 2262 5380 9890
f 2262 9890 5396
f 2271 9891 9892
f 2272 9893 9894
f 2272 9894 5399
f 2273 9895 9896
f 2257 5371 9897
f 2257 9897 5402
f 2274 9898 9899
f 2275 6059 9900
f 2275 9900 5405
f 1017 9901 7273
f 1762 8797 9903
f 1762 9903 5407
f 2277 9904 9905
f 2278 9906 9907
f 2278 9907 5410
f 2279 9908 9909
f 2280 9910 9911
f 2280 9911 5413
f 2281 9912 9913
f 2282 9914 9915
f 2282 9915 5416
f 2283 9916 5451
f 2284 5485 9917
f 2284 9917 5419
f 2285 9918 9919
f 2286 9920 9921
f 2286 9921 5422
f 2287 9922 9923
f 2288 5482 9924
f 2288 9924 5425
f 2289 9925 9926
f 2290 9927 9928
f 2290 9928 5428
f 2291 9929 9930
f 2292 5479 9931
f 2292 9931 5431
f 2293 9932 9933
f 1126 7481 9934
f 1126 9934 5433
f 2294 9935 9936
f 2295 9937 9938
f 2295 9938 5436
f 2296 9939 5453
f 1130 7488 9940
f 1130 9940 5438
f 2297 9941 9942
f 2298 9943 9944
f 2298 9944 5441
f 2299 9945 9946
f 2300 9947 9948
f 2300 9948 5444
f 2301 9949 9950
f 2302 9951 9952
f 2302 9952 5447
f 2303 9953 9954
f 2304 5531 9955
f 2304 9955 5450
f 2283 9956 5417
f 2287 9923 9957
f 2287 9957 5452
f 2296 9958 5437
f 1769 8812 9959
f 1769 9959 5455
f 2305 9960 9961
f 2306 9962 9963
f 2306 9963 5458
f 2307 9964 9965
f 2308 9966 9967
f 2308 9967 5461
f 2309 9968 9969
f 2310 9970 9971
f 2310 9971 5464
f 2311 9972 9973
f 2312 5505 9974
f 2312 9974 5467
f 2313 9975 9976
f 1902 9082 9977
f 1902 9977 5469
f 2314 9978 9979
f 886 7033 9980
f 886 9980 5471
f 2315 9981 9982
f 2316 9983 9984
f 2316 9984 5474
f 2317 9985 5491
f 884 3065 9986
f 884 9986 5477
f 2318 9987 9988
f 2292 5430 9989
f 2292 9989 5480
f 2319 9990 9991
f 2288 5424 9992
f 2288 9992 5483
f 2320 9993 9994
f 2284 5418 9995
f 2284 9995 5486
f 2321 9996 9997
f 2307 9965 9998
f 2307 9998 5488
f 2322 9999 10000
f 2311 9973 10001
f 2311 10001 5490
f 2317 10002 5475
f 1772 8819 10003
f 1772 10003 5492
f 2323 10004 10005
f 2324 10006 10007
f 2324 10007 5495
f 2325 10008 5507
f 1775 8826 10009
f 1775 10009 5497
f 2326 10010 10011
f 2327 10012 10013
f 2327 10013 5500
f 2328 10014 10015
f 2329 10016 10017
f 2329 10017 5503
f 2330 10018 10019
f 2312 5466 10020
f 2312 10020 5506
f 2325 10021 5496
f 2331 5761 10022
f 2331 10022 5509
f 2332 10023 10024
f 2203 9750 10025
f 2203 10025 5511
f 2333 10026 10027
f 2333 10027 10028
f 2333 10028 5513
f 2334 10029 10030
f 2335 10031 10032
f 2335 10032 5516
f 2336 10033 5533
f 1043 3287 10034
f 1043 10034 5519
f 2337 10035 10036
f 2338 10037 10038
f 2338 10038 5522
f 2339 10039 10040
f 2340 5877 10041
f 2340 10041 5525
f 2341 10042 10043
f 2279 9909 10044
f 2279 10044 5527
f 2342 10045 10046
f 2342 10046 10047
f 2342 10047 5529
f 2343 10048 10049
f 2304 5449 10050
f 2304 10050 5532
f 2336 10051 5517
f 2047 9390 10052
f 2047 10052 5534
f 2344 10053 10054
f 2345 10055 10056
f 2345 10056 5537
f 2346 10057 10058
f 852 6978 10059
f 852 10059 5539
f 2347 10060 10061
f 2348 10062 10063
f 2348 10063 5542
f 2065 10064 5023
f 2349 5997 10066
f 2349 10066 5545
f 2351 10067 10069
f 2352 10070 10071
f 2352 10071 5548
f 2353 10072 10073
f 2354 10074 10075
f 2354 10075 5551
f 2355 10076 10077
f 2211 9765 10078
f 2211 10078 5554
f 2356 10079 10080
f 2224 5304 10081
f 2224 10081 5557
f 2357 10082 10083
f 2220 5298 10084
f 2220 10084 5560
f 2358 10085 10086
f 2359 10087 10088
f 2359 10088 5563
f 2360 10089 10090
f 1708 8692 10091
f 1708 10091 5565
f 2361 10092 5568
f 2353 10073 10093
f 2353 10093 5567
f 2361 10094 5566
f 853 3032 10095
f 853 10095 5570
f 2362 10096 10097
f 2188 9712 10098
f 2188 10098 5572
f 2208 10099 9760
f 2363 5626 10100
f 2363 10100 5575
f 2364 10101 10102
f 2365 10103 10104
f 2365 10104 5578
f 2159 10105 9653
f 2366 5581 10106
f 2366 10106 5580
f 2162 10107 9660
f 2366 5579 10108
f 2366 10108 5582
f 2367 10109 5609
f 1116 7462 10111
f 1116 10111 5585
f 2369 10112 10113
f 2181 5237 10114
f 2181 10114 5588
f 2370 10115 10116
f 2370 10116 10118
f 2370 10118 5590
f 2372 10119 10120
f 2177 5232 10121
f 2177 10121 5593
f 2373 10122 10123
f 2373 10123 10125
f 2373 10125 5595
f 2375 10126 10128
f 2173 5227 10129
f 2173 10129 5598
f 2376 10130 10131
f 2376 10131 10132
f 2376 10132 5600
f 2170 10133 9677
f 2368 10110 10135
f 2368 10135 5602
f 2378 10136 10137
f 2379 10138 10139
f 2379 10139 5605
f 2380 10140 10141
f 2381 10142 10143
f 2381 10143 5608
f 2367 10144 5583
f 2371 10117 10145
f 2371 10145 5611
f 2382 10146 10147
f 2383 10148 10149
f 2383 10149 5614
f 2168 10150 9675
f 2384 10151 10152
f 2384 10152 5617
f 2385 10153 10154
f 2386 10155 10156
f 2386 10156 5620
f 2167 10157 9670
f 2387 5624 10158
f 2387 10158 5622
f 2377 10159 10134
f 2387 5621 10160
f 2387 10160 5625
f 2384 10161 10151
f 2363 5574 10162
f 2363 10162 5627
f 2388 10163 10164
f 2389 10165 10166
f 2389 10166 5630
f 2348 10167 10062
f 2073 5037 10168
f 2073 10168 5632
f 2390 10169 10170
f 2070 5032 10171
f 2070 10171 5635
f 2062 10172 5018
f 848 62 10174
f 848 10174 5638
f 2392 10175 10176
f 1933 4774 10177
f 1933 10177 5641
f 2393 10178 10179
f 2393 10179 10180
f 2393 10180 5643
f 2394 10181 10182
f 1931 4771 10183
f 1931 10183 5646
f 2395 10184 10185
f 2395 10185 10186
f 2395 10186 5648
f 2396 10187 10188
f 1925 4763 10189
f 1925 10189 5651
f 2397 10190 10191
f 2397 10191 10192
f 2397 10192 5653
f 2398 10193 10194
f 1921 4758 10195
f 1921 10195 5656
f 2399 10196 10197
f 2399 10197 10198
f 2399 10198 5658
f 2400 10199 10200
f 1919 4755 10201
f 1919 10201 5661
f 2401 10202 10203
f 2401 10203 10204
f 2401 10204 5663
f 2402 10205 10206
f 1915 4749 10207
f 1915 10207 5666
f 2403 10208 10209
f 2403 10209 10210
f 2403 10210 5668
f 2404 10211 10212
f 1911 4743 10213
f 1911 10213 5671
f 2405 10214 10215
f 2405 10215 10216
f 2405 10216 5673
f 2406 10217 10218
f 1907 4737 10219
f 1907 10219 5676
f 2407 10220 10221
f 2407 10221 10222
f 2407 10222 5678
f 1903 10223 9083
f 768 6804 10225
f 768 10225 5679
f 2409 10226 10227
f 2410 10228 10229
f 2410 10229 5682
f 1784 10230 8846
f 2411 5687 10231
f 2411 10231 5685
f 1781 10232 8839
f 2411 5684 10234
f 2411 10234 5688
f 765 10235 2910
f 2413 10237 10239
f 2413 10239 5691
f 2415 10240 10242
f 1073 3334 10243
f 1073 10243 5694
f 2416 10244 10245
f 2416 10245 10246
f 2416 10246 5696
f 2418 10247 10249
f 1070 3328 10250
f 1070 10250 5699
f 2419 10251 10252
f 2420 10253 10254
f 2420 10254 5702
f 2421 10255 10256
f 2422 10257 10258
f 2422 10258 5705
f 2423 10259 10260
f 2424 10261 10262
f 2424 10262 5708
f 2425 10263 10264
f 2426 10265 10266
f 2426 10266 5711
f 2427 10267 10268
f 2428 5716 10269
f 2428 10269 5714
f 804 10270 6884
f 2428 5713 10271
f 2428 10271 5717
f 2429 10272 5896
f 808 6889 10273
f 808 10273 5720
f 2430 10274 10275
f 2431 10276 10277
f 2431 10277 5723
f 2432 10278 10279
f 812 6897 10280
f 812 10280 5726
f 2433 10281 10282
f 2434 10283 10284
f 2434 10284 5729
f 2435 10285 10286
f 816 6905 10287
f 816 10287 5732
f 2436 10288 10289
f 2437 10290 10291
f 2437 10291 5735
f 2438 10292 10293
f 818 6909 10294
f 818 10294 5738
f 1591 10295 4215
f 2432 10279 10296
f 2432 10296 5740
f 2439 10297 10298
f 2440 10299 10300
f 2440 10300 5743
f 2417 10301 10248
f 2435 10286 10302
f 2435 10302 5745
f 2441 10303 10304
f 2438 10293 10305
f 2438 10305 5747
f 2442 10306 10307
f 2442 10307 10308
f 2442 10308 5749
f 1577 10309 8401
f 1068 3325 10310
f 1068 10310 5751
f 2443 10311 10312
f 2444 10313 10314
f 2444 10314 5754
f 2445 10315 10316
f 1065 3320 10317
f 1065 10317 5757
f 2446 10318 10319
f 2202 9747 10321
f 2202 10321 5759
f 2448 10322 10323
f 2331 5508 10324
f 2331 10324 5762
f 1132 10325 3434
f 1776 8827 10326
f 1776 10326 5765
f 2449 10327 10328
f 1095 7416 10329
f 1095 10329 5768
f 2450 10330 10331
f 2450 10331 10332
f 2450 10332 5770
f 1720 10333 8716
f 2391 10173 10334
f 2391 10334 5773
f 2451 10335 10336
f 2452 10337 10338
f 2452 10338 5776
f 2453 10339 10340
f 1761 8796 10341
f 1761 10341 5778
f 2454 10342 10343
f 2455 10344 10345
f 2455 10345 5781
f 2456 10346 10347
f 2457 10348 10349
f 2457 10349 5784
f 2458 10350 10351
f 2459 10352 10353
f 2459 10353 5787
f 2460 10354 10355
f 2461 5949 10356
f 2461 10356 5790
f 2462 10357 10358
f 2463 10359 10360
f 2463 10360 5793
f 2464 10361 10362
f 2465 5926 10363
f 2465 10363 5796
f 2466 10364 10365
f 2467 10366 10367
f 2467 10367 5799
f 2468 10368 10369
f 2469 10370 10371
f 2469 10371 5802
f 1063 10372 7354
f 1061 3314 10373
f 1061 10373 5804
f 2470 10374 10375
f 2471 10376 10377
f 2471 10377 5807
f 2472 10378 10379
f 2473 10380 10381
f 2473 10381 5810
f 2474 10382 5832
f 1076 7379 10383
f 1076 10383 5813
f 2475 10384 10385
f 1115 7461 10386
f 1115 10386 5815
f 2476 10387 10388
f 2476 10388 10389
f 2476 10389 5817
f 1779 10390 4534
f 2472 10379 10391
f 2472 10391 5819
f 2477 10392 10393
f 2478 10394 10395
f 2478 10395 5822
f 2479 10396 10397
f 2480 5830 10398
f 2480 10398 5825
f 2481 10399 10400
f 1717 8707 10401
f 1717 10401 5828
f 2482 10402 10403
f 2480 5824 10404
f 2480 10404 5831
f 2474 10405 5811
f 2479 10397 10406
f 2479 10406 5833
f 2483 10407 10408
f 2484 10409 10410
f 2484 10410 5836
f 2485 10411 5858
f 2482 10403 10412
f 2482 10412 5838
f 2486 10413 10414
f 2487 10415 10416
f 2487 10416 5841
f 2488 10417 10418
f 1719 8713 10419
f 1719 10419 5843
f 2489 10420 10421
f 2490 10422 10423
f 2490 10423 5846
f 1820 10424 8912
f 1715 4439 10425
f 1715 10425 5848
f 2491 10426 10427
f 1742 8761 10428
f 1742 10428 5850
f 1811 10429 8898
f 1818 4596 10430
f 1818 10430 5853
f 2492 10431 10432
f 2453 10340 10433
f 2453 10433 5855
f 2493 10434 10435
f 2456 10347 10436
f 2456 10436 5857
f 2485 10437 5837
f 1758 4501 10438
f 1758 10438 5860
f 2494 10439 10440
f 2495 10441 10442
f 2495 10442 5863
f 2496 10443 5891
f 1754 4496 10444
f 1754 10444 5866
f 2497 10445 10446
f 1745 4484 10447
f 1745 10447 5869
f 2498 10448 10449
f 2276 9902 10450
f 2276 10450 5872
f 2499 10451 10452
f 2500 10453 10454
f 2500 10454 5875
f 2501 10455 5888
f 2340 5524 10456
f 2340 10456 5878
f 2502 10457 10458
f 1045 7324 10459
f 1045 10459 5881
f 2503 10460 10461
f 2504 10462 10463
f 2504 10463 5884
f 2505 10464 10465
f 2506 10466 10467
f 2506 10467 5887
f 2501 10468 5876
f 2507 10469 10470
f 2507 10470 5890
f 2496 10471 5864
f 2445 10316 10472
f 2445 10472 5892
f 2508 10473 10474
f 2509 10475 10476
f 2509 10476 5895
f 2429 10477 5718
f 2510 10478 10479
f 2510 10479 5898
f 2511 10480 10481
f 2512 10482 10483
f 2512 10483 5901
f 1780 10484 8836
f 2513 5929 10485
f 2513 10485 5903
f 2514 10486 10487
f 2515 10488 10489
f 2515 10489 5906
f 1246 10490 7704
f 2516 5911 10491
f 2516 10491 5909
f 1241 10492 3606
f 2516 5908 10493
f 2516 10493 5912
f 2517 10494 10495
f 2518 10496 10497
f 2518 10497 5915
f 2519 10498 10499
f 2520 10500 10501
f 2520 10501 5918
f 2521 10502 10503
f 2522 10504 10505
f 2522 10505 5921
f 2523 10506 10507
f 2524 5932 10508
f 2524 10508 5924
f 2525 10509 10510
f 2465 5795 10511
f 2465 10511 5927
f 2526 10512 10513
f 2513 5902 10514
f 2513 10514 5930
f 2527 10515 10516
f 2524 5923 10517
f 2524 10517 5933
f 2528 10518 10519
f 2527 10516 10520
f 2527 10520 5935
f 2529 10521 10522
f 2529 10522 10523
f 2529 10523 5937
f 2510 10524 10478
f 2519 10499 10525
f 2519 10525 5938
f 2530 10526 10527
f 2531 10528 10529
f 2531 10529 5941
f 1046 10530 3292
f 2523 10507 10531
f 2523 10531 5943
f 2532 10532 10533
f 2533 10534 10535
f 2533 10535 5946
f 2504 10536 10462
f 2526 10513 10537
f 2526 10537 5947
f 2534 10538 10539
f 2461 5789 10540
f 2461 10540 5950
f 2507 10541 10469
f 2535 10542 10543
f 2535 10543 5952
f 2536 10544 10545
f 1790 8857 10546
f 1790 10546 5954
f 2537 10547 10548
f 2236 9822 10549
f 2236 10549 5956
f 2538 10550 10551
f 2539 10552 10553
f 2539 10553 5959
f 792 10554 6857
f 2232 5323 10555
f 2232 10555 5962
f 2540 10556 10557
f 2541 10558 10559
f 2541 10559 5965
f 789 10560 6850
f 970 3178 10561
f 970 10561 5968
f 2542 10562 10563
f 2543 6050 10564
f 2543 10564 5971
f 786 10565 6843
f 753 6771 10566
f 753 10566 5974
f 2544 10567 10568
f 2408 10224 10569
f 2408 10569 5977
f 1787 10570 4544
f 1025 3262 10571
f 1025 10571 5980
f 2545 10572 10573
f 1020 3256 10574
f 1020 10574 5983
f 2546 10575 10576
f 2447 10320 10577
f 2447 10577 5986
f 2547 10578 10579
f 2548 10580 10581
f 2548 10581 5989
f 2549 10582 10583
f 1131 3432 10584
f 1131 10584 5992
f 1705 10585 8685
f 2549 10583 10586
f 2549 10586 5993
f 2550 10587 10588
f 1706 8686 10589
f 1706 10589 5996
f 2359 10590 10087
f 2349 5544 10591
f 2349 10591 5998
f 2551 10592 10593
f 2552 10594 10595
f 2552 10595 6001
f 2189 10596 9713
f 2553 10597 10598
f 2553 10598 6003
f 2554 10599 10600
f 2179 9692 10601
f 2179 10601 6006
f 2555 10602 10603
f 2555 10603 10604
f 2555 10604 6008
f 2556 10605 10606
f 2183 9699 10607
f 2183 10607 6011
f 883 10608 3064
f 2171 9678 10609
f 2171 10609 6014
f 2557 10610 10611
f 2558 10612 10613
f 2558 10613 6017
f 2196 10614 9732
f 2175 9685 10615
f 2175 10615 6020
f 2553 10616 10597
f 1702 4419 10617
f 1702 10617 6022
f 2560 10618 10620
f 1168 7559 10621
f 1168 10621 6024
f 2552 10622 10594
f 2561 6036 10623
f 2561 10623 6026
f 2562 10624 10625
f 2563 10626 10627
f 2563 10627 6029
f 2559 10628 10619
f 2564 6033 10629
f 2564 10629 6032
f 1704 10630 8682
f 2564 6031 10631
f 2564 10631 6034
f 2565 10632 10633
f 2561 6025 10634
f 2561 10634 6037
f 1123 10635 7476
f 1557 4151 10637
f 1557 10637 6040
f 2567 10638 10640
f 2568 10641 10642
f 2568 10642 6043
f 2569 10643 6380
f 1548 8336 10644
f 1548 10644 6045
f 2570 10645 10646
f 918 3104 10647
f 918 10647 6048
f 2571 10648 6389
f 2543 5970 10649
f 2543 10649 6051
f 2572 10650 10651
f 2573 10652 10653
f 2573 10653 6054
f 2574 10654 10655
f 971 7180 10656
f 971 10656 6057
f 2575 10657 10658
f 2275 5404 10659
f 2275 10659 6060
f 2576 10660 10661
f 2574 10655 10662
f 2574 10662 6062
f 2577 10663 10664
f 2578 10665 10666
f 2578 10666 6065
f 2579 10667 10668
f 2576 10661 10669
f 2576 10669 6067
f 2580 10670 10671
f 2273 9896 10672
f 2273 10672 6069
f 2581 10673 10674
f 2581 10674 10675
f 2581 10675 6071
f 2583 10676 10678
f 1121 7472 10679
f 1121 10679 6073
f 2584 10680 10681
f 2585 10682 10683
f 2585 10683 6076
f 2586 10684 6091
f 1966 9200 10685
f 1966 10685 6078
f 2587 10686 10687
f 2588 10688 10689
f 2588 10689 6081
f 2589 10690 10691
f 1967 9201 10692
f 1967 10692 6084
f 894 10693 3076
f 2204 9751 10694
f 2204 10694 6087
f 2590 10695 10696
f 2207 5279 10697
f 2207 10697 6090
f 2586 10698 6077
f 1670 8603 10699
f 1670 10699 6093
f 2591 10700 10701
f 2592 10703 10704
f 2593 10706 10707
f 2225 5307 10708
f 2225 10708 6100
f 844 10709 6966
f 2594 10710 10711
f 2594 10711 6102
f 2595 10712 10713
f 2596 10714 10715
f 2596 10715 6105
f 1639 10716 4295
f 2597 6119 10717
f 2597 10717 6108
f 2598 10718 10719
f 2599 10720 10721
f 2599 10721 6111
f 1635 10722 4289
f 1333 3774 10723
f 1333 10723 6114
f 2600 10724 10725
f 1328 3768 10726
f 1328 10726 6117
f 1633 10727 4286
f 2597 6107 10728
f 2597 10728 6120
f 2601 10729 10730
f 1387 3855 10731
f 1387 10731 6123
f 2602 10732 10733
f 1385 3852 10734
f 1385 10734 6126
f 2603 10735 10736
f 2603 10736 10737
f 2603 10737 6128
f 2604 10738 10739
f 2605 10740 10741
f 2605 10741 6131
f 1423 10742 8067
f 1381 3846 10743
f 1381 10743 6133
f 2606 10744 10745
f 2607 10746 10747
f 2607 10747 6136
f 1425 10748 8071
f 1375 3838 10749
f 1375 10749 6138
f 2608 10750 10751
f 1373 3835 10752
f 1373 10752 6141
f 2609 10753 10754
f 2609 10754 10756
f 2609 10756 6143
f 2611 10757 10759
f 1369 3829 10760
f 1369 10760 6146
f 2612 10761 10762
f 2612 10762 10763
f 2612 10763 6148
f 2613 10764 10765
f 1363 3821 10766
f 1363 10766 6151
f 2614 10767 10768
f 2614 10768 10769
f 2614 10769 6153
f 2615 10770 10771
f 1361 3818 10772
f 1361 10772 6156
f 2616 10773 10774
f 2616 10774 10775
f 2616 10775 6158
f 2617 10776 10777
f 1355 3810 10778
f 1355 10778 6161
f 2618 10779 10780
f 2618 10780 10781
f 2618 10781 6163
f 901 10782 7056
f 796 2953 10783
f 796 10783 6165
f 2619 10784 10785
f 2620 10786 10787
f 2620 10787 6168
f 2621 10788 6274
f 2622 6173 10789
f 2622 10789 6171
f 2623 10790 6268
f 2622 6170 10791
f 2622 10791 6174
f 793 10792 6858
f 999 3219 10793
f 999 10793 6176
f 2624 10794 10795
f 2625 10796 10797
f 2625 10797 6179
f 2626 10798 10799
f 996 3214 10800
f 996 10800 6182
f 2627 10801 10802
f 2237 9823 10803
f 2237 10803 6185
f 2628 10804 10805
f 2628 10805 10806
f 2628 10806 6187
f 2629 10807 10808
f 2630 10809 10810
f 2630 10810 6190
f 2265 10811 5385
f 2631 6195 10812
f 2631 10812 6193
f 2261 10813 5379
f 2631 6192 10814
f 2631 10814 6196
f 2240 10815 5340
f 2632 10816 10818
f 2632 10818 6199
f 2634 10819 10821
f 2635 10822 10823
f 2635 10823 6202
f 2636 10824 10825
f 919 7085 10826
f 919 10826 6205
f 2637 10827 10828
f 2638 10829 10830
f 2638 10830 6208
f 1592 10831 8431
f 1531 4097 10832
f 1531 10832 6210
f 2639 10833 10834
f 2640 10835 10836
f 2640 10836 6213
f 1582 10837 8411
f 1532 8293 10838
f 1532 10838 6216
f 2641 10839 10840
f 2642 10841 10842
f 2642 10842 6219
f 1578 10843 8404
f 1543 8319 10844
f 1543 10844 6222
f 2413 10845 10237
f 2274 9899 10846
f 2274 10846 6223
f 2643 10847 10848
f 2644 10849 10850
f 2644 10850 6226
f 2645 10851 6430
f 2646 6249 10852
f 2646 10852 6229
f 2647 10853 10854
f 2648 10855 10856
f 2648 10856 6232
f 2649 10857 10858
f 2650 6243 10859
f 2650 10859 6235
f 2651 10860 10861
f 2652 10862 10863
f 2652 10863 6238
f 2653 10864 10865
f 2654 6269 10866
f 2654 10866 6241
f 2655 10867 6403
f 2650 6234 10869
f 2650 10869 6244
f 2657 10870 10871
f 2658 10872 10873
f 2658 10873 6247
f 1601 10874 8454
f 2646 6228 10875
f 2646 10875 6250
f 2659 10876 10877
f 2660 10878 10879
f 2660 10879 6253
f 1598 10880 8447
f 2636 10825 10881
f 2636 10881 6255
f 1593 10882 8434
f 2255 5368 10883
f 2255 10883 6258
f 2661 10884 10885
f 2662 10886 10887
f 2662 10887 6261
f 915 10888 7080
f 2663 10889 10890
f 2663 10890 6264
f 2664 10891 10892
f 2665 10893 10894
f 2665 10894 6267
f 2623 10895 6172
f 2654 6240 10896
f 2654 10896 6270
f 2666 10897 10898
f 2656 10868 10899
f 2656 10899 6273
f 2621 10900 6169
f 2649 10858 10902
f 2649 10902 6275
f 2668 10903 10905
f 2669 10906 10907
f 2669 10907 6278
f 2670 10908 6308
f 2653 10865 10909
f 2653 10909 6280
f 2671 10910 10911
f 2672 10912 10913
f 2672 10913 6283
f 2673 10914 6302
f 2674 10915 10916
f 2674 10916 6286
f 2675 10917 10918
f 1295 3706 10919
f 1295 10919 6289
f 2676 10920 10921
f 1185 3518 10922
f 1185 10922 6292
f 2677 10923 10924
f 1690 4395 10925
f 1690 10925 6295
f 2678 10926 10927
f 2679 6479 10928
f 2679 10928 6298
f 2680 10929 10930
f 2681 10931 10932
f 2681 10932 6301
f 2673 10933 6284
f 2682 6368 10934
f 2682 10934 6304
f 2683 10935 10936
f 2684 10937 10938
f 2684 10938 6307
f 2670 10939 6279
f 2685 6363 10940
f 2685 10940 6310
f 2686 10941 10942
f 2687 10943 10944
f 2687 10944 6313
f 2688 10945 10946
f 2689 6360 10947
f 2689 10947 6316
f 2690 10948 10949
f 2691 10950 10951
f 2691 10951 6319
f 2692 10952 10953
f 2693 6355 10954
f 2693 10954 6322
f 2694 10955 10956
f 2695 10957 10958
f 2695 10958 6325
f 2696 10959 10960
f 2697 6349 10961
f 2697 10961 6328
f 2698 10962 10963
f 2699 10964 10965
f 2699 10965 6331
f 2700 10966 10967
f 2154 9641 10968
f 2154 10968 6333
f 2701 10969 10970
f 2702 10971 10972
f 2702 10972 6336
f 2703 10973 10974
f 1461 8153 10975
f 1461 10975 6339
f 1321 10976 7882
f 2700 10967 10978
f 2700 10978 6341
f 2705 10979 10980
f 2703 10974 10981
f 2703 10981 6343
f 2706 10982 10983
f 2706 10983 10984
f 2706 10984 6345
f 2708 10985 10987
f 1324 7887 10988
f 1324 10988 6347
f 2709 10989 10990
f 2697 6327 10991
f 2697 10991 6350
f 2710 10992 10993
f 2711 10994 10995
f 2711 10995 6353
f 925 10996 3115
f 2693 6321 10997
f 2693 10997 6356
f 2712 10998 10999
f 2713 11000 11001
f 2713 11001 6359
f 1389 11002 8002
f 2689 6315 11003
f 2689 11003 6361
f 2714 11004 11005
f 2685 6309 11006
f 2685 11006 6364
f 2715 11007 11008
f 2715 11008 11009
f 2715 11009 6366
f 2716 11010 11011
f 2682 6303 11012
f 2682 11012 6369
f 2717 11013 11014
f 2688 10946 11015
f 2688 11015 6371
f 2718 11016 11017
f 2719 11018 11019
f 2719 11019 6374
f 2720 11020 11021
f 2692 10953 11022
f 2692 11022 6376
f 2721 11023 11024
f 2722 11025 11026
f 2722 11026 6379
f 2569 11027 6044
f 2696 10960 11028
f 2696 11028 6381
f 2723 11029 11030
f 2704 10977 11031
f 2704 11031 6384
f 2724 11032 11033
f 2724 11033 11034
f 2724 11034 6386
f 2707 11035 10986
f 2720 11021 11036
f 2720 11036 6388
f 2571 11037 6049
f 2725 6401 11038
f 2725 11038 6391
f 2726 11039 11040
f 2727 11041 11042
f 2727 11042 6394
f 1287 11043 7801
f 2728 6398 11044
f 2728 11044 6397
f 2253 11045 9858
f 2728 6396 11046
f 2728 11046 6399
f 2729 11047 11048
f 2725 6390 11049
f 2725 11049 6402
f 2655 11050 6242
f 2709 10990 11051
f 2709 11051 6404
f 2730 11052 11053
f 2731 11054 11055
f 2731 11055 6407
f 1554 11056 8348
f 2732 6410 11057
f 2732 11057 6409
f 1563 11058 8367
f 2732 6408 11059
f 2732 11059 6411
f 1323 11060 7884
f 907 7065 11061
f 907 11061 6413
f 2733 11062 11063
f 877 7018 11064
f 877 11064 6416
f 2734 11065 11066
f 2734 11066 11067
f 2734 11067 6418
f 2735 11068 11069
f 1485 8198 11070
f 1485 11070 6421
f 2736 11071 11072
f 2736 11072 11073
f 2736 11073 6423
f 1505 11074 4052
f 774 6815 11075
f 774 11075 6426
f 2737 11076 11077
f 2738 11078 11079
f 2738 11079 6429
f 2645 11080 6227
f 2739 6434 11081
f 2739 11081 6432
f 2582 11082 10677
f 2739 6431 11083
f 2739 11083 6435
f 776 11084 6821
f 1310 7854 11085
f 1310 11085 6437
f 2740 11086 11087
f 2741 11088 11089
f 2741 11089 6440
f 1696 11090 8663
f 2231 5318 11091
f 2231 11091 6442
f 2742 11092 11093
f 1175 7574 11094
f 1175 11094 6445
f 2743 11095 11096
f 2743 11096 11097
f 2743 11097 6447
f 1680 11098 8632
f 964 7169 11099
f 964 11099 6449
f 2744 11100 11101
f 2745 6472 11102
f 2745 11102 6452
f 873 11103 7012
f 958 7159 11104
f 958 11104 6453
f 2747 11105 11107
f 2748 11108 11109
f 2748 11109 6456
f 935 11110 7113
f 2749 6459 11111
f 2749 11111 6458
f 939 11112 7121
f 2749 6457 11113
f 2749 11113 6460
f 963 11114 7168
f 951 7145 11115
f 951 11115 6463
f 2750 11116 11117
f 954 7152 11118
f 954 11118 6465
f 2751 11119 11120
f 2751 11120 11121
f 2751 11121 6467
f 2746 11122 11106
f 1431 3922 11123
f 1431 11123 6470
f 2752 11124 11125
f 2745 6451 11126
f 2745 11126 6473
f 1619 11127 8493
f 2717 11014 11129
f 2717 11129 6474
f 2754 11130 11131
f 2755 11132 11133
f 2755 11133 6477
f 2756 11134 11135
f 2679 6297 11136
f 2679 11136 6480
f 2757 11137 11138
f 1691 8653 11139
f 1691 11139 6483
f 2758 11140 11141
f 1484 8197 11142
f 1484 11142 6485
f 2759 11143 11144
f 1468 3990 11145
f 1468 11145 6488
f 2760 11146 11147
f 2760 11147 11148
f 2760 11148 6490
f 2761 11149 11150
f 2753 11128 11152
f 2753 11152 6493
f 2763 11153 11154
f 2761 11150 11155
f 2761 11155 6495
f 2764 11156 11157
f 2762 11151 11158
f 2762 11158 6498
f 2765 11159 11160
f 2766 11161 11162
f 2766 11162 6501
f 2767 11163 11164
f 2764 11157 11165
f 2764 11165 6503
f 2768 11166 11167
f 1469 8167 11168
f 1469 11168 6506
f 2769 11169 11170
f 1430 8086 11171
f 1430 11171 6508
f 2770 11172 11173
f 1426 8074 11174
f 1426 11174 6510
f 2771 11175 6513
f 2767 11164 11176
f 2767 11176 6512
f 2771 11177 6511
f 2772 11178 11179
f 2772 11179 6515
f 2773 11180 11181
f 2774 11182 11183
f 2774 11183 6518
f 1352 11184 7942
f 2775 6521 11185
f 2775 11185 6520
f 2594 11186 10710
f 2775 6519 11187
f 2775 11187 6522
f 2772 11188 11178
f 2776 6684 11189
f 2776 11189 6524
f 733 11190 6734
f 2778 11192 11193
f 2778 11193 6526
f 2779 11194 11195
f 2780 11196 11197
f 2780 11197 6529
f 2145 11198 5174
f 2781 11199 11200
f 2781 11200 6532
f 1384 11201 3851
f 718 6705 11203
f 718 11203 6535
f 2783 11204 11205
f 721 6712 11206
f 721 11206 6537
f 2784 11207 11208
f 2785 11209 11210
f 2785 11210 6540
f 1380 11211 3845
f 2786 11212 11213
f 2786 11213 6543
f 1377 11214 7986
f 2787 11215 11216
f 2787 11216 6546
f 2786 11217 11212
f 2788 11218 11219
f 2788 11219 6548
f 1372 11220 3834
f 2789 11221 11222
f 2789 11222 6551
f 2788 11223 11218
f 2790 11224 11225
f 2790 11225 6553
f 1368 11226 3828
f 2791 11227 11228
f 2791 11228 6556
f 2790 11229 11224
f 2792 11230 11231
f 2792 11231 6558
f 1365 11232 7967
f 2793 11233 11234
f 2793 11234 6561
f 2792 11235 11230
f 746 2889 11236
f 746 11236 6563
f 2794 11237 11238
f 2795 11239 11240
f 2795 11240 6566
f 1360 11241 3817
f 2796 11242 11243
f 2796 11243 6569
f 2797 11244 11245
f 2779 11195 11246
f 2779 11246 6571
f 1353 11247 7947
f 2798 11248 11249
f 2798 11249 6574
f 2782 11250 11202
f 2799 11251 11252
f 2799 11252 6577
f 717 11253 6704
f 2800 11254 11255
f 2800 11255 6579
f 722 11256 6713
f 1796 4559 11257
f 1796 11257 6581
f 2801 11258 11259
f 2802 11260 11261
f 2802 11261 6584
f 830 11262 6938
f 1792 4553 11263
f 1792 11263 6586
f 2803 11264 11265
f 2804 11266 11267
f 2804 11267 6589
f 836 11268 3011
f 860 6991 11269
f 860 11269 6592
f 2805 11270 11271
f 2806 11272 11273
f 2806 11273 6595
f 748 11274 6764
f 2139 5161 11275
f 2139 11275 6598
f 2807 11276 11277
f 2808 11278 11279
f 2808 11279 6601
f 744 11280 6757
f 2142 9612 11281
f 2142 11281 6604
f 2780 11282 11196
f 2809 11283 11284
f 2809 11284 6606
f 2795 11285 11239
f 2797 11245 11286
f 2797 11286 6607
f 1357 11287 7954
f 2810 11288 11289
f 2810 11289 6610
f 2811 11290 11291
f 2812 11292 11293
f 2812 11293 6613
f 1937 11294 4780
f 2813 11295 11296
f 2813 11296 6616
f 1935 11297 9141
f 730 6730 11298
f 730 11298 6618
f 2814 11299 11300
f 2815 11301 11302
f 2815 11302 6621
f 2777 11303 11191
f 2811 11291 11304
f 2811 11304 6623
f 1821 11305 8917
f 2816 11306 11307
f 2816 11307 6626
f 2817 11308 11309
f 2818 11310 11311
f 2818 11311 6629
f 708 11312 6687
f 2819 11313 11314
f 2819 11314 6631
f 711 11315 6692
f 1910 9097 11316
f 1910 11316 6632
f 2820 11317 11318
f 1914 9104 11319
f 1914 11319 6634
f 2821 11320 11321
f 2822 11322 11323
f 2822 11323 6637
f 713 11324 6696
f 1918 9111 11325
f 1918 11325 6638
f 2823 11326 11327
f 2824 11328 11329
f 2824 11329 6641
f 837 11330 6951
f 1923 9118 11331
f 1923 11331 6643
f 2825 11332 11333
f 2826 11334 11335
f 2826 11335 6646
f 841 11336 6959
f 1927 9125 11337
f 1927 11337 6648
f 2827 11338 11339
f 2828 11340 11341
f 2828 11341 6651
f 737 11342 6743
f 1930 9132 11343
f 1930 11343 6653
f 2829 11344 11345
f 2814 11300 11346
f 2814 11346 6655
f 732 11347 2872
f 2830 11348 11349
f 2830 11349 6658
f 1894 11350 4718
f 709 6688 11351
f 709 11351 6661
f 2831 11352 11353
f 716 6703 11354
f 716 11354 6663
f 2832 11355 11356
f 2833 11357 11358
f 2833 11358 6666
f 1890 11359 4712
f 840 6958 11360
f 840 11360 6668
f 2834 11361 11362
f 2835 11363 11364
f 2835 11364 6671
f 1886 11365 4706
f 843 6965 11366
f 843 11366 6673
f 2836 11367 11368
f 2837 11369 11370
f 2837 11370 6676
f 1882 11371 4700
f 735 2876 11372
f 735 11372 6679
f 2838 11373 11374
f 2839 11375 11376
f 2839 11376 6682
f 1855 11377 8987
f 2776 6523 11378
f 2776 11378 6685
f 1825 11379 8924
f 2840 708 2841
f 2840 2841 2842
f 2842 2841 710
f 2843 711 2844
f 2843 2844 2845
f 2845 2844 712
f 2846 713 2847
f 2846 2847 2848
f 2848 2847 714
f 2849 715 2850
f 2849 2850 2851
f 2851 2850 716
f 2852 717 2853
f 2852 2853 2854
f 2854 2853 719
f 2855 720 2856
f 2855 2856 2857
f 2857 2856 721
f 2858 722 2859
f 2858 2859 2860
f 2860 2859 723
f 2861 724 2862
f 2861 2862 2863
f 2863 2862 725
f 2864 726 2865
f 2864 2865 2866
f 2866 2865 728
f 2867 729 2868
f 2867 2868 2869
f 2869 2868 730
f 2870 731 2871
f 2870 2871 2872
f 2872 2871 732
f 2873 733 2874
f 2873 2874 2875
f 2875 2874 734
f 2876 735 2877
f 2876 2877 2878
f 2878 2877 736
f 2878 736 2879
f 2878 2879 2880
f 2880 2879 738
f 2881 739 2882
f 2881 2882 2883
f 2883 2882 741
f 2884 742 2885
f 2884 2885 2886
f 2886 2885 743
f 2886 743 2887
f 2886 2887 2888
f 2888 2887 745
f 2889 746 2890
f 2889 2890 2891
f 2891 2890 747
f 2891 747 2892
f 2891 2892 2893
f 2893 2892 749
f 2894 750 2895
f 2894 2895 2896
f 2896 2895 751
f 2897 752 2898
f 2897 2898 2899
f 2899 2898 754
f 2899 754 2900
f 2899 2900 2901
f 2901 2900 756
f 2901 756 2902
f 2901 2902 2903
f 2903 2902 758
f 2903 758 2904
f 2903 2904 2905
f 2905 2904 760
f 2906 761 2907
f 2906 2907 2908
f 2908 2907 763
f 2908 763 2909
f 2908 2909 2910
f 2910 2909 765
f 2911 764 2912
f 2911 2912 2913
f 2913 2912 767
f 2913 767 2914
f 2913 2914 2915
f 2915 2914 768
f 2916 769 2917
f 2916 2917 2918
f 2918 2917 770
f 2918 770 2919
f 2918 2919 2920
f 2920 2919 772
f 2921 771 2922
f 2921 2922 2923
f 2923 2922 773
f 2923 773 2924
f 2923 2924 2925
f 2925 2924 775
f 2925 775 2926
f 2925 2926 2927
f 2927 2926 777
f 2927 777 2928
f 2927 2928 2929
f 2929 2928 779
f 2930 778 2931
f 2930 2931 2932
f 2932 2931 781
f 2932 781 2933
f 2932 2933 2934
f 2934 2933 783
f 2935 782 2936
f 2935 2936 2937
f 2937 2936 785
f 2937 785 2938
f 2937 2938 2939
f 2939 2938 787
f 2934 783 2940
f 2934 2940 2941
f 2941 2940 788
f 2941 788 2942
f 2941 2942 2943
f 2943 2942 790
f 2929 779 2944
f 2929 2944 2945
f 2945 2944 791
f 2945 791 2946
f 2945 2946 2947
f 2947 2946 772
f 2948 793 2949
f 2948 2949 2950
f 2950 2949 794
f 2950 794 2951
f 2950 2951 2952
f 2952 2951 795
f 2953 796 2954
f 2953 2954 2955
f 2955 2954 797
f 2955 797 2956
f 2955 2956 2957
f 2957 2956 798
f 2958 761 2959
f 2958 2959 2960
f 2960 2959 800
f 2960 800 2961
f 2960 2961 2962
f 2962 2961 798
f 2963 801 2964
f 2963 2964 2965
f 2965 2964 803
f 2966 799 2967
f 2966 2967 2968
f 2968 2967 805
f 2968 805 2969
f 2968 2969 2970
f 2970 2969 807
f 2971 806 2972
f 2971 2972 2973
f 2973 2972 809
f 2973 809 2974
f 2973 2974 2975
f 2975 2974 811
f 2976 810 2977
f 2976 2977 2978
f 2978 2977 813
f 2978 813 2979
f 2978 2979 2980
f 2980 2979 815
f 2981 814 2982
f 2981 2982 2983
f 2983 2982 817
f 2983 817 2984
f 2983 2984 2985
f 2985 2984 819
f 2985 819 2986
f 2985 2986 2987
f 2987 2986 821
f 2987 821 2988
f 2987 2988 2989
f 2989 2988 823
f 2980 815 2990
f 2980 2990 2991
f 2991 2990 824
f 2991 824 2992
f 2991 2992 2993
f 2993 2992 826
f 2975 811 2994
f 2975 2994 2995
f 2995 2994 827
f 2995 827 2996
f 2995 2996 2997
f 2997 2996 829
f 2997 829 2998
f 2997 2998 2999
f 2999 2998 807
f 3000 830 3001
f 3000 3001 3002
f 3002 3001 831
f 3003 832 3004
f 3003 3004 3005
f 3005 3004 833
f 3006 834 3007
f 3006 3007 3008
f 3008 3007 835
f 3009 834 3010
f 3009 3010 3011
f 3011 3010 836
f 3012 837 3013
f 3012 3013 3014
f 3014 3013 838
f 3015 839 3016
f 3015 3016 3017
f 3017 3016 840
f 3018 841 3019
f 3018 3019 3020
f 3020 3019 842
f 2880 738 3021
f 2880 3021 3022
f 3022 3021 843
f 3023 844 3024
f 3023 3024 3025
f 3025 3024 846
f 3026 847 3027
f 3026 3027 3028
f 3028 3027 849
f 3029 850 3030
f 3029 3030 3031
f 3031 3030 852
f 3032 853 3033
f 3032 3033 3034
f 3034 3033 855
f 3035 856 3036
f 3035 3036 3037
f 3037 3036 858
f 3038 859 3039
f 3038 3039 3040
f 3040 3039 861
f 3041 862 3042
f 3041 3042 3043
f 3043 3042 864
f 3044 865 3045
f 3044 3045 3046
f 3046 3045 867
f 3047 868 3048
f 3047 3048 3049
f 3049 3048 870
f 3050 871 3051
f 3050 3051 3052
f 3052 3051 872
f 3053 873 3054
f 3053 3054 3055
f 3055 3054 875
f 3056 876 3057
f 3056 3057 3058
f 3058 3057 878
f 3059 879 3060
f 3059 3060 3061
f 3061 3060 881
f 3062 882 3063
f 3062 3063 3064
f 3064 3063 883
f 3065 884 3066
f 3065 3066 3067
f 3067 3066 886
f 3068 887 3069
f 3068 3069 3070
f 3070 3069 888
f 3071 889 3072
f 3071 3072 3073
f 3073 3072 891
f 3074 892 3075
f 3074 3075 3076
f 3076 3075 894
f 3077 895 3078
f 3077 3078 3079
f 3079 3078 897
f 3080 898 3081
f 3080 3081 3082
f 3082 3081 900
f 3083 901 3084
f 3083 3084 3085
f 3085 3084 903
f 3086 902 3087
f 3086 3087 3088
f 3088 3087 905
f 3089 906 3090
f 3089 3090 3091
f 3091 3090 908
f 3092 909 3093
f 3092 3093 3094
f 3094 3093 911
f 3095 912 3096
f 3095 3096 3097
f 3097 3096 913
f 3098 914 3099
f 3098 3099 3100
f 3100 3099 916
f 3101 759 3102
f 3101 3102 3103
f 3103 3102 917
f 3104 918 3105
f 3104 3105 3106
f 3106 3105 920
f 3107 921 3108
f 3107 3108 3109
f 3109 3108 922
f 3110 923 3111
f 3110 3111 3112
f 3112 3111 924
f 3113 904 3114
f 3113 3114 3115
f 3115 3114 925
f 3116 926 3117
f 3116 3117 3118
f 3118 3117 928
f 3119 929 3120
f 3119 3120 3121
f 3121 3120 930
f 3122 931 3123
f 3122 3123 3124
f 3124 3123 932
f 3125 933 3126
f 3125 3126 3127
f 3127 3126 934
f 3128 935 3129
f 3128 3129 3130
f 3130 3129 936
f 3131 937 3132
f 3131 3132 3133
f 3133 3132 938
f 3134 939 3135
f 3134 3135 3136
f 3136 3135 940
f 3137 941 3138
f 3137 3138 3139
f 3139 3138 942
f 3140 866 3141
f 3140 3141 3142
f 3142 3141 943
f 3143 944 3144
f 3143 3144 3074
f 3074 3144 892
f 3145 945 3146
f 3145 3146 3147
f 3147 3146 947
f 3139 942 3148
f 3139 3148 3149
f 3149 3148 948
f 3149 948 3150
f 3149 3150 3151
f 3151 3150 893
f 3152 950 3153
f 3152 3153 3154
f 3154 3153 952
f 3155 953 3156
f 3155 3156 3157
f 3157 3156 954
f 3158 955 3159
f 3158 3159 3160
f 3160 3159 956
f 3161 957 3162
f 3161 3162 3163
f 3163 3162 958
f 3164 959 3165
f 3164 3165 3166
f 3166 3165 960
f 3167 961 3168
f 3167 3168 3169
f 3169 3168 962
f 3169 962 3170
f 3169 3170 3171
f 3171 3170 964
f 3172 965 3173
f 3172 3173 3174
f 3174 3173 967
f 3175 968 3176
f 3175 3176 3177
f 3177 3176 969
f 3178 970 3179
f 3178 3179 3180
f 3180 3179 972
f 3181 973 3182
f 3181 3182 3183
f 3183 3182 974
f 3184 975 3185
f 3184 3185 3186
f 3186 3185 977
f 3187 978 3188
f 3187 3188 3189
f 3189 3188 979
f 3190 980 3191
f 3190 3191 3192
f 3192 3191 981
f 3193 982 3194
f 3193 3194 3195
f 3195 3194 983
f 3196 984 3197
f 3196 3197 3198
f 3198 3197 985
f 3199 986 3200
f 3199 3200 3201
f 3201 3200 987
f 3202 988 3203
f 3202 3203 3204
f 3204 3203 989
f 3205 988 3206
f 3205 3206 3207
f 3207 3206 991
f 3208 992 3209
f 3208 3209 3210
f 3210 3209 993
f 3211 994 3212
f 3211 3212 3213
f 3213 3212 995
f 3214 996 3215
f 3214 3215 3216
f 3216 3215 997
f 3217 998 3218
f 3217 3218 3211
f 3211 3218 994
f 3219 999 3220
f 3219 3220 3221
f 3221 3220 1000
f 3222 1001 3223
f 3222 3223 3224
f 3224 3223 993
f 3189 979 3225
f 3189 3225 3226
f 3226 3225 1003
f 3195 983 3227
f 3195 3227 3228
f 3228 3227 1004
f 3201 987 3229
f 3201 3229 3230
f 3230 3229 1005
f 3231 1006 3232
f 3231 3232 3233
f 3233 3232 1007
f 3234 1008 3235
f 3234 3235 3236
f 3236 3235 1009
f 3204 989 3237
f 3204 3237 3238
f 3238 3237 1010
f 3239 1011 3240
f 3239 3240 3241
f 3241 3240 1012
f 3242 990 3243
f 3242 3243 3244
f 3244 3243 1013
f 3245 1014 3246
f 3245 3246 3247
f 3247 3246 1015
f 3248 1001 3249
f 3248 3249 3250
f 3250 3249 1016
f 3251 1017 3252
f 3251 3252 3253
f 3253 3252 1018
f 3183 974 3254
f 3183 3254 3255
f 3255 3254 1019
f 3256 1020 3257
f 3256 3257 3258
f 3258 3257 1022
f 3259 1023 3260
f 3259 3260 3261
f 3261 3260 1024
f 3262 1025 3263
f 3262 3263 3264
f 3264 3263 1026
f 3266 3265 1027
f 3261 1024 3267
f 3261 3267 3268
f 3268 3267 1029
f 3269 1030 3270
f 3269 3270 3271
f 3271 3270 1031
f 3272 1032 3273
f 3272 3273 3274
f 3274 3273 1033
f 3275 1034 3276
f 3275 3276 3277
f 3277 3276 1035
f 3278 1036 3279
f 3278 3279 3280
f 3280 3279 1038
f 3281 1039 3282
f 3281 3282 3283
f 3283 3282 1040
f 3284 1041 3285
f 3284 3285 3286
f 3286 3285 1042
f 3287 1043 3288
f 3287 3288 3289
f 3289 3288 1044
f 3290 1041 3291
f 3290 3291 3292
f 3292 3291 1046
f 3293 1047 3294
f 3293 3294 3295
f 3295 3294 1049
f 3296 1050 3297
f 3296 3297 3298
f 3298 3297 1051
f 3299 1052 3300
f 3299 3300 3301
f 3301 3300 1053
f 3302 1054 3303
f 3302 3303 3304
f 3304 3303 1055
f 3305 1056 3306
f 3305 3306 3307
f 3307 3306 1057
f 3308 1058 3309
f 3308 3309 3310
f 3310 3309 1059
f 3311 890 3312
f 3311 3312 3313
f 3313 3312 1060
f 3314 1061 3315
f 3314 3315 3316
f 3316 3315 1062
f 3317 1063 3318
f 3317 3318 3319
f 3319 3318 1064
f 3320 1065 3321
f 3320 3321 3322
f 3322 3321 1066
f 3322 1066 3323
f 3322 3323 3324
f 3324 3323 1067
f 3325 1068 3326
f 3325 3326 3327
f 3327 3326 1069
f 3328 1070 3329
f 3328 3329 3330
f 3330 3329 1071
f 3331 1072 3332
f 3331 3332 3333
f 3333 3332 1055
f 3334 1073 3335
f 3334 3335 3336
f 3336 3335 1074
f 3337 1075 3338
f 3337 3338 3339
f 3339 3338 1051
f 3073 891 3340
f 3073 3340 3341
f 3341 3340 1077
f 3342 1078 3343
f 3342 3343 3344
f 3344 3343 1079
f 3345 889 3346
f 3345 3346 3347
f 3347 3346 1080
f 3348 1056 3349
f 3348 3349 3350
f 3350 3349 1081
f 3351 1082 3352
f 3351 3352 3353
f 3353 3352 1083
f 3354 1084 3355
f 3354 3355 3356
f 3356 3355 1081
f 3357 1085 3358
f 3357 3358 3359
f 3359 3358 1086
f 3360 1087 3361
f 3360 3361 3362
f 3362 3361 1088
f 3363 1089 3364
f 3363 3364 3365
f 3365 3364 1090
f 3366 1091 3367
f 3366 3367 3368
f 3368 3367 1092
f 3369 1093 3370
f 3369 3370 3371
f 3371 3370 1094
f 3372 1093 3373
f 3372 3373 3374
f 3374 3373 1096
f 3375 1097 3376
f 3375 3376 3377
f 3377 3376 1098
f 3378 1099 3379
f 3378 3379 3380
f 3380 3379 1100
f 3381 1101 3382
f 3381 3382 3383
f 3383 3382 1102
f 3384 1103 3385
f 3384 3385 3386
f 3386 3385 1104
f 3387 1103 3388
f 3387 3388 3389
f 3389 3388 1106
f 3390 1107 3391
f 3390 3391 3392
f 3392 3391 1108
f 3393 1099 3394
f 3393 3394 3363
f 3363 3394 1089
f 3395 1085 3396
f 3395 3396 3397
f 3397 3396 1109
f 3398 1110 3399
f 3398 3399 3400
f 3400 3399 1111
f 3401 1082 3402
f 3401 3402 3403
f 3403 3402 1112
f 3404 1047 3405
f 3404 3405 3406
f 3406 3405 1113
f 3362 1088 3407
f 3362 3407 3408
f 3408 3407 1114
f 3368 1092 3409
f 3368 3409 3410
f 3410 3409 1115
f 3411 850 3412
f 3411 3412 3413
f 3413 3412 1117
f 3414 1118 3415
f 3414 3415 3416
f 3416 3415 1119
f 3417 1120 3418
f 3417 3418 3419
f 3419 3418 1121
f 3420 1122 3421
f 3420 3421 3422
f 3422 3421 1124
f 3423 1125 3424
f 3423 3424 3425
f 3425 3424 1126
f 3426 1127 3427
f 3426 3427 3428
f 3428 3427 1128
f 3429 1129 3430
f 3429 3430 3431
f 3431 3430 1130
f 3432 1131 3433
f 3432 3433 3434
f 3434 3433 1132
f 3435 1133 3436
f 3435 3436 3437
f 3437 3436 1134
f 3438 1135 3439
f 3438 3439 3440
f 3440 3439 1037
f 3441 1136 3442
f 3441 3442 3443
f 3443 3442 1137
f 3444 1138 3445
f 3444 3445 3446
f 3446 3445 1140
f 3447 1141 3448
f 3447 3448 3449
f 3449 3448 1142
f 3449 1142 3450
f 3449 3450 3451
f 3451 3450 1144
f 3452 1145 3453
f 3452 3453 3454
f 3454 3453 1146
f 3454 1146 3455
f 3454 3455 3456
f 3456 3455 1148
f 3457 1149 3458
f 3457 3458 3459
f 3459 3458 1150
f 3460 1151 3461
f 3460 3461 3462
f 3462 3461 1152
f 3463 1153 3464
f 3463 3464 3465
f 3465 3464 1154
f 3466 1155 3467
f 3466 3467 3468
f 3468 3467 1156
f 3469 1157 3470
f 3469 3470 3471
f 3471 3470 1150
f 3472 1158 3473
f 3472 3473 3474
f 3474 3473 1159
f 3475 1160 3476
f 3475 3476 3477
f 3477 3476 1147
f 3478 1161 3479
f 3478 3479 3480
f 3480 3479 1162
f 3481 1163 3482
f 3481 3482 3483
f 3483 3482 1143
f 3484 1164 3485
f 3484 3485 3486
f 3486 3485 1165
f 3487 1166 3488
f 3487 3488 3489
f 3489 3488 1139
f 3490 1167 3491
f 3490 3491 3492
f 3492 3491 1168
f 3493 1151 3494
f 3493 3494 3495
f 3495 3494 1170
f 3496 1145 3497
f 3496 3497 3498
f 3498 3497 1171
f 3498 1171 3499
f 3498 3499 3500
f 3500 3499 1173
f 3501 1141 3502
f 3501 3502 3503
f 3503 3502 880
f 3504 1174 3505
f 3504 3505 3506
f 3506 3505 1176
f 3508 3507 1177
f 3509 1178 3510
f 3509 3510 3511
f 3511 3510 1180
f 3512 1181 3513
f 3512 3513 3514
f 3514 3513 1182
f 3515 1183 3516
f 3515 3516 3517
f 3517 3516 1184
f 3518 1185 3519
f 3518 3519 3520
f 3520 3519 1186
f 3521 1179 3522
f 3521 3522 3523
f 3523 3522 1188
f 3524 1189 3525
f 3524 3525 3526
f 3526 3525 1190
f 3527 1191 3528
f 3527 3528 3529
f 3529 3528 1192
f 3530 1193 3531
f 3530 3531 3532
f 3532 3531 1194
f 3533 1195 3534
f 3533 3534 3535
f 3535 3534 1196
f 3536 1197 3537
f 3536 3537 3538
f 3538 3537 1198
f 3539 1199 3540
f 3539 3540 3541
f 3541 3540 1200
f 3542 1201 3543
f 3542 3543 3544
f 3544 3543 1202
f 3545 1203 3546
f 3545 3546 3547
f 3547 3546 1204
f 3544 1202 3548
f 3544 3548 3549
f 3549 3548 1206
f 3550 1207 3551
f 3550 3551 3552
f 3552 3551 1208
f 3553 1209 3554
f 3553 3554 3555
f 3555 3554 1210
f 3556 1211 3557
f 3556 3557 3558
f 3558 3557 1212
f 3559 1213 3560
f 3559 3560 3561
f 3561 3560 1214
f 3562 1215 3563
f 3562 3563 3564
f 3564 3563 1216
f 3565 1217 3566
f 3565 3566 3567
f 3567 3566 1218
f 3568 1219 3569
f 3568 3569 3570
f 3570 3569 1220
f 3571 1221 3572
f 3571 3572 3573
f 3573 3572 1222
f 3574 1223 3575
f 3574 3575 3576
f 3576 3575 1224
f 3577 1225 3578
f 3577 3578 3579
f 3579 3578 1226
f 3580 1227 3581
f 3580 3581 3582
f 3582 3581 1228
f 3583 1225 3584
f 3583 3584 3585
f 3585 3584 1229
f 3586 1230 3587
f 3586 3587 3588
f 3588 3587 1231
f 3589 1221 3590
f 3589 3590 3591
f 3591 3590 1232
f 3592 1233 3593
f 3592 3593 3594
f 3594 3593 1234
f 3595 1217 3596
f 3595 3596 3597
f 3597 3596 1235
f 3598 1236 3599
f 3598 3599 3600
f 3600 3599 1237
f 3601 1238 3602
f 3601 3602 3603
f 3603 3602 1239
f 3604 1240 3605
f 3604 3605 3606
f 3606 3605 1241
f 3607 1242 3608
f 3607 3608 3609
f 3609 3608 1243
f 3610 1244 3611
f 3610 3611 3612
f 3612 3611 1245
f 3612 1245 3613
f 3612 3613 3614
f 3614 3613 1247
f 3615 1213 3616
f 3615 3616 3617
f 3617 3616 1248
f 3618 1249 3619
f 3618 3619 3620
f 3620 3619 1250
f 3233 1007 3621
f 3233 3621 3622
f 3622 3621 1251
f 3623 1252 3624
f 3623 3624 3607
f 3607 3624 1242
f 3625 1253 3626
f 3625 3626 3627
f 3627 3626 1254
f 3628 1253 3629
f 3628 3629 3630
f 3630 3629 1256
f 3236 1009 3631
f 3236 3631 3632
f 3632 3631 1257
f 3632 1257 3633
f 3632 3633 3634
f 3634 3633 1259
f 3241 1012 3635
f 3241 3635 3636
f 3636 3635 1019
f 3637 1260 3638
f 3637 3638 3639
f 3639 3638 1261
f 3640 1262 3641
f 3640 3641 3642
f 3642 3641 1234
f 3643 1263 3644
f 3643 3644 3645
f 3645 3644 1231
f 3646 1263 3647
f 3646 3647 3648
f 3648 3647 1264
f 3570 1220 3649
f 3570 3649 3650
f 3650 3649 1265
f 3651 1266 3652
f 3651 3652 3653
f 3653 3652 1267
f 3576 1224 3654
f 3576 3654 3655
f 3655 3654 1268
f 3656 1269 3657
f 3656 3657 3658
f 3658 3657 1270
f 3582 1228 3659
f 3582 3659 3660
f 3660 3659 1271
f 3661 1272 3662
f 3661 3662 3663
f 3663 3662 1273
f 3664 1274 3665
f 3664 3665 3666
f 3666 3665 1275
f 3667 1274 3668
f 3667 3668 3669
f 3669 3668 1276
f 3670 1227 3671
f 3670 3671 3441
f 3441 3671 1136
f 3653 1267 3672
f 3653 3672 3673
f 3673 3672 1277
f 3674 1278 3675
f 3674 3675 3676
f 3676 3675 1279
f 3658 1270 3677
f 3658 3677 3678
f 3678 3677 1280
f 3679 1281 3680
f 3679 3680 3681
f 3681 3680 1282
f 3663 1273 3682
f 3663 3682 3683
f 3683 3682 1283
f 3684 1284 3685
f 3684 3685 3686
f 3686 3685 1285
f 3666 1275 3687
f 3666 3687 3688
f 3688 3687 1286
f 3689 1199 3690
f 3689 3690 3691
f 3691 3690 1288
f 3692 1289 3693
f 3692 3693 3694
f 3694 3693 1290
f 3695 1195 3696
f 3695 3696 3697
f 3697 3696 1291
f 3698 1292 3699
f 3698 3699 3700
f 3700 3699 1293
f 3701 1191 3702
f 3701 3702 3703
f 3703 3702 1182
f 3520 1186 3704
f 3520 3704 3705
f 3705 3704 1294
f 3706 1295 3707
f 3706 3707 3708
f 3708 3707 1290
f 3538 1198 3709
f 3538 3709 3710
f 3710 3709 1296
f 3711 1297 3712
f 3711 3712 3713
f 3713 3712 1298
f 3714 1299 3715
f 3714 3715 3716
f 3716 3715 1300
f 3681 1282 3717
f 3681 3717 3718
f 3718 3717 1301
f 3719 1299 3720
f 3719 3720 3721
f 3721 3720 1205
f 3713 1298 3722
f 3713 3722 3723
f 3723 3722 1302
f 3724 1303 3725
f 3724 3725 3726
f 3726 3725 1304
f 3718 1301 3727
f 3718 3727 3728
f 3728 3727 1305
f 3686 1285 3729
f 3686 3729 3730
f 3730 3729 1306
f 3731 1307 3732
f 3731 3732 3733
f 3733 3732 1308
f 3734 1309 3735
f 3734 3735 3736
f 3736 3735 1310
f 3737 1311 3738
f 3737 3738 3739
f 3739 3738 1312
f 3740 1311 3741
f 3740 3741 3742
f 3742 3741 1314
f 3743 1307 3744
f 3743 3744 3745
f 3745 3744 1315
f 3726 1304 3746
f 3726 3746 3747
f 3747 3746 1316
f 3730 1306 3748
f 3730 3748 3749
f 3749 3748 1317
f 3749 1317 3750
f 3749 3750 3751
f 3751 3750 1318
f 3752 1319 3753
f 3752 3753 3754
f 3754 3753 1035
f 3688 1286 3755
f 3688 3755 3756
f 3756 3755 1031
f 3757 1320 3758
f 3757 3758 3759
f 3759 3758 1322
f 3760 1323 3761
f 3760 3761 3762
f 3762 3761 1324
f 3763 1325 3764
f 3763 3764 3765
f 3765 3764 1326
f 3766 1327 3767
f 3766 3767 3143
f 3143 3767 944
f 3768 1328 3769
f 3768 3769 3770
f 3770 3769 1330
f 3771 1331 3772
f 3771 3772 3773
f 3773 3772 1332
f 3774 1333 3775
f 3774 3775 3776
f 3776 3775 1334
f 3777 1335 3778
f 3777 3778 3779
f 3779 3778 1336
f 3780 1337 3781
f 3780 3781 3782
f 3782 3781 1338
f 3783 1339 3784
f 3783 3784 3785
f 3785 3784 1340
f 3785 1340 3786
f 3785 3786 3787
f 3787 3786 1342
f 3788 945 3789
f 3788 3789 3790
f 3790 3789 1343
f 3791 1344 3792
f 3791 3792 3793
f 3793 3792 1345
f 3793 1345 3794
f 3793 3794 3795
f 3795 3794 1346
f 3796 1347 3797
f 3796 3797 3798
f 3798 3797 1348
f 3799 1349 3800
f 3799 3800 3801
f 3801 3800 1350
f 3802 1351 3803
f 3802 3803 3804
f 3804 3803 930
f 3805 1352 3806
f 3805 3806 3807
f 3807 3806 927
f 3085 903 3808
f 3085 3808 3809
f 3809 3808 1354
f 3810 1355 3811
f 3810 3811 3812
f 3812 3811 1356
f 3812 1356 3813
f 3812 3813 3814
f 3814 3813 1358
f 3815 1359 3816
f 3815 3816 3817
f 3817 3816 1360
f 3818 1361 3819
f 3818 3819 3820
f 3820 3819 1362
f 3821 1363 3822
f 3821 3822 3823
f 3823 3822 1364
f 3823 1364 3824
f 3823 3824 3825
f 3825 3824 1366
f 3826 1367 3827
f 3826 3827 3828
f 3828 3827 1368
f 3829 1369 3830
f 3829 3830 3831
f 3831 3830 1370
f 3832 1371 3833
f 3832 3833 3834
f 3834 3833 1372
f 3835 1373 3836
f 3835 3836 3837
f 3837 3836 1374
f 3838 1375 3839
f 3838 3839 3840
f 3840 3839 1376
f 3840 1376 3841
f 3840 3841 3842
f 3842 3841 1378
f 3843 1379 3844
f 3843 3844 3845
f 3845 3844 1380
f 3846 1381 3847
f 3846 3847 3848
f 3848 3847 1382
f 3849 1383 3850
f 3849 3850 3851
f 3851 3850 1384
f 3852 1385 3853
f 3852 3853 3854
f 3854 3853 1386
f 3855 1387 3856
f 3855 3856 3857
f 3857 3856 1388
f 3858 1389 3859
f 3858 3859 3860
f 3860 3859 1390
f 3861 1391 3862
f 3861 3862 3863
f 3863 3862 1392
f 3058 878 3864
f 3058 3864 3865
f 3865 3864 1394
f 3866 1395 3867
f 3866 3867 3868
f 3868 3867 1396
f 3869 1397 3870
f 3869 3870 3871
f 3871 3870 1398
f 3872 1399 3873
f 3872 3873 3874
f 3874 3873 1400
f 3875 1401 3876
f 3875 3876 3877
f 3877 3876 1402
f 3878 1403 3879
f 3878 3879 3880
f 3880 3879 1404
f 3881 1405 3882
f 3881 3882 3883
f 3883 3882 1406
f 3884 1407 3885
f 3884 3885 3886
f 3886 3885 1408
f 3887 1409 3888
f 3887 3888 3889
f 3889 3888 1410
f 3890 1411 3891
f 3890 3891 3892
f 3892 3891 1412
f 3893 1413 3894
f 3893 3894 3895
f 3895 3894 1414
f 3896 1415 3897
f 3896 3897 3898
f 3898 3897 1416
f 3899 1417 3900
f 3899 3900 3901
f 3901 3900 1418
f 3902 1419 3903
f 3902 3903 3904
f 3904 3903 1420
f 3905 1421 3906
f 3905 3906 3907
f 3907 3906 1422
f 3908 1423 3909
f 3908 3909 3910
f 3910 3909 1424
f 3911 1425 3912
f 3911 3912 3913
f 3913 3912 1426
f 3895 1414 3914
f 3895 3914 3915
f 3915 3914 1427
f 3901 1418 3916
f 3901 3916 3917
f 3917 3916 1428
f 3917 1428 3918
f 3917 3918 3919
f 3919 3918 1429
f 3907 1422 3920
f 3907 3920 3921
f 3921 3920 1430
f 3922 1431 3923
f 3922 3923 3924
f 3924 3923 1432
f 3925 1433 3926
f 3925 3926 3089
f 3089 3926 906
f 3927 1434 3928
f 3927 3928 3929
f 3929 3928 1435
f 3930 1436 3931
f 3930 3931 3932
f 3932 3931 908
f 3933 1437 3934
f 3933 3934 3056
f 3056 3934 876
f 3935 1437 3936
f 3935 3936 3937
f 3937 3936 1438
f 3938 862 3939
f 3938 3939 3940
f 3940 3939 1439
f 3941 863 3942
f 3941 3942 3943
f 3943 3942 1440
f 3944 1441 3945
f 3944 3945 3890
f 3890 3945 1411
f 3946 1442 3947
f 3946 3947 3948
f 3948 3947 1443
f 3949 1444 3950
f 3949 3950 3951
f 3951 3950 1445
f 3952 1446 3953
f 3952 3953 3954
f 3954 3953 1447
f 3787 1342 3955
f 3787 3955 3956
f 3956 3955 1448
f 3957 1449 3958
f 3957 3958 3959
f 3959 3958 1451
f 3960 1452 3961
f 3960 3961 3962
f 3962 3961 1453
f 3963 1454 3964
f 3963 3964 3965
f 3965 3964 1455
f 3966 1341 3967
f 3966 3967 3968
f 3968 3967 1456
f 3969 1444 3970
f 3969 3970 3971
f 3971 3970 1457
f 3971 1457 3972
f 3971 3972 3973
f 3973 3972 864
f 3974 869 3975
f 3974 3975 3976
f 3976 3975 1459
f 3977 1434 3978
f 3977 3978 3979
f 3979 3978 1460
f 3965 1455 3980
f 3965 3980 3981
f 3981 3980 1462
f 3982 1463 3983
f 3982 3983 3984
f 3984 3983 1464
f 3984 1464 3985
f 3984 3985 3986
f 3986 3985 1465
f 3987 1466 3988
f 3987 3988 3989
f 3989 3988 1467
f 3990 1468 3991
f 3990 3991 3992
f 3992 3991 1470
f 3993 1471 3994
f 3993 3994 3995
f 3995 3994 1472
f 3995 1472 3996
f 3995 3996 3997
f 3997 3996 1473
f 3998 1474 3999
f 3998 3999 4000
f 4000 3999 1475
f 4001 1476 4002
f 4001 4002 4003
f 4003 4002 1477
f 4004 1478 4005
f 4004 4005 4006
f 4006 4005 1479
f 4007 1480 4008
f 4007 4008 4009
f 4009 4008 1481
f 4010 1476 4011
f 4010 4011 4012
f 4012 4011 1483
f 4013 1471 4014
f 4013 4014 4015
f 4015 4014 1484
f 4016 1393 4017
f 4016 4017 4018
f 4018 4017 1486
f 4019 1487 4020
f 4019 4020 4021
f 4021 4020 1488
f 4022 1489 4023
f 4022 4023 4024
f 4024 4023 1490
f 4025 1491 4026
f 4025 4026 4027
f 4027 4026 1492
f 4028 1493 4029
f 4028 4029 4030
f 4030 4029 1494
f 4031 1495 4032
f 4031 4032 4033
f 4033 4032 1496
f 3886 1408 4034
f 3886 4034 4035
f 4035 4034 1497
f 4000 1475 4036
f 4000 4036 4037
f 4037 4036 1498
f 4006 1479 4038
f 4006 4038 4039
f 4039 4038 1499
f 4040 1500 4041
f 4040 4041 4042
f 4042 4041 1501
f 4043 1502 4044
f 4043 4044 4045
f 4045 4044 1488
f 4027 1492 4046
f 4027 4046 4047
f 4047 4046 1496
f 4009 1481 4048
f 4009 4048 4049
f 4049 4048 1503
f 4050 1504 4051
f 4050 4051 4052
f 4052 4051 1505
f 4053 1506 4054
f 4053 4054 4055
f 4055 4054 1507
f 4056 1493 4057
f 4056 4057 4058
f 4058 4057 1508
f 4059 1509 4060
f 4059 4060 4061
f 4061 4060 1400
f 4062 1489 4063
f 4062 4063 4064
f 4064 4063 1396
f 3386 1104 4065
f 3386 4065 4066
f 4066 4065 1511
f 4067 1512 4068
f 4067 4068 4069
f 4069 4068 1513
f 4070 1105 4071
f 4070 4071 4072
f 4072 4071 1514
f 4073 1515 4074
f 4073 4074 4075
f 4075 4074 1516
f 4076 1517 4077
f 4076 4077 4078
f 4078 4077 1518
f 4079 1519 4080
f 4079 4080 4081
f 4081 4080 1520
f 4082 1521 4083
f 4082 4083 4084
f 4084 4083 1522
f 4085 1523 4086
f 4085 4086 4087
f 4087 4086 1524
f 4088 1525 4089
f 4088 4089 4090
f 4090 4089 1526
f 4091 1527 4092
f 4091 4092 4093
f 4093 4092 1528
f 4094 1529 4095
f 4094 4095 4096
f 4096 4095 1530
f 4097 1531 4098
f 4097 4098 4099
f 4099 4098 922
f 4100 1529 4101
f 4100 4101 4102
f 4102 4101 1533
f 4103 1534 4104
f 4103 4104 4105
f 4105 4104 1535
f 4106 1525 4107
f 4106 4107 4108
f 4108 4107 1536
f 4109 1537 4110
f 4109 4110 4111
f 4111 4110 1538
f 4112 1521 4113
f 4112 4113 4114
f 4114 4113 1539
f 4115 1540 4116
f 4115 4116 4117
f 4117 4116 1541
f 4118 1517 4119
f 4118 4119 4120
f 4120 4119 1111
f 4121 1542 4122
f 4121 4122 4123
f 4123 4122 1541
f 4105 1535 4124
f 4105 4124 4125
f 4125 4124 1544
f 4126 1545 4127
f 4126 4127 3337
f 3337 4127 1075
f 4128 1546 4129
f 4128 4129 4130
f 4130 4129 1048
f 4111 1538 4131
f 4111 4131 4121
f 4121 4131 1542
f 4093 1528 4132
f 4093 4132 4133
f 4133 4132 1547
f 4134 921 4135
f 4134 4135 4136
f 4136 4135 1548
f 3082 900 4137
f 3082 4137 4138
f 4138 4137 1549
f 4139 1550 4140
f 4139 4140 4141
f 4141 4140 1551
f 4142 1552 4143
f 4142 4143 4144
f 4144 4143 1553
f 4145 1554 4146
f 4145 4146 4147
f 4147 4146 1555
f 4148 898 4149
f 4148 4149 4150
f 4150 4149 1556
f 4151 1557 4152
f 4151 4152 4153
f 4153 4152 1558
f 4141 1551 4154
f 4141 4154 4155
f 4155 4154 1559
f 4156 1560 4157
f 4156 4157 4158
f 4158 4157 1561
f 4147 1555 4159
f 4147 4159 4160
f 4160 4159 1562
f 4161 1563 4162
f 4161 4162 4163
f 4163 4162 1564
f 4164 1565 4165
f 4164 4165 4166
f 4166 4165 1566
f 4167 1567 4168
f 4167 4168 4169
f 4169 4168 1568
f 4069 1513 4170
f 4069 4170 4171
f 4171 4170 1569
f 4075 1516 4172
f 4075 4172 4173
f 4173 4172 1561
f 4174 1249 4175
f 4174 4175 4176
f 4176 4175 1570
f 4177 1209 4178
f 4177 4178 4179
f 4179 4178 1571
f 4179 1571 4180
f 4179 4180 4181
f 4181 4180 1572
f 4182 1573 4183
f 4182 4183 4184
f 4184 4183 1574
f 4185 1207 4186
f 4185 4186 4187
f 4187 4186 1575
f 3547 1204 4188
f 3547 4188 4189
f 4189 4188 1576
f 4190 1577 4191
f 4190 4191 4192
f 4192 4191 1579
f 4193 1580 4194
f 4193 4194 4195
f 4195 4194 1581
f 4195 1581 4196
f 4195 4196 4197
f 4197 4196 1583
f 4198 1584 4199
f 4198 4199 4200
f 4200 4199 1585
f 4201 1586 4202
f 4201 4202 4203
f 4203 4202 1587
f 4204 825 4205
f 4204 4205 4206
f 4206 4205 1588
f 4207 1586 4208
f 4207 4208 4209
f 4209 4208 1589
f 4210 1590 4211
f 4210 4211 4212
f 4212 4211 820
f 4213 1580 4214
f 4213 4214 4215
f 4215 4214 1591
f 4216 1592 4217
f 4216 4217 4218
f 4218 4217 1594
f 4200 1585 4219
f 4200 4219 4220
f 4220 4219 1595
f 4206 1588 4221
f 4206 4221 4222
f 4222 4221 1596
f 4223 828 4224
f 4223 4224 4225
f 4225 4224 1597
f 4225 1597 4226
f 4225 4226 4227
f 4227 4226 1599
f 2965 803 4228
f 2965 4228 4229
f 4229 4228 1600
f 4229 1600 4230
f 4229 4230 4231
f 4231 4230 1602
f 4232 1603 4233
f 4232 4233 4234
f 4234 4233 1605
f 4235 1391 4236
f 4235 4236 4237
f 4237 4236 1606
f 4238 1607 4239
f 4238 4239 4240
f 4240 4239 1608
f 4241 1609 4242
f 4241 4242 4243
f 4243 4242 1610
f 4244 1611 4245
f 4244 4245 3780
f 3780 4245 1337
f 4246 1612 4247
f 4246 4247 4248
f 4248 4247 1613
f 4249 1614 4250
f 4249 4250 3783
f 3783 4250 1339
f 4251 1615 4252
f 4251 4252 4253
f 4253 4252 1448
f 3779 1336 4254
f 3779 4254 4255
f 4255 4254 1616
f 4256 1617 4257
f 4256 4257 3796
f 3796 4257 1347
f 4258 1618 4259
f 4258 4259 3799
f 3799 4259 1349
f 4260 1619 4261
f 4260 4261 4262
f 4262 4261 1621
f 4263 961 4264
f 4263 4264 4265
f 4265 4264 1622
f 4266 959 4267
f 4266 4267 4268
f 4268 4267 1623
f 4269 1624 4270
f 4269 4270 4271
f 4271 4270 1625
f 4272 1626 4273
f 4272 4273 4274
f 4274 4273 1627
f 4275 955 4276
f 4275 4276 4277
f 4277 4276 1628
f 4278 950 4279
f 4278 4279 4280
f 4280 4279 1629
f 4281 1630 4282
f 4281 4282 4283
f 4283 4282 1631
f 4284 1632 4285
f 4284 4285 4286
f 4286 4285 1633
f 4287 1634 4288
f 4287 4288 4289
f 4289 4288 1635
f 4290 1636 4291
f 4290 4291 4292
f 4292 4291 1637
f 4293 1638 4294
f 4293 4294 4295
f 4295 4294 1639
f 4296 1640 4297
f 4296 4297 4298
f 4298 4297 1641
f 4299 1642 4300
f 4299 4300 4301
f 4301 4300 1643
f 4302 1644 4303
f 4302 4303 4304
f 4304 4303 1629
f 4305 1640 4306
f 4305 4306 4307
f 4307 4306 1645
f 4308 1646 4309
f 4308 4309 4310
f 4310 4309 1627
f 4311 1636 4312
f 4311 4312 4313
f 4313 4312 1647
f 4314 1648 4315
f 4314 4315 4316
f 4316 4315 1625
f 4317 1630 4318
f 4317 4318 4319
f 4319 4318 1649
f 4320 1458 4321
f 4320 4321 4322
f 4322 4321 1620
f 4323 1325 4324
f 4323 4324 4325
f 4325 4324 1651
f 4326 1652 4327
f 4326 4327 4328
f 4328 4327 1653
f 4329 874 4330
f 4329 4330 4331
f 4331 4330 1654
f 4332 1655 4333
f 4332 4333 4334
f 4334 4333 1656
f 4335 1657 4336
f 4335 4336 4337
f 4337 4336 1658
f 4338 1659 4339
f 4338 4339 4340
f 4340 4339 1660
f 4341 1661 4342
f 4341 4342 3092
f 3092 4342 909
f 4328 1653 4343
f 4328 4343 4344
f 4344 4343 1662
f 4345 1663 4346
f 4345 4346 4347
f 4347 4346 1664
f 4334 1656 4348
f 4334 4348 4349
f 4349 4348 1665
f 4350 1666 4351
f 4350 4351 4352
f 4352 4351 1667
f 4340 1660 4353
f 4340 4353 4354
f 4354 4353 1668
f 4355 910 4356
f 4355 4356 4357
f 4357 4356 1669
f 4347 1664 4358
f 4347 4358 4359
f 4359 4358 1671
f 4360 1672 4361
f 4352 1667 4362
f 4352 4362 4363
f 4363 4362 1673
f 4364 1674 4365
f 4357 1669 4366
f 4357 4366 4367
f 4367 4366 1675
f 4368 1676 4369
f 4370 1677 4371
f 4372 1677 4373
f 4372 4373 4374
f 4374 4373 1678
f 3097 913 4375
f 3097 4375 4376
f 4376 4375 1679
f 4376 1679 4377
f 4376 4377 4378
f 4378 4377 1507
f 4379 1681 4380
f 4379 4380 4381
f 4381 4380 1683
f 4382 1684 4383
f 4382 4383 4384
f 4384 4383 1685
f 4385 1686 4386
f 4385 4386 4246
f 4246 4386 1612
f 4387 1607 4388
f 4387 4388 4389
f 4389 4388 1687
f 4390 1650 4391
f 4390 4391 4392
f 4392 4391 1689
f 3037 858 4393
f 3037 4393 4394
f 4394 4393 845
f 4395 1690 4396
f 4395 4396 4397
f 4397 4396 1692
f 4398 1693 4399
f 4398 4399 4400
f 4400 4399 1694
f 4401 1183 4402
f 4401 4402 4403
f 4403 4402 1695
f 4404 1696 4405
f 4404 4405 4406
f 4406 4405 1697
f 4407 1698 4408
f 4407 4408 4409
f 4409 4408 1699
f 4410 1506 4411
f 4410 4411 4412
f 4412 4411 1700
f 4413 1480 4414
f 4413 4414 4415
f 4415 4414 1701
f 4416 1482 4417
f 4416 4417 4418
f 4418 4417 1694
f 4419 1702 4420
f 4419 4420 4421
f 4421 4420 1703
f 4422 1704 4423
f 4422 4423 3059
f 3059 4423 879
f 4424 1705 4425
f 4424 4425 4426
f 4426 4425 1707
f 4427 1127 4428
f 4427 4428 4429
f 4429 4428 1708
f 4430 1709 4431
f 4430 4431 4432
f 4432 4431 1710
f 4433 1711 4434
f 4433 4434 4435
f 4435 4434 1712
f 4436 1713 4437
f 4436 4437 4438
f 4438 4437 1714
f 4439 1715 4440
f 4439 4440 4441
f 4441 4440 1716
f 3177 969 4442
f 3177 4442 4443
f 4443 4442 1718
f 4441 1716 4444
f 4441 4444 4445
f 4445 4444 1719
f 3377 1098 4446
f 3377 4446 4447
f 4447 4446 1721
f 4448 1722 4449
f 4448 4449 4450
f 4450 4449 1723
f 3383 1102 4451
f 3383 4451 4452
f 4452 4451 1724
f 4453 1725 4454
f 4453 4454 4455
f 4455 4454 1726
f 4456 1727 4457
f 4456 4457 4458
f 4458 4457 1728
f 4459 1729 4460
f 4459 4460 4461
f 4461 4460 1723
f 4462 1730 4463
f 4462 4463 4464
f 4464 4463 1731
f 4465 1732 4466
f 4465 4466 4467
f 4467 4466 1734
f 4468 1735 4469
f 4468 4469 4433
f 4433 4469 1711
f 4470 1736 4471
f 4470 4471 4472
f 4472 4471 1737
f 4473 1738 4474
f 4473 4474 4436
f 4436 4474 1713
f 4475 1739 4476
f 4475 4476 4477
f 4477 4476 1740
f 4478 1741 4479
f 4478 4479 4480
f 4480 4479 1742
f 4481 1743 4482
f 4481 4482 4483
f 4483 4482 1744
f 4484 1745 4485
f 4484 4485 4486
f 4486 4485 1747
f 4487 1748 4488
f 4487 4488 4489
f 4489 4488 1749
f 4490 1750 4491
f 4490 4491 4492
f 4492 4491 1751
f 4493 1750 4494
f 4493 4494 4495
f 4495 4494 1753
f 4496 1754 4497
f 4496 4497 4498
f 4498 4497 1755
f 4498 1755 4499
f 4498 4499 4500
f 4500 4499 1757
f 4501 1758 4502
f 4501 4502 4503
f 4503 4502 1759
f 4503 1759 4504
f 4503 4504 4505
f 4505 4504 1761
f 4506 1746 4507
f 4506 4507 4508
f 4508 4507 1763
f 4509 1764 4510
f 4509 4510 4511
f 4511 4510 1765
f 4489 1749 4512
f 4489 4512 4513
f 4513 4512 1766
f 4514 1767 4515
f 4514 4515 4516
f 4516 4515 1768
f 4511 1765 4517
f 4511 4517 4518
f 4518 4517 1770
f 4519 1771 4520
f 4519 4520 4521
f 4521 4520 1772
f 4516 1768 4522
f 4516 4522 4523
f 4523 4522 1773
f 4524 1774 4525
f 4524 4525 4526
f 4526 4525 1775
f 4527 1733 4528
f 4527 4528 4529
f 4529 4528 1777
f 4530 1709 4531
f 4530 4531 4532
f 4532 4531 1778
f 4532 1778 4533
f 4532 4533 4534
f 4534 4533 1779
f 4535 1780 4536
f 4535 4536 4537
f 4537 4536 1782
f 3614 1247 4538
f 3614 4538 4539
f 4539 4538 1783
f 4539 1783 4540
f 4539 4540 4541
f 4541 4540 1785
f 4542 1786 4543
f 4542 4543 4544
f 4544 4543 1787
f 4545 1244 4546
f 4545 4546 4547
f 4547 4546 1788
f 4548 1789 4549
f 4548 4549 4550
f 4550 4549 1790
f 3627 1254 4551
f 3627 4551 4552
f 4552 4551 1791
f 4553 1792 4554
f 4553 4554 4555
f 4555 4554 1793
f 4556 1794 4557
f 4556 4557 4558
f 4558 4557 1795
f 4559 1796 4560
f 4559 4560 4561
f 4561 4560 1797
f 4562 1798 4563
f 4562 4563 4564
f 4564 4563 1799
f 4565 1800 4566
f 4565 4566 4567
f 4567 4566 1801
f 4568 1802 4569
f 4568 4569 4570
f 4570 4569 1803
f 4571 1804 4572
f 4571 4572 4573
f 4573 4572 1805
f 3954 1447 4574
f 3954 4574 4575
f 4575 4574 1806
f 4576 1804 4577
f 4576 4577 4578
f 4578 4577 1807
f 4579 1808 4580
f 4579 4580 4581
f 4581 4580 1388
f 4582 1800 4583
f 4582 4583 4584
f 4584 4583 1809
f 4585 1810 4586
f 4585 4586 4587
f 4587 4586 1812
f 4588 1813 4589
f 4588 4589 4590
f 4590 4589 1814
f 4591 1815 4592
f 4591 4592 4593
f 4593 4592 1816
f 3070 888 4594
f 3070 4594 4595
f 4595 4594 1817
f 4596 1818 4597
f 4596 4597 4598
f 4598 4597 1819
f 4599 1820 4600
f 4599 4600 4601
f 4601 4600 1814
f 4602 1815 4603
f 4602 4603 4604
f 4604 4603 1822
f 4605 1823 4606
f 4605 4606 4607
f 4607 4606 1824
f 4607 1824 4608
f 4607 4608 4609
f 4609 4608 1826
f 4610 1827 4611
f 4610 4611 4612
f 4612 4611 1828
f 4613 1829 4614
f 4613 4614 4615
f 4615 4614 1830
f 4616 1831 4617
f 4616 4617 4618
f 4618 4617 1832
f 4619 1833 4620
f 4619 4620 4621
f 4621 4620 1834
f 4622 1835 4623
f 4622 4623 4624
f 4624 4623 1836
f 4625 1837 4626
f 4625 4626 4627
f 4627 4626 1838
f 4628 1839 4629
f 4628 4629 4630
f 4630 4629 1840
f 4631 1841 4632
f 4631 4632 4633
f 4633 4632 1842
f 4634 1843 4635
f 4634 4635 4636
f 4636 4635 1844
f 4637 1845 4638
f 4637 4638 4639
f 4639 4638 1846
f 4640 1847 4641
f 4640 4641 4642
f 4642 4641 1848
f 4642 1848 4643
f 4642 4643 4644
f 4644 4643 1850
f 4558 1795 4645
f 4558 4645 4646
f 4646 4645 1851
f 4647 1823 4648
f 4647 4648 4649
f 4649 4648 1852
f 4650 1853 4651
f 4650 4651 4652
f 4652 4651 1854
f 4653 1810 4654
f 4653 4654 4655
f 4655 4654 1744
f 4612 1828 4656
f 4612 4656 4657
f 4657 4656 1856
f 4658 1857 4659
f 4658 4659 4660
f 4660 4659 1858
f 4661 1859 4662
f 4661 4662 4663
f 4663 4662 1860
f 4664 1861 4665
f 4664 4665 4666
f 4666 4665 1862
f 4667 1863 4668
f 4667 4668 4669
f 4669 4668 1864
f 4618 1832 4670
f 4618 4670 4671
f 4671 4670 1865
f 4672 1866 4673
f 4672 4673 4674
f 4674 4673 1867
f 4624 1836 4675
f 4624 4675 4676
f 4676 4675 1868
f 4677 1869 4678
f 4677 4678 4679
f 4679 4678 1870
f 4630 1840 4680
f 4630 4680 4681
f 4681 4680 1871
f 4682 1872 4683
f 4682 4683 4684
f 4684 4683 1873
f 4636 1844 4685
f 4636 4685 4686
f 4686 4685 1874
f 4687 1875 4688
f 4687 4688 4689
f 4689 4688 1876
f 4690 1849 4691
f 4690 4691 4692
f 4692 4691 1877
f 4693 1878 4694
f 4693 4694 4695
f 4695 4694 1879
f 4666 1862 4696
f 4666 4696 4697
f 4697 4696 1880
f 4698 1881 4699
f 4698 4699 4700
f 4700 4699 1882
f 4701 1883 4702
f 4701 4702 4703
f 4703 4702 1884
f 4704 1885 4705
f 4704 4705 4706
f 4706 4705 1886
f 4707 1887 4708
f 4707 4708 4709
f 4709 4708 1888
f 4710 1889 4711
f 4710 4711 4712
f 4712 4711 1890
f 4713 1891 4714
f 4713 4714 4715
f 4715 4714 1892
f 4716 1893 4717
f 4716 4717 4718
f 4718 4717 1894
f 4719 1895 4720
f 4719 4720 4721
f 4721 4720 1896
f 4722 1897 4723
f 4722 4723 4724
f 4724 4723 1898
f 4725 1899 4726
f 4725 4726 4727
f 4727 4726 1900
f 4728 1901 4729
f 4728 4729 4730
f 4730 4729 1902
f 4731 1903 4732
f 4731 4732 4733
f 4733 4732 1904
f 4734 1905 4735
f 4734 4735 4736
f 4736 4735 1906
f 4737 1907 4738
f 4737 4738 4739
f 4739 4738 1908
f 4740 1909 4741
f 4740 4741 4742
f 4742 4741 1910
f 4743 1911 4744
f 4743 4744 4745
f 4745 4744 1912
f 4746 1913 4747
f 4746 4747 4748
f 4748 4747 1914
f 4749 1915 4750
f 4749 4750 4751
f 4751 4750 1916
f 4752 1917 4753
f 4752 4753 4754
f 4754 4753 1918
f 4755 1919 4756
f 4755 4756 4757
f 4757 4756 1920
f 4758 1921 4759
f 4758 4759 4760
f 4760 4759 1922
f 4760 1922 4761
f 4760 4761 4762
f 4762 4761 1924
f 4763 1925 4764
f 4763 4764 4765
f 4765 4764 1926
f 4765 1926 4766
f 4765 4766 4767
f 4767 4766 1928
f 4768 1929 4769
f 4768 4769 4770
f 4770 4769 1930
f 4771 1931 4772
f 4771 4772 4773
f 4773 4772 1932
f 4774 1933 4775
f 4774 4775 4776
f 4776 4775 1934
f 4776 1934 4777
f 4776 4777 4778
f 4778 4777 1936
f 3028 849 4779
f 3028 4779 4780
f 4780 4779 1937
f 4669 1864 4781
f 4669 4781 4782
f 4782 4781 1938
f 4783 1939 4784
f 4783 4784 4785
f 4785 4784 1940
f 4786 1941 4787
f 4786 4787 4788
f 4788 4787 1942
f 4789 1943 4790
f 4789 4790 4791
f 4791 4790 1944
f 4792 1945 4793
f 4792 4793 4794
f 4794 4793 1946
f 4795 1947 4796
f 4795 4796 4797
f 4797 4796 1948
f 4798 1949 4799
f 4798 4799 4800
f 4800 4799 1950
f 4801 1951 4802
f 4801 4802 4803
f 4803 4802 1952
f 4804 1953 4805
f 4804 4805 4806
f 4806 4805 1954
f 4807 1955 4808
f 4807 4808 4809
f 4809 4808 1956
f 4810 1957 4811
f 4810 4811 4812
f 4812 4811 1958
f 4813 1959 4814
f 4813 4814 4815
f 4815 4814 1960
f 4816 1961 4817
f 4816 4817 4818
f 4818 4817 1962
f 4819 1963 4820
f 4819 4820 4821
f 4821 4820 1964
f 4822 1965 4823
f 4822 4823 4824
f 4824 4823 1966
f 4825 1965 4826
f 4825 4826 4827
f 4827 4826 1968
f 4828 1969 4829
f 4828 4829 4830
f 4830 4829 1970
f 4831 1961 4832
f 4831 4832 4833
f 4833 4832 1971
f 4834 1972 4835
f 4834 4835 4836
f 4836 4835 1973
f 4837 1974 4838
f 4837 4838 4839
f 4839 4838 1975
f 4840 1976 4841
f 4840 4841 4842
f 4842 4841 1977
f 4843 1978 4844
f 4843 4844 4845
f 4845 4844 1979
f 4846 1980 4847
f 4846 4847 4848
f 4848 4847 1981
f 4849 1982 4850
f 4849 4850 4851
f 4851 4850 1983
f 4852 1982 4853
f 4852 4853 4854
f 4854 4853 1985
f 4855 1986 4856
f 4855 4856 4857
f 4857 4856 1987
f 4858 1978 4859
f 4858 4859 4860
f 4860 4859 1988
f 4861 1989 4862
f 4861 4862 4863
f 4863 4862 1990
f 4864 1991 4865
f 4864 4865 4866
f 4866 4865 1992
f 4867 1993 4868
f 4867 4868 4869
f 4869 4868 1994
f 4870 1995 4871
f 4870 4871 4872
f 4872 4871 1996
f 4873 1997 4874
f 4873 4874 4875
f 4875 4874 1998
f 4876 1999 4877
f 4876 4877 4878
f 4878 4877 2000
f 4879 2001 4880
f 4879 4880 4881
f 4881 4880 2002
f 4882 2003 4883
f 4882 4883 4667
f 4667 4883 1863
f 4884 2003 4885
f 4884 4885 4886
f 4886 4885 2004
f 4887 2005 4888
f 4887 4888 4792
f 4792 4888 1945
f 4889 1999 4890
f 4889 4890 4891
f 4891 4890 2006
f 4892 2007 4893
f 4892 4893 4894
f 4894 4893 2008
f 4895 1995 4896
f 4895 4896 4897
f 4897 4896 2009
f 4898 2010 4899
f 4898 4899 4900
f 4900 4899 2011
f 4901 1991 4902
f 4901 4902 4903
f 4903 4902 2012
f 4904 1974 4905
f 4904 4905 4906
f 4906 4905 2013
f 4907 1957 4908
f 4907 4908 4909
f 4909 4908 2011
f 4894 2008 4910
f 4894 4910 4804
f 4804 4910 1953
f 4674 1867 4911
f 4674 4911 4912
f 4912 4911 2014
f 4679 1870 4913
f 4679 4913 4914
f 4914 4913 1998
f 4684 1873 4915
f 4684 4915 4916
f 4916 4915 2015
f 4689 1876 4917
f 4689 4917 4918
f 4918 4917 2016
f 4918 2016 4919
f 4918 4919 4920
f 4920 4919 2017
f 4695 1879 4921
f 4695 4921 4922
f 4922 4921 2018
f 4922 2018 4923
f 4922 4923 4924
f 4924 4923 2019
f 4925 2020 4926
f 4925 4926 4927
f 4927 4926 2021
f 4928 2022 4929
f 4928 4929 4930
f 4930 4929 2023
f 4931 2024 4932
f 4931 4932 4933
f 4933 4932 2025
f 4934 2026 4935
f 4934 4935 4936
f 4936 4935 1799
f 4937 2026 4938
f 4937 4938 4939
f 4939 4938 2027
f 4940 2022 4941
f 4940 4941 4693
f 4693 4941 1878
f 4570 1803 4942
f 4570 4942 4943
f 4943 4942 2028
f 4944 2029 4945
f 4944 4945 4946
f 4946 4945 2021
f 4947 2030 4948
f 4947 4948 4949
f 4949 4948 1984
f 4575 1806 4950
f 4575 4950 4951
f 4951 4950 2031
f 4952 2032 4953
f 4952 4953 4954
f 4954 4953 1983
f 4955 1615 4956
f 4955 4956 4957
f 4957 4956 2033
f 4958 2034 4959
f 4958 4959 4960
f 4960 4959 2035
f 4961 1686 4962
f 4961 4962 4379
f 4379 4962 1681
f 4960 2035 4963
f 4960 4963 4964
f 4964 4963 2036
f 4965 2037 4966
f 4965 4966 4967
f 4967 4966 2038
f 4968 2039 4969
f 4968 4969 4970
f 4970 4969 1970
f 4967 2038 4971
f 4967 4971 4972
f 4972 4971 1973
f 4973 1682 4974
f 4973 4974 4975
f 4975 4974 2040
f 4976 2041 4977
f 4976 4977 4978
f 4978 4977 949
f 4389 1687 4979
f 4389 4979 4980
f 4980 4979 946
f 4815 1960 4981
f 4815 4981 4982
f 4982 4981 2042
f 4983 2043 4984
f 4983 4984 4985
f 4985 4984 2044
f 4821 1964 4986
f 4821 4986 4987
f 4987 4986 2045
f 4988 2046 4989
f 4988 4989 4990
f 4990 4989 2047
f 4991 1120 4992
f 4991 4992 4993
f 4993 4992 851
f 4803 1952 4994
f 4803 4994 4995
f 4995 4994 2049
f 4985 2044 4996
f 4985 4996 4997
f 4997 4996 2050
f 4785 1940 4998
f 4785 4998 4999
f 4999 4998 2051
f 5000 2052 5001
f 5000 5001 5002
f 5002 5001 2053
f 4791 1944 5003
f 4791 5003 5004
f 5004 5003 2054
f 5005 2055 5006
f 5005 5006 5007
f 5007 5006 2056
f 4797 1948 5008
f 4797 5008 5009
f 5009 5008 2057
f 5010 2058 5011
f 5010 5011 5012
f 5012 5011 2059
f 5013 2048 5014
f 5013 5014 5015
f 5015 5014 2060
f 5016 2061 5017
f 5016 5017 5018
f 5018 5017 2062
f 4997 2050 5019
f 4997 5019 5020
f 5020 5019 2063
f 5021 2064 5022
f 5021 5022 5023
f 5023 5022 2065
f 5002 2053 5024
f 5002 5024 5025
f 5025 5024 2066
f 5007 2056 5026
f 5007 5026 5027
f 5027 5026 2067
f 5012 2059 5028
f 5012 5028 5029
f 5029 5028 2068
f 5030 2069 5031
f 5030 5031 4719
f 4719 5031 1895
f 5032 2070 5033
f 5032 5033 5034
f 5034 5033 2071
f 5035 2072 5036
f 5035 5036 4725
f 4725 5036 1899
f 5037 2073 5038
f 5037 5038 5039
f 5039 5038 2074
f 5040 2075 5041
f 5040 5041 5042
f 5042 5041 2076
f 5043 1510 5044
f 5043 5044 5045
f 5045 5044 2077
f 5046 2078 5047
f 5046 5047 5048
f 5048 5047 2079
f 5049 2080 5050
f 5049 5050 5051
f 5051 5050 2081
f 5052 1567 5053
f 5052 5053 5054
f 5054 5053 2082
f 5055 2083 5056
f 5055 5056 5057
f 5057 5056 2084
f 5058 1565 5059
f 5058 5059 5060
f 5060 5059 2085
f 5061 2086 5062
f 5061 5062 5063
f 5063 5062 2087
f 5064 2088 5065
f 5064 5065 5066
f 5066 5065 1467
f 5048 2079 5067
f 5048 5067 5068
f 5068 5067 2089
f 5051 2081 5069
f 5051 5069 5070
f 5070 5069 2090
f 5057 2084 5071
f 5057 5071 5072
f 5072 5071 2091
f 5073 2092 5074
f 5073 5074 5075
f 5075 5074 2093
f 5063 2087 5076
f 5063 5076 5077
f 5077 5076 2094
f 5078 2095 5079
f 5078 5079 5080
f 5080 5079 2096
f 5075 2093 5081
f 5075 5081 5082
f 5082 5081 2097
f 5083 2098 5084
f 5083 5084 5085
f 5085 5084 2099
f 5080 2096 5086
f 5080 5086 5087
f 5087 5086 2100
f 5088 2101 5089
f 5088 5089 4465
f 4465 5089 1732
f 5090 2102 5091
f 5090 5091 5092
f 5092 5091 2103
f 5093 2104 5094
f 5093 5094 4470
f 4470 5094 1736
f 5095 2105 5096
f 5095 5096 5097
f 5097 5096 2106
f 5098 2107 5099
f 5098 5099 4475
f 4475 5099 1739
f 5100 2108 5101
f 5100 5101 5102
f 5102 5101 2109
f 5103 2110 5104
f 5103 5104 4481
f 4481 5104 1743
f 5105 2111 5106
f 5105 5106 5107
f 5107 5106 2112
f 5108 2113 5109
f 5108 5109 5110
f 5110 5109 1854
f 5111 2114 5112
f 5111 5112 5113
f 5113 5112 2115
f 5114 2116 5115
f 5114 5115 4619
f 4619 5115 1833
f 5116 2117 5117
f 5116 5117 5118
f 5118 5117 2118
f 5119 2119 5120
f 5119 5120 4625
f 4625 5120 1837
f 5121 2120 5122
f 5121 5122 4631
f 4631 5122 1841
f 5123 2114 5124
f 5123 5124 5125
f 5125 5124 2121
f 5126 2111 5127
f 5126 5127 5128
f 5128 5127 2123
f 5129 2124 5130
f 5129 5130 5131
f 5131 5130 2125
f 5132 2108 5133
f 5132 5133 5134
f 5134 5133 2126
f 5135 2127 5136
f 5135 5136 3963
f 3963 5136 1454
f 5137 2105 5138
f 5137 5138 5139
f 5139 5138 2128
f 5140 2129 5141
f 5140 5141 3982
f 3982 5141 1463
f 5142 2102 5143
f 5142 5143 5144
f 5144 5143 2130
f 5145 2095 5146
f 5145 5146 3987
f 3987 5146 1466
f 5147 1449 5148
f 5147 5148 5149
f 5149 5148 2131
f 5150 2132 5151
f 5150 5151 5152
f 5152 5151 2133
f 5153 2134 5154
f 5153 5154 5155
f 5155 5154 2135
f 5156 2136 5157
f 5156 5157 5121
f 5121 5157 2120
f 5158 2137 5159
f 5158 5159 5160
f 5160 5159 2138
f 5161 2139 5162
f 5161 5162 5163
f 5163 5162 2140
f 5152 2133 5164
f 5152 5164 5165
f 5165 5164 2121
f 5163 2140 5166
f 5163 5166 5167
f 5167 5166 2141
f 3040 861 5168
f 3040 5168 4640
f 4640 5168 1847
f 5169 2137 5170
f 5169 5170 5171
f 5171 5170 2143
f 5172 2144 5173
f 5172 5173 5174
f 5174 5173 2145
f 5175 2146 5176
f 5175 5176 5177
f 5177 5176 2147
f 5178 2148 5179
f 5178 5179 5180
f 5180 5179 905
f 5181 2149 5182
f 5181 5182 5183
f 5183 5182 2150
f 5184 2134 5185
f 5184 5185 5186
f 5186 5185 2151
f 5187 2152 5188
f 5187 5188 5181
f 5181 5188 2149
f 5189 1450 5190
f 5189 5190 5191
f 5191 5190 2153
f 3962 1453 5192
f 3962 5192 5193
f 5193 5192 2154
f 5042 2076 5194
f 5042 5194 5195
f 5195 5194 2155
f 5196 2156 5197
f 5196 5197 5198
f 5198 5197 2157
f 5199 2158 5200
f 5199 5200 5201
f 5201 5200 1172
f 5202 885 5203
f 5202 5203 5204
f 5204 5203 2157
f 5205 2159 5206
f 5205 5206 5207
f 5207 5206 2160
f 5208 2161 5209
f 5208 5209 5210
f 5210 5209 1169
f 5211 2162 5212
f 5211 5212 5213
f 5213 5212 2163
f 5214 2164 5215
f 5214 5215 3463
f 3463 5215 1153
f 5216 2165 5217
f 5216 5217 5218
f 5218 5217 2166
f 5219 2167 5220
f 5219 5220 3466
f 3466 5220 1155
f 5221 2165 5222
f 5221 5222 5223
f 5223 5222 2169
f 5224 2170 5225
f 5224 5225 5226
f 5226 5225 2172
f 5227 2173 5228
f 5227 5228 5229
f 5229 5228 2174
f 5229 2174 5230
f 5229 5230 5231
f 5231 5230 2176
f 5232 2177 5233
f 5232 5233 5234
f 5234 5233 2178
f 5234 2178 5235
f 5234 5235 5236
f 5236 5235 2180
f 5237 2181 5238
f 5237 5238 5239
f 5239 5238 2182
f 5239 2182 5240
f 5239 5240 5241
f 5241 5240 2184
f 3416 1119 5242
f 3416 5242 5243
f 5243 5242 2185
f 5243 2185 5244
f 5243 5244 5245
f 5245 5244 2186
f 5246 2187 5247
f 5246 5247 5248
f 5248 5247 2188
f 5249 2189 5250
f 5249 5250 5251
f 5251 5250 2191
f 5252 1167 5253
f 5252 5253 5254
f 5254 5253 2192
f 5254 2192 5255
f 5254 5255 5256
f 5256 5255 2194
f 5257 1164 5258
f 5257 5258 5259
f 5259 5258 2195
f 5259 2195 5260
f 5259 5260 5261
f 5261 5260 2197
f 5262 1161 5263
f 5262 5263 5264
f 5264 5263 2198
f 5264 2198 5265
f 5264 5265 3472
f 3472 5265 1158
f 3283 1040 5266
f 3283 5266 5267
f 5267 5266 2200
f 5268 2201 5269
f 5268 5269 5270
f 5270 5269 2202
f 3289 1044 5271
f 3289 5271 5272
f 5272 5271 2203
f 5273 1327 5274
f 5273 5274 5275
f 5275 5274 2205
f 5276 1688 5277
f 5276 5277 5278
f 5278 5277 2206
f 5279 2207 5280
f 5279 5280 5281
f 5281 5280 2209
f 5278 2206 5282
f 5278 5282 5283
f 5283 5282 2210
f 5283 2210 5284
f 5283 5284 5285
f 5285 5284 2212
f 3025 846 5286
f 3025 5286 5287
f 5287 5286 2213
f 5288 2214 5289
f 5288 5289 5290
f 5290 5289 2215
f 5291 2216 5292
f 5293 2217 5294
f 5293 5294 5295
f 5295 5294 2218
f 5296 2219 5297
f 5298 2220 5299
f 5298 5299 5300
f 5300 5299 2221
f 5301 2222 5302
f 5301 5302 5303
f 5303 5302 2223
f 5304 2224 5305
f 5304 5305 5306
f 5306 5305 2213
f 5307 2225 5308
f 5310 5309 2226
f 5311 2227 5312
f 5311 5312 3272
f 3272 5312 1032
f 5313 2228 5314
f 5313 5314 5315
f 5315 5314 2229
f 5316 2230 5317
f 5316 5317 3275
f 3275 5317 1034
f 5318 2231 5319
f 5318 5319 5320
f 5320 5319 1312
f 5321 2228 5322
f 5323 2232 5324
f 5323 5324 5325
f 5325 5324 2233
f 5326 2234 5327
f 5326 5327 5328
f 5328 5327 1258
f 5329 2235 5330
f 5329 5330 5331
f 5331 5330 1255
f 5332 2235 5333
f 5332 5333 5334
f 5334 5333 2236
f 5335 998 5336
f 5335 5336 5337
f 5337 5336 2238
f 5338 2239 5339
f 5338 5339 5340
f 5340 5339 2240
f 5341 980 5342
f 5341 5342 5343
f 5343 5342 2241
f 5344 2242 5345
f 5344 5345 5346
f 5346 5345 2243
f 5347 2244 5348
f 5347 5348 5349
f 5349 5348 2245
f 4189 1576 5350
f 4189 5350 5351
f 5351 5350 2246
f 5352 2244 5353
f 5352 5353 3184
f 3184 5353 975
f 5351 2246 5354
f 5351 5354 5355
f 5355 5354 2247
f 5356 2248 5357
f 5356 5357 5358
f 5358 5357 2249
f 5359 1203 5360
f 5359 5360 5361
f 5361 5360 2250
f 5362 2251 5363
f 5362 5363 5364
f 5364 5363 2252
f 5365 2253 5366
f 5365 5366 5367
f 5367 5366 2254
f 5368 2255 5369
f 5368 5369 5370
f 5370 5369 2256
f 5371 2257 5372
f 5371 5372 5373
f 5373 5372 2258
f 5374 2259 5375
f 5374 5375 5376
f 5376 5375 2252
f 5377 2260 5378
f 5377 5378 5379
f 5379 5378 2261
f 5380 2262 5381
f 5380 5381 5382
f 5382 5381 2263
f 5383 2264 5384
f 5383 5384 5385
f 5385 5384 2265
f 5386 2266 5387
f 5386 5387 5388
f 5388 5387 2267
f 5389 2266 5390
f 5389 5390 5391
f 5391 5390 2268
f 5392 2269 5393
f 5392 5393 5394
f 5394 5393 2270
f 5395 2262 5396
f 5395 5396 5397
f 5397 5396 2271
f 5398 2272 5399
f 5398 5399 5400
f 5400 5399 2273
f 5401 2257 5402
f 5401 5402 5403
f 5403 5402 2274
f 5404 2275 5405
f 5404 5405 3251
f 3251 5405 1017
f 5406 1762 5407
f 5406 5407 5408
f 5408 5407 2277
f 5409 2278 5410
f 5409 5410 5411
f 5411 5410 2279
f 5412 2280 5413
f 5412 5413 5414
f 5414 5413 2281
f 5415 2282 5416
f 5415 5416 5417
f 5417 5416 2283
f 5418 2284 5419
f 5418 5419 5420
f 5420 5419 2285
f 5421 2286 5422
f 5421 5422 5423
f 5423 5422 2287
f 5424 2288 5425
f 5424 5425 5426
f 5426 5425 2289
f 5427 2290 5428
f 5427 5428 5429
f 5429 5428 2291
f 5430 2292 5431
f 5430 5431 5432
f 5432 5431 2293
f 3425 1126 5433
f 3425 5433 5434
f 5434 5433 2294
f 5435 2295 5436
f 5435 5436 5437
f 5437 5436 2296
f 3431 1130 5438
f 3431 5438 5439
f 5439 5438 2297
f 5440 2298 5441
f 5440 5441 5442
f 5442 5441 2299
f 5443 2300 5444
f 5443 5444 5445
f 5445 5444 2301
f 5446 2302 5447
f 5446 5447 5448
f 5448 5447 2303
f 5449 2304 5450
f 5449 5450 5451
f 5451 5450 2283
f 5423 2287 5452
f 5423 5452 5453
f 5453 5452 2296
f 5454 1769 5455
f 5454 5455 5456
f 5456 5455 2305
f 5457 2306 5458
f 5457 5458 5459
f 5459 5458 2307
f 5460 2308 5461
f 5460 5461 5462
f 5462 5461 2309
f 5463 2310 5464
f 5463 5464 5465
f 5465 5464 2311
f 5466 2312 5467
f 5466 5467 5468
f 5468 5467 2313
f 4730 1902 5469
f 4730 5469 5470
f 5470 5469 2314
f 3067 886 5471
f 3067 5471 5472
f 5472 5471 2315
f 5473 2316 5474
f 5473 5474 5475
f 5475 5474 2317
f 5476 884 5477
f 5476 5477 5478
f 5478 5477 2318
f 5479 2292 5480
f 5479 5480 5481
f 5481 5480 2319
f 5482 2288 5483
f 5482 5483 5484
f 5484 5483 2320
f 5485 2284 5486
f 5485 5486 5487
f 5487 5486 2321
f 5459 2307 5488
f 5459 5488 5489
f 5489 5488 2322
f 5465 2311 5490
f 5465 5490 5491
f 5491 5490 2317
f 4521 1772 5492
f 4521 5492 5493
f 5493 5492 2323
f 5494 2324 5495
f 5494 5495 5496
f 5496 5495 2325
f 4526 1775 5497
f 4526 5497 5498
f 5498 5497 2326
f 5499 2327 5500
f 5499 5500 5501
f 5501 5500 2328
f 5502 2329 5503
f 5502 5503 5504
f 5504 5503 2330
f 5505 2312 5506
f 5505 5506 5507
f 5507 5506 2325
f 5508 2331 5509
f 5508 5509 5510
f 5510 5509 2332
f 5272 2203 5511
f 5272 5511 5512
f 5512 5511 2333
f 5512 2333 5513
f 5512 5513 5514
f 5514 5513 2334
f 5515 2335 5516
f 5515 5516 5517
f 5517 5516 2336
f 5518 1043 5519
f 5518 5519 5520
f 5520 5519 2337
f 5521 2338 5522
f 5521 5522 5523
f 5523 5522 2339
f 5524 2340 5525
f 5524 5525 5526
f 5526 5525 2341
f 5411 2279 5527
f 5411 5527 5528
f 5528 5527 2342
f 5528 2342 5529
f 5528 5529 5530
f 5530 5529 2343
f 5531 2304 5532
f 5531 5532 5533
f 5533 5532 2336
f 4990 2047 5534
f 4990 5534 5535
f 5535 5534 2344
f 5536 2345 5537
f 5536 5537 5538
f 5538 5537 2346
f 3031 852 5539
f 3031 5539 5540
f 5540 5539 2347
f 5541 2348 5542
f 5541 5542 5543
f 5543 5542 2065
f 5544 2349 5545
f 5544 5545 5546
f 5546 5545 2351
f 5547 2352 5548
f 5547 5548 5549
f 5549 5548 2353
f 5550 2354 5551
f 5550 5551 5552
f 5552 5551 2355
f 5553 2211 5554
f 5553 5554 5555
f 5555 5554 2356
f 5556 2224 5557
f 5556 5557 5558
f 5558 5557 2357
f 5559 2220 5560
f 5559 5560 5561
f 5561 5560 2358
f 5562 2359 5563
f 5562 5563 5564
f 5564 5563 2360
f 4429 1708 5565
f 4429 5565 5566
f 5566 5565 2361
f 5549 2353 5567
f 5549 5567 5568
f 5568 5567 2361
f 5569 853 5570
f 5569 5570 5571
f 5571 5570 2362
f 5248 2188 5572
f 5248 5572 5573
f 5573 5572 2208
f 5574 2363 5575
f 5574 5575 5576
f 5576 5575 2364
f 5577 2365 5578
f 5577 5578 5205
f 5205 5578 2159
f 5579 2366 5580
f 5579 5580 5211
f 5211 5580 2162
f 5581 2366 5582
f 5581 5582 5583
f 5583 5582 2367
f 5584 1116 5585
f 5584 5585 5586
f 5586 5585 2369
f 5587 2181 5588
f 5587 5588 5589
f 5589 5588 2370
f 5589 2370 5590
f 5589 5590 5591
f 5591 5590 2372
f 5592 2177 5593
f 5592 5593 5594
f 5594 5593 2373
f 5594 2373 5595
f 5594 5595 5596
f 5596 5595 2375
f 5597 2173 5598
f 5597 5598 5599
f 5599 5598 2376
f 5599 2376 5600
f 5599 5600 5224
f 5224 5600 2170
f 5601 2368 5602
f 5601 5602 5603
f 5603 5602 2378
f 5604 2379 5605
f 5604 5605 5606
f 5606 5605 2380
f 5607 2381 5608
f 5607 5608 5609
f 5609 5608 2367
f 5610 2371 5611
f 5610 5611 5612
f 5612 5611 2382
f 5613 2383 5614
f 5613 5614 5615
f 5615 5614 2168
f 5616 2384 5617
f 5616 5617 5618
f 5618 5617 2385
f 5619 2386 5620
f 5619 5620 5219
f 5219 5620 2167
f 5621 2387 5622
f 5621 5622 5623
f 5623 5622 2377
f 5624 2387 5625
f 5624 5625 5616
f 5616 5625 2384
f 5626 2363 5627
f 5626 5627 5628
f 5628 5627 2388
f 5629 2389 5630
f 5629 5630 5541
f 5541 5630 2348
f 5631 2073 5632
f 5631 5632 5633
f 5633 5632 2390
f 5634 2070 5635
f 5634 5635 5636
f 5636 5635 2062
f 5637 848 5638
f 5637 5638 5639
f 5639 5638 2392
f 5640 1933 5641
f 5640 5641 5642
f 5642 5641 2393
f 5642 2393 5643
f 5642 5643 5644
f 5644 5643 2394
f 5645 1931 5646
f 5645 5646 5647
f 5647 5646 2395
f 5647 2395 5648
f 5647 5648 5649
f 5649 5648 2396
f 5650 1925 5651
f 5650 5651 5652
f 5652 5651 2397
f 5652 2397 5653
f 5652 5653 5654
f 5654 5653 2398
f 5655 1921 5656
f 5655 5656 5657
f 5657 5656 2399
f 5657 2399 5658
f 5657 5658 5659
f 5659 5658 2400
f 5660 1919 5661
f 5660 5661 5662
f 5662 5661 2401
f 5662 2401 5663
f 5662 5663 5664
f 5664 5663 2402
f 5665 1915 5666
f 5665 5666 5667
f 5667 5666 2403
f 5667 2403 5668
f 5667 5668 5669
f 5669 5668 2404
f 5670 1911 5671
f 5670 5671 5672
f 5672 5671 2405
f 5672 2405 5673
f 5672 5673 5674
f 5674 5673 2406
f 5675 1907 5676
f 5675 5676 5677
f 5677 5676 2407
f 5677 2407 5678
f 5677 5678 4731
f 4731 5678 1903
f 2915 768 5679
f 2915 5679 5680
f 5680 5679 2409
f 5681 2410 5682
f 5681 5682 5683
f 5683 5682 1784
f 5684 2411 5685
f 5684 5685 5686
f 5686 5685 1781
f 5687 2411 5688
f 5687 5688 5689
f 5689 5688 765
f 5690 2413 5691
f 5690 5691 5692
f 5692 5691 2415
f 5693 1073 5694
f 5693 5694 5695
f 5695 5694 2416
f 5695 2416 5696
f 5695 5696 5697
f 5697 5696 2418
f 5698 1070 5699
f 5698 5699 5700
f 5700 5699 2419
f 5701 2420 5702
f 5701 5702 5703
f 5703 5702 2421
f 5704 2422 5705
f 5704 5705 5706
f 5706 5705 2423
f 5707 2424 5708
f 5707 5708 5709
f 5709 5708 2425
f 5710 2426 5711
f 5710 5711 5712
f 5712 5711 2427
f 5713 2428 5714
f 5713 5714 5715
f 5715 5714 804
f 5716 2428 5717
f 5716 5717 5718
f 5718 5717 2429
f 5719 808 5720
f 5719 5720 5721
f 5721 5720 2430
f 5722 2431 5723
f 5722 5723 5724
f 5724 5723 2432
f 5725 812 5726
f 5725 5726 5727
f 5727 5726 2433
f 5728 2434 5729
f 5728 5729 5730
f 5730 5729 2435
f 5731 816 5732
f 5731 5732 5733
f 5733 5732 2436
f 5734 2437 5735
f 5734 5735 5736
f 5736 5735 2438
f 5737 818 5738
f 5737 5738 5739
f 5739 5738 1591
f 5724 2432 5740
f 5724 5740 5741
f 5741 5740 2439
f 5742 2440 5743
f 5742 5743 5744
f 5744 5743 2417
f 5730 2435 5745
f 5730 5745 5746
f 5746 5745 2441
f 5736 2438 5747
f 5736 5747 5748
f 5748 5747 2442
f 5748 2442 5749
f 5748 5749 4190
f 4190 5749 1577
f 5750 1068 5751
f 5750 5751 5752
f 5752 5751 2443
f 5753 2444 5754
f 5753 5754 5755
f 5755 5754 2445
f 5756 1065 5757
f 5756 5757 5758
f 5758 5757 2446
f 5270 2202 5759
f 5270 5759 5760
f 5760 5759 2448
f 5761 2331 5762
f 5761 5762 5763
f 5763 5762 1132
f 5764 1776 5765
f 5764 5765 5766
f 5766 5765 2449
f 5767 1095 5768
f 5767 5768 5769
f 5769 5768 2450
f 5769 2450 5770
f 5769 5770 5771
f 5771 5770 1720
f 5772 2391 5773
f 5772 5773 5774
f 5774 5773 2451
f 5775 2452 5776
f 5775 5776 5777
f 5777 5776 2453
f 4505 1761 5778
f 4505 5778 5779
f 5779 5778 2454
f 5780 2455 5781
f 5780 5781 5782
f 5782 5781 2456
f 5783 2457 5784
f 5783 5784 5785
f 5785 5784 2458
f 5786 2459 5787
f 5786 5787 5788
f 5788 5787 2460
f 5789 2461 5790
f 5789 5790 5791
f 5791 5790 2462
f 5792 2463 5793
f 5792 5793 5794
f 5794 5793 2464
f 5795 2465 5796
f 5795 5796 5797
f 5797 5796 2466
f 5798 2467 5799
f 5798 5799 5800
f 5800 5799 2468
f 5801 2469 5802
f 5801 5802 3317
f 3317 5802 1063
f 5803 1061 5804
f 5803 5804 5805
f 5805 5804 2470
f 5806 2471 5807
f 5806 5807 5808
f 5808 5807 2472
f 5809 2473 5810
f 5809 5810 5811
f 5811 5810 2474
f 5812 1076 5813
f 5812 5813 5814
f 5814 5813 2475
f 3410 1115 5815
f 3410 5815 5816
f 5816 5815 2476
f 5816 2476 5817
f 5816 5817 5818
f 5818 5817 1779
f 5808 2472 5819
f 5808 5819 5820
f 5820 5819 2477
f 5821 2478 5822
f 5821 5822 5823
f 5823 5822 2479
f 5824 2480 5825
f 5824 5825 5826
f 5826 5825 2481
f 5827 1717 5828
f 5827 5828 5829
f 5829 5828 2482
f 5830 2480 5831
f 5830 5831 5832
f 5832 5831 2474
f 5823 2479 5833
f 5823 5833 5834
f 5834 5833 2483
f 5835 2484 5836
f 5835 5836 5837
f 5837 5836 2485
f 5829 2482 5838
f 5829 5838 5839
f 5839 5838 2486
f 5840 2487 5841
f 5840 5841 5842
f 5842 5841 2488
f 4445 1719 5843
f 4445 5843 5844
f 5844 5843 2489
f 5845 2490 5846
f 5845 5846 4599
f 4599 5846 1820
f 5847 1715 5848
f 5847 5848 5849
f 5849 5848 2491
f 4480 1742 5850
f 4480 5850 5851
f 5851 5850 1811
f 5852 1818 5853
f 5852 5853 5854
f 5854 5853 2492
f 5777 2453 5855
f 5777 5855 5856
f 5856 5855 2493
f 5782 2456 5857
f 5782 5857 5858
f 5858 5857 2485
f 5859 1758 5860
f 5859 5860 5861
f 5861 5860 2494
f 5862 2495 5863
f 5862 5863 5864
f 5864 5863 2496
f 5865 1754 5866
f 5865 5866 5867
f 5867 5866 2497
f 5868 1745 5869
f 5868 5869 5870
f 5870 5869 2498
f 5871 2276 5872
f 5871 5872 5873
f 5873 5872 2499
f 5874 2500 5875
f 5874 5875 5876
f 5876 5875 2501
f 5877 2340 5878
f 5877 5878 5879
f 5879 5878 2502
f 5880 1045 5881
f 5880 5881 5882
f 5882 5881 2503
f 5883 2504 5884
f 5883 5884 5885
f 5885 5884 2505
f 5886 2506 5887
f 5886 5887 5888
f 5888 5887 2501
f 5889 2507 5890
f 5889 5890 5891
f 5891 5890 2496
f 5755 2445 5892
f 5755 5892 5893
f 5893 5892 2508
f 5894 2509 5895
f 5894 5895 5896
f 5896 5895 2429
f 5897 2510 5898
f 5897 5898 5899
f 5899 5898 2511
f 5900 2512 5901
f 5900 5901 4535
f 4535 5901 1780
f 5902 2513 5903
f 5902 5903 5904
f 5904 5903 2514
f 5905 2515 5906
f 5905 5906 5907
f 5907 5906 1246
f 5908 2516 5909
f 5908 5909 5910
f 5910 5909 1241
f 5911 2516 5912
f 5911 5912 5913
f 5913 5912 2517
f 5914 2518 5915
f 5914 5915 5916
f 5916 5915 2519
f 5917 2520 5918
f 5917 5918 5919
f 5919 5918 2521
f 5920 2522 5921
f 5920 5921 5922
f 5922 5921 2523
f 5923 2524 5924
f 5923 5924 5925
f 5925 5924 2525
f 5926 2465 5927
f 5926 5927 5928
f 5928 5927 2526
f 5929 2513 5930
f 5929 5930 5931
f 5931 5930 2527
f 5932 2524 5933
f 5932 5933 5934
f 5934 5933 2528
f 5931 2527 5935
f 5931 5935 5936
f 5936 5935 2529
f 5936 2529 5937
f 5936 5937 5897
f 5897 5937 2510
f 5916 2519 5938
f 5916 5938 5939
f 5939 5938 2530
f 5940 2531 5941
f 5940 5941 5942
f 5942 5941 1046
f 5922 2523 5943
f 5922 5943 5944
f 5944 5943 2532
f 5945 2533 5946
f 5945 5946 5883
f 5883 5946 2504
f 5928 2526 5947
f 5928 5947 5948
f 5948 5947 2534
f 5949 2461 5950
f 5949 5950 5889
f 5889 5950 2507
f 5951 2535 5952
f 5951 5952 5953
f 5953 5952 2536
f 4550 1790 5954
f 4550 5954 5955
f 5955 5954 2537
f 5334 2236 5956
f 5334 5956 5957
f 5957 5956 2538
f 5958 2539 5959
f 5958 5959 5960
f 5960 5959 792
f 5961 2232 5962
f 5961 5962 5963
f 5963 5962 2540
f 5964 2541 5965
f 5964 5965 5966
f 5966 5965 789
f 5967 970 5968
f 5967 5968 5969
f 5969 5968 2542
f 5970 2543 5971
f 5970 5971 5972
f 5972 5971 786
f 5973 753 5974
f 5973 5974 5975
f 5975 5974 2544
f 5976 2408 5977
f 5976 5977 5978
f 5978 5977 1787
f 5979 1025 5980
f 5979 5980 5981
f 5981 5980 2545
f 5982 1020 5983
f 5982 5983 5984
f 5984 5983 2546
f 5985 2447 5986
f 5985 5986 5987
f 5987 5986 2547
f 5988 2548 5989
f 5988 5989 5990
f 5990 5989 2549
f 5991 1131 5992
f 5991 5992 4424
f 4424 5992 1705
f 5990 2549 5993
f 5990 5993 5994
f 5994 5993 2550
f 5995 1706 5996
f 5995 5996 5562
f 5562 5996 2359
f 5997 2349 5998
f 5997 5998 5999
f 5999 5998 2551
f 6000 2552 6001
f 6000 6001 5249
f 5249 6001 2189
f 6002 2553 6003
f 6002 6003 6004
f 6004 6003 2554
f 6005 2179 6006
f 6005 6006 6007
f 6007 6006 2555
f 6007 2555 6008
f 6007 6008 6009
f 6009 6008 2556
f 6010 2183 6011
f 6010 6011 6012
f 6012 6011 883
f 6013 2171 6014
f 6013 6014 6015
f 6015 6014 2557
f 6016 2558 6017
f 6016 6017 6018
f 6018 6017 2196
f 6019 2175 6020
f 6019 6020 6002
f 6002 6020 2553
f 6021 1702 6022
f 6021 6022 6023
f 6023 6022 2560
f 3492 1168 6024
f 3492 6024 6000
f 6000 6024 2552
f 6025 2561 6026
f 6025 6026 6027
f 6027 6026 2562
f 6028 2563 6029
f 6028 6029 6030
f 6030 6029 2559
f 6031 2564 6032
f 6031 6032 4422
f 4422 6032 1704
f 6033 2564 6034
f 6033 6034 6035
f 6035 6034 2565
f 6036 2561 6037
f 6036 6037 6038
f 6038 6037 1123
f 6039 1557 6040
f 6039 6040 6041
f 6041 6040 2567
f 6042 2568 6043
f 6042 6043 6044
f 6044 6043 2569
f 4136 1548 6045
f 4136 6045 6046
f 6046 6045 2570
f 6047 918 6048
f 6047 6048 6049
f 6049 6048 2571
f 6050 2543 6051
f 6050 6051 6052
f 6052 6051 2572
f 6053 2573 6054
f 6053 6054 6055
f 6055 6054 2574
f 6056 971 6057
f 6056 6057 6058
f 6058 6057 2575
f 6059 2275 6060
f 6059 6060 6061
f 6061 6060 2576
f 6055 2574 6062
f 6055 6062 6063
f 6063 6062 2577
f 6064 2578 6065
f 6064 6065 6066
f 6066 6065 2579
f 6061 2576 6067
f 6061 6067 6068
f 6068 6067 2580
f 5400 2273 6069
f 5400 6069 6070
f 6070 6069 2581
f 6070 2581 6071
f 6070 6071 6072
f 6072 6071 2583
f 3419 1121 6073
f 3419 6073 6074
f 6074 6073 2584
f 6075 2585 6076
f 6075 6076 6077
f 6077 6076 2586
f 4824 1966 6078
f 4824 6078 6079
f 6079 6078 2587
f 6080 2588 6081
f 6080 6081 6082
f 6082 6081 2589
f 6083 1967 6084
f 6083 6084 6085
f 6085 6084 894
f 6086 2204 6087
f 6086 6087 6088
f 6088 6087 2590
f 6089 2207 6090
f 6089 6090 6091
f 6091 6090 2586
f 6092 1670 6093
f 6092 6093 6094
f 6094 6093 2591
f 6096 6095 2592
f 6098 6097 2593
f 6099 2225 6100
f 6099 6100 3023
f 3023 6100 844
f 6101 2594 6102
f 6101 6102 6103
f 6103 6102 2595
f 6104 2596 6105
f 6104 6105 6106
f 6106 6105 1639
f 6107 2597 6108
f 6107 6108 6109
f 6109 6108 2598
f 6110 2599 6111
f 6110 6111 6112
f 6112 6111 1635
f 6113 1333 6114
f 6113 6114 6115
f 6115 6114 2600
f 6116 1328 6117
f 6116 6117 6118
f 6118 6117 1633
f 6119 2597 6120
f 6119 6120 6121
f 6121 6120 2601
f 6122 1387 6123
f 6122 6123 6124
f 6124 6123 2602
f 6125 1385 6126
f 6125 6126 6127
f 6127 6126 2603
f 6127 2603 6128
f 6127 6128 6129
f 6129 6128 2604
f 6130 2605 6131
f 6130 6131 3908
f 3908 6131 1423
f 6132 1381 6133
f 6132 6133 6134
f 6134 6133 2606
f 6135 2607 6136
f 6135 6136 3911
f 3911 6136 1425
f 6137 1375 6138
f 6137 6138 6139
f 6139 6138 2608
f 6140 1373 6141
f 6140 6141 6142
f 6142 6141 2609
f 6142 2609 6143
f 6142 6143 6144
f 6144 6143 2611
f 6145 1369 6146
f 6145 6146 6147
f 6147 6146 2612
f 6147 2612 6148
f 6147 6148 6149
f 6149 6148 2613
f 6150 1363 6151
f 6150 6151 6152
f 6152 6151 2614
f 6152 2614 6153
f 6152 6153 6154
f 6154 6153 2615
f 6155 1361 6156
f 6155 6156 6157
f 6157 6156 2616
f 6157 2616 6158
f 6157 6158 6159
f 6159 6158 2617
f 6160 1355 6161
f 6160 6161 6162
f 6162 6161 2618
f 6162 2618 6163
f 6162 6163 3083
f 3083 6163 901
f 6164 796 6165
f 6164 6165 6166
f 6166 6165 2619
f 6167 2620 6168
f 6167 6168 6169
f 6169 6168 2621
f 6170 2622 6171
f 6170 6171 6172
f 6172 6171 2623
f 6173 2622 6174
f 6173 6174 2948
f 2948 6174 793
f 6175 999 6176
f 6175 6176 6177
f 6177 6176 2624
f 6178 2625 6179
f 6178 6179 6180
f 6180 6179 2626
f 6181 996 6182
f 6181 6182 6183
f 6183 6182 2627
f 6184 2237 6185
f 6184 6185 6186
f 6186 6185 2628
f 6186 2628 6187
f 6186 6187 6188
f 6188 6187 2629
f 6189 2630 6190
f 6189 6190 6191
f 6191 6190 2265
f 6192 2631 6193
f 6192 6193 6194
f 6194 6193 2261
f 6195 2631 6196
f 6195 6196 6197
f 6197 6196 2240
f 6198 2632 6199
f 6198 6199 6200
f 6200 6199 2634
f 6201 2635 6202
f 6201 6202 6203
f 6203 6202 2636
f 6204 919 6205
f 6204 6205 6206
f 6206 6205 2637
f 6207 2638 6208
f 6207 6208 4216
f 4216 6208 1592
f 6209 1531 6210
f 6209 6210 6211
f 6211 6210 2639
f 6212 2640 6213
f 6212 6213 6214
f 6214 6213 1582
f 6215 1532 6216
f 6215 6216 6217
f 6217 6216 2641
f 6218 2642 6219
f 6218 6219 6220
f 6220 6219 1578
f 6221 1543 6222
f 6221 6222 5690
f 5690 6222 2413
f 5403 2274 6223
f 5403 6223 6224
f 6224 6223 2643
f 6225 2644 6226
f 6225 6226 6227
f 6227 6226 2645
f 6228 2646 6229
f 6228 6229 6230
f 6230 6229 2647
f 6231 2648 6232
f 6231 6232 6233
f 6233 6232 2649
f 6234 2650 6235
f 6234 6235 6236
f 6236 6235 2651
f 6237 2652 6238
f 6237 6238 6239
f 6239 6238 2653
f 6240 2654 6241
f 6240 6241 6242
f 6242 6241 2655
f 6243 2650 6244
f 6243 6244 6245
f 6245 6244 2657
f 6246 2658 6247
f 6246 6247 6248
f 6248 6247 1601
f 6249 2646 6250
f 6249 6250 6251
f 6251 6250 2659
f 6252 2660 6253
f 6252 6253 6254
f 6254 6253 1598
f 6203 2636 6255
f 6203 6255 6256
f 6256 6255 1593
f 6257 2255 6258
f 6257 6258 6259
f 6259 6258 2661
f 6260 2662 6261
f 6260 6261 6262
f 6262 6261 915
f 6263 2663 6264
f 6263 6264 6265
f 6265 6264 2664
f 6266 2665 6267
f 6266 6267 6268
f 6268 6267 2623
f 6269 2654 6270
f 6269 6270 6271
f 6271 6270 2666
f 6272 2656 6273
f 6272 6273 6274
f 6274 6273 2621
f 6233 2649 6275
f 6233 6275 6276
f 6276 6275 2668
f 6277 2669 6278
f 6277 6278 6279
f 6279 6278 2670
f 6239 2653 6280
f 6239 6280 6281
f 6281 6280 2671
f 6282 2672 6283
f 6282 6283 6284
f 6284 6283 2673
f 6285 2674 6286
f 6285 6286 6287
f 6287 6286 2675
f 6288 1295 6289
f 6288 6289 6290
f 6290 6289 2676
f 6291 1185 6292
f 6291 6292 6293
f 6293 6292 2677
f 6294 1690 6295
f 6294 6295 6296
f 6296 6295 2678
f 6297 2679 6298
f 6297 6298 6299
f 6299 6298 2680
f 6300 2681 6301
f 6300 6301 6302
f 6302 6301 2673
f 6303 2682 6304
f 6303 6304 6305
f 6305 6304 2683
f 6306 2684 6307
f 6306 6307 6308
f 6308 6307 2670
f 6309 2685 6310
f 6309 6310 6311
f 6311 6310 2686
f 6312 2687 6313
f 6312 6313 6314
f 6314 6313 2688
f 6315 2689 6316
f 6315 6316 6317
f 6317 6316 2690
f 6318 2691 6319
f 6318 6319 6320
f 6320 6319 2692
f 6321 2693 6322
f 6321 6322 6323
f 6323 6322 2694
f 6324 2695 6325
f 6324 6325 6326
f 6326 6325 2696
f 6327 2697 6328
f 6327 6328 6329
f 6329 6328 2698
f 6330 2699 6331
f 6330 6331 6332
f 6332 6331 2700
f 5193 2154 6333
f 5193 6333 6334
f 6334 6333 2701
f 6335 2702 6336
f 6335 6336 6337
f 6337 6336 2703
f 6338 1461 6339
f 6338 6339 6340
f 6340 6339 1321
f 6332 2700 6341
f 6332 6341 6342
f 6342 6341 2705
f 6337 2703 6343
f 6337 6343 6344
f 6344 6343 2706
f 6344 2706 6345
f 6344 6345 6346
f 6346 6345 2708
f 3762 1324 6347
f 3762 6347 6348
f 6348 6347 2709
f 6349 2697 6350
f 6349 6350 6351
f 6351 6350 2710
f 6352 2711 6353
f 6352 6353 6354
f 6354 6353 925
f 6355 2693 6356
f 6355 6356 6357
f 6357 6356 2712
f 6358 2713 6359
f 6358 6359 3858
f 3858 6359 1389
f 6360 2689 6361
f 6360 6361 6362
f 6362 6361 2714
f 6363 2685 6364
f 6363 6364 6365
f 6365 6364 2715
f 6365 2715 6366
f 6365 6366 6367
f 6367 6366 2716
f 6368 2682 6369
f 6368 6369 6370
f 6370 6369 2717
f 6314 2688 6371
f 6314 6371 6372
f 6372 6371 2718
f 6373 2719 6374
f 6373 6374 6375
f 6375 6374 2720
f 6320 2692 6376
f 6320 6376 6377
f 6377 6376 2721
f 6378 2722 6379
f 6378 6379 6380
f 6380 6379 2569
f 6326 2696 6381
f 6326 6381 6382
f 6382 6381 2723
f 6383 2704 6384
f 6383 6384 6385
f 6385 6384 2724
f 6385 2724 6386
f 6385 6386 6387
f 6387 6386 2707
f 6375 2720 6388
f 6375 6388 6389
f 6389 6388 2571
f 6390 2725 6391
f 6390 6391 6392
f 6392 6391 2726
f 6393 2727 6394
f 6393 6394 6395
f 6395 6394 1287
f 6396 2728 6397
f 6396 6397 5365
f 5365 6397 2253
f 6398 2728 6399
f 6398 6399 6400
f 6400 6399 2729
f 6401 2725 6402
f 6401 6402 6403
f 6403 6402 2655
f 6348 2709 6404
f 6348 6404 6405
f 6405 6404 2730
f 6406 2731 6407
f 6406 6407 4145
f 4145 6407 1554
f 6408 2732 6409
f 6408 6409 4161
f 4161 6409 1563
f 6410 2732 6411
f 6410 6411 3760
f 3760 6411 1323
f 6412 907 6413
f 6412 6413 6414
f 6414 6413 2733
f 6415 877 6416
f 6415 6416 6417
f 6417 6416 2734
f 6417 2734 6418
f 6417 6418 6419
f 6419 6418 2735
f 6420 1485 6421
f 6420 6421 6422
f 6422 6421 2736
f 6422 2736 6423
f 6422 6423 6424
f 6424 6423 1505
f 6425 774 6426
f 6425 6426 6427
f 6427 6426 2737
f 6428 2738 6429
f 6428 6429 6430
f 6430 6429 2645
f 6431 2739 6432
f 6431 6432 6433
f 6433 6432 2582
f 6434 2739 6435
f 6434 6435 6436
f 6436 6435 776
f 3736 1310 6437
f 3736 6437 6438
f 6438 6437 2740
f 6439 2741 6440
f 6439 6440 4404
f 4404 6440 1696
f 6441 2231 6442
f 6441 6442 6443
f 6443 6442 2742
f 6444 1175 6445
f 6444 6445 6446
f 6446 6445 2743
f 6446 2743 6447
f 6446 6447 6448
f 6448 6447 1680
f 3171 964 6449
f 3171 6449 6450
f 6450 6449 2744
f 6451 2745 6452
f 6451 6452 3053
f 3053 6452 873
f 3163 958 6453
f 3163 6453 6454
f 6454 6453 2747
f 6455 2748 6456
f 6455 6456 3128
f 3128 6456 935
f 6457 2749 6458
f 6457 6458 3134
f 3134 6458 939
f 6459 2749 6460
f 6459 6460 6461
f 6461 6460 963
f 6462 951 6463
f 6462 6463 6464
f 6464 6463 2750
f 3157 954 6465
f 3157 6465 6466
f 6466 6465 2751
f 6466 2751 6467
f 6466 6467 6468
f 6468 6467 2746
f 6469 1431 6470
f 6469 6470 6471
f 6471 6470 2752
f 6472 2745 6473
f 6472 6473 4260
f 4260 6473 1619
f 6370 2717 6474
f 6370 6474 6475
f 6475 6474 2754
f 6476 2755 6477
f 6476 6477 6478
f 6478 6477 2756
f 6479 2679 6480
f 6479 6480 6481
f 6481 6480 2757
f 6482 1691 6483
f 6482 6483 6484
f 6484 6483 2758
f 4015 1484 6485
f 4015 6485 6486
f 6486 6485 2759
f 6487 1468 6488
f 6487 6488 6489
f 6489 6488 2760
f 6489 2760 6490
f 6489 6490 6491
f 6491 6490 2761
f 6492 2753 6493
f 6492 6493 6494
f 6494 6493 2763
f 6491 2761 6495
f 6491 6495 6496
f 6496 6495 2764
f 6497 2762 6498
f 6497 6498 6499
f 6499 6498 2765
f 6500 2766 6501
f 6500 6501 6502
f 6502 6501 2767
f 6496 2764 6503
f 6496 6503 6504
f 6504 6503 2768
f 6505 1469 6506
f 6505 6506 6507
f 6507 6506 2769
f 3921 1430 6508
f 3921 6508 6509
f 6509 6508 2770
f 3913 1426 6510
f 3913 6510 6511
f 6511 6510 2771
f 6502 2767 6512
f 6502 6512 6513
f 6513 6512 2771
f 6514 2772 6515
f 6514 6515 6516
f 6516 6515 2773
f 6517 2774 6518
f 6517 6518 3805
f 3805 6518 1352
f 6519 2775 6520
f 6519 6520 6101
f 6101 6520 2594
f 6521 2775 6522
f 6521 6522 6514
f 6514 6522 2772
f 6523 2776 6524
f 6523 6524 2873
f 2873 6524 733
f 6525 2778 6526
f 6525 6526 6527
f 6527 6526 2779
f 6528 2780 6529
f 6528 6529 6530
f 6530 6529 2145
f 6531 2781 6532
f 6531 6532 6533
f 6533 6532 1384
f 6534 718 6535
f 6534 6535 6536
f 6536 6535 2783
f 2857 721 6537
f 2857 6537 6538
f 6538 6537 2784
f 6539 2785 6540
f 6539 6540 6541
f 6541 6540 1380
f 6542 2786 6543
f 6542 6543 6544
f 6544 6543 1377
f 6545 2787 6546
f 6545 6546 6542
f 6542 6546 2786
f 6547 2788 6548
f 6547 6548 6549
f 6549 6548 1372
f 6550 2789 6551
f 6550 6551 6547
f 6547 6551 2788
f 6552 2790 6553
f 6552 6553 6554
f 6554 6553 1368
f 6555 2791 6556
f 6555 6556 6552
f 6552 6556 2790
f 6557 2792 6558
f 6557 6558 6559
f 6559 6558 1365
f 6560 2793 6561
f 6560 6561 6557
f 6557 6561 2792
f 6562 746 6563
f 6562 6563 6564
f 6564 6563 2794
f 6565 2795 6566
f 6565 6566 6567
f 6567 6566 1360
f 6568 2796 6569
f 6568 6569 6570
f 6570 6569 2797
f 6527 2779 6571
f 6527 6571 6572
f 6572 6571 1353
f 6573 2798 6574
f 6573 6574 6575
f 6575 6574 2782
f 6576 2799 6577
f 6576 6577 2852
f 2852 6577 717
f 6578 2800 6579
f 6578 6579 2858
f 2858 6579 722
f 6580 1796 6581
f 6580 6581 6582
f 6582 6581 2801
f 6583 2802 6584
f 6583 6584 3000
f 3000 6584 830
f 6585 1792 6586
f 6585 6586 6587
f 6587 6586 2803
f 6588 2804 6589
f 6588 6589 6590
f 6590 6589 836
f 6591 860 6592
f 6591 6592 6593
f 6593 6592 2805
f 6594 2806 6595
f 6594 6595 6596
f 6596 6595 748
f 6597 2139 6598
f 6597 6598 6599
f 6599 6598 2807
f 6600 2808 6601
f 6600 6601 6602
f 6602 6601 744
f 6603 2142 6604
f 6603 6604 6528
f 6528 6604 2780
f 6605 2809 6606
f 6605 6606 6565
f 6565 6606 2795
f 6570 2797 6607
f 6570 6607 6608
f 6608 6607 1357
f 6609 2810 6610
f 6609 6610 6611
f 6611 6610 2811
f 6612 2812 6613
f 6612 6613 6614
f 6614 6613 1937
f 6615 2813 6616
f 6615 6616 6617
f 6617 6616 1935
f 2869 730 6618
f 2869 6618 6619
f 6619 6618 2814
f 6620 2815 6621
f 6620 6621 6622
f 6622 6621 2777
f 6611 2811 6623
f 6611 6623 6624
f 6624 6623 1821
f 6625 2816 6626
f 6625 6626 6627
f 6627 6626 2817
f 6628 2818 6629
f 6628 6629 2840
f 2840 6629 708
f 6630 2819 6631
f 6630 6631 2843
f 2843 6631 711
f 4742 1910 6632
f 4742 6632 6633
f 6633 6632 2820
f 4748 1914 6634
f 4748 6634 6635
f 6635 6634 2821
f 6636 2822 6637
f 6636 6637 2846
f 2846 6637 713
f 4754 1918 6638
f 4754 6638 6639
f 6639 6638 2823
f 6640 2824 6641
f 6640 6641 3012
f 3012 6641 837
f 6642 1923 6643
f 6642 6643 6644
f 6644 6643 2825
f 6645 2826 6646
f 6645 6646 3018
f 3018 6646 841
f 6647 1927 6648
f 6647 6648 6649
f 6649 6648 2827
f 6650 2828 6651
f 6650 6651 6652
f 6652 6651 737
f 4770 1930 6653
f 4770 6653 6654
f 6654 6653 2829
f 6619 2814 6655
f 6619 6655 6656
f 6656 6655 732
f 6657 2830 6658
f 6657 6658 6659
f 6659 6658 1894
f 6660 709 6661
f 6660 6661 6662
f 6662 6661 2831
f 2851 716 6663
f 2851 6663 6664
f 6664 6663 2832
f 6665 2833 6666
f 6665 6666 6667
f 6667 6666 1890
f 3017 840 6668
f 3017 6668 6669
f 6669 6668 2834
f 6670 2835 6671
f 6670 6671 6672
f 6672 6671 1886
f 3022 843 6673
f 3022 6673 6674
f 6674 6673 2836
f 6675 2837 6676
f 6675 6676 6677
f 6677 6676 1882
f 6678 735 6679
f 6678 6679 6680
f 6680 6679 2838
f 6681 2839 6682
f 6681 6682 6683
f 6683 6682 1855
f 6684 2776 6685
f 6684 6685 6686
f 6686 6685 1825
f 6687 688 6688
f 6687 6688 6689
f 6689 6688 709
f 6689 709 6690
f 6689 6690 2841
f 2841 6690 710
f 6690 709 6660
f 6690 6660 6691
f 6691 6660 8
f 6692 692 2842
f 6692 2842 6693
f 6693 2842 710
f 6693 710 6694
f 6693 6694 2844
f 2844 6694 712
f 6694 710 6691
f 6694 6691 6695
f 6695 6691 8
f 6696 691 2845
f 6696 2845 6697
f 6697 2845 712
f 6697 712 6698
f 6697 6698 2847
f 2847 6698 714
f 6698 712 6695
f 6698 6695 6699
f 6699 6695 8
f 6700 690 2848
f 6700 2848 6701
f 6701 2848 714
f 6701 714 6702
f 6701 6702 2850
f 2850 6702 716
f 6702 714 6699
f 6702 6699 6703
f 6703 6699 8
f 6704 703 6705
f 6704 6705 6706
f 6706 6705 718
f 6706 718 6707
f 6706 6707 2853
f 2853 6707 719
f 6707 718 6534
f 6707 6534 6708
f 6708 6534 7
f 6709 702 2854
f 6709 2854 6710
f 6710 2854 719
f 6710 719 6711
f 6710 6711 2856
f 2856 6711 721
f 6711 719 6708
f 6711 6708 6712
f 6712 6708 7
f 6713 702 6709
f 6713 6709 6714
f 6714 6709 720
f 6714 720 6715
f 6714 6715 2859
f 2859 6715 723
f 6715 720 2855
f 6715 2855 6716
f 6716 2855 6
f 6717 700 2860
f 6717 2860 6718
f 6718 2860 723
f 6718 723 6719
f 6718 6719 2862
f 2862 6719 725
f 6719 723 6716
f 6719 6716 6720
f 6720 6716 6
f 6721 694 6722
f 6721 6722 6723
f 6723 6722 727
f 6723 727 6724
f 6723 6724 2865
f 2865 6724 728
f 6724 727 6725
f 6724 6725 6726
f 6726 6725 5
f 6727 686 2866
f 6727 2866 6728
f 6728 2866 728
f 6728 728 6729
f 6728 6729 2868
f 2868 6729 730
f 6729 728 6726
f 6729 6726 6730
f 6730 6726 5
f 6731 686 6727
f 6731 6727 6732
f 6732 6727 729
f 6732 729 6733
f 6732 6733 2871
f 2871 6733 732
f 6733 729 2867
f 6733 2867 6656
f 6656 2867 4
f 6734 686 6731
f 6734 6731 6735
f 6735 6731 731
f 6735 731 6736
f 6735 6736 2874
f 2874 6736 734
f 6736 731 2870
f 6736 2870 6737
f 6737 2870 3
f 6678 685 2875
f 6678 2875 6738
f 6738 2875 734
f 6738 734 6739
f 6738 6739 2877
f 2877 6739 736
f 6739 734 6737
f 6739 6737 6740
f 6740 6737 3
f 6740 3 6652
f 6740 6652 6741
f 6741 6652 737
f 6741 737 6742
f 6741 6742 2879
f 2879 6742 738
f 6742 737 6743
f 6742 6743 6744
f 6744 6743 37
f 6745 705 6746
f 6745 6746 6747
f 6747 6746 740
f 6747 740 6748
f 6747 6748 2882
f 2882 6748 741
f 6748 740 6749
f 6748 6749 6750
f 6750 6749 2
f 6751 695 2883
f 6751 2883 6752
f 6752 2883 741
f 6752 741 6753
f 6752 6753 2885
f 2885 6753 743
f 6753 741 6750
f 6753 6750 6754
f 6754 6750 2
f 6754 2 6602
f 6754 6602 6755
f 6755 6602 744
f 6755 744 6756
f 6755 6756 2887
f 2887 6756 745
f 6756 744 6757
f 6756 6757 6758
f 6758 6757 1
f 6562 696 2888
f 6562 2888 6759
f 6759 2888 745
f 6759 745 6760
f 6759 6760 2890
f 2890 6760 747
f 6760 745 6758
f 6760 6758 6761
f 6761 6758 1
f 6761 1 6596
f 6761 6596 6762
f 6762 6596 748
f 6762 748 6763
f 6762 6763 2892
f 2892 6763 749
f 6763 748 6764
f 6763 6764 6765
f 6765 6764 40
f 6766 706 2893
f 6766 2893 6767
f 6767 2893 749
f 6767 749 6768
f 6767 6768 2895
f 2895 6768 751
f 6768 749 6765
f 6768 6765 6769
f 6769 6765 40
f 6770 260 6771
f 6770 6771 6772
f 6772 6771 753
f 6772 753 6773
f 6772 6773 2898
f 2898 6773 754
f 6773 753 5973
f 6773 5973 6774
f 6774 5973 23
f 6774 23 6775
f 6774 6775 6776
f 6776 6775 755
f 6776 755 6777
f 6776 6777 2900
f 2900 6777 756
f 6777 755 6778
f 6777 6778 6779
f 6779 6778 11
f 6779 11 6780
f 6779 6780 6781
f 6781 6780 757
f 6781 757 6782
f 6781 6782 2902
f 2902 6782 758
f 6782 757 6783
f 6782 6783 6784
f 6784 6783 202
f 6784 202 6785
f 6784 6785 6786
f 6786 6785 759
f 6786 759 6787
f 6786 6787 2904
f 2904 6787 760
f 6787 759 3101
f 6787 3101 6788
f 6788 3101 14
f 2958 9 6789
f 2958 6789 6790
f 6790 6789 762
f 6790 762 6791
f 6790 6791 2907
f 2907 6791 763
f 6791 762 6792
f 6791 6792 6793
f 6793 6792 10
f 6793 10 6794
f 6793 6794 6795
f 6795 6794 764
f 6795 764 6796
f 6795 6796 2909
f 2909 6796 765
f 6796 764 2911
f 6796 2911 5689
f 5689 2911 340
f 6794 10 6797
f 6794 6797 6798
f 6798 6797 766
f 6798 766 6799
f 6798 6799 2912
f 2912 6799 767
f 6799 766 6800
f 6799 6800 6801
f 6801 6800 11
f 6801 11 6778
f 6801 6778 6802
f 6802 6778 755
f 6802 755 6803
f 6802 6803 2914
f 2914 6803 768
f 6803 755 6775
f 6803 6775 6804
f 6804 6775 23
f 6805 260 6770
f 6805 6770 6806
f 6806 6770 752
f 6806 752 6807
f 6806 6807 2917
f 2917 6807 770
f 6807 752 2897
f 6807 2897 6808
f 6808 2897 12
f 6808 12 6809
f 6808 6809 6810
f 6810 6809 771
f 6810 771 6811
f 6810 6811 2919
f 2919 6811 772
f 6811 771 2921
f 6811 2921 2947
f 2947 2921 13
f 6809 12 2905
f 6809 2905 6812
f 6812 2905 760
f 6812 760 6813
f 6812 6813 2922
f 2922 6813 773
f 6813 760 6788
f 6813 6788 6814
f 6814 6788 14
f 6814 14 6815
f 6814 6815 6816
f 6816 6815 774
f 6816 774 6817
f 6816 6817 2924
f 2924 6817 775
f 6817 774 6425
f 6817 6425 6818
f 6818 6425 15
f 6818 15 6436
f 6818 6436 6819
f 6819 6436 776
f 6819 776 6820
f 6819 6820 2926
f 2926 6820 777
f 6820 776 6821
f 6820 6821 6822
f 6822 6821 16
f 6822 16 6823
f 6822 6823 6824
f 6824 6823 778
f 6824 778 6825
f 6824 6825 2928
f 2928 6825 779
f 6825 778 2930
f 6825 2930 6826
f 6826 2930 17
f 6823 16 6827
f 6823 6827 6828
f 6828 6827 780
f 6828 780 6829
f 6828 6829 2931
f 2931 6829 781
f 6829 780 6830
f 6829 6830 6831
f 6831 6830 18
f 6831 18 6832
f 6831 6832 6833
f 6833 6832 782
f 6833 782 6834
f 6833 6834 2933
f 2933 6834 783
f 6834 782 2935
f 6834 2935 6835
f 6835 2935 19
f 6832 18 6836
f 6832 6836 6837
f 6837 6836 784
f 6837 784 6838
f 6837 6838 2936
f 2936 6838 785
f 6838 784 6839
f 6838 6839 6840
f 6840 6839 20
f 6840 20 5972
f 6840 5972 6841
f 6841 5972 786
f 6841 786 6842
f 6841 6842 2938
f 2938 6842 787
f 6842 786 6843
f 6842 6843 6844
f 6844 6843 21
f 6835 19 2939
f 6835 2939 6845
f 6845 2939 787
f 6845 787 6846
f 6845 6846 2940
f 2940 6846 788
f 6846 787 6844
f 6846 6844 6847
f 6847 6844 21
f 6847 21 5966
f 6847 5966 6848
f 6848 5966 789
f 6848 789 6849
f 6848 6849 2942
f 2942 6849 790
f 6849 789 6850
f 6849 6850 6851
f 6851 6850 22
f 6826 17 2943
f 6826 2943 6852
f 6852 2943 790
f 6852 790 6853
f 6852 6853 2944
f 2944 6853 791
f 6853 790 6851
f 6853 6851 6854
f 6854 6851 22
f 6854 22 5960
f 6854 5960 6855
f 6855 5960 792
f 6855 792 6856
f 6855 6856 2946
f 2946 6856 772
f 6856 792 6857
f 6856 6857 2920
f 2920 6857 263
f 6858 202 6783
f 6858 6783 6859
f 6859 6783 757
f 6859 757 6860
f 6859 6860 2949
f 2949 6860 794
f 6860 757 6780
f 6860 6780 6861
f 6861 6780 11
f 6861 11 6800
f 6861 6800 6862
f 6862 6800 766
f 6862 766 6863
f 6862 6863 2951
f 2951 6863 795
f 6863 766 6797
f 6863 6797 6864
f 6864 6797 10
f 6164 203 2952
f 6164 2952 6865
f 6865 2952 795
f 6865 795 6866
f 6865 6866 2954
f 2954 6866 797
f 6866 795 6864
f 6866 6864 6867
f 6867 6864 10
f 6867 10 6792
f 6867 6792 6868
f 6868 6792 762
f 6868 762 6869
f 6868 6869 2956
f 2956 6869 798
f 6869 762 6789
f 6869 6789 2962
f 2962 6789 9
f 2906 24 6870
f 2906 6870 6871
f 6871 6870 799
f 6871 799 6872
f 6871 6872 2959
f 2959 6872 800
f 6872 799 2966
f 6872 2966 6873
f 6873 2966 25
f 6873 25 6874
f 6873 6874 6875
f 6875 6874 801
f 6875 801 6876
f 6875 6876 2961
f 2961 6876 798
f 6876 801 2963
f 6876 2963 2957
f 2957 2963 204
f 6874 25 6877
f 6874 6877 6878
f 6878 6877 802
f 6878 802 6879
f 6878 6879 2964
f 2964 6879 803
f 6879 802 6880
f 6879 6880 6881
f 6881 6880 597
f 6870 24 5715
f 6870 5715 6882
f 6882 5715 804
f 6882 804 6883
f 6882 6883 2967
f 2967 6883 805
f 6883 804 6884
f 6883 6884 6885
f 6885 6884 26
f 6885 26 6886
f 6885 6886 6887
f 6887 6886 806
f 6887 806 6888
f 6887 6888 2969
f 2969 6888 807
f 6888 806 2971
f 6888 2971 2999
f 2999 2971 27
f 6886 26 6889
f 6886 6889 6890
f 6890 6889 808
f 6890 808 6891
f 6890 6891 2972
f 2972 6891 809
f 6891 808 5719
f 6891 5719 6892
f 6892 5719 28
f 6892 28 6893
f 6892 6893 6894
f 6894 6893 810
f 6894 810 6895
f 6894 6895 2974
f 2974 6895 811
f 6895 810 2976
f 6895 2976 6896
f 6896 2976 29
f 6893 28 6897
f 6893 6897 6898
f 6898 6897 812
f 6898 812 6899
f 6898 6899 2977
f 2977 6899 813
f 6899 812 5725
f 6899 5725 6900
f 6900 5725 30
f 6900 30 6901
f 6900 6901 6902
f 6902 6901 814
f 6902 814 6903
f 6902 6903 2979
f 2979 6903 815
f 6903 814 2981
f 6903 2981 6904
f 6904 2981 31
f 6901 30 6905
f 6901 6905 6906
f 6906 6905 816
f 6906 816 6907
f 6906 6907 2982
f 2982 6907 817
f 6907 816 5731
f 6907 5731 6908
f 6908 5731 32
f 6908 32 6909
f 6908 6909 6910
f 6910 6909 818
f 6910 818 6911
f 6910 6911 2984
f 2984 6911 819
f 6911 818 5737
f 6911 5737 6912
f 6912 5737 33
f 6912 33 4212
f 6912 4212 6913
f 6913 4212 820
f 6913 820 6914
f 6913 6914 2986
f 2986 6914 821
f 6914 820 6915
f 6914 6915 6916
f 6916 6915 34
f 6916 34 6917
f 6916 6917 6918
f 6918 6917 822
f 6918 822 6919
f 6918 6919 2988
f 2988 6919 823
f 6919 822 6920
f 6919 6920 6921
f 6921 6920 35
f 6904 31 2989
f 6904 2989 6922
f 6922 2989 823
f 6922 823 6923
f 6922 6923 2990
f 2990 6923 824
f 6923 823 6921
f 6923 6921 6924
f 6924 6921 35
f 6924 35 6925
f 6924 6925 6926
f 6926 6925 825
f 6926 825 6927
f 6926 6927 2992
f 2992 6927 826
f 6927 825 4204
f 6927 4204 6928
f 6928 4204 36
f 6896 29 2993
f 6896 2993 6929
f 6929 2993 826
f 6929 826 6930
f 6929 6930 2994
f 2994 6930 827
f 6930 826 6928
f 6930 6928 6931
f 6931 6928 36
f 6931 36 6932
f 6931 6932 6933
f 6933 6932 828
f 6933 828 6934
f 6933 6934 2996
f 2996 6934 829
f 6934 828 4223
f 6934 4223 6935
f 6935 4223 597
f 6935 597 6880
f 6935 6880 6936
f 6936 6880 802
f 6936 802 6937
f 6936 6937 2998
f 2998 6937 807
f 6937 802 6877
f 6937 6877 2970
f 2970 6877 25
f 6938 700 6717
f 6938 6717 6939
f 6939 6717 724
f 6939 724 6940
f 6939 6940 3001
f 3001 6940 831
f 6940 724 2861
f 6940 2861 6941
f 6941 2861 42
f 6942 698 3002
f 6942 3002 6943
f 6943 3002 831
f 6943 831 6944
f 6943 6944 3004
f 3004 6944 833
f 6944 831 6941
f 6944 6941 6945
f 6945 6941 42
f 3009 698 6942
f 3009 6942 6946
f 6946 6942 832
f 6946 832 6947
f 6946 6947 3007
f 3007 6947 835
f 6947 832 3003
f 6947 3003 6948
f 6948 3003 41
f 3006 707 2896
f 3006 2896 6949
f 6949 2896 751
f 6949 751 6950
f 6949 6950 3010
f 3010 6950 836
f 6950 751 6769
f 6950 6769 6590
f 6590 6769 40
f 6951 690 6700
f 6951 6700 6952
f 6952 6700 715
f 6952 715 6953
f 6952 6953 3013
f 3013 6953 838
f 6953 715 2849
f 6953 2849 6954
f 6954 2849 39
f 6955 689 3014
f 6955 3014 6956
f 6956 3014 838
f 6956 838 6957
f 6956 6957 3016
f 3016 6957 840
f 6957 838 6954
f 6957 6954 6958
f 6958 6954 39
f 6959 689 6955
f 6959 6955 6960
f 6960 6955 839
f 6960 839 6961
f 6960 6961 3019
f 3019 6961 842
f 6961 839 3015
f 6961 3015 6962
f 6962 3015 38
f 6744 37 3020
f 6744 3020 6963
f 6963 3020 842
f 6963 842 6964
f 6963 6964 3021
f 3021 6964 843
f 6964 842 6962
f 6964 6962 6965
f 6965 6962 38
f 6966 86 4394
f 6966 4394 6967
f 6967 4394 845
f 6967 845 6968
f 6967 6968 3024
f 3024 6968 846
f 6968 845 6969
f 6968 6969 6970
f 6970 6969 93
f 6971 62 6972
f 6972 62 848
f 6972 848 6973
f 6972 6973 3027
f 3027 6973 849
f 6973 848 5637
f 6973 5637 6974
f 6974 5637 92
f 3411 91 4993
f 3411 4993 6975
f 6975 4993 851
f 6975 851 6976
f 6975 6976 3030
f 3030 6976 852
f 6976 851 6977
f 6976 6977 6978
f 6978 6977 89
f 5569 88 6979
f 5569 6979 6980
f 6980 6979 854
f 6980 854 6981
f 6980 6981 3033
f 3033 6981 855
f 6981 854 6982
f 6981 6982 6983
f 6983 6982 66
f 6984 87 6985
f 6984 6985 6986
f 6986 6985 857
f 6986 857 6987
f 6986 6987 3036
f 3036 6987 858
f 6987 857 6988
f 6987 6988 6989
f 6989 6988 85
f 6990 697 6991
f 6990 6991 6992
f 6992 6991 860
f 6992 860 6993
f 6992 6993 3039
f 3039 6993 861
f 6993 860 6591
f 6993 6591 6994
f 6994 6591 83
f 3938 82 6995
f 3938 6995 6996
f 6996 6995 863
f 6996 863 6997
f 6996 6997 3042
f 3042 6997 864
f 6997 863 3941
f 6997 3941 3973
f 3973 3941 81
f 6998 76 6999
f 6998 6999 7000
f 7000 6999 866
f 7000 866 7001
f 7000 7001 3045
f 3045 7001 867
f 7001 866 3140
f 7001 3140 7002
f 7002 3140 80
f 7003 79 7004
f 7003 7004 7005
f 7005 7004 869
f 7005 869 7006
f 7005 7006 3048
f 3048 7006 870
f 7006 869 3974
f 7006 3974 7007
f 7007 3974 77
f 7008 76 6998
f 7008 6998 7009
f 7009 6998 865
f 7009 865 7010
f 7009 7010 3051
f 3051 7010 872
f 7010 865 3044
f 7010 3044 7011
f 7011 3044 74
f 7012 74 7013
f 7012 7013 7014
f 7014 7013 874
f 7014 874 7015
f 7014 7015 3054
f 3054 7015 875
f 7015 874 4329
f 7015 4329 7016
f 7016 4329 45
f 7017 43 7018
f 7017 7018 7019
f 7019 7018 877
f 7019 877 7020
f 7019 7020 3057
f 3057 7020 878
f 7020 877 6415
f 7020 6415 7021
f 7021 6415 71
f 7022 70 3503
f 7022 3503 7023
f 7023 3503 880
f 7023 880 7024
f 7023 7024 3060
f 3060 7024 881
f 7024 880 7025
f 7024 7025 7026
f 7026 7025 69
f 7027 68 3034
f 7027 3034 7028
f 7028 3034 855
f 7028 855 7029
f 7028 7029 3063
f 3063 7029 883
f 7029 855 6983
f 7029 6983 6012
f 6012 6983 66
f 5476 65 7030
f 5476 7030 7031
f 7031 7030 885
f 7031 885 7032
f 7031 7032 3066
f 3066 7032 886
f 7032 885 5202
f 7032 5202 7033
f 7033 5202 63
f 62 6971 7034
f 7034 6971 847
f 7034 847 7035
f 7034 7035 3069
f 3069 7035 888
f 7035 847 3026
f 7035 3026 7036
f 7036 3026 693
f 3345 60 7037
f 3345 7037 7038
f 7038 7037 890
f 7038 890 7039
f 7038 7039 3072
f 3072 7039 891
f 7039 890 3311
f 7039 3311 7040
f 7040 3311 58
f 7041 57 3151
f 7041 3151 7042
f 7042 3151 893
f 7042 893 7043
f 7042 7043 3075
f 3075 7043 894
f 7043 893 7044
f 7043 7044 6085
f 6085 7044 55
f 7045 54 7046
f 7045 7046 7047
f 7047 7046 896
f 7047 896 7048
f 7047 7048 3078
f 3078 7048 897
f 7048 896 7049
f 7048 7049 7050
f 7050 7049 52
f 4148 51 7051
f 4148 7051 7052
f 7052 7051 899
f 7052 899 7053
f 7052 7053 3081
f 3081 7053 900
f 7053 899 7054
f 7053 7054 7055
f 7055 7054 49
f 7056 47 7057
f 7056 7057 7058
f 7058 7057 902
f 7058 902 7059
f 7058 7059 3084
f 3084 7059 903
f 7059 902 3086
f 7059 3086 7060
f 7060 3086 704
f 7057 47 7061
f 7057 7061 7062
f 7062 7061 904
f 7062 904 7063
f 7062 7063 3087
f 3087 7063 905
f 7063 904 3113
f 7063 3113 5180
f 5180 3113 46
f 7064 45 7065
f 7064 7065 7066
f 7066 7065 907
f 7066 907 7067
f 7066 7067 3090
f 3090 7067 908
f 7067 907 6412
f 7067 6412 3932
f 3932 6412 43
f 7068 578 7069
f 7068 7069 7070
f 7070 7069 910
f 7070 910 7071
f 7070 7071 3093
f 3093 7071 911
f 7071 910 4355
f 7071 4355 7072
f 7072 4355 575
f 7073 120 3094
f 7073 3094 7074
f 7074 3094 911
f 7074 911 7075
f 7074 7075 3096
f 3096 7075 913
f 7075 911 7072
f 7075 7072 7076
f 7076 7072 575
f 7077 175 6262
f 7077 6262 7078
f 7078 6262 915
f 7078 915 7079
f 7078 7079 3099
f 3099 7079 916
f 7079 915 7080
f 7079 7080 7081
f 7081 7080 117
f 6785 202 3100
f 6785 3100 7082
f 7082 3100 916
f 7082 916 7083
f 7082 7083 3102
f 3102 7083 917
f 7083 916 7081
f 7083 7081 7084
f 7084 7081 117
f 6047 132 7085
f 6047 7085 7086
f 7086 7085 919
f 7086 919 7087
f 7086 7087 3105
f 3105 7087 920
f 7087 919 6204
f 7087 6204 7088
f 7088 6204 188
f 4134 235 3106
f 4134 3106 7089
f 7089 3106 920
f 7089 920 7090
f 7089 7090 3108
f 3108 7090 922
f 7090 920 7088
f 7090 7088 4099
f 4099 7088 188
f 7091 53 3079
f 7091 3079 7092
f 7092 3079 897
f 7092 897 7093
f 7092 7093 3111
f 3111 7093 924
f 7093 897 7050
f 7093 7050 7094
f 7094 7050 52
f 7061 47 3112
f 7061 3112 7095
f 7095 3112 924
f 7095 924 7096
f 7095 7096 3114
f 3114 7096 925
f 7096 924 7094
f 7096 7094 6354
f 6354 7094 52
f 7097 102 3807
f 7097 3807 7098
f 7098 3807 927
f 7098 927 7099
f 7098 7099 3117
f 3117 7099 928
f 7099 927 7100
f 7099 7100 7101
f 7101 7100 650
f 7102 100 3118
f 7102 3118 7103
f 7103 3118 928
f 7103 928 7104
f 7103 7104 3120
f 3120 7104 930
f 7104 928 7101
f 7104 7101 3804
f 3804 7101 650
f 7105 100 7102
f 7105 7102 7106
f 7106 7102 929
f 7106 929 7107
f 7106 7107 3123
f 3123 7107 932
f 7107 929 3119
f 7107 3119 7108
f 7108 3119 651
f 7109 98 3124
f 7109 3124 7110
f 7110 3124 932
f 7110 932 7111
f 7110 7111 3126
f 3126 7111 934
f 7111 932 7108
f 7111 7108 7112
f 7112 7108 651
f 7113 98 7109
f 7113 7109 7114
f 7114 7109 933
f 7114 933 7115
f 7114 7115 3129
f 3129 7115 936
f 7115 933 3125
f 7115 3125 7116
f 7116 3125 652
f 7117 104 3130
f 7117 3130 7118
f 7118 3130 936
f 7118 936 7119
f 7118 7119 3132
f 3132 7119 938
f 7119 936 7116
f 7119 7116 7120
f 7120 7116 652
f 7121 104 7117
f 7121 7117 7122
f 7122 7117 937
f 7122 937 7123
f 7122 7123 3135
f 3135 7123 940
f 7123 937 3131
f 7123 3131 7124
f 7124 3131 653
f 7125 76 3136
f 7125 3136 7126
f 7126 3136 940
f 7126 940 7127
f 7126 7127 3138
f 3138 7127 942
f 7127 940 7124
f 7127 7124 7128
f 7128 7124 653
f 6999 76 7125
f 6999 7125 7129
f 7129 7125 941
f 7129 941 7130
f 7129 7130 3141
f 3141 7130 943
f 7130 941 3137
f 7130 3137 7131
f 7131 3137 57
f 7132 80 3142
f 7132 3142 7133
f 7133 3142 943
f 7133 943 7134
f 7133 7134 3144
f 3144 7134 892
f 7134 943 7131
f 7134 7131 7041
f 7041 7131 57
f 3788 535 4980
f 3788 4980 7135
f 7135 4980 946
f 7135 946 7136
f 7135 7136 3146
f 3146 7136 947
f 7136 946 7137
f 7136 7137 7138
f 7138 7137 534
f 7128 653 3147
f 7128 3147 7139
f 7139 3147 947
f 7139 947 7140
f 7139 7140 3148
f 3148 7140 948
f 7140 947 7138
f 7140 7138 7141
f 7141 7138 534
f 7141 534 4978
f 7141 4978 7142
f 7142 4978 949
f 7142 949 7143
f 7142 7143 3150
f 3150 7143 893
f 7143 949 7144
f 7143 7144 7044
f 7044 7144 55
f 4278 102 7145
f 4278 7145 7146
f 7146 7145 951
f 7146 951 7147
f 7146 7147 3153
f 3153 7147 952
f 7147 951 6462
f 7147 6462 7148
f 7148 6462 101
f 7149 591 3154
f 7149 3154 7150
f 7150 3154 952
f 7150 952 7151
f 7150 7151 3156
f 3156 7151 954
f 7151 952 7148
f 7151 7148 7152
f 7152 7148 101
f 4275 591 7149
f 4275 7149 7153
f 7153 7149 953
f 7153 953 7154
f 7153 7154 3159
f 3159 7154 956
f 7154 953 3155
f 7154 3155 7155
f 7155 3155 99
f 7156 592 3160
f 7156 3160 7157
f 7157 3160 956
f 7157 956 7158
f 7157 7158 3162
f 3162 7158 958
f 7158 956 7155
f 7158 7155 7159
f 7159 7155 99
f 4266 592 7156
f 4266 7156 7160
f 7160 7156 957
f 7160 957 7161
f 7160 7161 3165
f 3165 7161 960
f 7161 957 3161
f 7161 3161 7162
f 7162 3161 103
f 4263 593 3166
f 4263 3166 7163
f 7163 3166 960
f 7163 960 7164
f 7163 7164 3168
f 3168 7164 962
f 7164 960 7162
f 7164 7162 7165
f 7165 7162 103
f 7165 103 6461
f 7165 6461 7166
f 7166 6461 963
f 7166 963 7167
f 7166 7167 3170
f 3170 7167 964
f 7167 963 7168
f 7167 7168 7169
f 7169 7168 75
f 7170 288 7171
f 7170 7171 7172
f 7172 7171 966
f 7172 966 7173
f 7172 7173 3173
f 3173 7173 967
f 7173 966 7174
f 7173 7174 7175
f 7175 7174 304
f 7176 297 3174
f 7176 3174 7177
f 7177 3174 967
f 7177 967 7178
f 7177 7178 3176
f 3176 7178 969
f 7178 967 7175
f 7178 7175 7179
f 7179 7175 304
f 5967 234 7180
f 5967 7180 7181
f 7181 7180 971
f 7181 971 7182
f 7181 7182 3179
f 3179 7182 972
f 7182 971 6056
f 7182 6056 7183
f 7183 6056 192
f 7184 261 3180
f 7184 3180 7185
f 7185 3180 972
f 7185 972 7186
f 7185 7186 3182
f 3182 7186 974
f 7186 972 7183
f 7186 7183 7187
f 7187 7183 192
f 7188 453 7189
f 7188 7189 7190
f 7190 7189 976
f 7190 976 7191
f 7190 7191 3185
f 3185 7191 977
f 7191 976 7192
f 7191 7192 7193
f 7193 7192 600
f 7194 451 3186
f 7194 3186 7195
f 7195 3186 977
f 7195 977 7196
f 7195 7196 3188
f 3188 7196 979
f 7196 977 7193
f 7196 7193 7197
f 7197 7193 600
f 5341 451 7194
f 5341 7194 7198
f 7198 7194 978
f 7198 978 7199
f 7198 7199 3191
f 3191 7199 981
f 7199 978 3187
f 7199 3187 7200
f 7200 3187 677
f 7201 454 3192
f 7201 3192 7202
f 7202 3192 981
f 7202 981 7203
f 7202 7203 3194
f 3194 7203 983
f 7203 981 7200
f 7203 7200 7204
f 7204 7200 677
f 7205 454 7201
f 7205 7201 7206
f 7206 7201 982
f 7206 982 7207
f 7206 7207 3197
f 3197 7207 985
f 7207 982 3193
f 7207 3193 7208
f 7208 3193 678
f 7209 679 3198
f 7209 3198 7210
f 7210 3198 985
f 7210 985 7211
f 7210 7211 3200
f 3200 7211 987
f 7211 985 7208
f 7211 7208 7212
f 7212 7208 678
f 3205 679 7209
f 3205 7209 7213
f 7213 7209 986
f 7213 986 7214
f 7213 7214 3203
f 3203 7214 989
f 7214 986 3199
f 7214 3199 7215
f 7215 3199 438
f 3202 439 7216
f 3202 7216 7217
f 7217 7216 990
f 7217 990 7218
f 7217 7218 3206
f 3206 7218 991
f 7218 990 3242
f 7218 3242 7219
f 7219 3242 440
f 7220 679 3207
f 7220 3207 7221
f 7221 3207 991
f 7221 991 7222
f 7221 7222 3209
f 3209 7222 993
f 7222 991 7219
f 7222 7219 3224
f 3224 7219 440
f 7223 679 7220
f 7223 7220 7224
f 7224 7220 992
f 7224 992 7225
f 7224 7225 3212
f 3212 7225 995
f 7225 992 3208
f 7225 3208 7226
f 7226 3208 680
f 6181 201 3213
f 6181 3213 7227
f 7227 3213 995
f 7227 995 7228
f 7227 7228 3215
f 3215 7228 997
f 7228 995 7226
f 7228 7226 7229
f 7229 7226 680
f 5335 454 7205
f 5335 7205 7230
f 7230 7205 984
f 7230 984 7231
f 7230 7231 3218
f 3218 7231 994
f 7231 984 3196
f 7231 3196 7223
f 7223 3196 679
f 6175 200 3216
f 6175 3216 7232
f 7232 3216 997
f 7232 997 7233
f 7232 7233 3220
f 3220 7233 1000
f 7233 997 7229
f 7233 7229 7234
f 7234 7229 680
f 3248 193 3221
f 3248 3221 7235
f 7235 3221 1000
f 7235 1000 7236
f 7235 7236 3223
f 3223 7236 993
f 7236 1000 7234
f 7236 7234 3210
f 3210 7234 680
f 7197 600 7237
f 7197 7237 7238
f 7238 7237 1002
f 7238 1002 7239
f 7238 7239 3225
f 3225 7239 1003
f 7239 1002 7240
f 7239 7240 7241
f 7241 7240 437
f 7204 677 3226
f 7204 3226 7242
f 7242 3226 1003
f 7242 1003 7243
f 7242 7243 3227
f 3227 7243 1004
f 7243 1003 7241
f 7243 7241 7244
f 7244 7241 437
f 7212 678 3228
f 7212 3228 7245
f 7245 3228 1004
f 7245 1004 7246
f 7245 7246 3229
f 3229 7246 1005
f 7246 1004 7244
f 7246 7244 7247
f 7247 7244 437
f 7248 438 3230
f 7248 3230 7249
f 7249 3230 1005
f 7249 1005 7250
f 7249 7250 3232
f 3232 7250 1007
f 7250 1005 7247
f 7250 7247 7251
f 7251 7247 437
f 7252 438 7248
f 7252 7248 7253
f 7253 7248 1006
f 7253 1006 7254
f 7253 7254 3235
f 3235 7254 1009
f 7254 1006 3231
f 7254 3231 7255
f 7255 3231 321
f 7215 438 7252
f 7215 7252 7256
f 7256 7252 1008
f 7256 1008 7257
f 7256 7257 3237
f 3237 7257 1010
f 7257 1008 3234
f 7257 3234 7258
f 7258 3234 318
f 7259 439 3238
f 7259 3238 7260
f 7260 3238 1010
f 7260 1010 7261
f 7260 7261 3240
f 3240 7261 1012
f 7261 1010 7258
f 7261 7258 7262
f 7262 7258 318
f 7216 439 7259
f 7216 7259 7263
f 7263 7259 1011
f 7263 1011 7264
f 7263 7264 3243
f 3243 7264 1013
f 7264 1011 3239
f 7264 3239 7265
f 7265 3239 317
f 7266 440 3244
f 7266 3244 7267
f 7267 3244 1013
f 7267 1013 7268
f 7267 7268 3246
f 3246 7268 1015
f 7268 1013 7265
f 7268 7265 7269
f 7269 7265 317
f 3222 440 7266
f 3222 7266 7270
f 7270 7266 1014
f 7270 1014 7271
f 7270 7271 3249
f 3249 7271 1016
f 7271 1014 3245
f 7271 3245 7272
f 7272 3245 191
f 7273 191 3247
f 7273 3247 7274
f 7274 3247 1015
f 7274 1015 7275
f 7274 7275 3252
f 3252 7275 1018
f 7275 1015 7269
f 7275 7269 7276
f 7276 7269 317
f 7187 192 3253
f 7187 3253 7277
f 7277 3253 1018
f 7277 1018 7278
f 7277 7278 3254
f 3254 7278 1019
f 7278 1018 7276
f 7278 7276 3636
f 3636 7276 317
f 5982 256 7279
f 5982 7279 7280
f 7280 7279 1021
f 7280 1021 7281
f 7280 7281 3257
f 3257 7281 1022
f 7281 1021 7282
f 7281 7282 7283
f 7283 7282 459
f 7284 257 3258
f 7284 3258 7285
f 7285 3258 1022
f 7285 1022 7286
f 7285 7286 3260
f 3260 7286 1024
f 7286 1022 7283
f 7286 7283 7287
f 7287 7283 459
f 5979 257 7284
f 5979 7284 7288
f 7288 7284 1023
f 7288 1023 7289
f 7288 7289 3263
f 3263 7289 1026
f 7289 1023 3259
f 7289 3259 7290
f 7290 3259 112
f 7291 3264 1026
f 7291 1026 7292
f 7291 7292 3265
f 3265 7292 1027
f 7292 1026 7290
f 7292 7290 7293
f 7293 7290 112
f 7287 459 7294
f 7287 7294 7295
f 7295 7294 1028
f 7295 1028 7296
f 7295 7296 3267
f 3267 7296 1029
f 7296 1028 7297
f 7296 7297 7298
f 7298 7297 422
f 7299 112 3268
f 7299 3268 7300
f 7300 3268 1029
f 7300 1029 7301
f 7300 7301 3270
f 3270 7301 1031
f 7301 1029 7298
f 7301 7298 3756
f 3756 7298 422
f 7302 112 7299
f 7302 7299 7303
f 7303 7299 1030
f 7303 1030 7304
f 7303 7304 3273
f 3273 7304 1033
f 7304 1030 3269
f 7304 3269 7305
f 7305 3269 657
f 7306 111 3274
f 7306 3274 7307
f 7307 3274 1033
f 7307 1033 7308
f 7307 7308 3276
f 3276 7308 1035
f 7308 1033 7305
f 7308 7305 3754
f 3754 7305 657
f 7309 428 3440
f 7309 3440 7310
f 7310 3440 1037
f 7310 1037 7311
f 7310 7311 3279
f 3279 7311 1038
f 7311 1037 7312
f 7311 7312 7313
f 7313 7312 459
f 7314 271 3280
f 7314 3280 7315
f 7315 3280 1038
f 7315 1038 7316
f 7315 7316 3282
f 3282 7316 1040
f 7316 1038 7313
f 7316 7313 7317
f 7317 7313 459
f 3290 271 7314
f 3290 7314 7318
f 7318 7314 1039
f 7318 1039 7319
f 7318 7319 3285
f 3285 7319 1042
f 7319 1039 3281
f 7319 3281 7320
f 7320 3281 458
f 5518 388 3286
f 5518 3286 7321
f 7321 3286 1042
f 7321 1042 7322
f 7321 7322 3288
f 3288 7322 1044
f 7322 1042 7320
f 7322 7320 7323
f 7323 7320 458
f 3284 388 7324
f 3284 7324 7325
f 7325 7324 1045
f 7325 1045 7326
f 7325 7326 3291
f 3291 7326 1046
f 7326 1045 5880
f 7326 5880 5942
f 5942 5880 269
f 3404 608 4130
f 3404 4130 7327
f 7327 4130 1048
f 7327 1048 7328
f 7327 7328 3294
f 3294 7328 1049
f 7328 1048 7329
f 7328 7329 7330
f 7330 7329 611
f 7331 670 3295
f 7331 3295 7332
f 7332 3295 1049
f 7332 1049 7333
f 7332 7333 3297
f 3297 7333 1051
f 7333 1049 7330
f 7333 7330 3339
f 3339 7330 611
f 7334 670 7331
f 7334 7331 7335
f 7335 7331 1050
f 7335 1050 7336
f 7335 7336 3300
f 3300 7336 1053
f 7336 1050 3296
f 7336 3296 7337
f 7337 3296 675
f 7338 672 3301
f 7338 3301 7339
f 7339 3301 1053
f 7339 1053 7340
f 7339 7340 3303
f 3303 7340 1055
f 7340 1053 7337
f 7340 7337 3333
f 3333 7337 675
f 3348 672 7338
f 3348 7338 7341
f 7341 7338 1054
f 7341 1054 7342
f 7341 7342 3306
f 3306 7342 1057
f 7342 1054 3302
f 7342 3302 7343
f 7343 3302 674
f 7344 60 3307
f 7344 3307 7345
f 7345 3307 1057
f 7345 1057 7346
f 7345 7346 3309
f 3309 7346 1059
f 7346 1057 7343
f 7346 7343 7347
f 7347 7343 674
f 7037 60 7344
f 7037 7344 7348
f 7348 7344 1058
f 7348 1058 7349
f 7348 7349 3312
f 3312 7349 1060
f 7349 1058 3308
f 7349 3308 7350
f 7350 3308 676
f 5803 58 3313
f 5803 3313 7351
f 7351 3313 1060
f 7351 1060 7352
f 7351 7352 3315
f 3315 7352 1062
f 7352 1060 7350
f 7352 7350 7353
f 7353 7350 676
f 7354 285 3316
f 7354 3316 7355
f 7355 3316 1062
f 7355 1062 7356
f 7355 7356 3318
f 3318 7356 1064
f 7356 1062 7353
f 7356 7353 7357
f 7357 7353 676
f 5756 275 3319
f 5756 3319 7358
f 7358 3319 1064
f 7358 1064 7359
f 7358 7359 3321
f 3321 7359 1066
f 7359 1064 7357
f 7359 7357 7360
f 7360 7357 676
f 7360 676 3310
f 7360 3310 7361
f 7361 3310 1059
f 7361 1059 7362
f 7361 7362 3323
f 3323 7362 1067
f 7362 1059 7347
f 7362 7347 7363
f 7363 7347 674
f 5750 331 3324
f 5750 3324 7364
f 7364 3324 1067
f 7364 1067 7365
f 7364 7365 3326
f 3326 7365 1069
f 7365 1067 7363
f 7365 7363 7366
f 7366 7363 674
f 5698 332 3327
f 5698 3327 7367
f 7367 3327 1069
f 7367 1069 7368
f 7367 7368 3329
f 3329 7368 1071
f 7368 1069 7366
f 7368 7366 7369
f 7369 7366 674
f 7370 339 3330
f 7370 3330 7371
f 7371 3330 1071
f 7371 1071 7372
f 7371 7372 3332
f 3332 7372 1055
f 7372 1071 7369
f 7372 7369 3304
f 3304 7369 674
f 5693 339 7370
f 5693 7370 7373
f 7373 7370 1072
f 7373 1072 7374
f 7373 7374 3335
f 3335 7374 1074
f 7374 1072 3331
f 7374 3331 7375
f 7375 3331 675
f 7376 182 3336
f 7376 3336 7377
f 7377 3336 1074
f 7377 1074 7378
f 7377 7378 3338
f 3338 7378 1051
f 7378 1074 7375
f 7378 7375 3298
f 3298 7375 675
f 7040 58 7379
f 7040 7379 7380
f 7380 7379 1076
f 7380 1076 7381
f 7380 7381 3340
f 3340 7381 1077
f 7381 1076 5812
f 7381 5812 7382
f 7382 5812 289
f 7383 59 3341
f 7383 3341 7384
f 7384 3341 1077
f 7384 1077 7385
f 7384 7385 3343
f 3343 7385 1079
f 7385 1077 7382
f 7385 7382 7386
f 7386 7382 289
f 3071 59 7383
f 3071 7383 7387
f 7387 7383 1078
f 7387 1078 7388
f 7387 7388 3346
f 3346 7388 1080
f 7388 1078 3342
f 7388 3342 7389
f 7389 3342 673
f 3305 60 3347
f 3305 3347 7390
f 7390 3347 1080
f 7390 1080 7391
f 7390 7391 3349
f 3349 7391 1081
f 7391 1080 7389
f 7391 7389 3356
f 3356 7389 673
f 3401 670 7334
f 3401 7334 7392
f 7392 7334 1052
f 7392 1052 7393
f 7392 7393 3352
f 3352 7393 1083
f 7393 1052 3299
f 7393 3299 7394
f 7394 3299 672
f 7395 671 3353
f 7395 3353 7396
f 7396 3353 1083
f 7396 1083 7397
f 7396 7397 3355
f 3355 7397 1081
f 7397 1083 7394
f 7397 7394 3350
f 3350 7394 672
f 3395 671 7395
f 3395 7395 7398
f 7398 7395 1084
f 7398 1084 7399
f 7398 7399 3358
f 3358 7399 1086
f 7399 1084 3354
f 7399 3354 7400
f 7400 3354 673
f 7401 293 3359
f 7401 3359 7402
f 7402 3359 1086
f 7402 1086 7403
f 7402 7403 3361
f 3361 7403 1088
f 7403 1086 7400
f 7403 7400 7404
f 7404 7400 673
f 7405 293 7401
f 7405 7401 7406
f 7406 7401 1087
f 7406 1087 7407
f 7406 7407 3364
f 3364 7407 1090
f 7407 1087 3360
f 7407 3360 7408
f 7408 3360 291
f 7409 292 3365
f 7409 3365 7410
f 7410 3365 1090
f 7410 1090 7411
f 7410 7411 3367
f 3367 7411 1092
f 7411 1090 7408
f 7411 7408 7412
f 7412 7408 291
f 3372 292 7409
f 3372 7409 7413
f 7413 7409 1091
f 7413 1091 7414
f 7413 7414 3370
f 3370 7414 1094
f 7414 1091 3366
f 7414 3366 7415
f 7415 3366 290
f 3369 301 7416
f 3369 7416 7417
f 7417 7416 1095
f 7417 1095 7418
f 7417 7418 3373
f 3373 7418 1096
f 7418 1095 5767
f 7418 5767 7419
f 7419 5767 300
f 7420 292 3374
f 7420 3374 7421
f 7421 3374 1096
f 7421 1096 7422
f 7421 7422 3376
f 3376 7422 1098
f 7422 1096 7419
f 7422 7419 7423
f 7423 7419 300
f 3393 292 7420
f 3393 7420 7424
f 7424 7420 1097
f 7424 1097 7425
f 7424 7425 3379
f 3379 7425 1100
f 7425 1097 3375
f 7425 3375 7426
f 7426 3375 299
f 7427 294 3380
f 7427 3380 7428
f 7428 3380 1100
f 7428 1100 7429
f 7428 7429 3382
f 3382 7429 1102
f 7429 1100 7426
f 7429 7426 7430
f 7430 7426 299
f 3387 294 7427
f 3387 7427 7431
f 7431 7427 1101
f 7431 1101 7432
f 7431 7432 3385
f 3385 7432 1104
f 7432 1101 3381
f 7432 3381 7433
f 7433 3381 298
f 3384 296 7434
f 3384 7434 7435
f 7435 7434 1105
f 7435 1105 7436
f 7435 7436 3388
f 3388 7436 1106
f 7436 1105 4070
f 7436 4070 7437
f 7437 4070 295
f 7438 294 3389
f 7438 3389 7439
f 7439 3389 1106
f 7439 1106 7440
f 7439 7440 3391
f 3391 7440 1108
f 7440 1106 7437
f 7440 7437 7441
f 7441 7437 295
f 3378 294 7438
f 3378 7438 7442
f 7442 7438 1107
f 7442 1107 7443
f 7442 7443 3394
f 3394 7443 1089
f 7443 1107 3390
f 7443 3390 7405
f 7405 3390 293
f 3357 293 3392
f 3357 3392 7444
f 7444 3392 1108
f 7444 1108 7445
f 7444 7445 3396
f 3396 7445 1109
f 7445 1108 7441
f 7445 7441 7446
f 7446 7441 295
f 7447 671 3397
f 7447 3397 7448
f 7448 3397 1109
f 7448 1109 7449
f 7448 7449 3399
f 3399 7449 1111
f 7449 1109 7446
f 7449 7446 4120
f 4120 7446 295
f 3351 671 7447
f 3351 7447 7450
f 7450 7447 1110
f 7450 1110 7451
f 7450 7451 3402
f 3402 7451 1112
f 7451 1110 3398
f 7451 3398 7452
f 7452 3398 605
f 3293 670 3403
f 3293 3403 7453
f 7453 3403 1112
f 7453 1112 7454
f 7453 7454 3405
f 3405 7454 1113
f 7454 1112 7452
f 7454 7452 7455
f 7455 7452 605
f 7404 673 3344
f 7404 3344 7456
f 7456 3344 1079
f 7456 1079 7457
f 7456 7457 3407
f 3407 7457 1114
f 7457 1079 7386
f 7457 7386 7458
f 7458 7386 289
f 7412 291 3408
f 7412 3408 7459
f 7459 3408 1114
f 7459 1114 7460
f 7459 7460 3409
f 3409 7460 1115
f 7460 1114 7458
f 7460 7458 7461
f 7461 7458 289
f 3029 90 7462
f 3029 7462 7463
f 7463 7462 1116
f 7463 1116 7464
f 7463 7464 3412
f 3412 7464 1117
f 7464 1116 5584
f 7464 5584 7465
f 7465 5584 373
f 7466 91 3413
f 7466 3413 7467
f 7467 3413 1117
f 7467 1117 7468
f 7467 7468 3415
f 3415 7468 1119
f 7468 1117 7465
f 7468 7465 7469
f 7469 7465 373
f 4991 91 7466
f 4991 7466 7470
f 7470 7466 1118
f 7470 1118 7471
f 7470 7471 3418
f 3418 7471 1121
f 7471 1118 3414
f 7471 3414 7472
f 7472 3414 232
f 7473 236 6038
f 7473 6038 7474
f 7474 6038 1123
f 7474 1123 7475
f 7474 7475 3421
f 3421 7475 1124
f 7475 1123 7476
f 7475 7476 7477
f 7477 7476 238
f 7478 379 3422
f 7478 3422 7479
f 7479 3422 1124
f 7479 1124 7480
f 7479 7480 3424
f 3424 7480 1126
f 7480 1124 7477
f 7480 7477 7481
f 7481 7477 238
f 4427 379 7478
f 4427 7478 7482
f 7482 7478 1125
f 7482 1125 7483
f 7482 7483 3427
f 3427 7483 1128
f 7483 1125 3423
f 7483 3423 7484
f 7484 3423 415
f 7485 254 3428
f 7485 3428 7486
f 7486 3428 1128
f 7486 1128 7487
f 7486 7487 3430
f 3430 7487 1130
f 7487 1128 7484
f 7487 7484 7488
f 7488 7484 415
f 5991 254 7485
f 5991 7485 7489
f 7489 7485 1129
f 7489 1129 7490
f 7489 7490 3433
f 3433 7490 1132
f 7490 1129 3429
f 7490 3429 5763
f 5763 3429 329
f 7491 422 7297
f 7491 7297 7492
f 7492 7297 1028
f 7492 1028 7493
f 7492 7493 3436
f 3436 7493 1134
f 7493 1028 7294
f 7493 7294 7494
f 7494 7294 459
f 7495 421 3437
f 7495 3437 7496
f 7496 3437 1134
f 7496 1134 7497
f 7496 7497 3439
f 3439 7497 1037
f 7497 1134 7494
f 7497 7494 7312
f 7312 7494 459
f 7498 421 7495
f 7498 7495 7499
f 7499 7495 1135
f 7499 1135 7500
f 7499 7500 3442
f 3442 7500 1137
f 7500 1135 3438
f 7500 3438 7501
f 7501 3438 428
f 7502 242 3489
f 7502 3489 7503
f 7503 3489 1139
f 7503 1139 7504
f 7503 7504 3445
f 3445 7504 1140
f 7504 1139 7505
f 7504 7505 7506
f 7506 7505 666
f 3501 70 3446
f 3501 3446 7507
f 7507 3446 1140
f 7507 1140 7508
f 7507 7508 3448
f 3448 7508 1142
f 7508 1140 7506
f 7508 7506 7509
f 7509 7506 666
f 7509 666 3483
f 7509 3483 7510
f 7510 3483 1143
f 7510 1143 7511
f 7510 7511 3450
f 3450 7511 1144
f 7511 1143 7512
f 7511 7512 7513
f 7513 7512 667
f 3496 664 3451
f 3496 3451 7514
f 7514 3451 1144
f 7514 1144 7515
f 7514 7515 3453
f 3453 7515 1146
f 7515 1144 7513
f 7515 7513 7516
f 7516 7513 667
f 7516 667 3477
f 7516 3477 7517
f 7517 3477 1147
f 7517 1147 7518
f 7517 7518 3455
f 3455 7518 1148
f 7518 1147 7519
f 7518 7519 7520
f 7520 7519 668
f 7521 665 3456
f 7521 3456 7522
f 7522 3456 1148
f 7522 1148 7523
f 7522 7523 3458
f 3458 7523 1150
f 7523 1148 7520
f 7523 7520 3471
f 3471 7520 668
f 3493 665 7521
f 3493 7521 7524
f 7524 7521 1149
f 7524 1149 7525
f 7524 7525 3461
f 3461 7525 1152
f 7525 1149 3457
f 7525 3457 7526
f 7526 3457 669
f 7527 464 3462
f 7527 3462 7528
f 7528 3462 1152
f 7528 1152 7529
f 7528 7529 3464
f 3464 7529 1154
f 7529 1152 7526
f 7529 7526 7530
f 7530 7526 669
f 7531 463 3465
f 7531 3465 7532
f 7532 3465 1154
f 7532 1154 7533
f 7532 7533 3467
f 3467 7533 1156
f 7533 1154 7530
f 7533 7530 7534
f 7534 7530 669
f 7535 247 3468
f 7535 3468 7536
f 7536 3468 1156
f 7536 1156 7537
f 7536 7537 3470
f 3470 7537 1150
f 7537 1156 7534
f 7537 7534 3459
f 3459 7534 669
f 7538 247 7535
f 7538 7535 7539
f 7539 7535 1157
f 7539 1157 7540
f 7539 7540 3473
f 3473 7540 1159
f 7540 1157 3469
f 7540 3469 7541
f 7541 3469 668
f 7542 460 3474
f 7542 3474 7543
f 7543 3474 1159
f 7543 1159 7544
f 7543 7544 3476
f 3476 7544 1147
f 7544 1159 7541
f 7544 7541 7519
f 7519 7541 668
f 5262 460 7542
f 5262 7542 7545
f 7545 7542 1160
f 7545 1160 7546
f 7545 7546 3479
f 3479 7546 1162
f 7546 1160 3475
f 7546 3475 7547
f 7547 3475 667
f 7548 461 3480
f 7548 3480 7549
f 7549 3480 1162
f 7549 1162 7550
f 7549 7550 3482
f 3482 7550 1143
f 7550 1162 7547
f 7550 7547 7512
f 7512 7547 667
f 5257 461 7548
f 5257 7548 7551
f 7551 7548 1163
f 7551 1163 7552
f 7551 7552 3485
f 3485 7552 1165
f 7552 1163 3481
f 7552 3481 7553
f 7553 3481 666
f 7554 462 3486
f 7554 3486 7555
f 7555 3486 1165
f 7555 1165 7556
f 7555 7556 3488
f 3488 7556 1139
f 7556 1165 7553
f 7556 7553 7505
f 7505 7553 666
f 5252 462 7554
f 5252 7554 7557
f 7557 7554 1166
f 7557 1166 7558
f 7557 7558 3491
f 3491 7558 1168
f 7558 1166 3487
f 7558 3487 7559
f 7559 3487 242
f 3460 464 5210
f 3460 5210 7560
f 7560 5210 1169
f 7560 1169 7561
f 7560 7561 3494
f 3494 7561 1170
f 7561 1169 7562
f 7561 7562 7563
f 7563 7562 465
f 3452 665 3495
f 3452 3495 7564
f 7564 3495 1170
f 7564 1170 7565
f 7564 7565 3497
f 3497 7565 1171
f 7565 1170 7563
f 7565 7563 7566
f 7566 7563 465
f 7566 465 5201
f 7566 5201 7567
f 7567 5201 1172
f 7567 1172 7568
f 7567 7568 3499
f 3499 7568 1173
f 7568 1172 7569
f 7568 7569 7570
f 7570 7569 69
f 3447 664 3500
f 3447 3500 7571
f 7571 3500 1173
f 7571 1173 7572
f 7571 7572 3502
f 3502 7572 880
f 7572 1173 7570
f 7572 7570 7025
f 7025 7570 69
f 7573 108 7574
f 7573 7574 7575
f 7575 7574 1175
f 7575 1175 7576
f 7575 7576 3505
f 3505 7576 1176
f 7576 1175 6444
f 7576 6444 7577
f 7577 6444 106
f 7578 3506 1176
f 7578 1176 7579
f 7578 7579 3507
f 3507 7579 1177
f 7579 1176 7577
f 7579 7577 7580
f 7580 7577 106
f 7581 114 7582
f 7581 7582 7583
f 7583 7582 1179
f 7583 1179 7584
f 7583 7584 3510
f 3510 7584 1180
f 7584 1179 3521
f 7584 3521 7585
f 7585 3521 663
f 7586 113 3511
f 7586 3511 7587
f 7587 3511 1180
f 7587 1180 7588
f 7587 7588 3513
f 3513 7588 1182
f 7588 1180 7585
f 7588 7585 3703
f 3703 7585 663
f 4401 113 7586
f 4401 7586 7589
f 7589 7586 1181
f 7589 1181 7590
f 7589 7590 3516
f 3516 7590 1184
f 7590 1181 3512
f 7590 3512 7591
f 7591 3512 448
f 6291 166 3517
f 6291 3517 7592
f 7592 3517 1184
f 7592 1184 7593
f 7592 7593 3519
f 3519 7593 1186
f 7593 1184 7591
f 7593 7591 7594
f 7594 7591 448
f 7582 114 7595
f 7582 7595 7596
f 7596 7595 1187
f 7596 1187 7597
f 7596 7597 3522
f 3522 7597 1188
f 7597 1187 7598
f 7597 7598 7599
f 7599 7598 658
f 7600 663 3523
f 7600 3523 7601
f 7601 3523 1188
f 7601 1188 7602
f 7601 7602 3525
f 3525 7602 1190
f 7602 1188 7599
f 7602 7599 7603
f 7603 7599 658
f 3701 663 7600
f 3701 7600 7604
f 7604 7600 1189
f 7604 1189 7605
f 7604 7605 3528
f 3528 7605 1192
f 7605 1189 3524
f 7605 3524 7606
f 7606 3524 660
f 7607 662 3529
f 7607 3529 7608
f 7608 3529 1192
f 7608 1192 7609
f 7608 7609 3531
f 3531 7609 1194
f 7609 1192 7606
f 7609 7606 7610
f 7610 7606 660
f 3695 662 7607
f 3695 7607 7611
f 7611 7607 1193
f 7611 1193 7612
f 7611 7612 3534
f 3534 7612 1196
f 7612 1193 3530
f 7612 3530 7613
f 7613 3530 661
f 7614 446 3535
f 7614 3535 7615
f 7615 3535 1196
f 7615 1196 7616
f 7615 7616 3537
f 3537 7616 1198
f 7616 1196 7613
f 7616 7613 7617
f 7617 7613 661
f 3689 446 7614
f 3689 7614 7618
f 7618 7614 1197
f 7618 1197 7619
f 7618 7619 3540
f 3540 7619 1200
f 7619 1197 3536
f 7619 3536 7620
f 7620 3536 445
f 7621 168 3541
f 7621 3541 7622
f 7622 3541 1200
f 7622 1200 7623
f 7622 7623 3543
f 3543 7623 1202
f 7623 1200 7620
f 7623 7620 7624
f 7624 7620 445
f 5359 168 7621
f 5359 7621 7625
f 7625 7621 1201
f 7625 1201 7626
f 7625 7626 3546
f 3546 7626 1204
f 7626 1201 3542
f 7626 3542 7627
f 7627 3542 444
f 7624 445 3721
f 7624 3721 7628
f 7628 3721 1205
f 7628 1205 7629
f 7628 7629 3548
f 3548 7629 1206
f 7629 1205 7630
f 7629 7630 7631
f 7631 7630 442
f 4185 444 3549
f 4185 3549 7632
f 7632 3549 1206
f 7632 1206 7633
f 7632 7633 3551
f 3551 7633 1208
f 7633 1206 7631
f 7633 7631 7634
f 7634 7631 442
f 4177 443 3552
f 4177 3552 7635
f 7635 3552 1208
f 7635 1208 7636
f 7635 7636 3554
f 3554 7636 1210
f 7636 1208 7634
f 7636 7634 7637
f 7637 7634 442
f 7638 436 3555
f 7638 3555 7639
f 7639 3555 1210
f 7639 1210 7640
f 7639 7640 3557
f 3557 7640 1212
f 7640 1210 7637
f 7640 7637 7641
f 7641 7637 442
f 3615 436 7638
f 3615 7638 7642
f 7642 7638 1211
f 7642 1211 7643
f 7642 7643 3560
f 3560 7643 1214
f 7643 1211 3556
f 7643 3556 7644
f 7644 3556 434
f 7645 435 3561
f 7645 3561 7646
f 7646 3561 1214
f 7646 1214 7647
f 7646 7647 3563
f 3563 7647 1216
f 7647 1214 7644
f 7647 7644 7648
f 7648 7644 434
f 3595 435 7645
f 3595 7645 7649
f 7649 7645 1215
f 7649 1215 7650
f 7649 7650 3566
f 3566 7650 1218
f 7650 1215 3562
f 7650 3562 7651
f 7651 3562 433
f 7652 431 3567
f 7652 3567 7653
f 7653 3567 1218
f 7653 1218 7654
f 7653 7654 3569
f 3569 7654 1220
f 7654 1218 7651
f 7654 7651 7655
f 7655 7651 433
f 3589 431 7652
f 3589 7652 7656
f 7656 7652 1219
f 7656 1219 7657
f 7656 7657 3572
f 3572 7657 1222
f 7657 1219 3568
f 7657 3568 7658
f 7658 3568 432
f 7659 430 3573
f 7659 3573 7660
f 7660 3573 1222
f 7660 1222 7661
f 7660 7661 3575
f 3575 7661 1224
f 7661 1222 7658
f 7661 7658 7662
f 7662 7658 432
f 3583 430 7659
f 3583 7659 7663
f 7663 7659 1223
f 7663 1223 7664
f 7663 7664 3578
f 3578 7664 1226
f 7664 1223 3574
f 7664 3574 7665
f 7665 3574 455
f 3670 419 3579
f 3670 3579 7666
f 7666 3579 1226
f 7666 1226 7667
f 7666 7667 3581
f 3581 7667 1228
f 7667 1226 7665
f 7667 7665 7668
f 7668 7665 455
f 3577 419 3443
f 3577 3443 7669
f 7669 3443 1137
f 7669 1137 7670
f 7669 7670 3584
f 3584 7670 1229
f 7670 1137 7501
f 7670 7501 7671
f 7671 7501 428
f 7672 430 3585
f 7672 3585 7673
f 7673 3585 1229
f 7673 1229 7674
f 7673 7674 3587
f 3587 7674 1231
f 7674 1229 7671
f 7674 7671 3645
f 3645 7671 428
f 3571 430 7672
f 3571 7672 7675
f 7675 7672 1230
f 7675 1230 7676
f 7675 7676 3590
f 3590 7676 1232
f 7676 1230 3586
f 7676 3586 7677
f 7677 3586 429
f 7678 431 3591
f 7678 3591 7679
f 7679 3591 1232
f 7679 1232 7680
f 7679 7680 3593
f 3593 7680 1234
f 7680 1232 7677
f 7680 7677 3642
f 3642 7677 429
f 3565 431 7678
f 3565 7678 7681
f 7681 7678 1233
f 7681 1233 7682
f 7681 7682 3596
f 3596 7682 1235
f 7682 1233 3592
f 7682 3592 7683
f 7683 3592 441
f 7684 435 3597
f 7684 3597 7685
f 7685 3597 1235
f 7685 1235 7686
f 7685 7686 3599
f 3599 7686 1237
f 7686 1235 7683
f 7686 7683 7687
f 7687 7683 441
f 7688 435 7684
f 7688 7684 7689
f 7689 7684 1236
f 7689 1236 7690
f 7689 7690 3602
f 3602 7690 1239
f 7690 1236 3598
f 7690 3598 7691
f 7691 3598 279
f 7692 324 3603
f 7692 3603 7693
f 7693 3603 1239
f 7693 1239 7694
f 7693 7694 3605
f 3605 7694 1241
f 7694 1239 7691
f 7694 7691 5910
f 5910 7691 279
f 7695 324 7692
f 7695 7692 7696
f 7696 7692 1240
f 7696 1240 7697
f 7696 7697 3608
f 3608 7697 1243
f 7697 1240 3604
f 7697 3604 7698
f 7698 3604 280
f 4545 323 3609
f 4545 3609 7699
f 7699 3609 1243
f 7699 1243 7700
f 7699 7700 3611
f 3611 7700 1245
f 7700 1243 7698
f 7700 7698 7701
f 7701 7698 280
f 7701 280 5907
f 7701 5907 7702
f 7702 5907 1246
f 7702 1246 7703
f 7702 7703 3613
f 3613 7703 1247
f 7703 1246 7704
f 7703 7704 7705
f 7705 7704 281
f 3559 435 7688
f 3559 7688 7706
f 7706 7688 1238
f 7706 1238 7707
f 7706 7707 3616
f 3616 7707 1248
f 7707 1238 3601
f 7707 3601 7708
f 7708 3601 324
f 4174 436 3617
f 4174 3617 7709
f 7709 3617 1248
f 7709 1248 7710
f 7709 7710 3619
f 3619 7710 1250
f 7710 1248 7708
f 7710 7708 7711
f 7711 7708 324
f 7251 437 3620
f 7251 3620 7712
f 7712 3620 1250
f 7712 1250 7713
f 7712 7713 3621
f 3621 7713 1251
f 7713 1250 7711
f 7713 7711 7714
f 7714 7711 324
f 7715 321 3622
f 7715 3622 7716
f 7716 3622 1251
f 7716 1251 7717
f 7716 7717 3624
f 3624 7717 1242
f 7717 1251 7714
f 7717 7714 7695
f 7695 7714 324
f 3628 321 7715
f 3628 7715 7718
f 7718 7715 1252
f 7718 1252 7719
f 7718 7719 3626
f 3626 7719 1254
f 7719 1252 3623
f 7719 3623 7720
f 7720 3623 323
f 3625 322 5331
f 3625 5331 7721
f 7721 5331 1255
f 7721 1255 7722
f 7721 7722 3629
f 3629 7722 1256
f 7722 1255 7723
f 7722 7723 7724
f 7724 7723 320
f 7255 321 3630
f 7255 3630 7725
f 7725 3630 1256
f 7725 1256 7726
f 7725 7726 3631
f 3631 7726 1257
f 7726 1256 7724
f 7726 7724 7727
f 7727 7724 320
f 7727 320 5328
f 7727 5328 7728
f 7728 5328 1258
f 7728 1258 7729
f 7728 7729 3633
f 3633 7729 1259
f 7729 1258 7730
f 7729 7730 7731
f 7731 7730 319
f 7262 318 3634
f 7262 3634 7732
f 7732 3634 1259
f 7732 1259 7733
f 7732 7733 3635
f 3635 7733 1019
f 7733 1259 7731
f 7733 7731 3255
f 3255 7731 319
f 7734 279 3600
f 7734 3600 7735
f 7735 3600 1237
f 7735 1237 7736
f 7735 7736 3638
f 3638 7736 1261
f 7736 1237 7687
f 7736 7687 7737
f 7737 7687 441
f 7738 272 3639
f 7738 3639 7739
f 7739 3639 1261
f 7739 1261 7740
f 7739 7740 3641
f 3641 7740 1234
f 7740 1261 7737
f 7740 7737 3594
f 3594 7737 441
f 3646 272 7738
f 3646 7738 7741
f 7741 7738 1262
f 7741 1262 7742
f 7741 7742 3644
f 3644 7742 1231
f 7742 1262 3640
f 7742 3640 3588
f 3588 3640 429
f 3643 428 7309
f 3643 7309 7743
f 7743 7309 1036
f 7743 1036 7744
f 7743 7744 3647
f 3647 7744 1264
f 7744 1036 3278
f 7744 3278 7745
f 7745 3278 271
f 7655 433 3564
f 7655 3564 7746
f 7746 3564 1216
f 7746 1216 7747
f 7746 7747 3649
f 3649 7747 1265
f 7747 1216 7648
f 7747 7648 7748
f 7748 7648 434
f 7749 432 3650
f 7749 3650 7750
f 7750 3650 1265
f 7750 1265 7751
f 7750 7751 3652
f 3652 7751 1267
f 7751 1265 7748
f 7751 7748 7752
f 7752 7748 434
f 7662 432 7749
f 7662 7749 7753
f 7753 7749 1266
f 7753 1266 7754
f 7753 7754 3654
f 3654 7754 1268
f 7754 1266 3651
f 7754 3651 7755
f 7755 3651 456
f 7756 455 3655
f 7756 3655 7757
f 7757 3655 1268
f 7757 1268 7758
f 7757 7758 3657
f 3657 7758 1270
f 7758 1268 7755
f 7758 7755 7759
f 7759 7755 456
f 7668 455 7756
f 7668 7756 7760
f 7760 7756 1269
f 7760 1269 7761
f 7760 7761 3659
f 3659 7761 1271
f 7761 1269 3656
f 7761 3656 7762
f 7762 3656 424
f 7763 420 3660
f 7763 3660 7764
f 7764 3660 1271
f 7764 1271 7765
f 7764 7765 3662
f 3662 7765 1273
f 7765 1271 7762
f 7765 7762 7766
f 7766 7762 424
f 3667 420 7763
f 3667 7763 7767
f 7767 7763 1272
f 7767 1272 7768
f 7767 7768 3665
f 3665 7768 1275
f 7768 1272 3661
f 7768 3661 7769
f 7769 3661 423
f 3664 422 7491
f 3664 7491 7770
f 7770 7491 1133
f 7770 1133 7771
f 7770 7771 3668
f 3668 7771 1276
f 7771 1133 3435
f 7771 3435 7772
f 7772 3435 421
f 3580 420 3669
f 3580 3669 7773
f 7773 3669 1276
f 7773 1276 7774
f 7773 7774 3671
f 3671 7774 1136
f 7774 1276 7772
f 7774 7772 7498
f 7498 7772 421
f 7752 434 3558
f 7752 3558 7775
f 7775 3558 1212
f 7775 1212 7776
f 7775 7776 3672
f 3672 7776 1277
f 7776 1212 7641
f 7776 7641 7777
f 7777 7641 442
f 7778 456 3673
f 7778 3673 7779
f 7779 3673 1277
f 7779 1277 7780
f 7779 7780 3675
f 3675 7780 1279
f 7780 1277 7777
f 7780 7777 7781
f 7781 7777 442
f 7759 456 7778
f 7759 7778 7782
f 7782 7778 1278
f 7782 1278 7783
f 7782 7783 3677
f 3677 7783 1280
f 7783 1278 3674
f 7783 3674 7784
f 7784 3674 426
f 7785 424 3678
f 7785 3678 7786
f 7786 3678 1280
f 7786 1280 7787
f 7786 7787 3680
f 3680 7787 1282
f 7787 1280 7784
f 7787 7784 7788
f 7788 7784 426
f 7766 424 7785
f 7766 7785 7789
f 7789 7785 1281
f 7789 1281 7790
f 7789 7790 3682
f 3682 7790 1283
f 7790 1281 3679
f 7790 3679 7791
f 7791 3679 425
f 7792 423 3683
f 7792 3683 7793
f 7793 3683 1283
f 7793 1283 7794
f 7793 7794 3685
f 3685 7794 1285
f 7794 1283 7791
f 7794 7791 7795
f 7795 7791 425
f 7769 423 7792
f 7769 7792 7796
f 7796 7792 1284
f 7796 1284 7797
f 7796 7797 3687
f 3687 7797 1286
f 7797 1284 3684
f 7797 3684 7798
f 7798 3684 427
f 3539 168 6395
f 3539 6395 7799
f 7799 6395 1287
f 7799 1287 7800
f 7799 7800 3690
f 3690 7800 1288
f 7800 1287 7801
f 7800 7801 7802
f 7802 7801 164
f 7803 446 3691
f 7803 3691 7804
f 7804 3691 1288
f 7804 1288 7805
f 7804 7805 3693
f 3693 7805 1290
f 7805 1288 7802
f 7805 7802 3708
f 3708 7802 164
f 3533 446 7803
f 3533 7803 7806
f 7806 7803 1289
f 7806 1289 7807
f 7806 7807 3696
f 3696 7807 1291
f 7807 1289 3692
f 7807 3692 7808
f 7808 3692 447
f 7809 662 3697
f 7809 3697 7810
f 7810 3697 1291
f 7810 1291 7811
f 7810 7811 3699
f 3699 7811 1293
f 7811 1291 7808
f 7811 7808 7812
f 7812 7808 447
f 3527 662 7809
f 3527 7809 7813
f 7813 7809 1292
f 7813 1292 7814
f 7813 7814 3702
f 3702 7814 1182
f 7814 1292 3698
f 7814 3698 3514
f 3514 3698 448
f 7594 448 3700
f 7594 3700 7815
f 7815 3700 1293
f 7815 1293 7816
f 7815 7816 3704
f 3704 7816 1294
f 7816 1293 7812
f 7816 7812 7817
f 7817 7812 447
f 6288 165 3705
f 6288 3705 7818
f 7818 3705 1294
f 7818 1294 7819
f 7818 7819 3707
f 3707 7819 1290
f 7819 1294 7817
f 7819 7817 3694
f 3694 7817 447
f 7617 661 3532
f 7617 3532 7820
f 7820 3532 1194
f 7820 1194 7821
f 7820 7821 3709
f 3709 7821 1296
f 7821 1194 7610
f 7821 7610 7822
f 7822 7610 660
f 7823 445 3710
f 7823 3710 7824
f 7824 3710 1296
f 7824 1296 7825
f 7824 7825 3712
f 3712 7825 1298
f 7825 1296 7822
f 7825 7822 7826
f 7826 7822 660
f 3719 445 7823
f 3719 7823 7827
f 7827 7823 1297
f 7827 1297 7828
f 7827 7828 3715
f 3715 7828 1300
f 7828 1297 3711
f 7828 3711 7829
f 7829 3711 654
f 7788 426 3716
f 7788 3716 7830
f 7830 3716 1300
f 7830 1300 7831
f 7830 7831 3717
f 3717 7831 1301
f 7831 1300 7829
f 7831 7829 7832
f 7832 7829 654
f 3714 426 3676
f 3714 3676 7833
f 7833 3676 1279
f 7833 1279 7834
f 7833 7834 3720
f 3720 7834 1205
f 7834 1279 7781
f 7834 7781 7630
f 7630 7781 442
f 7826 660 3526
f 7826 3526 7835
f 7835 3526 1190
f 7835 1190 7836
f 7835 7836 3722
f 3722 7836 1302
f 7836 1190 7603
f 7836 7603 7837
f 7837 7603 658
f 7838 654 3723
f 7838 3723 7839
f 7839 3723 1302
f 7839 1302 7840
f 7839 7840 3725
f 3725 7840 1304
f 7840 1302 7837
f 7840 7837 7841
f 7841 7837 658
f 7832 654 7838
f 7832 7838 7842
f 7842 7838 1303
f 7842 1303 7843
f 7842 7843 3727
f 3727 7843 1305
f 7843 1303 3724
f 7843 3724 7844
f 7844 3724 655
f 7795 425 3728
f 7795 3728 7845
f 7845 3728 1305
f 7845 1305 7846
f 7845 7846 3729
f 3729 7846 1306
f 7846 1305 7844
f 7846 7844 7847
f 7847 7844 655
f 3743 658 7598
f 3743 7598 7848
f 7848 7598 1187
f 7848 1187 7849
f 7848 7849 3732
f 3732 7849 1308
f 7849 1187 7595
f 7849 7595 7850
f 7850 7595 114
f 7851 659 3733
f 7851 3733 7852
f 7852 3733 1308
f 7852 1308 7853
f 7852 7853 3735
f 3735 7853 1310
f 7853 1308 7850
f 7853 7850 7854
f 7854 7850 114
f 3740 659 7851
f 3740 7851 7855
f 7855 7851 1309
f 7855 1309 7856
f 7855 7856 3738
f 3738 7856 1312
f 7856 1309 3734
f 7856 3734 5320
f 5320 3734 109
f 3737 110 7857
f 3737 7857 7858
f 7858 7857 1313
f 7858 1313 7859
f 7858 7859 3741
f 3741 7859 1314
f 7859 1313 7860
f 7859 7860 7861
f 7861 7860 656
f 3731 659 3742
f 3731 3742 7862
f 7862 3742 1314
f 7862 1314 7863
f 7862 7863 3744
f 3744 7863 1315
f 7863 1314 7861
f 7863 7861 7864
f 7864 7861 656
f 7841 658 3745
f 7841 3745 7865
f 7865 3745 1315
f 7865 1315 7866
f 7865 7866 3746
f 3746 7866 1316
f 7866 1315 7864
f 7866 7864 7867
f 7867 7864 656
f 7847 655 3747
f 7847 3747 7868
f 7868 3747 1316
f 7868 1316 7869
f 7868 7869 3748
f 3748 7869 1317
f 7869 1316 7867
f 7869 7867 7870
f 7870 7867 656
f 7870 656 7860
f 7870 7860 7871
f 7871 7860 1313
f 7871 1313 7872
f 7871 7872 3750
f 3750 7872 1318
f 7872 1313 7857
f 7872 7857 7873
f 7873 7857 110
f 7874 427 3751
f 7874 3751 7875
f 7875 3751 1318
f 7875 1318 7876
f 7875 7876 3753
f 3753 7876 1035
f 7876 1318 7873
f 7876 7873 3277
f 3277 7873 110
f 7798 427 7874
f 7798 7874 7877
f 7877 7874 1319
f 7877 1319 7878
f 7877 7878 3755
f 3755 7878 1031
f 7878 1319 3752
f 7878 3752 3271
f 3271 3752 657
f 7879 147 6340
f 7879 6340 7880
f 7880 6340 1321
f 7880 1321 7881
f 7880 7881 3758
f 3758 7881 1322
f 7881 1321 7882
f 7881 7882 7883
f 7883 7882 146
f 7884 122 3759
f 7884 3759 7885
f 7885 3759 1322
f 7885 1322 7886
f 7885 7886 3761
f 3761 7886 1324
f 7886 1322 7883
f 7886 7883 7887
f 7887 7883 146
f 4323 74 3046
f 4323 3046 7888
f 7888 3046 867
f 7888 867 7889
f 7888 7889 3764
f 3764 7889 1326
f 7889 867 7002
f 7889 7002 7890
f 7890 7002 80
f 5273 457 3765
f 5273 3765 7891
f 7891 3765 1326
f 7891 1326 7892
f 7891 7892 3767
f 3767 7892 944
f 7892 1326 7890
f 7892 7890 7132
f 7132 7890 80
f 6116 78 7893
f 6116 7893 7894
f 7894 7893 1329
f 7894 1329 7895
f 7894 7895 3769
f 3769 7895 1330
f 7895 1329 7896
f 7895 7896 7897
f 7897 7896 641
f 7898 225 3770
f 7898 3770 7899
f 7899 3770 1330
f 7899 1330 7900
f 7899 7900 3772
f 3772 7900 1332
f 7900 1330 7897
f 7900 7897 7901
f 7901 7897 641
f 6113 225 7898
f 6113 7898 7902
f 7902 7898 1331
f 7902 1331 7903
f 7902 7903 3775
f 3775 7903 1334
f 7903 1331 3771
f 7903 3771 7904
f 7904 3771 496
f 7905 222 3776
f 7905 3776 7906
f 7906 3776 1334
f 7906 1334 7907
f 7906 7907 3778
f 3778 7907 1336
f 7907 1334 7904
f 7907 7904 7908
f 7908 7904 496
f 7909 496 3773
f 7909 3773 7910
f 7910 3773 1332
f 7910 1332 7911
f 7910 7911 3781
f 3781 7911 1338
f 7911 1332 7901
f 7911 7901 7912
f 7912 7901 641
f 7913 494 3782
f 7913 3782 7914
f 7914 3782 1338
f 7914 1338 7915
f 7914 7915 3784
f 3784 7915 1340
f 7915 1338 7912
f 7915 7912 7916
f 7916 7912 641
f 7916 641 7917
f 7916 7917 7918
f 7918 7917 1341
f 7918 1341 7919
f 7918 7919 3786
f 3786 7919 1342
f 7919 1341 3966
f 7919 3966 7920
f 7920 3966 640
f 3145 653 3133
f 3145 3133 7921
f 7921 3133 938
f 7921 938 7922
f 7921 7922 3789
f 3789 7922 1343
f 7922 938 7120
f 7922 7120 7923
f 7923 7120 652
f 7924 535 3790
f 7924 3790 7925
f 7925 3790 1343
f 7925 1343 7926
f 7925 7926 3792
f 3792 7926 1345
f 7926 1343 7923
f 7926 7923 7927
f 7927 7923 652
f 7927 652 3127
f 7927 3127 7928
f 7928 3127 934
f 7928 934 7929
f 7928 7929 3794
f 3794 7929 1346
f 7929 934 7112
f 7929 7112 7930
f 7930 7112 651
f 7931 594 3795
f 7931 3795 7932
f 7932 3795 1346
f 7932 1346 7933
f 7932 7933 3797
f 3797 7933 1348
f 7933 1346 7930
f 7933 7930 7934
f 7934 7930 651
f 7935 595 3798
f 7935 3798 7936
f 7936 3798 1348
f 7936 1348 7937
f 7936 7937 3800
f 3800 7937 1350
f 7937 1348 7934
f 7937 7934 7938
f 7938 7934 651
f 7939 596 3801
f 7939 3801 7940
f 7940 3801 1350
f 7940 1350 7941
f 7940 7941 3803
f 3803 7941 930
f 7941 1350 7938
f 7941 7938 3121
f 3121 7938 651
f 7942 596 7939
f 7942 7939 7943
f 7943 7939 1351
f 7943 1351 7944
f 7943 7944 3806
f 3806 7944 927
f 7944 1351 3802
f 7944 3802 7100
f 7100 3802 650
f 7060 704 6572
f 7060 6572 7945
f 7945 6572 1353
f 7945 1353 7946
f 7945 7946 3808
f 3808 7946 1354
f 7946 1353 7947
f 7946 7947 7948
f 7948 7947 649
f 6160 48 3809
f 6160 3809 7949
f 7949 3809 1354
f 7949 1354 7950
f 7949 7950 3811
f 3811 7950 1356
f 7950 1354 7948
f 7950 7948 7951
f 7951 7948 649
f 7951 649 6608
f 7951 6608 7952
f 7952 6608 1357
f 7952 1357 7953
f 7952 7953 3813
f 3813 7953 1358
f 7953 1357 7954
f 7953 7954 7955
f 7955 7954 648
f 7956 205 3814
f 7956 3814 7957
f 7957 3814 1358
f 7957 1358 7958
f 7957 7958 3816
f 3816 7958 1360
f 7958 1358 7955
f 7958 7955 6567
f 6567 7955 648
f 6155 205 7956
f 6155 7956 7959
f 7959 7956 1359
f 7959 1359 7960
f 7959 7960 3819
f 3819 7960 1362
f 7960 1359 3815
f 7960 3815 7961
f 7961 3815 647
f 6150 206 3820
f 6150 3820 7962
f 7962 3820 1362
f 7962 1362 7963
f 7962 7963 3822
f 3822 7963 1364
f 7963 1362 7961
f 7963 7961 7964
f 7964 7961 647
f 7964 647 6559
f 7964 6559 7965
f 7965 6559 1365
f 7965 1365 7966
f 7965 7966 3824
f 3824 7966 1366
f 7966 1365 7967
f 7966 7967 7968
f 7968 7967 646
f 7969 208 3825
f 7969 3825 7970
f 7970 3825 1366
f 7970 1366 7971
f 7970 7971 3827
f 3827 7971 1368
f 7971 1366 7968
f 7971 7968 6554
f 6554 7968 646
f 6145 208 7969
f 6145 7969 7972
f 7972 7969 1367
f 7972 1367 7973
f 7972 7973 3830
f 3830 7973 1370
f 7973 1367 3826
f 7973 3826 7974
f 7974 3826 645
f 7975 210 3831
f 7975 3831 7976
f 7976 3831 1370
f 7976 1370 7977
f 7976 7977 3833
f 3833 7977 1372
f 7977 1370 7974
f 7977 7974 6549
f 6549 7974 645
f 6140 210 7975
f 6140 7975 7978
f 7978 7975 1371
f 7978 1371 7979
f 7978 7979 3836
f 3836 7979 1374
f 7979 1371 3832
f 7979 3832 7980
f 7980 3832 644
f 6137 212 3837
f 6137 3837 7981
f 7981 3837 1374
f 7981 1374 7982
f 7981 7982 3839
f 3839 7982 1376
f 7982 1374 7980
f 7982 7980 7983
f 7983 7980 644
f 7983 644 6544
f 7983 6544 7984
f 7984 6544 1377
f 7984 1377 7985
f 7984 7985 3841
f 3841 7985 1378
f 7985 1377 7986
f 7985 7986 7987
f 7987 7986 643
f 7988 213 3842
f 7988 3842 7989
f 7989 3842 1378
f 7989 1378 7990
f 7989 7990 3844
f 3844 7990 1380
f 7990 1378 7987
f 7990 7987 6541
f 6541 7987 643
f 6132 213 7988
f 6132 7988 7991
f 7991 7988 1379
f 7991 1379 7992
f 7991 7992 3847
f 3847 7992 1382
f 7992 1379 3843
f 7992 3843 7993
f 7993 3843 642
f 7994 215 3848
f 7994 3848 7995
f 7995 3848 1382
f 7995 1382 7996
f 7995 7996 3850
f 3850 7996 1384
f 7996 1382 7993
f 7996 7993 6533
f 6533 7993 642
f 6125 215 7994
f 6125 7994 7997
f 7997 7994 1383
f 7997 1383 7998
f 7997 7998 3853
f 3853 7998 1386
f 7998 1383 3849
f 7998 3849 7999
f 7999 3849 487
f 6122 218 3854
f 6122 3854 8000
f 8000 3854 1386
f 8000 1386 8001
f 8000 8001 3856
f 3856 8001 1388
f 8001 1386 7999
f 8001 7999 4581
f 4581 7999 487
f 8002 52 7049
f 8002 7049 8003
f 8003 7049 896
f 8003 896 8004
f 8003 8004 3859
f 3859 8004 1390
f 8004 896 7046
f 8004 7046 8005
f 8005 7046 54
f 4235 157 3860
f 4235 3860 8006
f 8006 3860 1390
f 8006 1390 8007
f 8006 8007 3862
f 3862 8007 1392
f 8007 1390 8005
f 8007 8005 8008
f 8008 8005 54
f 7021 71 8009
f 7021 8009 8010
f 8010 8009 1393
f 8010 1393 8011
f 8010 8011 3864
f 3864 8011 1394
f 8011 1393 4016
f 8011 4016 8012
f 8012 4016 617
f 8013 72 3865
f 8013 3865 8014
f 8014 3865 1394
f 8014 1394 8015
f 8014 8015 3867
f 3867 8015 1396
f 8015 1394 8012
f 8015 8012 4064
f 4064 8012 617
f 8016 72 8013
f 8016 8013 8017
f 8017 8013 1395
f 8017 1395 8018
f 8017 8018 3870
f 3870 8018 1398
f 8018 1395 3866
f 8018 3866 8019
f 8019 3866 619
f 8020 621 3871
f 8020 3871 8021
f 8021 3871 1398
f 8021 1398 8022
f 8021 8022 3873
f 3873 8022 1400
f 8022 1398 8019
f 8022 8019 4061
f 4061 8019 619
f 8023 621 8020
f 8023 8020 8024
f 8024 8020 1399
f 8024 1399 8025
f 8024 8025 3876
f 3876 8025 1402
f 8025 1399 3872
f 8025 3872 8026
f 8026 3872 620
f 8027 622 3877
f 8027 3877 8028
f 8028 3877 1402
f 8028 1402 8029
f 8028 8029 3879
f 3879 8029 1404
f 8029 1402 8026
f 8029 8026 8030
f 8030 8026 620
f 8031 622 8027
f 8031 8027 8032
f 8032 8027 1403
f 8032 1403 8033
f 8032 8033 3882
f 3882 8033 1406
f 8033 1403 3878
f 8033 3878 8034
f 8034 3878 629
f 8035 630 3883
f 8035 3883 8036
f 8036 3883 1406
f 8036 1406 8037
f 8036 8037 3885
f 3885 8037 1408
f 8037 1406 8034
f 8037 8034 8038
f 8038 8034 629
f 8039 630 8035
f 8039 8035 8040
f 8040 8035 1407
f 8040 1407 8041
f 8040 8041 3888
f 3888 8041 1410
f 8041 1407 3884
f 8041 3884 8042
f 8042 3884 628
f 8043 621 8023
f 8043 8023 8044
f 8044 8023 1401
f 8044 1401 8045
f 8044 8045 3891
f 3891 8045 1412
f 8045 1401 3875
f 8045 3875 8046
f 8046 3875 622
f 8047 219 3892
f 8047 3892 8048
f 8048 3892 1412
f 8048 1412 8049
f 8048 8049 3894
f 3894 8049 1414
f 8049 1412 8046
f 8049 8046 8050
f 8050 8046 622
f 8051 219 8047
f 8051 8047 8052
f 8052 8047 1413
f 8052 1413 8053
f 8052 8053 3897
f 3897 8053 1416
f 8053 1413 3893
f 8053 3893 8054
f 8054 3893 623
f 8055 217 3898
f 8055 3898 8056
f 8056 3898 1416
f 8056 1416 8057
f 8056 8057 3900
f 3900 8057 1418
f 8057 1416 8054
f 8057 8054 8058
f 8058 8054 623
f 8059 217 8055
f 8059 8055 8060
f 8060 8055 1417
f 8060 1417 8061
f 8060 8061 3903
f 3903 8061 1420
f 8061 1417 3899
f 8061 3899 8062
f 8062 3899 624
f 8063 216 3904
f 8063 3904 8064
f 8064 3904 1420
f 8064 1420 8065
f 8064 8065 3906
f 3906 8065 1422
f 8065 1420 8062
f 8065 8062 8066
f 8066 8062 624
f 8067 216 8063
f 8067 8063 8068
f 8068 8063 1421
f 8068 1421 8069
f 8068 8069 3909
f 3909 8069 1424
f 8069 1421 3905
f 8069 3905 8070
f 8070 3905 625
f 8071 214 3910
f 8071 3910 8072
f 8072 3910 1424
f 8072 1424 8073
f 8072 8073 3912
f 3912 8073 1426
f 8073 1424 8070
f 8073 8070 8074
f 8074 8070 625
f 8050 622 8031
f 8050 8031 8075
f 8075 8031 1405
f 8075 1405 8076
f 8075 8076 3914
f 3914 8076 1427
f 8076 1405 3881
f 8076 3881 8077
f 8077 3881 630
f 8058 623 3915
f 8058 3915 8078
f 8078 3915 1427
f 8078 1427 8079
f 8078 8079 3916
f 3916 8079 1428
f 8079 1427 8077
f 8079 8077 8080
f 8080 8077 630
f 8080 630 8039
f 8080 8039 8081
f 8081 8039 1409
f 8081 1409 8082
f 8081 8082 3918
f 3918 8082 1429
f 8082 1409 3887
f 8082 3887 8083
f 8083 3887 631
f 8066 624 3919
f 8066 3919 8084
f 8084 3919 1429
f 8084 1429 8085
f 8084 8085 3920
f 3920 8085 1430
f 8085 1429 8083
f 8085 8083 8086
f 8086 8083 631
f 6469 73 3055
f 6469 3055 8087
f 8087 3055 875
f 8087 875 8088
f 8087 8088 3923
f 3923 8088 1432
f 8088 875 7016
f 8088 7016 8089
f 8089 7016 45
f 8090 97 3924
f 8090 3924 8091
f 8091 3924 1432
f 8091 1432 8092
f 8091 8092 3926
f 3926 8092 906
f 8092 1432 8089
f 8092 8089 7064
f 7064 8089 45
f 3977 97 8090
f 3977 8090 8093
f 8093 8090 1433
f 8093 1433 8094
f 8093 8094 3928
f 3928 8094 1435
f 8094 1433 3925
f 8094 3925 8095
f 8095 3925 44
f 8096 77 3929
f 8096 3929 8097
f 8097 3929 1435
f 8097 1435 8098
f 8097 8098 3931
f 3931 8098 908
f 8098 1435 8095
f 8098 8095 3091
f 3091 8095 44
f 3935 77 8096
f 3935 8096 8099
f 8099 8096 1436
f 8099 1436 8100
f 8099 8100 3934
f 3934 8100 876
f 8100 1436 3930
f 8100 3930 7017
f 7017 3930 43
f 3933 72 8016
f 3933 8016 8101
f 8101 8016 1397
f 8101 1397 8102
f 8101 8102 3936
f 3936 8102 1438
f 8102 1397 3869
f 8102 3869 8103
f 8103 3869 621
f 3041 77 3937
f 3041 3937 8104
f 8104 3937 1438
f 8104 1438 8105
f 8104 8105 3939
f 3939 8105 1439
f 8105 1438 8103
f 8105 8103 8106
f 8106 8103 621
f 6995 82 3940
f 6995 3940 8107
f 8107 3940 1439
f 8107 1439 8108
f 8107 8108 3942
f 3942 8108 1440
f 8108 1439 8106
f 8108 8106 8109
f 8109 8106 621
f 8110 81 3943
f 8110 3943 8111
f 8111 3943 1440
f 8111 1440 8112
f 8111 8112 3945
f 3945 8112 1411
f 8112 1440 8109
f 8112 8109 8043
f 8043 8109 621
f 8113 81 8110
f 8113 8110 8114
f 8114 8110 1441
f 8114 1441 8115
f 8114 8115 3947
f 3947 8115 1443
f 8115 1441 3944
f 8115 3944 8116
f 8116 3944 219
f 3969 81 8113
f 3969 8113 8117
f 8117 8113 1442
f 8117 1442 8118
f 8117 8118 3950
f 3950 8118 1445
f 8118 1442 3946
f 8118 3946 8119
f 8119 3946 488
f 8120 640 3951
f 8120 3951 8121
f 8121 3951 1445
f 8121 1445 8122
f 8121 8122 3953
f 3953 8122 1447
f 8122 1445 8119
f 8122 8119 8123
f 8123 8119 488
f 7920 640 8120
f 7920 8120 8124
f 8124 8120 1446
f 8124 1446 8125
f 8124 8125 3955
f 3955 8125 1448
f 8125 1446 3952
f 8125 3952 4253
f 4253 3952 489
f 5147 149 8126
f 5147 8126 8127
f 8127 8126 1450
f 8127 1450 8128
f 8127 8128 3958
f 3958 8128 1451
f 8128 1450 5189
f 8128 5189 8129
f 8129 5189 148
f 8130 545 3959
f 8130 3959 8131
f 8131 3959 1451
f 8131 1451 8132
f 8131 8132 3961
f 3961 8132 1453
f 8132 1451 8129
f 8132 8129 8133
f 8133 8129 148
f 8134 545 8130
f 8134 8130 8135
f 8135 8130 1452
f 8135 1452 8136
f 8135 8136 3964
f 3964 8136 1455
f 8136 1452 3960
f 8136 3960 8137
f 8137 3960 145
f 7917 641 7896
f 7917 7896 8138
f 8138 7896 1329
f 8138 1329 8139
f 8138 8139 3967
f 3967 8139 1456
f 8139 1329 7893
f 8139 7893 8140
f 8140 7893 78
f 3949 640 3968
f 3949 3968 8141
f 8141 3968 1456
f 8141 1456 8142
f 8141 8142 3970
f 3970 8142 1457
f 8142 1456 8140
f 8142 8140 8143
f 8143 8140 78
f 8143 78 3049
f 8143 3049 8144
f 8144 3049 870
f 8144 870 8145
f 8144 8145 3972
f 3972 8145 864
f 8145 870 7007
f 8145 7007 3043
f 3043 7007 77
f 7004 79 8146
f 7004 8146 8147
f 8147 8146 1458
f 8147 1458 8148
f 8147 8148 3975
f 3975 8148 1459
f 8148 1458 4320
f 8148 4320 8149
f 8149 4320 96
f 3927 77 3976
f 3927 3976 8150
f 8150 3976 1459
f 8150 1459 8151
f 8150 8151 3978
f 3978 8151 1460
f 8151 1459 8149
f 8151 8149 8152
f 8152 8149 96
f 8137 145 8153
f 8137 8153 8154
f 8154 8153 1461
f 8154 1461 8155
f 8154 8155 3980
f 3980 8155 1462
f 8155 1461 6338
f 8155 6338 8156
f 8156 6338 147
f 8157 551 3981
f 8157 3981 8158
f 8158 3981 1462
f 8158 1462 8159
f 8158 8159 3983
f 3983 8159 1464
f 8159 1462 8156
f 8159 8156 8160
f 8160 8156 147
f 8160 147 7879
f 8160 7879 8161
f 8161 7879 1320
f 8161 1320 8162
f 8161 8162 3985
f 3985 8162 1465
f 8162 1320 3757
f 8162 3757 8163
f 8163 3757 122
f 8164 549 3986
f 8164 3986 8165
f 8165 3986 1465
f 8165 1465 8166
f 8165 8166 3988
f 3988 8166 1467
f 8166 1465 8163
f 8166 8163 5066
f 5066 8163 122
f 6487 633 8167
f 6487 8167 8168
f 8168 8167 1469
f 8168 1469 8169
f 8168 8169 3991
f 3991 8169 1470
f 8169 1469 6505
f 8169 6505 8170
f 8170 6505 631
f 4013 637 3992
f 4013 3992 8171
f 8171 3992 1470
f 8171 1470 8172
f 8171 8172 3994
f 3994 8172 1472
f 8172 1470 8170
f 8172 8170 8173
f 8173 8170 631
f 8173 631 3889
f 8173 3889 8174
f 8174 3889 1410
f 8174 1410 8175
f 8174 8175 3996
f 3996 8175 1473
f 8175 1410 8042
f 8175 8042 8176
f 8176 8042 628
f 8177 638 3997
f 8177 3997 8178
f 8178 3997 1473
f 8178 1473 8179
f 8178 8179 3999
f 3999 8179 1475
f 8179 1473 8176
f 8179 8176 8180
f 8180 8176 628
f 4010 638 8177
f 4010 8177 8181
f 8181 8177 1474
f 8181 1474 8182
f 8181 8182 4002
f 4002 8182 1477
f 8182 1474 3998
f 8182 3998 8183
f 8183 3998 626
f 8184 584 4003
f 8184 4003 8185
f 8185 4003 1477
f 8185 1477 8186
f 8185 8186 4005
f 4005 8186 1479
f 8186 1477 8183
f 8186 8183 8187
f 8187 8183 626
f 4413 584 8184
f 4413 8184 8188
f 8188 8184 1478
f 8188 1478 8189
f 8188 8189 4008
f 4008 8189 1481
f 8189 1478 4004
f 8189 4004 8190
f 8190 4004 615
f 4001 584 8191
f 4001 8191 8192
f 8192 8191 1482
f 8192 1482 8193
f 8192 8193 4011
f 4011 8193 1483
f 8193 1482 4416
f 8193 4416 8194
f 8194 4416 581
f 3993 638 4012
f 3993 4012 8195
f 8195 4012 1483
f 8195 1483 8196
f 8195 8196 4014
f 4014 8196 1484
f 8196 1483 8194
f 8196 8194 8197
f 8197 8194 581
f 8009 71 8198
f 8009 8198 8199
f 8199 8198 1485
f 8199 1485 8200
f 8199 8200 4017
f 4017 8200 1486
f 8200 1485 6420
f 8200 6420 8201
f 8201 6420 119
f 8202 617 4018
f 8202 4018 8203
f 8203 4018 1486
f 8203 1486 8204
f 8203 8204 4020
f 4020 8204 1488
f 8204 1486 8201
f 8204 8201 4045
f 4045 8201 119
f 4062 617 8202
f 4062 8202 8205
f 8205 8202 1487
f 8205 1487 8206
f 8205 8206 4023
f 4023 8206 1490
f 8206 1487 4019
f 8206 4019 8207
f 8207 4019 616
f 8208 618 4024
f 8208 4024 8209
f 8209 4024 1490
f 8209 1490 8210
f 8209 8210 4026
f 4026 8210 1492
f 8210 1490 8207
f 8210 8207 8211
f 8211 8207 616
f 4056 618 8208
f 4056 8208 8212
f 8212 8208 1491
f 8212 1491 8213
f 8212 8213 4029
f 4029 8213 1494
f 8213 1491 4025
f 8213 4025 8214
f 8214 4025 639
f 8215 629 4030
f 8215 4030 8216
f 8216 4030 1494
f 8216 1494 8217
f 8216 8217 4032
f 4032 8217 1496
f 8217 1494 8214
f 8217 8214 4047
f 4047 8214 639
f 8038 629 8215
f 8038 8215 8218
f 8218 8215 1495
f 8218 1495 8219
f 8218 8219 4034
f 4034 8219 1497
f 8219 1495 4031
f 8219 4031 8220
f 8220 4031 627
f 8180 628 4035
f 8180 4035 8221
f 8221 4035 1497
f 8221 1497 8222
f 8221 8222 4036
f 4036 8222 1498
f 8222 1497 8220
f 8222 8220 8223
f 8223 8220 627
f 8187 626 4037
f 8187 4037 8224
f 8224 4037 1498
f 8224 1498 8225
f 8224 8225 4038
f 4038 8225 1499
f 8225 1498 8223
f 8225 8223 8226
f 8226 8223 627
f 8227 615 4039
f 8227 4039 8228
f 8228 4039 1499
f 8228 1499 8229
f 8228 8229 4041
f 4041 8229 1501
f 8229 1499 8226
f 8229 8226 8230
f 8230 8226 627
f 8231 615 8227
f 8231 8227 8232
f 8232 8227 1500
f 8232 1500 8233
f 8232 8233 4044
f 4044 8233 1488
f 8233 1500 4040
f 8233 4040 4021
f 4021 4040 616
f 8211 616 4042
f 8211 4042 8234
f 8234 4042 1501
f 8234 1501 8235
f 8234 8235 4046
f 4046 8235 1496
f 8235 1501 8230
f 8235 8230 4033
f 4033 8230 627
f 8190 615 8231
f 8190 8231 8236
f 8236 8231 1502
f 8236 1502 8237
f 8236 8237 4048
f 4048 8237 1503
f 8237 1502 4043
f 8237 4043 8238
f 8238 4043 119
f 8239 583 4049
f 8239 4049 8240
f 8240 4049 1503
f 8240 1503 8241
f 8240 8241 4051
f 4051 8241 1505
f 8241 1503 8238
f 8241 8238 6424
f 6424 8238 119
f 4410 583 8239
f 4410 8239 8242
f 8242 8239 1504
f 8242 1504 8243
f 8242 8243 4054
f 4054 8243 1507
f 8243 1504 4050
f 8243 4050 4378
f 4378 4050 118
f 4028 629 3880
f 4028 3880 8244
f 8244 3880 1404
f 8244 1404 8245
f 8244 8245 4057
f 4057 8245 1508
f 8245 1404 8030
f 8245 8030 8246
f 8246 8030 620
f 8247 618 4058
f 8247 4058 8248
f 8248 4058 1508
f 8248 1508 8249
f 8248 8249 4060
f 4060 8249 1400
f 8249 1508 8246
f 8249 8246 3874
f 3874 8246 620
f 4022 618 8247
f 4022 8247 8250
f 8250 8247 1509
f 8250 1509 8251
f 8250 8251 4063
f 4063 8251 1396
f 8251 1509 4059
f 8251 4059 3868
f 3868 4059 619
f 7433 298 8252
f 7433 8252 8253
f 8253 8252 1510
f 8253 1510 8254
f 8253 8254 4065
f 4065 8254 1511
f 8254 1510 5043
f 8254 5043 8255
f 8255 5043 563
f 8256 296 4066
f 8256 4066 8257
f 8257 4066 1511
f 8257 1511 8258
f 8257 8258 4068
f 4068 8258 1513
f 8258 1511 8255
f 8258 8255 8259
f 8259 8255 563
f 7434 296 8256
f 7434 8256 8260
f 8260 8256 1512
f 8260 1512 8261
f 8260 8261 4071
f 4071 8261 1514
f 8261 1512 4067
f 8261 4067 8262
f 8262 4067 614
f 8263 295 4072
f 8263 4072 8264
f 8264 4072 1514
f 8264 1514 8265
f 8264 8265 4074
f 4074 8265 1516
f 8265 1514 8262
f 8265 8262 8266
f 8266 8262 614
f 4118 295 8263
f 4118 8263 8267
f 8267 8263 1515
f 8267 1515 8268
f 8267 8268 4077
f 4077 8268 1518
f 8268 1515 4073
f 8268 4073 8269
f 8269 4073 603
f 8270 604 4078
f 8270 4078 8271
f 8271 4078 1518
f 8271 1518 8272
f 8271 8272 4080
f 4080 8272 1520
f 8272 1518 8269
f 8272 8269 8273
f 8273 8269 603
f 4112 604 8270
f 4112 8270 8274
f 8274 8270 1519
f 8274 1519 8275
f 8274 8275 4083
f 4083 8275 1522
f 8275 1519 4079
f 8275 4079 8276
f 8276 4079 602
f 8277 606 4084
f 8277 4084 8278
f 8278 4084 1522
f 8278 1522 8279
f 8278 8279 4086
f 4086 8279 1524
f 8279 1522 8276
f 8279 8276 8280
f 8280 8276 602
f 4106 606 8277
f 4106 8277 8281
f 8281 8277 1523
f 8281 1523 8282
f 8281 8282 4089
f 4089 8282 1526
f 8282 1523 4085
f 8282 4085 8283
f 8283 4085 49
f 8284 610 4090
f 8284 4090 8285
f 8285 4090 1526
f 8285 1526 8286
f 8285 8286 4092
f 4092 8286 1528
f 8286 1526 8283
f 8286 8283 8287
f 8287 8283 49
f 4100 610 8284
f 4100 8284 8288
f 8288 8284 1527
f 8288 1527 8289
f 8288 8289 4095
f 4095 8289 1530
f 8289 1527 4091
f 8289 4091 8290
f 8290 4091 612
f 6209 186 4096
f 6209 4096 8291
f 8291 4096 1530
f 8291 1530 8292
f 8291 8292 4098
f 4098 8292 922
f 8292 1530 8290
f 8292 8290 3109
f 3109 8290 612
f 4094 186 8293
f 4094 8293 8294
f 8294 8293 1532
f 8294 1532 8295
f 8294 8295 4101
f 4101 8295 1533
f 8295 1532 6215
f 8295 6215 8296
f 8296 6215 183
f 8297 610 4102
f 8297 4102 8298
f 8298 4102 1533
f 8298 1533 8299
f 8298 8299 4104
f 4104 8299 1535
f 8299 1533 8296
f 8299 8296 8300
f 8300 8296 183
f 4088 610 8297
f 4088 8297 8301
f 8301 8297 1534
f 8301 1534 8302
f 8301 8302 4107
f 4107 8302 1536
f 8302 1534 4103
f 8302 4103 8303
f 8303 4103 609
f 8304 606 4108
f 8304 4108 8305
f 8305 4108 1536
f 8305 1536 8306
f 8305 8306 4110
f 4110 8306 1538
f 8306 1536 8303
f 8306 8303 8307
f 8307 8303 609
f 4082 606 8304
f 4082 8304 8308
f 8308 8304 1537
f 8308 1537 8309
f 8308 8309 4113
f 4113 8309 1539
f 8309 1537 4109
f 8309 4109 8310
f 8310 4109 607
f 8311 604 4114
f 8311 4114 8312
f 8312 4114 1539
f 8312 1539 8313
f 8312 8313 4116
f 4116 8313 1541
f 8313 1539 8310
f 8313 8310 4123
f 4123 8310 607
f 4076 604 8311
f 4076 8311 8314
f 8314 8311 1540
f 8314 1540 8315
f 8314 8315 4119
f 4119 8315 1111
f 8315 1540 4115
f 8315 4115 3400
f 3400 4115 605
f 8316 608 3406
f 8316 3406 8317
f 8317 3406 1113
f 8317 1113 8318
f 8317 8318 4122
f 4122 8318 1541
f 8318 1113 7455
f 8318 7455 4117
f 4117 7455 605
f 8300 183 8319
f 8300 8319 8320
f 8320 8319 1543
f 8320 1543 8321
f 8320 8321 4124
f 4124 8321 1544
f 8321 1543 6221
f 8321 6221 8322
f 8322 6221 182
f 8323 609 4125
f 8323 4125 8324
f 8324 4125 1544
f 8324 1544 8325
f 8324 8325 4127
f 4127 8325 1075
f 8325 1544 8322
f 8325 8322 7376
f 7376 8322 182
f 8326 609 8323
f 8326 8323 8327
f 8327 8323 1545
f 8327 1545 8328
f 8327 8328 4129
f 4129 8328 1048
f 8328 1545 4126
f 8328 4126 7329
f 7329 4126 611
f 8307 609 8326
f 8307 8326 8329
f 8329 8326 1546
f 8329 1546 8330
f 8329 8330 4131
f 4131 8330 1542
f 8330 1546 4128
f 8330 4128 8316
f 8316 4128 608
f 8287 49 7054
f 8287 7054 8331
f 8331 7054 899
f 8331 899 8332
f 8331 8332 4132
f 4132 8332 1547
f 8332 899 7051
f 8332 7051 8333
f 8333 7051 51
f 3107 612 4133
f 3107 4133 8334
f 8334 4133 1547
f 8334 1547 8335
f 8334 8335 4135
f 4135 8335 1548
f 8335 1547 8333
f 8335 8333 8336
f 8336 8333 51
f 7055 49 4087
f 7055 4087 8337
f 8337 4087 1524
f 8337 1524 8338
f 8337 8338 4137
f 4137 8338 1549
f 8338 1524 8280
f 8338 8280 8339
f 8339 8280 602
f 8340 50 4138
f 8340 4138 8341
f 8341 4138 1549
f 8341 1549 8342
f 8341 8342 4140
f 4140 8342 1551
f 8342 1549 8339
f 8342 8339 8343
f 8343 8339 602
f 8344 50 8340
f 8344 8340 8345
f 8345 8340 1550
f 8345 1550 8346
f 8345 8346 4143
f 4143 8346 1553
f 8346 1550 4139
f 8346 4139 8347
f 8347 4139 601
f 8348 126 4144
f 8348 4144 8349
f 8349 4144 1553
f 8349 1553 8350
f 8349 8350 4146
f 4146 8350 1555
f 8350 1553 8347
f 8350 8347 8351
f 8351 8347 601
f 3080 50 8344
f 3080 8344 8352
f 8352 8344 1552
f 8352 1552 8353
f 8352 8353 4149
f 4149 8353 1556
f 8353 1552 4142
f 8353 4142 8354
f 8354 4142 126
f 6039 51 4150
f 6039 4150 8355
f 8355 4150 1556
f 8355 1556 8356
f 8355 8356 4152
f 4152 8356 1558
f 8356 1556 8354
f 8356 8354 8357
f 8357 8354 126
f 8343 602 4081
f 8343 4081 8358
f 8358 4081 1520
f 8358 1520 8359
f 8358 8359 4154
f 4154 8359 1559
f 8359 1520 8273
f 8359 8273 8360
f 8360 8273 603
f 8361 601 4155
f 8361 4155 8362
f 8362 4155 1559
f 8362 1559 8363
f 8362 8363 4157
f 4157 8363 1561
f 8363 1559 8360
f 8363 8360 4173
f 4173 8360 603
f 8351 601 8361
f 8351 8361 8364
f 8364 8361 1560
f 8364 1560 8365
f 8364 8365 4159
f 4159 8365 1562
f 8365 1560 4156
f 8365 4156 8366
f 8366 4156 613
f 8367 125 4160
f 8367 4160 8368
f 8368 4160 1562
f 8368 1562 8369
f 8368 8369 4162
f 4162 8369 1564
f 8369 1562 8366
f 8369 8366 8370
f 8370 8366 613
f 5058 124 4163
f 5058 4163 8371
f 8371 4163 1564
f 8371 1564 8372
f 8371 8372 4165
f 4165 8372 1566
f 8372 1564 8370
f 8372 8370 8373
f 8373 8370 613
f 5052 564 4166
f 5052 4166 8374
f 8374 4166 1566
f 8374 1566 8375
f 8374 8375 4168
f 4168 8375 1568
f 8375 1566 8373
f 8375 8373 8376
f 8376 8373 613
f 8259 563 4169
f 8259 4169 8377
f 8377 4169 1568
f 8377 1568 8378
f 8377 8378 4170
f 4170 8378 1569
f 8378 1568 8376
f 8378 8376 8379
f 8379 8376 613
f 8266 614 4171
f 8266 4171 8380
f 8380 4171 1569
f 8380 1569 8381
f 8380 8381 4172
f 4172 8381 1561
f 8381 1569 8379
f 8381 8379 4158
f 4158 8379 613
f 3618 437 7240
f 3618 7240 8382
f 8382 7240 1002
f 8382 1002 8383
f 8382 8383 4175
f 4175 8383 1570
f 8383 1002 7237
f 8383 7237 8384
f 8384 7237 600
f 3553 436 4176
f 3553 4176 8385
f 8385 4176 1570
f 8385 1570 8386
f 8385 8386 4178
f 4178 8386 1571
f 8386 1570 8384
f 8386 8384 8387
f 8387 8384 600
f 8387 600 7192
f 8387 7192 8388
f 8388 7192 976
f 8388 976 8389
f 8388 8389 4180
f 4180 8389 1572
f 8389 976 7189
f 8389 7189 8390
f 8390 7189 453
f 8391 443 4181
f 8391 4181 8392
f 8392 4181 1572
f 8392 1572 8393
f 8392 8393 4183
f 4183 8393 1574
f 8393 1572 8390
f 8393 8390 8394
f 8394 8390 453
f 3550 443 8391
f 3550 8391 8395
f 8395 8391 1573
f 8395 1573 8396
f 8395 8396 4186
f 4186 8396 1575
f 8396 1573 4182
f 8396 4182 8397
f 8397 4182 452
f 7627 444 4187
f 7627 4187 8398
f 8398 4187 1575
f 8398 1575 8399
f 8398 8399 4188
f 4188 8399 1576
f 8399 1575 8397
f 8399 8397 8400
f 8400 8397 452
f 8401 184 6220
f 8401 6220 8402
f 8402 6220 1578
f 8402 1578 8403
f 8402 8403 4191
f 4191 8403 1579
f 8403 1578 8404
f 8403 8404 8405
f 8405 8404 185
f 4213 333 4192
f 4213 4192 8406
f 8406 4192 1579
f 8406 1579 8407
f 8406 8407 4194
f 4194 8407 1581
f 8407 1579 8405
f 8407 8405 8408
f 8408 8405 185
f 8408 185 6214
f 8408 6214 8409
f 8409 6214 1582
f 8409 1582 8410
f 8409 8410 4196
f 4196 8410 1583
f 8410 1582 8411
f 8410 8411 8412
f 8412 8411 187
f 8413 599 4197
f 8413 4197 8414
f 8414 4197 1583
f 8414 1583 8415
f 8414 8415 4199
f 4199 8415 1585
f 8415 1583 8412
f 8415 8412 8416
f 8416 8412 187
f 4207 599 8413
f 4207 8413 8417
f 8417 8413 1584
f 8417 1584 8418
f 8417 8418 4202
f 4202 8418 1587
f 8418 1584 4198
f 8418 4198 8419
f 8419 4198 598
f 6925 35 4203
f 6925 4203 8420
f 8420 4203 1587
f 8420 1587 8421
f 8420 8421 4205
f 4205 8421 1588
f 8421 1587 8419
f 8421 8419 8422
f 8422 8419 598
f 4201 35 6920
f 4201 6920 8423
f 8423 6920 822
f 8423 822 8424
f 8423 8424 4208
f 4208 8424 1589
f 8424 822 6917
f 8424 6917 8425
f 8425 6917 34
f 8426 599 4209
f 8426 4209 8427
f 8427 4209 1589
f 8427 1589 8428
f 8427 8428 4211
f 4211 8428 820
f 8428 1589 8425
f 8428 8425 6915
f 6915 8425 34
f 4193 599 8426
f 4193 8426 8429
f 8429 8426 1590
f 8429 1590 8430
f 8429 8430 4214
f 4214 8430 1591
f 8430 1590 4210
f 8430 4210 5739
f 5739 4210 33
f 8431 176 6256
f 8431 6256 8432
f 8432 6256 1593
f 8432 1593 8433
f 8432 8433 4217
f 4217 8433 1594
f 8433 1593 8434
f 8433 8434 8435
f 8435 8434 178
f 8416 187 4218
f 8416 4218 8436
f 8436 4218 1594
f 8436 1594 8437
f 8436 8437 4219
f 4219 8437 1595
f 8437 1594 8435
f 8437 8435 8438
f 8438 8435 178
f 8422 598 4220
f 8422 4220 8439
f 8439 4220 1595
f 8439 1595 8440
f 8439 8440 4221
f 4221 8440 1596
f 8440 1595 8438
f 8440 8438 8441
f 8441 8438 178
f 6932 36 4222
f 6932 4222 8442
f 8442 4222 1596
f 8442 1596 8443
f 8442 8443 4224
f 4224 8443 1597
f 8443 1596 8441
f 8443 8441 8444
f 8444 8441 178
f 8444 178 6254
f 8444 6254 8445
f 8445 6254 1598
f 8445 1598 8446
f 8445 8446 4226
f 4226 8446 1599
f 8446 1598 8447
f 8446 8447 8448
f 8448 8447 179
f 6881 597 4227
f 6881 4227 8449
f 8449 4227 1599
f 8449 1599 8450
f 8449 8450 4228
f 4228 8450 1600
f 8450 1599 8448
f 8450 8448 8451
f 8451 8448 179
f 8451 179 6248
f 8451 6248 8452
f 8452 6248 1601
f 8452 1601 8453
f 8452 8453 4230
f 4230 8453 1602
f 8453 1601 8454
f 8453 8454 8455
f 8455 8454 172
f 8456 209 8457
f 8456 8457 8458
f 8458 8457 1604
f 8458 1604 8459
f 8458 8459 4233
f 4233 8459 1605
f 8459 1604 8460
f 8459 8460 8461
f 8461 8460 158
f 3861 207 4234
f 3861 4234 8462
f 8462 4234 1605
f 8462 1605 8463
f 8462 8463 4236
f 4236 8463 1606
f 8463 1605 8461
f 8463 8461 8464
f 8464 8461 158
f 4387 535 7924
f 4387 7924 8465
f 8465 7924 1344
f 8465 1344 8466
f 8465 8466 4239
f 4239 8466 1608
f 8466 1344 3791
f 8466 3791 8467
f 8467 3791 594
f 8468 495 4240
f 8468 4240 8469
f 8469 4240 1608
f 8469 1608 8470
f 8469 8470 4242
f 4242 8470 1610
f 8470 1608 8467
f 8470 8467 8471
f 8471 8467 594
f 8472 495 8468
f 8472 8468 8473
f 8473 8468 1609
f 8473 1609 8474
f 8473 8474 4245
f 4245 8474 1337
f 8474 1609 4241
f 8474 4241 7909
f 7909 4241 496
f 8475 495 8472
f 8475 8472 8476
f 8476 8472 1611
f 8476 1611 8477
f 8476 8477 4247
f 4247 8477 1613
f 8477 1611 4244
f 8477 4244 8478
f 8478 4244 494
f 8479 492 4248
f 8479 4248 8480
f 8480 4248 1613
f 8480 1613 8481
f 8480 8481 4250
f 4250 8481 1339
f 8481 1613 8478
f 8481 8478 7913
f 7913 8478 494
f 4955 492 8479
f 4955 8479 8482
f 8482 8479 1614
f 8482 1614 8483
f 8482 8483 4252
f 4252 8483 1448
f 8483 1614 4249
f 8483 4249 3956
f 3956 4249 493
f 7908 496 4243
f 7908 4243 8484
f 8484 4243 1610
f 8484 1610 8485
f 8484 8485 4254
f 4254 8485 1616
f 8485 1610 8471
f 8485 8471 8486
f 8486 8471 594
f 8487 220 4255
f 8487 4255 8488
f 8488 4255 1616
f 8488 1616 8489
f 8488 8489 4257
f 4257 8489 1347
f 8489 1616 8486
f 8489 8486 7931
f 7931 8486 594
f 8490 220 8487
f 8490 8487 8491
f 8491 8487 1617
f 8491 1617 8492
f 8491 8492 4259
f 4259 8492 1349
f 8492 1617 4256
f 8492 4256 7935
f 7935 4256 595
f 8493 96 4322
f 8493 4322 8494
f 8494 4322 1620
f 8494 1620 8495
f 8494 8495 4261
f 4261 8495 1621
f 8495 1620 8496
f 8495 8496 8497
f 8497 8496 585
f 3167 95 4262
f 3167 4262 8498
f 8498 4262 1621
f 8498 1621 8499
f 8498 8499 4264
f 4264 8499 1622
f 8499 1621 8497
f 8499 8497 8500
f 8500 8497 585
f 3164 593 4265
f 3164 4265 8501
f 8501 4265 1622
f 8501 1622 8502
f 8501 8502 4267
f 4267 8502 1623
f 8502 1622 8500
f 8502 8500 8503
f 8503 8500 585
f 8504 592 4268
f 8504 4268 8505
f 8505 4268 1623
f 8505 1623 8506
f 8505 8506 4270
f 4270 8506 1625
f 8506 1623 8503
f 8506 8503 4316
f 4316 8503 585
f 8507 592 8504
f 8507 8504 8508
f 8508 8504 1624
f 8508 1624 8509
f 8508 8509 4273
f 4273 8509 1627
f 8509 1624 4269
f 8509 4269 4310
f 4310 4269 587
f 3158 592 8507
f 3158 8507 8510
f 8510 8507 1626
f 8510 1626 8511
f 8510 8511 4276
f 4276 8511 1628
f 8511 1626 4272
f 8511 4272 8512
f 8512 4272 589
f 3152 591 4277
f 3152 4277 8513
f 8513 4277 1628
f 8513 1628 8514
f 8513 8514 4279
f 4279 8514 1629
f 8514 1628 8512
f 8514 8512 4304
f 4304 8512 589
f 4317 79 7003
f 4317 7003 8515
f 8515 7003 868
f 8515 868 8516
f 8515 8516 4282
f 4282 8516 1631
f 8516 868 3047
f 8516 3047 8517
f 8517 3047 78
f 8518 586 4283
f 8518 4283 8519
f 8519 4283 1631
f 8519 1631 8520
f 8519 8520 4285
f 4285 8520 1633
f 8520 1631 8517
f 8520 8517 6118
f 6118 8517 78
f 8521 586 8518
f 8521 8518 8522
f 8522 8518 1632
f 8522 1632 8523
f 8522 8523 4288
f 4288 8523 1635
f 8523 1632 4284
f 8523 4284 6112
f 6112 4284 224
f 4311 586 8521
f 4311 8521 8524
f 8524 8521 1634
f 8524 1634 8525
f 8524 8525 4291
f 4291 8525 1637
f 8525 1634 4287
f 8525 4287 8526
f 8526 4287 223
f 8527 588 4292
f 8527 4292 8528
f 8528 4292 1637
f 8528 1637 8529
f 8528 8529 4294
f 4294 8529 1639
f 8529 1637 8526
f 8529 8526 6106
f 6106 8526 223
f 4305 588 8527
f 4305 8527 8530
f 8530 8527 1638
f 8530 1638 8531
f 8530 8531 4297
f 4297 8531 1641
f 8531 1638 4293
f 8531 4293 8532
f 8532 4293 226
f 8533 590 4298
f 8533 4298 8534
f 8534 4298 1641
f 8534 1641 8535
f 8534 8535 4300
f 4300 8535 1643
f 8535 1641 8532
f 8535 8532 8536
f 8536 8532 226
f 8537 590 8533
f 8537 8533 8538
f 8538 8533 1642
f 8538 1642 8539
f 8538 8539 4303
f 4303 8539 1629
f 8539 1642 4299
f 8539 4299 4280
f 4280 4299 102
f 4296 590 8537
f 4296 8537 8540
f 8540 8537 1644
f 8540 1644 8541
f 8540 8541 4306
f 4306 8541 1645
f 8541 1644 4302
f 8541 4302 8542
f 8542 4302 589
f 8543 588 4307
f 8543 4307 8544
f 8544 4307 1645
f 8544 1645 8545
f 8544 8545 4309
f 4309 8545 1627
f 8545 1645 8542
f 8545 8542 4274
f 4274 8542 589
f 4290 588 8543
f 4290 8543 8546
f 8546 8543 1646
f 8546 1646 8547
f 8546 8547 4312
f 4312 8547 1647
f 8547 1646 4308
f 8547 4308 8548
f 8548 4308 587
f 8549 586 4313
f 8549 4313 8550
f 8550 4313 1647
f 8550 1647 8551
f 8550 8551 4315
f 4315 8551 1625
f 8551 1647 8548
f 8551 8548 4271
f 4271 8548 587
f 4281 586 8549
f 4281 8549 8552
f 8552 8549 1648
f 8552 1648 8553
f 8552 8553 4318
f 4318 8553 1649
f 8553 1648 4314
f 8553 4314 8554
f 8554 4314 585
f 8146 79 4319
f 8146 4319 8555
f 8555 4319 1649
f 8555 1649 8556
f 8555 8556 4321
f 4321 8556 1620
f 8556 1649 8554
f 8556 8554 8496
f 8496 8554 585
f 3763 457 8557
f 3763 8557 8558
f 8558 8557 1650
f 8558 1650 8559
f 8558 8559 4324
f 4324 8559 1651
f 8559 1650 4390
f 8559 4390 8560
f 8560 4390 85
f 8561 74 4325
f 8561 4325 8562
f 8562 4325 1651
f 8562 1651 8563
f 8562 8563 4327
f 4327 8563 1653
f 8563 1651 8560
f 8563 8560 8564
f 8564 8560 85
f 7013 74 8561
f 7013 8561 8565
f 8565 8561 1652
f 8565 1652 8566
f 8565 8566 4330
f 4330 8566 1654
f 8566 1652 4326
f 8566 4326 8567
f 8567 4326 580
f 8568 45 4331
f 8568 4331 8569
f 8569 4331 1654
f 8569 1654 8570
f 8569 8570 4333
f 4333 8570 1656
f 8570 1654 8567
f 8570 8567 8571
f 8571 8567 580
f 8572 45 8568
f 8572 8568 8573
f 8573 8568 1655
f 8573 1655 8574
f 8573 8574 4336
f 4336 8574 1658
f 8574 1655 4332
f 8574 4332 8575
f 8575 4332 579
f 8576 121 4337
f 8576 4337 8577
f 8577 4337 1658
f 8577 1658 8578
f 8577 8578 4339
f 4339 8578 1660
f 8578 1658 8575
f 8578 8575 8579
f 8579 8575 579
f 8580 121 8576
f 8580 8576 8581
f 8581 8576 1659
f 8581 1659 8582
f 8581 8582 4342
f 4342 8582 909
f 8582 1659 4338
f 8582 4338 7068
f 7068 4338 578
f 8564 85 6988
f 8564 6988 8583
f 8583 6988 857
f 8583 857 8584
f 8583 8584 4343
f 4343 8584 1662
f 8584 857 6985
f 8584 6985 8585
f 8585 6985 87
f 8586 580 4344
f 8586 4344 8587
f 8587 4344 1662
f 8587 1662 8588
f 8587 8588 4346
f 4346 8588 1664
f 8588 1662 8585
f 8588 8585 8589
f 8589 8585 87
f 8571 580 8586
f 8571 8586 8590
f 8590 8586 1663
f 8590 1663 8591
f 8590 8591 4348
f 4348 8591 1665
f 8591 1663 4345
f 8591 4345 8592
f 8592 4345 577
f 8593 579 4349
f 8593 4349 8594
f 8594 4349 1665
f 8594 1665 8595
f 8594 8595 4351
f 4351 8595 1667
f 8595 1665 8592
f 8595 8592 8596
f 8596 8592 577
f 8579 579 8593
f 8579 8593 8597
f 8597 8593 1666
f 8597 1666 8598
f 8597 8598 4353
f 4353 8598 1668
f 8598 1666 4350
f 8598 4350 8599
f 8599 4350 576
f 7069 578 4354
f 7069 4354 8600
f 8600 4354 1668
f 8600 1668 8601
f 8600 8601 4356
f 4356 8601 1669
f 8601 1668 8599
f 8601 8599 8602
f 8602 8599 576
f 8589 87 8603
f 8589 8603 8604
f 8604 8603 1670
f 8604 1670 8605
f 8604 8605 4358
f 4358 8605 1671
f 8605 1670 6092
f 8605 6092 8606
f 8607 577 4359
f 8607 4359 8608
f 8608 4359 1671
f 8608 1671 8609
f 8608 8609 4361
f 8609 1671 8606
f 8596 577 8607
f 8596 8607 8610
f 8610 8607 1672
f 8610 1672 8611
f 8610 8611 4362
f 4362 8611 1673
f 8611 1672 4360
f 8611 4360 8612
f 8613 576 4363
f 8613 4363 8614
f 8614 4363 1673
f 8614 1673 8615
f 8614 8615 4365
f 8615 1673 8612
f 8602 576 8613
f 8602 8613 8616
f 8616 8613 1674
f 8616 1674 8617
f 8616 8617 4366
f 4366 8617 1675
f 8617 1674 4364
f 8617 4364 8618
f 8619 575 4367
f 8619 4367 8620
f 8620 4367 1675
f 8620 1675 8621
f 8620 8621 4369
f 8621 1675 8618
f 4372 575 8619
f 4372 8619 8622
f 8622 8619 1676
f 8622 1676 8623
f 8622 8623 4371
f 8623 1676 4368
f 4370 3508 8624
f 8624 3508 1177
f 8624 1177 8625
f 8624 8625 4373
f 4373 8625 1678
f 8625 1177 7580
f 8625 7580 8626
f 8626 7580 106
f 7076 575 4374
f 7076 4374 8627
f 8627 4374 1678
f 8627 1678 8628
f 8627 8628 4375
f 4375 8628 1679
f 8628 1678 8626
f 8628 8626 8629
f 8629 8626 106
f 8629 106 6448
f 8629 6448 8630
f 8630 6448 1680
f 8630 1680 8631
f 8630 8631 4377
f 4377 8631 1507
f 8631 1680 8632
f 8631 8632 4055
f 4055 8632 105
f 8633 497 8634
f 8633 8634 8635
f 8635 8634 1682
f 8635 1682 8636
f 8635 8636 4380
f 4380 8636 1683
f 8636 1682 4973
f 8636 4973 8637
f 8637 4973 533
f 8638 498 4381
f 8638 4381 8639
f 8639 4381 1683
f 8639 1683 8640
f 8639 8640 4383
f 4383 8640 1685
f 8640 1683 8637
f 8640 8637 8641
f 8641 8637 533
f 4961 498 8638
f 4961 8638 8642
f 8642 8638 1684
f 8642 1684 8643
f 8642 8643 4386
f 4386 8643 1612
f 8643 1684 4382
f 8643 4382 8475
f 8475 4382 495
f 4238 495 4384
f 4238 4384 8644
f 8644 4384 1685
f 8644 1685 8645
f 8644 8645 4388
f 4388 8645 1687
f 8645 1685 8641
f 8645 8641 8646
f 8646 8641 533
f 8557 457 8647
f 8557 8647 8648
f 8648 8647 1688
f 8648 1688 8649
f 8648 8649 4391
f 4391 8649 1689
f 8649 1688 5276
f 8649 5276 8650
f 8650 5276 93
f 6989 85 4392
f 6989 4392 8651
f 8651 4392 1689
f 8651 1689 8652
f 8651 8652 4393
f 4393 8652 845
f 8652 1689 8650
f 8652 8650 6969
f 6969 8650 93
f 6294 167 8653
f 6294 8653 8654
f 8654 8653 1691
f 8654 1691 8655
f 8654 8655 4396
f 4396 8655 1692
f 8655 1691 6482
f 8655 6482 8656
f 8656 6482 581
f 8657 166 4397
f 8657 4397 8658
f 8658 4397 1692
f 8658 1692 8659
f 8658 8659 4399
f 4399 8659 1694
f 8659 1692 8656
f 8659 8656 4418
f 4418 8656 581
f 3515 166 8657
f 3515 8657 8660
f 8660 8657 1693
f 8660 1693 8661
f 8660 8661 4402
f 4402 8661 1695
f 8661 1693 4398
f 8661 4398 8662
f 8662 4398 582
f 8663 113 4403
f 8663 4403 8664
f 8664 4403 1695
f 8664 1695 8665
f 8664 8665 4405
f 4405 8665 1697
f 8665 1695 8662
f 8665 8662 8666
f 8666 8662 582
f 8667 107 4406
f 8667 4406 8668
f 8668 4406 1697
f 8668 1697 8669
f 8668 8669 4408
f 4408 8669 1699
f 8669 1697 8666
f 8669 8666 8670
f 8670 8666 582
f 4053 105 4409
f 4053 4409 8671
f 8671 4409 1699
f 8671 1699 8672
f 8671 8672 4411
f 4411 8672 1700
f 8672 1699 8670
f 8672 8670 8673
f 8673 8670 582
f 4007 583 4412
f 4007 4412 8674
f 8674 4412 1700
f 8674 1700 8675
f 8674 8675 4414
f 4414 8675 1701
f 8675 1700 8673
f 8675 8673 8676
f 8676 8673 582
f 8191 584 4415
f 8191 4415 8677
f 8677 4415 1701
f 8677 1701 8678
f 8677 8678 4417
f 4417 8678 1694
f 8678 1701 8676
f 8678 8676 4400
f 4400 8676 582
f 6021 242 7502
f 6021 7502 8679
f 8679 7502 1138
f 8679 1138 8680
f 8679 8680 4420
f 4420 8680 1703
f 8680 1138 3444
f 8680 3444 8681
f 8681 3444 70
f 8682 239 4421
f 8682 4421 8683
f 8683 4421 1703
f 8683 1703 8684
f 8683 8684 4423
f 4423 8684 879
f 8684 1703 8681
f 8684 8681 7022
f 7022 8681 70
f 8685 251 8686
f 8685 8686 8687
f 8687 8686 1706
f 8687 1706 8688
f 8687 8688 4425
f 4425 8688 1707
f 8688 1706 5995
f 8688 5995 8689
f 8689 5995 250
f 3426 254 4426
f 3426 4426 8690
f 8690 4426 1707
f 8690 1707 8691
f 8690 8691 4428
f 4428 8691 1708
f 8691 1707 8689
f 8691 8689 8692
f 8692 8689 250
f 4530 297 7176
f 4530 7176 8693
f 8693 7176 968
f 8693 968 8694
f 8693 8694 4431
f 4431 8694 1710
f 8694 968 3175
f 8694 3175 8695
f 8695 3175 574
f 8696 566 4432
f 8696 4432 8697
f 8697 4432 1710
f 8697 1710 8698
f 8697 8698 4434
f 4434 8698 1712
f 8698 1710 8695
f 8698 8695 8699
f 8699 8695 574
f 8700 572 4435
f 8700 4435 8701
f 8701 4435 1712
f 8701 1712 8702
f 8701 8702 4437
f 4437 8702 1714
f 8702 1712 8699
f 8702 8699 8703
f 8703 8699 574
f 5847 311 4438
f 5847 4438 8704
f 8704 4438 1714
f 8704 1714 8705
f 8704 8705 4440
f 4440 8705 1716
f 8705 1714 8703
f 8705 8703 8706
f 8706 8703 574
f 7179 304 8707
f 7179 8707 8708
f 8708 8707 1717
f 8708 1717 8709
f 8708 8709 4442
f 4442 8709 1718
f 8709 1717 5827
f 8709 5827 8710
f 8710 5827 305
f 8706 574 4443
f 8706 4443 8711
f 8711 4443 1718
f 8711 1718 8712
f 8711 8712 4444
f 4444 8712 1719
f 8712 1718 8710
f 8712 8710 8713
f 8713 8710 305
f 7423 300 5771
f 7423 5771 8714
f 8714 5771 1720
f 8714 1720 8715
f 8714 8715 4446
f 4446 8715 1721
f 8715 1720 8716
f 8715 8716 8717
f 8717 8716 326
f 8718 299 4447
f 8718 4447 8719
f 8719 4447 1721
f 8719 1721 8720
f 8719 8720 4449
f 4449 8720 1723
f 8720 1721 8717
f 8720 8717 4461
f 4461 8717 326
f 7430 299 8718
f 7430 8718 8721
f 8721 8718 1722
f 8721 1722 8722
f 8721 8722 4451
f 4451 8722 1724
f 8722 1722 4448
f 8722 4448 8723
f 8723 4448 573
f 8724 298 4452
f 8724 4452 8725
f 8725 4452 1724
f 8725 1724 8726
f 8725 8726 4454
f 4454 8726 1726
f 8726 1724 8723
f 8726 8723 8727
f 8727 8723 573
f 8728 562 4455
f 8728 4455 8729
f 8729 4455 1726
f 8729 1726 8730
f 8729 8730 4457
f 4457 8730 1728
f 8730 1726 8727
f 8730 8727 8731
f 8731 8727 573
f 8732 559 4458
f 8732 4458 8733
f 8733 4458 1728
f 8733 1728 8734
f 8733 8734 4460
f 4460 8734 1723
f 8734 1728 8731
f 8734 8731 4450
f 4450 8731 573
f 8735 559 8732
f 8735 8732 8736
f 8736 8732 1729
f 8736 1729 8737
f 8736 8737 4463
f 4463 8737 1731
f 8737 1729 4459
f 8737 4459 8738
f 8738 4459 326
f 8739 328 8740
f 8739 8740 8741
f 8741 8740 1733
f 8741 1733 8742
f 8741 8742 4466
f 4466 8742 1734
f 8742 1733 4527
f 8742 4527 8743
f 8743 4527 566
f 8744 556 4467
f 8744 4467 8745
f 8745 4467 1734
f 8745 1734 8746
f 8745 8746 4469
f 4469 8746 1711
f 8746 1734 8743
f 8746 8743 8696
f 8696 8743 566
f 8747 556 8744
f 8747 8744 8748
f 8748 8744 1735
f 8748 1735 8749
f 8748 8749 4471
f 4471 8749 1737
f 8749 1735 4468
f 8749 4468 8750
f 8750 4468 572
f 8751 555 4472
f 8751 4472 8752
f 8752 4472 1737
f 8752 1737 8753
f 8752 8753 4474
f 4474 8753 1713
f 8753 1737 8750
f 8753 8750 8700
f 8700 8750 572
f 8754 555 8751
f 8754 8751 8755
f 8755 8751 1738
f 8755 1738 8756
f 8755 8756 4476
f 4476 8756 1740
f 8756 1738 4473
f 8756 4473 8757
f 8757 4473 311
f 8758 554 4477
f 8758 4477 8759
f 8759 4477 1740
f 8759 1740 8760
f 8759 8760 4479
f 4479 8760 1742
f 8760 1740 8757
f 8760 8757 8761
f 8761 8757 311
f 8762 554 8758
f 8762 8758 8763
f 8763 8758 1741
f 8763 1741 8764
f 8763 8764 4482
f 4482 8764 1744
f 8764 1741 4478
f 8764 4478 4655
f 4655 4478 312
f 5868 399 8765
f 5868 8765 8766
f 8766 8765 1746
f 8766 1746 8767
f 8766 8767 4485
f 4485 8767 1747
f 8767 1746 4506
f 8767 4506 8768
f 8768 4506 567
f 8769 571 4486
f 8769 4486 8770
f 8770 4486 1747
f 8770 1747 8771
f 8770 8771 4488
f 4488 8771 1749
f 8771 1747 8768
f 8771 8768 8772
f 8772 8768 567
f 4493 571 8769
f 4493 8769 8773
f 8773 8769 1748
f 8773 1748 8774
f 8773 8774 4491
f 4491 8774 1751
f 8774 1748 4487
f 8774 4487 8775
f 8775 4487 350
f 4490 352 8776
f 4490 8776 8777
f 8777 8776 1752
f 8777 1752 8778
f 8777 8778 4494
f 4494 8778 1753
f 8778 1752 8779
f 8778 8779 8780
f 8780 8779 354
f 5865 571 4495
f 5865 4495 8781
f 8781 4495 1753
f 8781 1753 8782
f 8781 8782 4497
f 4497 8782 1755
f 8782 1753 8780
f 8782 8780 8783
f 8783 8780 354
f 8783 354 8784
f 8783 8784 8785
f 8785 8784 1756
f 8785 1756 8786
f 8785 8786 4499
f 4499 8786 1757
f 8786 1756 8787
f 8786 8787 8788
f 8788 8787 356
f 5859 316 4500
f 5859 4500 8789
f 8789 4500 1757
f 8789 1757 8790
f 8789 8790 4502
f 4502 8790 1759
f 8790 1757 8788
f 8790 8788 8791
f 8791 8788 356
f 8791 356 8792
f 8791 8792 8793
f 8793 8792 1760
f 8793 1760 8794
f 8793 8794 4504
f 4504 8794 1761
f 8794 1760 8795
f 8794 8795 8796
f 8796 8795 314
f 8765 399 8797
f 8765 8797 8798
f 8798 8797 1762
f 8798 1762 8799
f 8798 8799 4507
f 4507 8799 1763
f 8799 1762 5406
f 8799 5406 8800
f 8800 5406 392
f 8801 567 4508
f 8801 4508 8802
f 8802 4508 1763
f 8802 1763 8803
f 8802 8803 4510
f 4510 8803 1765
f 8803 1763 8800
f 8803 8800 8804
f 8804 8800 392
f 8772 567 8801
f 8772 8801 8805
f 8805 8801 1764
f 8805 1764 8806
f 8805 8806 4512
f 4512 8806 1766
f 8806 1764 4509
f 8806 4509 8807
f 8807 4509 568
f 8808 350 4513
f 8808 4513 8809
f 8809 4513 1766
f 8809 1766 8810
f 8809 8810 4515
f 4515 8810 1768
f 8810 1766 8807
f 8810 8807 8811
f 8811 8807 568
f 8804 392 8812
f 8804 8812 8813
f 8813 8812 1769
f 8813 1769 8814
f 8813 8814 4517
f 4517 8814 1770
f 8814 1769 5454
f 8814 5454 8815
f 8815 5454 394
f 8816 568 4518
f 8816 4518 8817
f 8817 4518 1770
f 8817 1770 8818
f 8817 8818 4520
f 4520 8818 1772
f 8818 1770 8815
f 8818 8815 8819
f 8819 8815 394
f 8811 568 8816
f 8811 8816 8820
f 8820 8816 1771
f 8820 1771 8821
f 8820 8821 4522
f 4522 8821 1773
f 8821 1771 4519
f 8821 4519 8822
f 8822 4519 569
f 8823 348 4523
f 8823 4523 8824
f 8824 4523 1773
f 8824 1773 8825
f 8824 8825 4525
f 4525 8825 1775
f 8825 1773 8822
f 8825 8822 8826
f 8826 8822 569
f 8740 328 8827
f 8740 8827 8828
f 8828 8827 1776
f 8828 1776 8829
f 8828 8829 4528
f 4528 8829 1777
f 8829 1776 5764
f 8829 5764 8830
f 8830 5764 301
f 4430 566 4529
f 4430 4529 8831
f 8831 4529 1777
f 8831 1777 8832
f 8831 8832 4531
f 4531 8832 1778
f 8832 1777 8830
f 8832 8830 8833
f 8833 8830 301
f 8833 301 3371
f 8833 3371 8834
f 8834 3371 1094
f 8834 1094 8835
f 8834 8835 4533
f 4533 8835 1779
f 8835 1094 7415
f 8835 7415 5818
f 5818 7415 290
f 8836 282 5686
f 8836 5686 8837
f 8837 5686 1781
f 8837 1781 8838
f 8837 8838 4536
f 4536 8838 1782
f 8838 1781 8839
f 8838 8839 8840
f 8840 8839 341
f 7705 281 4537
f 7705 4537 8841
f 8841 4537 1782
f 8841 1782 8842
f 8841 8842 4538
f 4538 8842 1783
f 8842 1782 8840
f 8842 8840 8843
f 8843 8840 341
f 8843 341 5683
f 8843 5683 8844
f 8844 5683 1784
f 8844 1784 8845
f 8844 8845 4540
f 4540 8845 1785
f 8845 1784 8846
f 8845 8846 8847
f 8847 8846 258
f 8848 325 4541
f 8848 4541 8849
f 8849 4541 1785
f 8849 1785 8850
f 8849 8850 4543
f 4543 8850 1787
f 8850 1785 8847
f 8850 8847 5978
f 5978 8847 258
f 3610 325 8848
f 3610 8848 8851
f 8851 8848 1786
f 8851 1786 8852
f 8851 8852 4546
f 4546 8852 1788
f 8852 1786 4542
f 8852 4542 8853
f 8853 4542 259
f 8854 323 4547
f 8854 4547 8855
f 8855 4547 1788
f 8855 1788 8856
f 8855 8856 4549
f 4549 8856 1790
f 8856 1788 8853
f 8856 8853 8857
f 8857 8853 259
f 7720 323 8854
f 7720 8854 8858
f 8858 8854 1789
f 8858 1789 8859
f 8858 8859 4551
f 4551 8859 1791
f 8859 1789 4548
f 8859 4548 8860
f 8860 4548 264
f 6585 697 6990
f 6585 6990 8861
f 8861 6990 859
f 8861 859 8862
f 8861 8862 4554
f 4554 8862 1793
f 8862 859 3038
f 8862 3038 8863
f 8863 3038 84
f 8864 699 4555
f 8864 4555 8865
f 8865 4555 1793
f 8865 1793 8866
f 8865 8866 4557
f 4557 8866 1795
f 8866 1793 8863
f 8866 8863 8867
f 8867 8863 84
f 6580 699 8864
f 6580 8864 8868
f 8868 8864 1794
f 8868 1794 8869
f 8868 8869 4560
f 4560 8869 1797
f 8869 1794 4556
f 8869 4556 8870
f 8870 4556 546
f 8871 701 4561
f 8871 4561 8872
f 8872 4561 1797
f 8872 1797 8873
f 8872 8873 4563
f 4563 8873 1799
f 8873 1797 8870
f 8873 8870 4936
f 4936 8870 546
f 4582 701 8871
f 4582 8871 8874
f 8874 8871 1798
f 8874 1798 8875
f 8874 8875 4566
f 4566 8875 1801
f 8875 1798 4562
f 8875 4562 8876
f 8876 4562 485
f 8877 486 4567
f 8877 4567 8878
f 8878 4567 1801
f 8878 1801 8879
f 8878 8879 4569
f 4569 8879 1803
f 8879 1801 8876
f 8879 8876 8880
f 8880 8876 485
f 4576 486 8877
f 4576 8877 8881
f 8881 8877 1802
f 8881 1802 8882
f 8881 8882 4572
f 4572 8882 1805
f 8882 1802 4568
f 8882 4568 8883
f 8883 4568 484
f 8123 488 4573
f 8123 4573 8884
f 8884 4573 1805
f 8884 1805 8885
f 8884 8885 4574
f 4574 8885 1806
f 8885 1805 8883
f 8885 8883 8886
f 8886 8883 484
f 4571 488 3948
f 4571 3948 8887
f 8887 3948 1443
f 8887 1443 8888
f 8887 8888 4577
f 4577 8888 1807
f 8888 1443 8116
f 8888 8116 8889
f 8889 8116 219
f 8890 486 4578
f 8890 4578 8891
f 8891 4578 1807
f 8891 1807 8892
f 8891 8892 4580
f 4580 8892 1388
f 8892 1807 8889
f 8892 8889 3857
f 3857 8889 219
f 4565 486 8890
f 4565 8890 8893
f 8893 8890 1808
f 8893 1808 8894
f 8893 8894 4583
f 4583 8894 1809
f 8894 1808 4579
f 8894 4579 8895
f 8895 4579 487
f 4653 312 5851
f 4653 5851 8896
f 8896 5851 1811
f 8896 1811 8897
f 8896 8897 4586
f 4586 8897 1812
f 8897 1811 8898
f 8897 8898 8899
f 8899 8898 310
f 8900 466 4587
f 8900 4587 8901
f 8901 4587 1812
f 8901 1812 8902
f 8901 8902 4589
f 4589 8902 1814
f 8902 1812 8899
f 8902 8899 4601
f 4601 8899 310
f 4602 466 8900
f 4602 8900 8903
f 8903 8900 1813
f 8903 1813 8904
f 8903 8904 4592
f 4592 8904 1816
f 8904 1813 4588
f 8904 4588 8905
f 8905 4588 565
f 7036 693 4593
f 7036 4593 8906
f 8906 4593 1816
f 8906 1816 8907
f 8906 8907 4594
f 4594 8907 1817
f 8907 1816 8905
f 8907 8905 8908
f 8908 8905 565
f 5852 61 4595
f 5852 4595 8909
f 8909 4595 1817
f 8909 1817 8910
f 8909 8910 4597
f 4597 8910 1819
f 8910 1817 8908
f 8910 8908 8911
f 8911 8908 565
f 8912 308 4598
f 8912 4598 8913
f 8913 4598 1819
f 8913 1819 8914
f 8913 8914 4600
f 4600 8914 1814
f 8914 1819 8911
f 8914 8911 4590
f 4590 8911 565
f 4591 693 6624
f 4591 6624 8915
f 8915 6624 1821
f 8915 1821 8916
f 8915 8916 4603
f 4603 8916 1822
f 8916 1821 8917
f 8916 8917 8918
f 8918 8917 522
f 4647 466 4604
f 4647 4604 8919
f 8919 4604 1822
f 8919 1822 8920
f 8919 8920 4606
f 4606 8920 1824
f 8920 1822 8918
f 8920 8918 8921
f 8921 8918 522
f 8921 522 6686
f 8921 6686 8922
f 8922 6686 1825
f 8922 1825 8923
f 8922 8923 4608
f 4608 8923 1826
f 8923 1825 8924
f 8923 8924 8925
f 8925 8924 521
f 8926 520 4609
f 8926 4609 8927
f 8927 4609 1826
f 8927 1826 8928
f 8927 8928 4611
f 4611 8928 1828
f 8928 1826 8925
f 8928 8925 8929
f 8929 8925 521
f 8930 520 8926
f 8930 8926 8931
f 8931 8926 1827
f 8931 1827 8932
f 8931 8932 4614
f 4614 8932 1830
f 8932 1827 4610
f 8932 4610 8933
f 8933 4610 518
f 8934 468 4615
f 8934 4615 8935
f 8935 4615 1830
f 8935 1830 8936
f 8935 8936 4617
f 4617 8936 1832
f 8936 1830 8933
f 8936 8933 8937
f 8937 8933 518
f 8938 468 8934
f 8938 8934 8939
f 8939 8934 1831
f 8939 1831 8940
f 8939 8940 4620
f 4620 8940 1834
f 8940 1831 4616
f 8940 4616 8941
f 8941 4616 501
f 8942 472 4621
f 8942 4621 8943
f 8943 4621 1834
f 8943 1834 8944
f 8943 8944 4623
f 4623 8944 1836
f 8944 1834 8941
f 8944 8941 8945
f 8945 8941 501
f 8946 472 8942
f 8946 8942 8947
f 8947 8942 1835
f 8947 1835 8948
f 8947 8948 4626
f 4626 8948 1838
f 8948 1835 4622
f 8948 4622 8949
f 8949 4622 474
f 8950 473 4627
f 8950 4627 8951
f 8951 4627 1838
f 8951 1838 8952
f 8951 8952 4629
f 4629 8952 1840
f 8952 1838 8949
f 8952 8949 8953
f 8953 8949 474
f 8954 473 8950
f 8954 8950 8955
f 8955 8950 1839
f 8955 1839 8956
f 8955 8956 4632
f 4632 8956 1842
f 8956 1839 4628
f 8956 4628 8957
f 8957 4628 475
f 8958 154 4633
f 8958 4633 8959
f 8959 4633 1842
f 8959 1842 8960
f 8959 8960 4635
f 4635 8960 1844
f 8960 1842 8957
f 8960 8957 8961
f 8961 8957 475
f 8962 154 8958
f 8962 8958 8963
f 8963 8958 1843
f 8963 1843 8964
f 8963 8964 4638
f 4638 8964 1846
f 8964 1843 4634
f 8964 4634 8965
f 8965 4634 500
f 8966 155 4639
f 8966 4639 8967
f 8967 4639 1846
f 8967 1846 8968
f 8967 8968 4641
f 4641 8968 1848
f 8968 1846 8965
f 8968 8965 8969
f 8969 8965 500
f 8969 500 8970
f 8969 8970 8971
f 8971 8970 1849
f 8971 1849 8972
f 8971 8972 4643
f 4643 8972 1850
f 8972 1849 4690
f 8972 4690 8973
f 8973 4690 499
f 8867 84 4644
f 8867 4644 8974
f 8974 4644 1850
f 8974 1850 8975
f 8974 8975 4645
f 4645 8975 1851
f 8975 1850 8973
f 8975 8973 8976
f 8976 8973 499
f 4605 520 8930
f 4605 8930 8977
f 8977 8930 1829
f 8977 1829 8978
f 8977 8978 4648
f 4648 8978 1852
f 8978 1829 4613
f 8978 4613 8979
f 8979 4613 468
f 8980 466 4649
f 8980 4649 8981
f 8981 4649 1852
f 8981 1852 8982
f 8981 8982 4651
f 4651 8982 1854
f 8982 1852 8979
f 8982 8979 5110
f 5110 8979 468
f 4585 466 8980
f 4585 8980 8983
f 8983 8980 1853
f 8983 1853 8984
f 8983 8984 4654
f 4654 8984 1744
f 8984 1853 4650
f 8984 4650 4483
f 4483 4650 467
f 8929 521 6683
f 8929 6683 8985
f 8985 6683 1855
f 8985 1855 8986
f 8985 8986 4656
f 4656 8986 1856
f 8986 1855 8987
f 8986 8987 8988
f 8988 8987 516
f 8989 518 4657
f 8989 4657 8990
f 8990 4657 1856
f 8990 1856 8991
f 8990 8991 4659
f 4659 8991 1858
f 8991 1856 8988
f 8991 8988 8992
f 8992 8988 516
f 8993 518 8989
f 8993 8989 8994
f 8994 8989 1857
f 8994 1857 8995
f 8994 8995 4662
f 4662 8995 1860
f 8995 1857 4658
f 8995 4658 8996
f 8996 4658 517
f 8997 519 4663
f 8997 4663 8998
f 8998 4663 1860
f 8998 1860 8999
f 8998 8999 4665
f 4665 8999 1862
f 8999 1860 8996
f 8999 8996 9000
f 9000 8996 517
f 9001 519 8997
f 9001 8997 9002
f 9002 8997 1861
f 9002 1861 9003
f 9002 9003 4668
f 4668 9003 1864
f 9003 1861 4664
f 9003 4664 9004
f 9004 4664 515
f 8937 518 8993
f 8937 8993 9005
f 9005 8993 1859
f 9005 1859 9006
f 9005 9006 4670
f 4670 9006 1865
f 9006 1859 4661
f 9006 4661 9007
f 9007 4661 519
f 9008 501 4671
f 9008 4671 9009
f 9009 4671 1865
f 9009 1865 9010
f 9009 9010 4673
f 4673 9010 1867
f 9010 1865 9007
f 9010 9007 9011
f 9011 9007 519
f 8945 501 9008
f 8945 9008 9012
f 9012 9008 1866
f 9012 1866 9013
f 9012 9013 4675
f 4675 9013 1868
f 9013 1866 4672
f 9013 4672 9014
f 9014 4672 502
f 9015 474 4676
f 9015 4676 9016
f 9016 4676 1868
f 9016 1868 9017
f 9016 9017 4678
f 4678 9017 1870
f 9017 1868 9014
f 9017 9014 9018
f 9018 9014 502
f 8953 474 9015
f 8953 9015 9019
f 9019 9015 1869
f 9019 1869 9020
f 9019 9020 4680
f 4680 9020 1871
f 9020 1869 4677
f 9020 4677 9021
f 9021 4677 476
f 9022 475 4681
f 9022 4681 9023
f 9023 4681 1871
f 9023 1871 9024
f 9023 9024 4683
f 4683 9024 1873
f 9024 1871 9021
f 9024 9021 9025
f 9025 9021 476
f 8961 475 9022
f 8961 9022 9026
f 9026 9022 1872
f 9026 1872 9027
f 9026 9027 4685
f 4685 9027 1874
f 9027 1872 4682
f 9027 4682 9028
f 9028 4682 477
f 9029 500 4686
f 9029 4686 9030
f 9030 4686 1874
f 9030 1874 9031
f 9030 9031 4688
f 4688 9031 1876
f 9031 1874 9028
f 9031 9028 9032
f 9032 9028 477
f 8970 500 9029
f 8970 9029 9033
f 9033 9029 1875
f 9033 1875 9034
f 9033 9034 4691
f 4691 9034 1877
f 9034 1875 4687
f 9034 4687 9035
f 9035 4687 479
f 9036 499 4692
f 9036 4692 9037
f 9037 4692 1877
f 9037 1877 9038
f 9037 9038 4694
f 4694 9038 1879
f 9038 1877 9035
f 9038 9035 9039
f 9039 9035 479
f 9000 517 4660
f 9000 4660 9040
f 9040 4660 1858
f 9040 1858 9041
f 9040 9041 4696
f 4696 9041 1880
f 9041 1858 8992
f 9041 8992 9042
f 9042 8992 516
f 9043 515 4697
f 9043 4697 9044
f 9044 4697 1880
f 9044 1880 9045
f 9044 9045 4699
f 4699 9045 1882
f 9045 1880 9042
f 9045 9042 6677
f 6677 9042 516
f 9046 515 9043
f 9046 9043 9047
f 9047 9043 1881
f 9047 1881 9048
f 9047 9048 4702
f 4702 9048 1884
f 9048 1881 4698
f 9048 4698 9049
f 9049 4698 514
f 9050 513 4703
f 9050 4703 9051
f 9051 4703 1884
f 9051 1884 9052
f 9051 9052 4705
f 4705 9052 1886
f 9052 1884 9049
f 9052 9049 6672
f 6672 9049 514
f 9053 513 9050
f 9053 9050 9054
f 9054 9050 1885
f 9054 1885 9055
f 9054 9055 4708
f 4708 9055 1888
f 9055 1885 4704
f 9055 4704 9056
f 9056 4704 512
f 9057 511 4709
f 9057 4709 9058
f 9058 4709 1888
f 9058 1888 9059
f 9058 9059 4711
f 4711 9059 1890
f 9059 1888 9056
f 9059 9056 6667
f 6667 9056 512
f 9060 511 9057
f 9060 9057 9061
f 9061 9057 1889
f 9061 1889 9062
f 9061 9062 4714
f 4714 9062 1892
f 9062 1889 4710
f 9062 4710 9063
f 9063 4710 411
f 9064 410 4715
f 9064 4715 9065
f 9065 4715 1892
f 9065 1892 9066
f 9065 9066 4717
f 4717 9066 1894
f 9066 1892 9063
f 9066 9063 6659
f 6659 9063 411
f 9067 410 9064
f 9067 9064 9068
f 9068 9064 1893
f 9068 1893 9069
f 9068 9069 4720
f 4720 9069 1896
f 9069 1893 4716
f 9069 4716 9070
f 9070 4716 401
f 9071 400 4721
f 9071 4721 9072
f 9072 4721 1896
f 9072 1896 9073
f 9072 9073 4723
f 4723 9073 1898
f 9073 1896 9070
f 9073 9070 9074
f 9074 9070 401
f 9075 400 9071
f 9075 9071 9076
f 9076 9071 1897
f 9076 1897 9077
f 9076 9077 4726
f 4726 9077 1900
f 9077 1897 4722
f 9077 4722 9078
f 9078 4722 342
f 9079 398 4727
f 9079 4727 9080
f 9080 4727 1900
f 9080 1900 9081
f 9080 9081 4729
f 4729 9081 1902
f 9081 1900 9078
f 9081 9078 9082
f 9082 9078 342
f 9083 342 4724
f 9083 4724 9084
f 9084 4724 1898
f 9084 1898 9085
f 9084 9085 4732
f 4732 9085 1904
f 9085 1898 9074
f 9085 9074 9086
f 9086 9074 401
f 9087 343 4733
f 9087 4733 9088
f 9088 4733 1904
f 9088 1904 9089
f 9088 9089 4735
f 4735 9089 1906
f 9089 1904 9086
f 9089 9086 9090
f 9090 9086 401
f 5675 343 9087
f 5675 9087 9091
f 9091 9087 1905
f 9091 1905 9092
f 9091 9092 4738
f 4738 9092 1908
f 9092 1905 4734
f 9092 4734 9093
f 9093 4734 402
f 9094 345 4739
f 9094 4739 9095
f 9095 4739 1908
f 9095 1908 9096
f 9095 9096 4741
f 4741 9096 1910
f 9096 1908 9093
f 9096 9093 9097
f 9097 9093 402
f 5670 345 9094
f 5670 9094 9098
f 9098 9094 1909
f 9098 1909 9099
f 9098 9099 4744
f 4744 9099 1912
f 9099 1909 4740
f 9099 4740 9100
f 9100 4740 403
f 9101 347 4745
f 9101 4745 9102
f 9102 4745 1912
f 9102 1912 9103
f 9102 9103 4747
f 4747 9103 1914
f 9103 1912 9100
f 9103 9100 9104
f 9104 9100 403
f 5665 347 9101
f 5665 9101 9105
f 9105 9101 1913
f 9105 1913 9106
f 9105 9106 4750
f 4750 9106 1916
f 9106 1913 4746
f 9106 4746 9107
f 9107 4746 404
f 9108 349 4751
f 9108 4751 9109
f 9109 4751 1916
f 9109 1916 9110
f 9109 9110 4753
f 4753 9110 1918
f 9110 1916 9107
f 9110 9107 9111
f 9111 9107 404
f 5660 349 9108
f 5660 9108 9112
f 9112 9108 1917
f 9112 1917 9113
f 9112 9113 4756
f 4756 9113 1920
f 9113 1917 4752
f 9113 4752 9114
f 9114 4752 405
f 5655 351 4757
f 5655 4757 9115
f 9115 4757 1920
f 9115 1920 9116
f 9115 9116 4759
f 4759 9116 1922
f 9116 1920 9114
f 9116 9114 9117
f 9117 9114 405
f 9117 405 9118
f 9117 9118 9119
f 9119 9118 1923
f 9119 1923 9120
f 9119 9120 4761
f 4761 9120 1924
f 9120 1923 6642
f 9120 6642 9121
f 9121 6642 406
f 5650 353 4762
f 5650 4762 9122
f 9122 4762 1924
f 9122 1924 9123
f 9122 9123 4764
f 4764 9123 1926
f 9123 1924 9121
f 9123 9121 9124
f 9124 9121 406
f 9124 406 9125
f 9124 9125 9126
f 9126 9125 1927
f 9126 1927 9127
f 9126 9127 4766
f 4766 9127 1928
f 9127 1927 6647
f 9127 6647 9128
f 9128 6647 407
f 9129 355 4767
f 9129 4767 9130
f 9130 4767 1928
f 9130 1928 9131
f 9130 9131 4769
f 4769 9131 1930
f 9131 1928 9128
f 9131 9128 9132
f 9132 9128 407
f 5645 355 9129
f 5645 9129 9133
f 9133 9129 1929
f 9133 1929 9134
f 9133 9134 4772
f 4772 9134 1932
f 9134 1929 4768
f 9134 4768 9135
f 9135 4768 408
f 5640 357 4773
f 5640 4773 9136
f 9136 4773 1932
f 9136 1932 9137
f 9136 9137 4775
f 4775 9137 1934
f 9137 1932 9135
f 9137 9135 9138
f 9138 9135 408
f 9138 408 6617
f 9138 6617 9139
f 9139 6617 1935
f 9139 1935 9140
f 9139 9140 4777
f 4777 9140 1936
f 9140 1935 9141
f 9140 9141 9142
f 9142 9141 409
f 6974 92 4778
f 6974 4778 9143
f 9143 4778 1936
f 9143 1936 9144
f 9143 9144 4779
f 4779 9144 1937
f 9144 1936 9142
f 9144 9142 6614
f 6614 9142 409
f 9004 515 9046
f 9004 9046 9145
f 9145 9046 1883
f 9145 1883 9146
f 9145 9146 4781
f 4781 9146 1938
f 9146 1883 4701
f 9146 4701 9147
f 9147 4701 513
f 9148 523 4782
f 9148 4782 9149
f 9149 4782 1938
f 9149 1938 9150
f 9149 9150 4784
f 4784 9150 1940
f 9150 1938 9147
f 9150 9147 9151
f 9151 9147 513
f 9152 523 9148
f 9152 9148 9153
f 9153 9148 1939
f 9153 1939 9154
f 9153 9154 4787
f 4787 9154 1942
f 9154 1939 4783
f 9154 4783 9155
f 9155 4783 509
f 9156 507 4788
f 9156 4788 9157
f 9157 4788 1942
f 9157 1942 9158
f 9157 9158 4790
f 4790 9158 1944
f 9158 1942 9155
f 9158 9155 9159
f 9159 9155 509
f 9160 507 9156
f 9160 9156 9161
f 9161 9156 1943
f 9161 1943 9162
f 9161 9162 4793
f 4793 9162 1946
f 9162 1943 4789
f 9162 4789 9163
f 9163 4789 508
f 9164 506 4794
f 9164 4794 9165
f 9165 4794 1946
f 9165 1946 9166
f 9165 9166 4796
f 4796 9166 1948
f 9166 1946 9163
f 9166 9163 9167
f 9167 9163 508
f 9168 506 9164
f 9168 9164 9169
f 9169 9164 1947
f 9169 1947 9170
f 9169 9170 4799
f 4799 9170 1950
f 9170 1947 4795
f 9170 4795 9171
f 9171 4795 524
f 9172 525 4800
f 9172 4800 9173
f 9173 4800 1950
f 9173 1950 9174
f 9173 9174 4802
f 4802 9174 1952
f 9174 1950 9171
f 9174 9171 9175
f 9175 9171 524
f 9176 525 9172
f 9176 9172 9177
f 9177 9172 1951
f 9177 1951 9178
f 9177 9178 4805
f 4805 9178 1954
f 9178 1951 4801
f 9178 4801 9179
f 9179 4801 527
f 9180 526 4806
f 9180 4806 9181
f 9181 4806 1954
f 9181 1954 9182
f 9181 9182 4808
f 4808 9182 1956
f 9182 1954 9179
f 9182 9179 9183
f 9183 9179 527
f 4907 526 9180
f 4907 9180 9184
f 9184 9180 1955
f 9184 1955 9185
f 9184 9185 4811
f 4811 9185 1958
f 9185 1955 4807
f 9185 4807 9186
f 9186 4807 528
f 9187 530 4812
f 9187 4812 9188
f 9188 4812 1958
f 9188 1958 9189
f 9188 9189 4814
f 4814 9189 1960
f 9189 1958 9186
f 9189 9186 9190
f 9190 9186 528
f 4831 530 9187
f 4831 9187 9191
f 9191 9187 1959
f 9191 1959 9192
f 9191 9192 4817
f 4817 9192 1962
f 9192 1959 4813
f 9192 4813 9193
f 9193 4813 529
f 9194 531 4818
f 9194 4818 9195
f 9195 4818 1962
f 9195 1962 9196
f 9195 9196 4820
f 4820 9196 1964
f 9196 1962 9193
f 9196 9193 9197
f 9197 9193 529
f 4825 531 9194
f 4825 9194 9198
f 9198 9194 1963
f 9198 1963 9199
f 9198 9199 4823
f 4823 9199 1966
f 9199 1963 4819
f 9199 4819 9200
f 9200 4819 231
f 4822 227 9201
f 4822 9201 9202
f 9202 9201 1967
f 9202 1967 9203
f 9202 9203 4826
f 4826 9203 1968
f 9203 1967 6083
f 9203 6083 9204
f 9204 6083 55
f 9205 531 4827
f 9205 4827 9206
f 9206 4827 1968
f 9206 1968 9207
f 9206 9207 4829
f 4829 9207 1970
f 9207 1968 9204
f 9207 9204 4970
f 4970 9204 55
f 4816 531 9205
f 4816 9205 9208
f 9208 9205 1969
f 9208 1969 9209
f 9208 9209 4832
f 4832 9209 1971
f 9209 1969 4828
f 9209 4828 9210
f 9210 4828 532
f 9211 530 4833
f 9211 4833 9212
f 9212 4833 1971
f 9212 1971 9213
f 9212 9213 4835
f 4835 9213 1973
f 9213 1971 9210
f 9213 9210 4972
f 4972 9210 532
f 4904 530 9211
f 4904 9211 9214
f 9214 9211 1972
f 9214 1972 9215
f 9214 9215 4838
f 4838 9215 1975
f 9215 1972 4834
f 9215 4834 9216
f 9216 4834 541
f 9217 540 4839
f 9217 4839 9218
f 9218 4839 1975
f 9218 1975 9219
f 9218 9219 4841
f 4841 9219 1977
f 9219 1975 9216
f 9219 9216 9220
f 9220 9216 541
f 4858 540 9217
f 4858 9217 9221
f 9221 9217 1976
f 9221 1976 9222
f 9221 9222 4844
f 4844 9222 1979
f 9222 1976 4840
f 9222 4840 9223
f 9223 4840 542
f 9224 543 4845
f 9224 4845 9225
f 9225 4845 1979
f 9225 1979 9226
f 9225 9226 4847
f 4847 9226 1981
f 9226 1979 9223
f 9226 9223 9227
f 9227 9223 542
f 4852 543 9224
f 4852 9224 9228
f 9228 9224 1980
f 9228 1980 9229
f 9228 9229 4850
f 4850 9229 1983
f 9229 1980 4846
f 9229 4846 4954
f 4954 4846 491
f 4849 490 4949
f 4849 4949 9230
f 9230 4949 1984
f 9230 1984 9231
f 9230 9231 4853
f 4853 9231 1985
f 9231 1984 9232
f 9231 9232 9233
f 9233 9232 482
f 9234 543 4854
f 9234 4854 9235
f 9235 4854 1985
f 9235 1985 9236
f 9235 9236 4856
f 4856 9236 1987
f 9236 1985 9233
f 9236 9233 9237
f 9237 9233 482
f 4843 543 9234
f 4843 9234 9238
f 9238 9234 1986
f 9238 1986 9239
f 9238 9239 4859
f 4859 9239 1988
f 9239 1986 4855
f 9239 4855 9240
f 9240 4855 480
f 9241 540 4860
f 9241 4860 9242
f 9242 4860 1988
f 9242 1988 9243
f 9242 9243 4862
f 4862 9243 1990
f 9243 1988 9240
f 9243 9240 9244
f 9244 9240 480
f 4901 540 9241
f 4901 9241 9245
f 9245 9241 1989
f 9245 1989 9246
f 9245 9246 4865
f 4865 9246 1992
f 9246 1989 4861
f 9246 4861 9247
f 9247 4861 478
f 9248 539 4866
f 9248 4866 9249
f 9249 4866 1992
f 9249 1992 9250
f 9249 9250 4868
f 4868 9250 1994
f 9250 1992 9247
f 9250 9247 9251
f 9251 9247 478
f 4895 539 9248
f 4895 9248 9252
f 9252 9248 1993
f 9252 1993 9253
f 9252 9253 4871
f 4871 9253 1996
f 9253 1993 4867
f 9253 4867 9254
f 9254 4867 476
f 9255 504 4872
f 9255 4872 9256
f 9256 4872 1996
f 9256 1996 9257
f 9256 9257 4874
f 4874 9257 1998
f 9257 1996 9254
f 9257 9254 4914
f 4914 9254 476
f 4889 504 9255
f 4889 9255 9258
f 9258 9255 1997
f 9258 1997 9259
f 9258 9259 4877
f 4877 9259 2000
f 9259 1997 4873
f 9259 4873 9260
f 9260 4873 503
f 9261 505 4878
f 9261 4878 9262
f 9262 4878 2000
f 9262 2000 9263
f 9262 9263 4880
f 4880 9263 2002
f 9263 2000 9260
f 9263 9260 9264
f 9264 9260 503
f 4884 505 9261
f 4884 9261 9265
f 9265 9261 2001
f 9265 2001 9266
f 9265 9266 4883
f 4883 9266 1863
f 9266 2001 4879
f 9266 4879 9001
f 9001 4879 519
f 4882 523 9152
f 4882 9152 9267
f 9267 9152 1941
f 9267 1941 9268
f 9267 9268 4885
f 4885 9268 2004
f 9268 1941 4786
f 9268 4786 9269
f 9269 4786 507
f 9270 505 4886
f 9270 4886 9271
f 9271 4886 2004
f 9271 2004 9272
f 9271 9272 4888
f 4888 9272 1945
f 9272 2004 9269
f 9272 9269 9160
f 9160 9269 507
f 4876 505 9270
f 4876 9270 9273
f 9273 9270 2005
f 9273 2005 9274
f 9273 9274 4890
f 4890 9274 2006
f 9274 2005 4887
f 9274 4887 9275
f 9275 4887 506
f 9276 504 4891
f 9276 4891 9277
f 9277 4891 2006
f 9277 2006 9278
f 9277 9278 4893
f 4893 9278 2008
f 9278 2006 9275
f 9278 9275 9279
f 9279 9275 506
f 4870 504 9276
f 4870 9276 9280
f 9280 9276 2007
f 9280 2007 9281
f 9280 9281 4896
f 4896 9281 2009
f 9281 2007 4892
f 9281 4892 9282
f 9282 4892 526
f 9283 539 4897
f 9283 4897 9284
f 9284 4897 2009
f 9284 2009 9285
f 9284 9285 4899
f 4899 9285 2011
f 9285 2009 9282
f 9285 9282 4909
f 4909 9282 526
f 4864 539 9283
f 4864 9283 9286
f 9286 9283 2010
f 9286 2010 9287
f 9286 9287 4902
f 4902 9287 2012
f 9287 2010 4898
f 9287 4898 9288
f 9288 4898 538
f 4837 540 4903
f 4837 4903 9289
f 9289 4903 2012
f 9289 2012 9290
f 9289 9290 4905
f 4905 9290 2013
f 9290 2012 9288
f 9290 9288 9291
f 9291 9288 538
f 4810 530 4906
f 4810 4906 9292
f 9292 4906 2013
f 9292 2013 9293
f 9292 9293 4908
f 4908 9293 2011
f 9293 2013 9291
f 9293 9291 4900
f 4900 9291 538
f 9279 506 9168
f 9279 9168 9294
f 9294 9168 1949
f 9294 1949 9295
f 9294 9295 4910
f 4910 9295 1953
f 9295 1949 4798
f 9295 4798 9176
f 9176 4798 525
f 9011 519 4881
f 9011 4881 9296
f 9296 4881 2002
f 9296 2002 9297
f 9296 9297 4911
f 4911 9297 2014
f 9297 2002 9264
f 9297 9264 9298
f 9298 9264 503
f 9018 502 4912
f 9018 4912 9299
f 9299 4912 2014
f 9299 2014 9300
f 9299 9300 4913
f 4913 9300 1998
f 9300 2014 9298
f 9300 9298 4875
f 4875 9298 503
f 9025 476 4869
f 9025 4869 9301
f 9301 4869 1994
f 9301 1994 9302
f 9301 9302 4915
f 4915 9302 2015
f 9302 1994 9251
f 9302 9251 9303
f 9303 9251 478
f 9032 477 4916
f 9032 4916 9304
f 9304 4916 2015
f 9304 2015 9305
f 9304 9305 4917
f 4917 9305 2016
f 9305 2015 9303
f 9305 9303 9306
f 9306 9303 478
f 9306 478 4863
f 9306 4863 9307
f 9307 4863 1990
f 9307 1990 9308
f 9307 9308 4919
f 4919 9308 2017
f 9308 1990 9244
f 9308 9244 9309
f 9309 9244 480
f 9039 479 4920
f 9039 4920 9310
f 9310 4920 2017
f 9310 2017 9311
f 9310 9311 4921
f 4921 9311 2018
f 9311 2017 9309
f 9311 9309 9312
f 9312 9309 480
f 9312 480 4857
f 9312 4857 9313
f 9313 4857 1987
f 9313 1987 9314
f 9313 9314 4923
f 4923 9314 2019
f 9314 1987 9237
f 9314 9237 9315
f 9315 9237 482
f 9316 481 4924
f 9316 4924 9317
f 9317 4924 2019
f 9317 2019 9318
f 9317 9318 4926
f 4926 9318 2021
f 9318 2019 9315
f 9318 9315 4946
f 4946 9315 482
f 4940 481 9316
f 4940 9316 9319
f 9319 9316 2020
f 9319 2020 9320
f 9319 9320 4929
f 4929 9320 2023
f 9320 2020 4925
f 9320 4925 9321
f 9321 4925 483
f 9322 682 4930
f 9322 4930 9323
f 9323 4930 2023
f 9323 2023 9324
f 9323 9324 4932
f 4932 9324 2025
f 9324 2023 9321
f 9324 9321 9325
f 9325 9321 483
f 4937 682 9322
f 4937 9322 9326
f 9326 9322 2024
f 9326 2024 9327
f 9326 9327 4935
f 4935 9327 1799
f 9327 2024 4931
f 9327 4931 4564
f 4564 4931 485
f 4934 546 4646
f 4934 4646 9328
f 9328 4646 1851
f 9328 1851 9329
f 9328 9329 4938
f 4938 9329 2027
f 9329 1851 8976
f 9329 8976 9330
f 9330 8976 499
f 4928 682 4939
f 4928 4939 9331
f 9331 4939 2027
f 9331 2027 9332
f 9331 9332 4941
f 4941 9332 1878
f 9332 2027 9330
f 9332 9330 9036
f 9036 9330 499
f 8880 485 4933
f 8880 4933 9333
f 9333 4933 2025
f 9333 2025 9334
f 9333 9334 4942
f 4942 9334 2028
f 9334 2025 9325
f 9334 9325 9335
f 9335 9325 483
f 9336 484 4943
f 9336 4943 9337
f 9337 4943 2028
f 9337 2028 9338
f 9337 9338 4945
f 4945 9338 2021
f 9338 2028 9335
f 9338 9335 4927
f 4927 9335 483
f 9339 484 9336
f 9339 9336 9340
f 9340 9336 2029
f 9340 2029 9341
f 9340 9341 4948
f 4948 9341 1984
f 9341 2029 4944
f 9341 4944 9232
f 9232 4944 482
f 8886 484 9339
f 8886 9339 9342
f 9342 9339 2030
f 9342 2030 9343
f 9342 9343 4950
f 4950 9343 2031
f 9343 2030 4947
f 9343 4947 9344
f 9344 4947 490
f 9345 489 4951
f 9345 4951 9346
f 9346 4951 2031
f 9346 2031 9347
f 9346 9347 4953
f 4953 9347 1983
f 9347 2031 9344
f 9347 9344 4851
f 4851 9344 490
f 4251 489 9345
f 4251 9345 9348
f 9348 9345 2032
f 9348 2032 9349
f 9348 9349 4956
f 4956 9349 2033
f 9349 2032 4952
f 9349 4952 9350
f 9350 4952 491
f 9351 492 4957
f 9351 4957 9352
f 9352 4957 2033
f 9352 2033 9353
f 9352 9353 4959
f 4959 9353 2035
f 9353 2033 9350
f 9353 9350 9354
f 9354 9350 491
f 4385 492 9351
f 4385 9351 9355
f 9355 9351 2034
f 9355 2034 9356
f 9355 9356 4962
f 4962 9356 1681
f 9356 2034 4958
f 9356 4958 8633
f 8633 4958 497
f 9354 491 4848
f 9354 4848 9357
f 9357 4848 1981
f 9357 1981 9358
f 9357 9358 4963
f 4963 9358 2036
f 9358 1981 9227
f 9358 9227 9359
f 9359 9227 542
f 9360 497 4964
f 9360 4964 9361
f 9361 4964 2036
f 9361 2036 9362
f 9361 9362 4966
f 4966 9362 2038
f 9362 2036 9359
f 9362 9359 9363
f 9363 9359 542
f 9364 497 9360
f 9364 9360 9365
f 9365 9360 2037
f 9365 2037 9366
f 9365 9366 4969
f 4969 9366 1970
f 9366 2037 4965
f 9366 4965 4830
f 4830 4965 532
f 9363 542 4842
f 9363 4842 9367
f 9367 4842 1977
f 9367 1977 9368
f 9367 9368 4971
f 4971 9368 1973
f 9368 1977 9220
f 9368 9220 4836
f 4836 9220 541
f 8634 497 9364
f 8634 9364 9369
f 9369 9364 2039
f 9369 2039 9370
f 9369 9370 4974
f 4974 9370 2040
f 9370 2039 4968
f 9370 4968 9371
f 9371 4968 55
f 9372 533 4975
f 9372 4975 9373
f 9373 4975 2040
f 9373 2040 9374
f 9373 9374 4977
f 4977 9374 949
f 9374 2040 9371
f 9374 9371 7144
f 7144 9371 55
f 8646 533 9372
f 8646 9372 9375
f 9375 9372 2041
f 9375 2041 9376
f 9375 9376 4979
f 4979 9376 946
f 9376 2041 4976
f 9376 4976 7137
f 7137 4976 534
f 9190 528 4809
f 9190 4809 9377
f 9377 4809 1956
f 9377 1956 9378
f 9377 9378 4981
f 4981 9378 2042
f 9378 1956 9183
f 9378 9183 9379
f 9379 9183 527
f 9380 529 4982
f 9380 4982 9381
f 9381 4982 2042
f 9381 2042 9382
f 9381 9382 4984
f 4984 9382 2044
f 9382 2042 9379
f 9382 9379 9383
f 9383 9379 527
f 9197 529 9380
f 9197 9380 9384
f 9384 9380 2043
f 9384 2043 9385
f 9384 9385 4986
f 4986 9385 2045
f 9385 2043 4983
f 9385 4983 9386
f 9386 4983 383
f 9387 231 4987
f 9387 4987 9388
f 9388 4987 2045
f 9388 2045 9389
f 9388 9389 4989
f 4989 9389 2047
f 9389 2045 9386
f 9389 9386 9390
f 9390 9386 383
f 3417 231 9387
f 3417 9387 9391
f 9391 9387 2046
f 9391 2046 9392
f 9391 9392 4992
f 4992 9392 851
f 9392 2046 4988
f 9392 4988 6977
f 6977 4988 89
f 9175 524 9393
f 9175 9393 9394
f 9394 9393 2048
f 9394 2048 9395
f 9394 9395 4994
f 4994 9395 2049
f 9395 2048 5013
f 9395 5013 9396
f 9396 5013 536
f 9383 527 4995
f 9383 4995 9397
f 9397 4995 2049
f 9397 2049 9398
f 9397 9398 4996
f 4996 9398 2050
f 9398 2049 9396
f 9398 9396 9399
f 9399 9396 536
f 9151 513 9053
f 9151 9053 9400
f 9400 9053 1887
f 9400 1887 9401
f 9400 9401 4998
f 4998 9401 2051
f 9401 1887 4707
f 9401 4707 9402
f 9402 4707 511
f 9403 509 4999
f 9403 4999 9404
f 9404 4999 2051
f 9404 2051 9405
f 9404 9405 5001
f 5001 9405 2053
f 9405 2051 9402
f 9405 9402 9406
f 9406 9402 511
f 9159 509 9403
f 9159 9403 9407
f 9407 9403 2052
f 9407 2052 9408
f 9407 9408 5003
f 5003 9408 2054
f 9408 2052 5000
f 9408 5000 9409
f 9409 5000 510
f 9410 508 5004
f 9410 5004 9411
f 9411 5004 2054
f 9411 2054 9412
f 9411 9412 5006
f 5006 9412 2056
f 9412 2054 9409
f 9412 9409 9413
f 9413 9409 510
f 9167 508 9410
f 9167 9410 9414
f 9414 9410 2055
f 9414 2055 9415
f 9414 9415 5008
f 5008 9415 2057
f 9415 2055 5005
f 9415 5005 9416
f 9416 5005 537
f 9417 524 5009
f 9417 5009 9418
f 9418 5009 2057
f 9418 2057 9419
f 9418 9419 5011
f 5011 9419 2059
f 9419 2057 9416
f 9419 9416 9420
f 9420 9416 537
f 9393 524 9417
f 9393 9417 9421
f 9421 9417 2058
f 9421 2058 9422
f 9421 9422 5014
f 5014 9422 2060
f 9422 2058 5010
f 9422 5010 9423
f 9423 5010 358
f 9424 536 5015
f 9424 5015 9425
f 9425 5015 2060
f 9425 2060 9426
f 9425 9426 5017
f 5017 9426 2062
f 9426 2060 9423
f 9426 9423 5636
f 5636 9423 358
f 9399 536 9424
f 9399 9424 9427
f 9427 9424 2061
f 9427 2061 9428
f 9427 9428 5019
f 5019 9428 2063
f 9428 2061 5016
f 9428 5016 9429
f 9429 5016 360
f 9430 383 5020
f 9430 5020 9431
f 9431 5020 2063
f 9431 2063 9432
f 9431 9432 5022
f 5022 9432 2065
f 9432 2063 9429
f 9432 9429 5543
f 5543 9429 360
f 9406 511 9060
f 9406 9060 9433
f 9433 9060 1891
f 9433 1891 9434
f 9433 9434 5024
f 5024 9434 2066
f 9434 1891 4713
f 9434 4713 9435
f 9435 4713 410
f 9413 510 5025
f 9413 5025 9436
f 9436 5025 2066
f 9436 2066 9437
f 9436 9437 5026
f 5026 9437 2067
f 9437 2066 9435
f 9437 9435 9438
f 9438 9435 410
f 9420 537 5027
f 9420 5027 9439
f 9439 5027 2067
f 9439 2067 9440
f 9439 9440 5028
f 5028 9440 2068
f 9440 2067 9438
f 9440 9438 9441
f 9441 9438 410
f 9442 358 5029
f 9442 5029 9443
f 9443 5029 2068
f 9443 2068 9444
f 9443 9444 5031
f 5031 9444 1895
f 9444 2068 9441
f 9444 9441 9067
f 9067 9441 410
f 5634 358 9442
f 5634 9442 9445
f 9445 9442 2069
f 9445 2069 9446
f 9445 9446 5033
f 5033 9446 2071
f 9446 2069 5030
f 9446 5030 9447
f 9447 5030 400
f 9448 359 5034
f 9448 5034 9449
f 9449 5034 2071
f 9449 2071 9450
f 9449 9450 5036
f 5036 9450 1899
f 9450 2071 9447
f 9450 9447 9075
f 9075 9447 400
f 5631 359 9448
f 5631 9448 9451
f 9451 9448 2072
f 9451 2072 9452
f 9451 9452 5038
f 5038 9452 2074
f 9452 2072 5035
f 9452 5035 9453
f 9453 5035 398
f 9454 361 5039
f 9454 5039 9455
f 9455 5039 2074
f 9455 2074 9456
f 9455 9456 5041
f 5041 9456 2076
f 9456 2074 9453
f 9456 9453 9457
f 9457 9453 398
f 8252 298 8724
f 8252 8724 9458
f 9458 8724 1725
f 9458 1725 9459
f 9458 9459 5044
f 5044 9459 2077
f 9459 1725 4453
f 9459 4453 9460
f 9460 4453 562
f 9461 563 5045
f 9461 5045 9462
f 9462 5045 2077
f 9462 2077 9463
f 9462 9463 5047
f 5047 9463 2079
f 9463 2077 9460
f 9463 9460 9464
f 9464 9460 562
f 9465 563 9461
f 9465 9461 9466
f 9466 9461 2078
f 9466 2078 9467
f 9466 9467 5050
f 5050 9467 2081
f 9467 2078 5046
f 9467 5046 9468
f 9468 5046 561
f 4167 563 9465
f 4167 9465 9469
f 9469 9465 2080
f 9469 2080 9470
f 9469 9470 5053
f 5053 9470 2082
f 9470 2080 5049
f 9470 5049 9471
f 9471 5049 560
f 9472 564 5054
f 9472 5054 9473
f 9473 5054 2082
f 9473 2082 9474
f 9473 9474 5056
f 5056 9474 2084
f 9474 2082 9471
f 9474 9471 9475
f 9475 9471 560
f 4164 564 9472
f 4164 9472 9476
f 9476 9472 2083
f 9476 2083 9477
f 9476 9477 5059
f 5059 9477 2085
f 9477 2083 5055
f 9477 5055 9478
f 9478 5055 557
f 9479 124 5060
f 9479 5060 9480
f 9480 5060 2085
f 9480 2085 9481
f 9480 9481 5062
f 5062 9481 2087
f 9481 2085 9478
f 9481 9478 9482
f 9482 9478 557
f 9483 124 9479
f 9483 9479 9484
f 9484 9479 2086
f 9484 2086 9485
f 9484 9485 5065
f 5065 9485 1467
f 9485 2086 5061
f 9485 5061 3989
f 3989 5061 547
f 9464 562 8728
f 9464 8728 9486
f 9486 8728 1727
f 9486 1727 9487
f 9486 9487 5067
f 5067 9487 2089
f 9487 1727 4456
f 9487 4456 9488
f 9488 4456 559
f 9468 561 5068
f 9468 5068 9489
f 9489 5068 2089
f 9489 2089 9490
f 9489 9490 5069
f 5069 9490 2090
f 9490 2089 9488
f 9490 9488 9491
f 9491 9488 559
f 9475 560 5070
f 9475 5070 9492
f 9492 5070 2090
f 9492 2090 9493
f 9492 9493 5071
f 5071 9493 2091
f 9493 2090 9491
f 9493 9491 9494
f 9494 9491 559
f 9495 557 5072
f 9495 5072 9496
f 9496 5072 2091
f 9496 2091 9497
f 9496 9497 5074
f 5074 9497 2093
f 9497 2091 9494
f 9497 9494 9498
f 9498 9494 559
f 9482 557 9495
f 9482 9495 9499
f 9499 9495 2092
f 9499 2092 9500
f 9499 9500 5076
f 5076 9500 2094
f 9500 2092 5073
f 9500 5073 9501
f 9501 5073 558
f 5145 547 5077
f 5145 5077 9502
f 9502 5077 2094
f 9502 2094 9503
f 9502 9503 5079
f 5079 9503 2096
f 9503 2094 9501
f 9503 9501 9504
f 9504 9501 558
f 9498 559 8735
f 9498 8735 9505
f 9505 8735 1730
f 9505 1730 9506
f 9505 9506 5081
f 5081 9506 2097
f 9506 1730 4462
f 9506 4462 9507
f 9507 4462 327
f 9508 558 5082
f 9508 5082 9509
f 9509 5082 2097
f 9509 2097 9510
f 9509 9510 5084
f 5084 9510 2099
f 9510 2097 9507
f 9510 9507 9511
f 9511 9507 327
f 9504 558 9508
f 9504 9508 9512
f 9512 9508 2098
f 9512 2098 9513
f 9512 9513 5086
f 5086 9513 2100
f 9513 2098 5083
f 9513 5083 9514
f 9514 5083 328
f 9515 548 5087
f 9515 5087 9516
f 9516 5087 2100
f 9516 2100 9517
f 9516 9517 5089
f 5089 9517 1732
f 9517 2100 9514
f 9517 9514 8739
f 8739 9514 328
f 5142 548 9515
f 5142 9515 9518
f 9518 9515 2101
f 9518 2101 9519
f 9518 9519 5091
f 5091 9519 2103
f 9519 2101 5088
f 9519 5088 9520
f 9520 5088 556
f 9521 550 5092
f 9521 5092 9522
f 9522 5092 2103
f 9522 2103 9523
f 9522 9523 5094
f 5094 9523 1736
f 9523 2103 9520
f 9523 9520 8747
f 8747 9520 556
f 5137 550 9521
f 5137 9521 9524
f 9524 9521 2104
f 9524 2104 9525
f 9524 9525 5096
f 5096 9525 2106
f 9525 2104 5093
f 9525 5093 9526
f 9526 5093 555
f 9527 552 5097
f 9527 5097 9528
f 9528 5097 2106
f 9528 2106 9529
f 9528 9529 5099
f 5099 9529 1739
f 9529 2106 9526
f 9529 9526 8754
f 8754 9526 555
f 5132 552 9527
f 5132 9527 9530
f 9530 9527 2107
f 9530 2107 9531
f 9530 9531 5101
f 5101 9531 2109
f 9531 2107 5098
f 9531 5098 9532
f 9532 5098 554
f 9533 553 5102
f 9533 5102 9534
f 9534 5102 2109
f 9534 2109 9535
f 9534 9535 5104
f 5104 9535 1743
f 9535 2109 9532
f 9535 9532 8762
f 8762 9532 554
f 5126 553 9533
f 5126 9533 9536
f 9536 9533 2110
f 9536 2110 9537
f 9536 9537 5106
f 5106 9537 2112
f 9537 2110 5103
f 9537 5103 9538
f 9538 5103 467
f 9539 469 5107
f 9539 5107 9540
f 9540 5107 2112
f 9540 2112 9541
f 9540 9541 5109
f 5109 9541 1854
f 9541 2112 9538
f 9541 9538 4652
f 4652 9538 467
f 5123 469 9539
f 5123 9539 9542
f 9542 9539 2113
f 9542 2113 9543
f 9542 9543 5112
f 5112 9543 2115
f 9543 2113 5108
f 9543 5108 9544
f 9544 5108 468
f 9545 470 5113
f 9545 5113 9546
f 9546 5113 2115
f 9546 2115 9547
f 9546 9547 5115
f 5115 9547 1833
f 9547 2115 9544
f 9547 9544 8938
f 8938 9544 468
f 9548 470 9545
f 9548 9545 9549
f 9549 9545 2116
f 9549 2116 9550
f 9549 9550 5117
f 5117 9550 2118
f 9550 2116 5114
f 9550 5114 9551
f 9551 5114 472
f 9552 471 5118
f 9552 5118 9553
f 9553 5118 2118
f 9553 2118 9554
f 9553 9554 5120
f 5120 9554 1837
f 9554 2118 9551
f 9554 9551 8946
f 8946 9551 472
f 9555 471 9552
f 9555 9552 9556
f 9556 9552 2119
f 9556 2119 9557
f 9556 9557 5122
f 5122 9557 1841
f 9557 2119 5119
f 9557 5119 8954
f 8954 5119 473
f 5111 470 9548
f 5111 9548 9558
f 9558 9548 2117
f 9558 2117 9559
f 9558 9559 5124
f 5124 9559 2121
f 9559 2117 5116
f 9559 5116 5165
f 5165 5116 471
f 5105 469 9560
f 5105 9560 9561
f 9561 9560 2122
f 9561 2122 9562
f 9561 9562 5127
f 5127 9562 2123
f 9562 2122 9563
f 9562 9563 9564
f 9564 9563 544
f 9565 553 5128
f 9565 5128 9566
f 9566 5128 2123
f 9566 2123 9567
f 9566 9567 5130
f 5130 9567 2125
f 9567 2123 9564
f 9567 9564 9568
f 9568 9564 544
f 5100 553 9565
f 5100 9565 9569
f 9569 9565 2124
f 9569 2124 9570
f 9569 9570 5133
f 5133 9570 2126
f 9570 2124 5129
f 9570 5129 9571
f 9571 5129 545
f 9572 552 5134
f 9572 5134 9573
f 9573 5134 2126
f 9573 2126 9574
f 9573 9574 5136
f 5136 9574 1454
f 9574 2126 9571
f 9574 9571 8134
f 8134 9571 545
f 5095 552 9572
f 5095 9572 9575
f 9575 9572 2127
f 9575 2127 9576
f 9575 9576 5138
f 5138 9576 2128
f 9576 2127 5135
f 9576 5135 9577
f 9577 5135 551
f 9578 550 5139
f 9578 5139 9579
f 9579 5139 2128
f 9579 2128 9580
f 9579 9580 5141
f 5141 9580 1463
f 9580 2128 9577
f 9580 9577 8157
f 8157 9577 551
f 5090 550 9578
f 5090 9578 9581
f 9581 9578 2129
f 9581 2129 9582
f 9581 9582 5143
f 5143 9582 2130
f 9582 2129 5140
f 9582 5140 9583
f 9583 5140 549
f 5078 548 5144
f 5078 5144 9584
f 9584 5144 2130
f 9584 2130 9585
f 9584 9585 5146
f 5146 9585 1466
f 9585 2130 9583
f 9585 9583 8164
f 8164 9583 549
f 3957 545 5131
f 3957 5131 9586
f 9586 5131 2125
f 9586 2125 9587
f 9586 9587 5148
f 5148 9587 2131
f 9587 2125 9568
f 9587 9568 9588
f 9588 9568 544
f 9589 149 5149
f 9589 5149 9590
f 9590 5149 2131
f 9590 2131 9591
f 9590 9591 5151
f 5151 9591 2133
f 9591 2131 9588
f 9591 9588 9592
f 9592 9588 544
f 5184 149 9589
f 5184 9589 9593
f 9593 9589 2132
f 9593 2132 9594
f 9593 9594 5154
f 5154 9594 2135
f 9594 2132 5150
f 9594 5150 9595
f 9595 5150 471
f 9596 151 5155
f 9596 5155 9597
f 9597 5155 2135
f 9597 2135 9598
f 9597 9598 5157
f 5157 9598 2120
f 9598 2135 9595
f 9598 9595 9555
f 9555 9595 471
f 5169 151 9596
f 5169 9596 9599
f 9599 9596 2136
f 9599 2136 9600
f 9599 9600 5159
f 5159 9600 2138
f 9600 2136 5156
f 9600 5156 9601
f 9601 5156 154
f 6597 153 5160
f 6597 5160 9602
f 9602 5160 2138
f 9602 2138 9603
f 9602 9603 5162
f 5162 9603 2140
f 9603 2138 9601
f 9603 9601 9604
f 9604 9601 154
f 9592 544 9563
f 9592 9563 9605
f 9605 9563 2122
f 9605 2122 9606
f 9605 9606 5164
f 5164 9606 2121
f 9606 2122 9560
f 9606 9560 5125
f 5125 9560 469
f 9604 154 8962
f 9604 8962 9607
f 9607 8962 1845
f 9607 1845 9608
f 9607 9608 5166
f 5166 9608 2141
f 9608 1845 4637
f 9608 4637 9609
f 9609 4637 155
f 6994 83 5167
f 6994 5167 9610
f 9610 5167 2141
f 9610 2141 9611
f 9610 9611 5168
f 5168 9611 1847
f 9611 2141 9609
f 9611 9609 8966
f 8966 9609 155
f 5158 153 9612
f 5158 9612 9613
f 9613 9612 2142
f 9613 2142 9614
f 9613 9614 5170
f 5170 9614 2143
f 9614 2142 6603
f 9614 6603 9615
f 9615 6603 152
f 9616 151 5171
f 9616 5171 9617
f 9617 5171 2143
f 9617 2143 9618
f 9617 9618 5173
f 5173 9618 2145
f 9618 2143 9615
f 9618 9615 6530
f 6530 9615 152
f 9619 151 9616
f 9619 9616 9620
f 9620 9616 2144
f 9620 2144 9621
f 9620 9621 5176
f 5176 9621 2147
f 9621 2144 5172
f 9621 5172 9622
f 9622 5172 704
f 9623 150 5177
f 9623 5177 9624
f 9624 5177 2147
f 9624 2147 9625
f 9624 9625 5179
f 5179 9625 905
f 9625 2147 9622
f 9625 9622 3088
f 3088 9622 704
f 9626 150 9623
f 9626 9623 9627
f 9627 9623 2148
f 9627 2148 9628
f 9627 9628 5182
f 5182 9628 2150
f 9628 2148 5178
f 9628 5178 9629
f 9629 5178 46
f 5153 151 9619
f 5153 9619 9630
f 9630 9619 2146
f 9630 2146 9631
f 9630 9631 5185
f 5185 9631 2151
f 9631 2146 5175
f 9631 5175 9632
f 9632 5175 150
f 9633 149 5186
f 9633 5186 9634
f 9634 5186 2151
f 9634 2151 9635
f 9634 9635 5188
f 5188 9635 2149
f 9635 2151 9632
f 9635 9632 9626
f 9626 9632 150
f 8126 149 9633
f 8126 9633 9636
f 9636 9633 2152
f 9636 2152 9637
f 9636 9637 5190
f 5190 9637 2153
f 9637 2152 5187
f 9637 5187 9638
f 9638 5187 143
f 8133 148 5191
f 8133 5191 9639
f 9639 5191 2153
f 9639 2153 9640
f 9639 9640 5192
f 5192 9640 2154
f 9640 2153 9638
f 9640 9638 9641
f 9641 9638 143
f 9457 398 9079
f 9457 9079 9642
f 9642 9079 1901
f 9642 1901 9643
f 9642 9643 5194
f 5194 9643 2155
f 9643 1901 4728
f 9643 4728 9644
f 9644 4728 63
f 9645 376 5195
f 9645 5195 9646
f 9646 5195 2155
f 9646 2155 9647
f 9646 9647 5197
f 5197 9647 2157
f 9647 2155 9644
f 9647 9644 5204
f 5204 9644 63
f 9648 376 9645
f 9648 9645 9649
f 9649 9645 2156
f 9649 2156 9650
f 9649 9650 5200
f 5200 9650 1172
f 9650 2156 5196
f 9650 5196 7569
f 7569 5196 69
f 7030 65 3061
f 7030 3061 9651
f 9651 3061 881
f 9651 881 9652
f 9651 9652 5203
f 5203 9652 2157
f 9652 881 7026
f 9652 7026 5198
f 5198 7026 69
f 9653 376 9648
f 9653 9648 9654
f 9654 9648 2158
f 9654 2158 9655
f 9654 9655 5206
f 5206 9655 2160
f 9655 2158 5199
f 9655 5199 9656
f 9656 5199 465
f 9657 375 5207
f 9657 5207 9658
f 9658 5207 2160
f 9658 2160 9659
f 9658 9659 5209
f 5209 9659 1169
f 9659 2160 9656
f 9659 9656 7562
f 7562 9656 465
f 9660 375 9657
f 9660 9657 9661
f 9661 9657 2161
f 9661 2161 9662
f 9661 9662 5212
f 5212 9662 2163
f 9662 2161 5208
f 9662 5208 9663
f 9663 5208 464
f 9664 374 5213
f 9664 5213 9665
f 9665 5213 2163
f 9665 2163 9666
f 9665 9666 5215
f 5215 9666 1153
f 9666 2163 9663
f 9666 9663 7527
f 7527 9663 464
f 5221 374 9664
f 5221 9664 9667
f 9667 9664 2164
f 9667 2164 9668
f 9667 9668 5217
f 5217 9668 2166
f 9668 2164 5214
f 9668 5214 9669
f 9669 5214 463
f 9670 367 5218
f 9670 5218 9671
f 9671 5218 2166
f 9671 2166 9672
f 9671 9672 5220
f 5220 9672 1155
f 9672 2166 9669
f 9672 9669 7531
f 7531 9669 463
f 5216 367 5615
f 5216 5615 9673
f 9673 5615 2168
f 9673 2168 9674
f 9673 9674 5222
f 5222 9674 2169
f 9674 2168 9675
f 9674 9675 9676
f 9676 9675 365
f 9677 247 9678
f 9677 9678 9679
f 9679 9678 2171
f 9679 2171 9680
f 9679 9680 5225
f 5225 9680 2172
f 9680 2171 6013
f 9680 6013 9681
f 9681 6013 244
f 5597 370 5226
f 5597 5226 9682
f 9682 5226 2172
f 9682 2172 9683
f 9682 9683 5228
f 5228 9683 2174
f 9683 2172 9681
f 9683 9681 9684
f 9684 9681 244
f 9684 244 9685
f 9684 9685 9686
f 9686 9685 2175
f 9686 2175 9687
f 9686 9687 5230
f 5230 9687 2176
f 9687 2175 6019
f 9687 6019 9688
f 9688 6019 243
f 5592 371 5231
f 5592 5231 9689
f 9689 5231 2176
f 9689 2176 9690
f 9689 9690 5233
f 5233 9690 2178
f 9690 2176 9688
f 9690 9688 9691
f 9691 9688 243
f 9691 243 9692
f 9691 9692 9693
f 9693 9692 2179
f 9693 2179 9694
f 9693 9694 5235
f 5235 9694 2180
f 9694 2179 6005
f 9694 6005 9695
f 9695 6005 248
f 5587 372 5236
f 5587 5236 9696
f 9696 5236 2180
f 9696 2180 9697
f 9696 9697 5238
f 5238 9697 2182
f 9697 2180 9695
f 9697 9695 9698
f 9698 9695 248
f 9698 248 9699
f 9698 9699 9700
f 9700 9699 2183
f 9700 2183 9701
f 9700 9701 5240
f 5240 9701 2184
f 9701 2183 6010
f 9701 6010 9702
f 9702 6010 66
f 7469 373 5241
f 7469 5241 9703
f 9703 5241 2184
f 9703 2184 9704
f 9703 9704 5242
f 5242 9704 2185
f 9704 2184 9702
f 9704 9702 9705
f 9705 9702 66
f 9705 66 6982
f 9705 6982 9706
f 9706 6982 854
f 9706 854 9707
f 9706 9707 5244
f 5244 9707 2186
f 9707 854 6979
f 9707 6979 9708
f 9708 6979 88
f 9709 232 5245
f 9709 5245 9710
f 9710 5245 2186
f 9710 2186 9711
f 9710 9711 5247
f 5247 9711 2188
f 9711 2186 9708
f 9711 9708 9712
f 9712 9708 88
f 9713 67 9714
f 9713 9714 9715
f 9715 9714 2190
f 9715 2190 9716
f 9715 9716 5250
f 5250 9716 2191
f 9716 2190 9717
f 9716 9717 9718
f 9718 9717 249
f 3490 241 5251
f 3490 5251 9719
f 9719 5251 2191
f 9719 2191 9720
f 9719 9720 5253
f 5253 9720 2192
f 9720 2191 9718
f 9720 9718 9721
f 9721 9718 249
f 9721 249 9722
f 9721 9722 9723
f 9723 9722 2193
f 9723 2193 9724
f 9723 9724 5255
f 5255 9724 2194
f 9724 2193 9725
f 9724 9725 9726
f 9726 9725 245
f 3484 462 5256
f 3484 5256 9727
f 9727 5256 2194
f 9727 2194 9728
f 9727 9728 5258
f 5258 9728 2195
f 9728 2194 9726
f 9728 9726 9729
f 9729 9726 245
f 9729 245 6018
f 9729 6018 9730
f 9730 6018 2196
f 9730 2196 9731
f 9730 9731 5260
f 5260 9731 2197
f 9731 2196 9732
f 9731 9732 9733
f 9733 9732 246
f 3478 461 5261
f 3478 5261 9734
f 9734 5261 2197
f 9734 2197 9735
f 9734 9735 5263
f 5263 9735 2198
f 9735 2197 9733
f 9735 9733 9736
f 9736 9733 246
f 9736 246 9737
f 9736 9737 9738
f 9738 9737 2199
f 9738 2199 9739
f 9738 9739 5265
f 5265 9739 1158
f 9739 2199 9740
f 9739 9740 7538
f 7538 9740 247
f 7317 459 7282
f 7317 7282 9741
f 9741 7282 1021
f 9741 1021 9742
f 9741 9742 5266
f 5266 9742 2200
f 9742 1021 7279
f 9742 7279 9743
f 9743 7279 256
f 9744 458 5267
f 9744 5267 9745
f 9745 5267 2200
f 9745 2200 9746
f 9745 9746 5269
f 5269 9746 2202
f 9746 2200 9743
f 9746 9743 9747
f 9747 9743 256
f 7323 458 9744
f 7323 9744 9748
f 9748 9744 2201
f 9748 2201 9749
f 9748 9749 5271
f 5271 9749 2203
f 9749 2201 5268
f 9749 5268 9750
f 9750 5268 330
f 3766 56 9751
f 3766 9751 9752
f 9752 9751 2204
f 9752 2204 9753
f 9752 9753 5274
f 5274 9753 2205
f 9753 2204 6086
f 9753 6086 9754
f 9754 6086 229
f 8647 457 5275
f 8647 5275 9755
f 9755 5275 2205
f 9755 2205 9756
f 9755 9756 5277
f 5277 9756 2206
f 9756 2205 9754
f 9756 9754 9757
f 9757 9754 229
f 6089 230 5573
f 6089 5573 9758
f 9758 5573 2208
f 9758 2208 9759
f 9758 9759 5280
f 5280 9759 2209
f 9759 2208 9760
f 9759 9760 9761
f 9761 9760 377
f 9757 229 5281
f 9757 5281 9762
f 9762 5281 2209
f 9762 2209 9763
f 9762 9763 5282
f 5282 9763 2210
f 9763 2209 9761
f 9763 9761 9764
f 9764 9761 377
f 9764 377 9765
f 9764 9765 9766
f 9766 9765 2211
f 9766 2211 9767
f 9766 9767 5284
f 5284 9767 2212
f 9767 2211 5553
f 9767 5553 9768
f 9768 5553 381
f 6970 93 5285
f 6970 5285 9769
f 9769 5285 2212
f 9769 2212 9770
f 9769 9770 5286
f 5286 9770 2213
f 9770 2212 9768
f 9770 9768 5306
f 5306 9768 381
f 9772 9773 5289
f 5289 9773 2215
f 9775 253 5290
f 9775 5290 9776
f 9776 5290 2215
f 9776 2215 9777
f 9776 9777 5292
f 9777 2215 9774
f 9778 253 9775
f 9778 9775 9779
f 9779 9775 2216
f 9779 2216 9780
f 9779 9780 5294
f 5294 9780 2218
f 9780 2216 5291
f 9780 5291 9781
f 9782 252 5295
f 9782 5295 9783
f 9783 5295 2218
f 9783 2218 9784
f 9783 9784 5297
f 9784 2218 9781
f 5559 252 9782
f 5559 9782 9785
f 9785 9782 2219
f 9785 2219 9786
f 9785 9786 5299
f 5299 9786 2221
f 9786 2219 5296
f 9786 5296 9787
f 9788 380 5300
f 9788 5300 9789
f 9789 5300 2221
f 9789 2221 9790
f 9789 9790 5302
f 5302 9790 2223
f 9790 2221 9787
f 9790 9787 9791
f 5556 380 9788
f 5556 9788 9792
f 9792 9788 2222
f 9792 2222 9793
f 9792 9793 5305
f 5305 9793 2213
f 9793 2222 5301
f 9793 5301 5287
f 5287 5301 94
f 6099 94 5303
f 6099 5303 9794
f 9794 5303 2223
f 9794 2223 9795
f 9794 9795 5308
f 9795 2223 9791
f 9796 3266 1027
f 9796 1027 9797
f 9796 9797 5309
f 5309 9797 2226
f 9797 1027 7293
f 9797 7293 9798
f 9798 7293 112
f 9799 5310 9800
f 9800 5310 2226
f 9800 2226 9801
f 9800 9801 5312
f 5312 9801 1032
f 9801 2226 9798
f 9801 9798 7302
f 7302 9798 112
f 5321 9799 9802
f 9802 9799 2227
f 9802 2227 9803
f 9802 9803 5314
f 5314 9803 2229
f 9803 2227 5311
f 9803 5311 9804
f 9804 5311 111
f 9805 108 5315
f 9805 5315 9806
f 9806 5315 2229
f 9806 2229 9807
f 9806 9807 5317
f 5317 9807 1034
f 9807 2229 9804
f 9807 9804 7306
f 7306 9804 111
f 6441 108 9805
f 6441 9805 9808
f 9808 9805 2230
f 9808 2230 9809
f 9808 9809 5319
f 5319 9809 1312
f 9809 2230 5316
f 9809 5316 3739
f 3739 5316 110
f 5313 108 7573
f 5313 7573 9810
f 9810 7573 1174
f 9810 1174 9811
f 9810 9811 5322
f 9811 1174 3504
f 5961 261 7184
f 5961 7184 9812
f 9812 7184 973
f 9812 973 9813
f 9812 9813 5324
f 5324 9813 2233
f 9813 973 3181
f 9813 3181 9814
f 9814 3181 319
f 9815 262 5325
f 9815 5325 9816
f 9816 5325 2233
f 9816 2233 9817
f 9816 9817 5327
f 5327 9817 1258
f 9817 2233 9814
f 9817 9814 7730
f 7730 9814 319
f 5332 262 9815
f 5332 9815 9818
f 9818 9815 2234
f 9818 2234 9819
f 9818 9819 5330
f 5330 9819 1255
f 9819 2234 5326
f 9819 5326 7723
f 7723 5326 320
f 5329 322 4552
f 5329 4552 9820
f 9820 4552 1791
f 9820 1791 9821
f 9820 9821 5333
f 5333 9821 2236
f 9821 1791 8860
f 9821 8860 9822
f 9822 8860 264
f 3217 201 9823
f 3217 9823 9824
f 9824 9823 2237
f 9824 2237 9825
f 9824 9825 5336
f 5336 9825 2238
f 9825 2237 6184
f 9825 6184 9826
f 9826 6184 198
f 9827 454 5337
f 9827 5337 9828
f 9828 5337 2238
f 9828 2238 9829
f 9828 9829 5339
f 5339 9829 2240
f 9829 2238 9826
f 9829 9826 6197
f 6197 9826 198
f 3190 454 9827
f 3190 9827 9830
f 9830 9827 2239
f 9830 2239 9831
f 9830 9831 5342
f 5342 9831 2241
f 9831 2239 5338
f 9831 5338 9832
f 9832 5338 197
f 9833 451 5343
f 9833 5343 9834
f 9834 5343 2241
f 9834 2241 9835
f 9834 9835 5345
f 5345 9835 2243
f 9835 2241 9832
f 9835 9832 9836
f 9836 9832 197
f 5352 451 9833
f 5352 9833 9837
f 9837 9833 2242
f 9837 2242 9838
f 9837 9838 5348
f 5348 9838 2245
f 9838 2242 5344
f 9838 5344 9839
f 9839 5344 450
f 8400 452 5349
f 8400 5349 9840
f 9840 5349 2245
f 9840 2245 9841
f 9840 9841 5350
f 5350 9841 2246
f 9841 2245 9839
f 9841 9839 9842
f 9842 9839 450
f 5347 452 4184
f 5347 4184 9843
f 9843 4184 1574
f 9843 1574 9844
f 9843 9844 5353
f 5353 9844 975
f 9844 1574 8394
f 9844 8394 7188
f 7188 8394 453
f 9842 450 5346
f 9842 5346 9845
f 9845 5346 2243
f 9845 2243 9846
f 9845 9846 5354
f 5354 9846 2247
f 9846 2243 9836
f 9846 9836 9847
f 9847 9836 197
f 9848 449 5355
f 9848 5355 9849
f 9849 5355 2247
f 9849 2247 9850
f 9849 9850 5357
f 5357 9850 2249
f 9850 2247 9847
f 9850 9847 9851
f 9851 9847 197
f 3545 449 9848
f 3545 9848 9852
f 9852 9848 2248
f 9852 2248 9853
f 9852 9853 5360
f 5360 9853 2250
f 9853 2248 5356
f 9853 5356 9854
f 9854 5356 196
f 9855 168 5361
f 9855 5361 9856
f 9856 5361 2250
f 9856 2250 9857
f 9856 9857 5363
f 5363 9857 2252
f 9857 2250 9854
f 9857 9854 5376
f 5376 9854 196
f 9858 168 9855
f 9858 9855 9859
f 9859 9855 2251
f 9859 2251 9860
f 9859 9860 5366
f 5366 9860 2254
f 9860 2251 5362
f 9860 5362 9861
f 9861 5362 169
f 6257 131 5367
f 6257 5367 9862
f 9862 5367 2254
f 9862 2254 9863
f 9862 9863 5369
f 5369 9863 2256
f 9863 2254 9861
f 9863 9861 9864
f 9864 9861 169
f 5401 170 5370
f 5401 5370 9865
f 9865 5370 2256
f 9865 2256 9866
f 9865 9866 5372
f 5372 9866 2258
f 9866 2256 9864
f 9866 9864 9867
f 9867 9864 169
f 9868 171 5373
f 9868 5373 9869
f 9869 5373 2258
f 9869 2258 9870
f 9869 9870 5375
f 5375 9870 2252
f 9870 2258 9867
f 9870 9867 5364
f 5364 9867 169
f 9871 171 9868
f 9871 9868 9872
f 9872 9868 2259
f 9872 2259 9873
f 9872 9873 5378
f 5378 9873 2261
f 9873 2259 5374
f 9873 5374 6194
f 6194 5374 196
f 5395 171 9871
f 5395 9871 9874
f 9874 9871 2260
f 9874 2260 9875
f 9874 9875 5381
f 5381 9875 2263
f 9875 2260 5377
f 9875 5377 9876
f 9876 5377 195
f 9877 190 5382
f 9877 5382 9878
f 9878 5382 2263
f 9878 2263 9879
f 9878 9879 5384
f 5384 9879 2265
f 9879 2263 9876
f 9879 9876 6191
f 6191 9876 195
f 5389 190 9877
f 5389 9877 9880
f 9880 9877 2264
f 9880 2264 9881
f 9880 9881 5387
f 5387 9881 2267
f 9881 2264 5383
f 9881 5383 9882
f 9882 5383 194
f 5386 193 3250
f 5386 3250 9883
f 9883 3250 1016
f 9883 1016 9884
f 9883 9884 5390
f 5390 9884 2268
f 9884 1016 7272
f 9884 7272 9885
f 9885 7272 191
f 9886 190 5391
f 9886 5391 9887
f 9887 5391 2268
f 9887 2268 9888
f 9887 9888 5393
f 5393 9888 2270
f 9888 2268 9885
f 9888 9885 9889
f 9889 9885 191
f 5380 190 9886
f 5380 9886 9890
f 9890 9886 2269
f 9890 2269 9891
f 9890 9891 5396
f 5396 9891 2271
f 9891 2269 5392
f 9891 5392 9892
f 9892 5392 189
f 9893 171 5397
f 9893 5397 9894
f 9894 5397 2271
f 9894 2271 9895
f 9894 9895 5399
f 5399 9895 2273
f 9895 2271 9892
f 9895 9892 9896
f 9896 9892 189
f 5371 171 9893
f 5371 9893 9897
f 9897 9893 2272
f 9897 2272 9898
f 9897 9898 5402
f 5402 9898 2274
f 9898 2272 5398
f 9898 5398 9899
f 9899 5398 181
f 6059 189 5394
f 6059 5394 9900
f 9900 5394 2270
f 9900 2270 9901
f 9900 9901 5405
f 5405 9901 1017
f 9901 2270 9889
f 9901 9889 7273
f 7273 9889 191
f 8797 399 9902
f 8797 9902 9903
f 9903 9902 2276
f 9903 2276 9904
f 9903 9904 5407
f 5407 9904 2277
f 9904 2276 5871
f 9904 5871 9905
f 9905 5871 390
f 9906 392 5408
f 9906 5408 9907
f 9907 5408 2277
f 9907 2277 9908
f 9907 9908 5410
f 5410 9908 2279
f 9908 2277 9905
f 9908 9905 9909
f 9909 9905 390
f 9910 392 9906
f 9910 9906 9911
f 9911 9906 2278
f 9911 2278 9912
f 9911 9912 5413
f 5413 9912 2281
f 9912 2278 5409
f 9912 5409 9913
f 9913 5409 391
f 9914 393 5414
f 9914 5414 9915
f 9915 5414 2281
f 9915 2281 9916
f 9915 9916 5416
f 5416 9916 2283
f 9916 2281 9913
f 9916 9913 5451
f 5451 9913 391
f 5485 393 9914
f 5485 9914 9917
f 9917 9914 2282
f 9917 2282 9918
f 9917 9918 5419
f 5419 9918 2285
f 9918 2282 5415
f 9918 5415 9919
f 9919 5415 417
f 9920 418 5420
f 9920 5420 9921
f 9921 5420 2285
f 9921 2285 9922
f 9921 9922 5422
f 5422 9922 2287
f 9922 2285 9919
f 9922 9919 9923
f 9923 9919 417
f 5482 418 9920
f 5482 9920 9924
f 9924 9920 2286
f 9924 2286 9925
f 9924 9925 5425
f 5425 9925 2289
f 9925 2286 5421
f 9925 5421 9926
f 9926 5421 414
f 9927 413 5426
f 9927 5426 9928
f 9928 5426 2289
f 9928 2289 9929
f 9928 9929 5428
f 5428 9929 2291
f 9929 2289 9926
f 9929 9926 9930
f 9930 9926 414
f 5479 413 9927
f 5479 9927 9931
f 9931 9927 2290
f 9931 2290 9932
f 9931 9932 5431
f 5431 9932 2293
f 9932 2290 5427
f 9932 5427 9933
f 9933 5427 238
f 7481 238 5429
f 7481 5429 9934
f 9934 5429 2291
f 9934 2291 9935
f 9934 9935 5433
f 5433 9935 2294
f 9935 2291 9930
f 9935 9930 9936
f 9936 9930 414
f 9937 415 5434
f 9937 5434 9938
f 9938 5434 2294
f 9938 2294 9939
f 9938 9939 5436
f 5436 9939 2296
f 9939 2294 9936
f 9939 9936 5453
f 5453 9936 414
f 7488 415 9937
f 7488 9937 9940
f 9940 9937 2295
f 9940 2295 9941
f 9940 9941 5438
f 5438 9941 2297
f 9941 2295 5435
f 9941 5435 9942
f 9942 5435 416
f 9943 329 5439
f 9943 5439 9944
f 9944 5439 2297
f 9944 2297 9945
f 9944 9945 5441
f 5441 9945 2299
f 9945 2297 9942
f 9945 9942 9946
f 9946 9942 416
f 9947 384 5442
f 9947 5442 9948
f 9948 5442 2299
f 9948 2299 9949
f 9948 9949 5444
f 5444 9949 2301
f 9949 2299 9946
f 9949 9946 9950
f 9950 9946 416
f 9951 386 5445
f 9951 5445 9952
f 9952 5445 2301
f 9952 2301 9953
f 9952 9953 5447
f 5447 9953 2303
f 9953 2301 9950
f 9953 9950 9954
f 9954 9950 416
f 5531 386 9951
f 5531 9951 9955
f 9955 9951 2302
f 9955 2302 9956
f 9955 9956 5450
f 5450 9956 2283
f 9956 2302 5446
f 9956 5446 5417
f 5417 5446 417
f 9923 417 5448
f 9923 5448 9957
f 9957 5448 2303
f 9957 2303 9958
f 9957 9958 5452
f 5452 9958 2296
f 9958 2303 9954
f 9958 9954 5437
f 5437 9954 416
f 8812 392 9910
f 8812 9910 9959
f 9959 9910 2280
f 9959 2280 9960
f 9959 9960 5455
f 5455 9960 2305
f 9960 2280 5412
f 9960 5412 9961
f 9961 5412 393
f 9962 394 5456
f 9962 5456 9963
f 9963 5456 2305
f 9963 2305 9964
f 9963 9964 5458
f 5458 9964 2307
f 9964 2305 9961
f 9964 9961 9965
f 9965 9961 393
f 9966 394 9962
f 9966 9962 9967
f 9967 9962 2306
f 9967 2306 9968
f 9967 9968 5461
f 5461 9968 2309
f 9968 2306 5457
f 9968 5457 9969
f 9969 5457 395
f 9970 396 5462
f 9970 5462 9971
f 9971 5462 2309
f 9971 2309 9972
f 9971 9972 5464
f 5464 9972 2311
f 9972 2309 9969
f 9972 9969 9973
f 9973 9969 395
f 5505 396 9970
f 5505 9970 9974
f 9974 9970 2310
f 9974 2310 9975
f 9974 9975 5467
f 5467 9975 2313
f 9975 2310 5463
f 9975 5463 9976
f 9976 5463 397
f 9082 342 5468
f 9082 5468 9977
f 9977 5468 2313
f 9977 2313 9978
f 9977 9978 5469
f 5469 9978 2314
f 9978 2313 9976
f 9978 9976 9979
f 9979 9976 397
f 7033 63 5470
f 7033 5470 9980
f 9980 5470 2314
f 9980 2314 9981
f 9980 9981 5471
f 5471 9981 2315
f 9981 2314 9979
f 9981 9979 9982
f 9982 9979 397
f 9983 64 5472
f 9983 5472 9984
f 9984 5472 2315
f 9984 2315 9985
f 9984 9985 5474
f 5474 9985 2317
f 9985 2315 9982
f 9985 9982 5491
f 5491 9982 397
f 3065 64 9983
f 3065 9983 9986
f 9986 9983 2316
f 9986 2316 9987
f 9986 9987 5477
f 5477 9987 2318
f 9987 2316 5473
f 9987 5473 9988
f 9988 5473 412
f 5430 65 5478
f 5430 5478 9989
f 9989 5478 2318
f 9989 2318 9990
f 9989 9990 5480
f 5480 9990 2319
f 9990 2318 9988
f 9990 9988 9991
f 9991 9988 412
f 5424 413 5481
f 5424 5481 9992
f 9992 5481 2319
f 9992 2319 9993
f 9992 9993 5483
f 5483 9993 2320
f 9993 2319 9991
f 9993 9991 9994
f 9994 9991 412
f 5418 418 5484
f 5418 5484 9995
f 9995 5484 2320
f 9995 2320 9996
f 9995 9996 5486
f 5486 9996 2321
f 9996 2320 9994
f 9996 9994 9997
f 9997 9994 412
f 9965 393 5487
f 9965 5487 9998
f 9998 5487 2321
f 9998 2321 9999
f 9998 9999 5488
f 5488 9999 2322
f 9999 2321 9997
f 9999 9997 10000
f 10000 9997 412
f 9973 395 5489
f 9973 5489 10001
f 10001 5489 2322
f 10001 2322 10002
f 10001 10002 5490
f 5490 10002 2317
f 10002 2322 10000
f 10002 10000 5475
f 5475 10000 412
f 8819 394 9966
f 8819 9966 10003
f 10003 9966 2308
f 10003 2308 10004
f 10003 10004 5492
f 5492 10004 2323
f 10004 2308 5460
f 10004 5460 10005
f 10005 5460 396
f 10006 569 5493
f 10006 5493 10007
f 10007 5493 2323
f 10007 2323 10008
f 10007 10008 5495
f 5495 10008 2325
f 10008 2323 10005
f 10008 10005 5507
f 5507 10005 396
f 8826 569 10006
f 8826 10006 10009
f 10009 10006 2324
f 10009 2324 10010
f 10009 10010 5497
f 5497 10010 2326
f 10010 2324 5494
f 10010 5494 10011
f 10011 5494 570
f 10012 346 5498
f 10012 5498 10013
f 10013 5498 2326
f 10013 2326 10014
f 10013 10014 5500
f 5500 10014 2328
f 10014 2326 10011
f 10014 10011 10015
f 10015 10011 570
f 10016 344 5501
f 10016 5501 10017
f 10017 5501 2328
f 10017 2328 10018
f 10017 10018 5503
f 5503 10018 2330
f 10018 2328 10015
f 10018 10015 10019
f 10019 10015 570
f 5466 342 5504
f 5466 5504 10020
f 10020 5504 2330
f 10020 2330 10021
f 10020 10021 5506
f 5506 10021 2325
f 10021 2330 10019
f 10021 10019 5496
f 5496 10019 570
f 5761 329 9943
f 5761 9943 10022
f 10022 9943 2298
f 10022 2298 10023
f 10022 10023 5509
f 5509 10023 2332
f 10023 2298 5440
f 10023 5440 10024
f 10024 5440 384
f 9750 330 5510
f 9750 5510 10025
f 10025 5510 2332
f 10025 2332 10026
f 10025 10026 5511
f 5511 10026 2333
f 10026 2332 10024
f 10026 10024 10027
f 10027 10024 384
f 10027 384 9947
f 10027 9947 10028
f 10028 9947 2300
f 10028 2300 10029
f 10028 10029 5513
f 5513 10029 2334
f 10029 2300 5443
f 10029 5443 10030
f 10030 5443 386
f 10031 385 5514
f 10031 5514 10032
f 10032 5514 2334
f 10032 2334 10033
f 10032 10033 5516
f 5516 10033 2336
f 10033 2334 10030
f 10033 10030 5533
f 5533 10030 386
f 3287 385 10031
f 3287 10031 10034
f 10034 10031 2335
f 10034 2335 10035
f 10034 10035 5519
f 5519 10035 2337
f 10035 2335 5515
f 10035 5515 10036
f 10036 5515 387
f 10037 388 5520
f 10037 5520 10038
f 10038 5520 2337
f 10038 2337 10039
f 10038 10039 5522
f 5522 10039 2339
f 10039 2337 10036
f 10039 10036 10040
f 10040 10036 387
f 5877 388 10037
f 5877 10037 10041
f 10041 10037 2338
f 10041 2338 10042
f 10041 10042 5525
f 5525 10042 2341
f 10042 2338 5521
f 10042 5521 10043
f 10043 5521 389
f 9909 390 5526
f 9909 5526 10044
f 10044 5526 2341
f 10044 2341 10045
f 10044 10045 5527
f 5527 10045 2342
f 10045 2341 10043
f 10045 10043 10046
f 10046 10043 389
f 10046 389 5523
f 10046 5523 10047
f 10047 5523 2339
f 10047 2339 10048
f 10047 10048 5529
f 5529 10048 2343
f 10048 2339 10040
f 10048 10040 10049
f 10049 10040 387
f 5449 391 5530
f 5449 5530 10050
f 10050 5530 2343
f 10050 2343 10051
f 10050 10051 5532
f 5532 10051 2336
f 10051 2343 10049
f 10051 10049 5517
f 5517 10049 387
f 9390 383 9430
f 9390 9430 10052
f 10052 9430 2064
f 10052 2064 10053
f 10052 10053 5534
f 5534 10053 2344
f 10053 2064 5021
f 10053 5021 10054
f 10054 5021 382
f 10055 89 5535
f 10055 5535 10056
f 10056 5535 2344
f 10056 2344 10057
f 10056 10057 5537
f 5537 10057 2346
f 10057 2344 10054
f 10057 10054 10058
f 10058 10054 382
f 6978 89 10055
f 6978 10055 10059
f 10059 10055 2345
f 10059 2345 10060
f 10059 10060 5539
f 5539 10060 2347
f 10060 2345 5536
f 10060 5536 10061
f 10061 5536 362
f 10062 362 5538
f 10062 5538 10063
f 10063 5538 2346
f 10063 2346 10064
f 10063 10064 5542
f 5542 10064 2065
f 10064 2346 10058
f 10064 10058 5023
f 5023 10058 382
f 5997 240 10065
f 5997 10065 10066
f 10066 10065 2350
f 10066 2350 10067
f 10066 10067 5545
f 5545 10067 2351
f 10067 2350 10068
f 10067 10068 10069
f 10069 10068 236
f 10070 68 5546
f 10070 5546 10071
f 10071 5546 2351
f 10071 2351 10072
f 10071 10072 5548
f 5548 10072 2353
f 10072 2351 10069
f 10072 10069 10073
f 10073 10069 236
f 10074 68 10070
f 10074 10070 10075
f 10075 10070 2352
f 10075 2352 10076
f 10075 10076 5551
f 5551 10076 2355
f 10076 2352 5547
f 10076 5547 10077
f 10077 5547 378
f 9765 377 5552
f 9765 5552 10078
f 10078 5552 2355
f 10078 2355 10079
f 10078 10079 5554
f 5554 10079 2356
f 10079 2355 10077
f 10079 10077 10080
f 10080 10077 378
f 5304 381 5555
f 5304 5555 10081
f 10081 5555 2356
f 10081 2356 10082
f 10081 10082 5557
f 5557 10082 2357
f 10082 2356 10080
f 10082 10080 10083
f 10083 10080 378
f 5298 380 5558
f 5298 5558 10084
f 10084 5558 2357
f 10084 2357 10085
f 10084 10085 5560
f 5560 10085 2358
f 10085 2357 10083
f 10085 10083 10086
f 10086 10083 378
f 10087 252 5561
f 10087 5561 10088
f 10088 5561 2358
f 10088 2358 10089
f 10088 10089 5563
f 5563 10089 2360
f 10089 2358 10086
f 10089 10086 10090
f 10090 10086 378
f 8692 250 5564
f 8692 5564 10091
f 10091 5564 2360
f 10091 2360 10092
f 10091 10092 5565
f 5565 10092 2361
f 10092 2360 10090
f 10092 10090 5568
f 5568 10090 378
f 10073 236 7473
f 10073 7473 10093
f 10093 7473 1122
f 10093 1122 10094
f 10093 10094 5567
f 5567 10094 2361
f 10094 1122 3420
f 10094 3420 5566
f 5566 3420 379
f 3032 68 10074
f 3032 10074 10095
f 10095 10074 2354
f 10095 2354 10096
f 10095 10096 5570
f 5570 10096 2362
f 10096 2354 5550
f 10096 5550 10097
f 10097 5550 377
f 9712 88 5571
f 9712 5571 10098
f 10098 5571 2362
f 10098 2362 10099
f 10098 10099 5572
f 5572 10099 2208
f 10099 2362 10097
f 10099 10097 9760
f 9760 10097 377
f 5626 361 9454
f 5626 9454 10100
f 10100 9454 2075
f 10100 2075 10101
f 10100 10101 5575
f 5575 10101 2364
f 10101 2075 5040
f 10101 5040 10102
f 10102 5040 376
f 10103 363 5576
f 10103 5576 10104
f 10104 5576 2364
f 10104 2364 10105
f 10104 10105 5578
f 5578 10105 2159
f 10105 2364 10102
f 10105 10102 9653
f 9653 10102 376
f 5581 363 10103
f 5581 10103 10106
f 10106 10103 2365
f 10106 2365 10107
f 10106 10107 5580
f 5580 10107 2162
f 10107 2365 5577
f 10107 5577 9660
f 9660 5577 375
f 5579 374 5223
f 5579 5223 10108
f 10108 5223 2169
f 10108 2169 10109
f 10108 10109 5582
f 5582 10109 2367
f 10109 2169 9676
f 10109 9676 5609
f 5609 9676 365
f 7462 90 10110
f 7462 10110 10111
f 10111 10110 2368
f 10111 2368 10112
f 10111 10112 5585
f 5585 10112 2369
f 10112 2368 5601
f 10112 5601 10113
f 10113 5601 364
f 5237 373 5586
f 5237 5586 10114
f 10114 5586 2369
f 10114 2369 10115
f 10114 10115 5588
f 5588 10115 2370
f 10115 2369 10113
f 10115 10113 10116
f 10116 10113 364
f 10116 364 10117
f 10116 10117 10118
f 10118 10117 2371
f 10118 2371 10119
f 10118 10119 5590
f 5590 10119 2372
f 10119 2371 5610
f 10119 5610 10120
f 10120 5610 366
f 5232 372 5591
f 5232 5591 10121
f 10121 5591 2372
f 10121 2372 10122
f 10121 10122 5593
f 5593 10122 2373
f 10122 2372 10120
f 10122 10120 10123
f 10123 10120 366
f 10123 366 10124
f 10123 10124 10125
f 10125 10124 2374
f 10125 2374 10126
f 10125 10126 5595
f 5595 10126 2375
f 10126 2374 10127
f 10126 10127 10128
f 10128 10127 369
f 5227 371 5596
f 5227 5596 10129
f 10129 5596 2375
f 10129 2375 10130
f 10129 10130 5598
f 5598 10130 2376
f 10130 2375 10128
f 10130 10128 10131
f 10131 10128 369
f 10131 369 5623
f 10131 5623 10132
f 10132 5623 2377
f 10132 2377 10133
f 10132 10133 5600
f 5600 10133 2170
f 10133 2377 10134
f 10133 10134 9677
f 9677 10134 247
f 10110 90 5540
f 10110 5540 10135
f 10135 5540 2347
f 10135 2347 10136
f 10135 10136 5602
f 5602 10136 2378
f 10136 2347 10061
f 10136 10061 10137
f 10137 10061 362
f 10138 364 5603
f 10138 5603 10139
f 10139 5603 2378
f 10139 2378 10140
f 10139 10140 5605
f 5605 10140 2380
f 10140 2378 10137
f 10140 10137 10141
f 10141 10137 362
f 10142 364 10138
f 10142 10138 10143
f 10143 10138 2379
f 10143 2379 10144
f 10143 10144 5608
f 5608 10144 2367
f 10144 2379 5604
f 10144 5604 5583
f 5583 5604 363
f 10117 364 10142
f 10117 10142 10145
f 10145 10142 2381
f 10145 2381 10146
f 10145 10146 5611
f 5611 10146 2382
f 10146 2381 5607
f 10146 5607 10147
f 10147 5607 365
f 10148 366 5612
f 10148 5612 10149
f 10149 5612 2382
f 10149 2382 10150
f 10149 10150 5614
f 5614 10150 2168
f 10150 2382 10147
f 10150 10147 9675
f 9675 10147 365
f 10151 366 10148
f 10151 10148 10152
f 10152 10148 2383
f 10152 2383 10153
f 10152 10153 5617
f 5617 10153 2385
f 10153 2383 5613
f 10153 5613 10154
f 10154 5613 367
f 10155 368 5618
f 10155 5618 10156
f 10156 5618 2385
f 10156 2385 10157
f 10156 10157 5620
f 5620 10157 2167
f 10157 2385 10154
f 10157 10154 9670
f 9670 10154 367
f 5624 368 10155
f 5624 10155 10158
f 10158 10155 2386
f 10158 2386 10159
f 10158 10159 5622
f 5622 10159 2377
f 10159 2386 5619
f 10159 5619 10134
f 10134 5619 247
f 5621 369 10127
f 5621 10127 10160
f 10160 10127 2374
f 10160 2374 10161
f 10160 10161 5625
f 5625 10161 2384
f 10161 2374 10124
f 10161 10124 10151
f 10151 10124 366
f 5574 363 5606
f 5574 5606 10162
f 10162 5606 2380
f 10162 2380 10163
f 10162 10163 5627
f 5627 10163 2388
f 10163 2380 10141
f 10163 10141 10164
f 10164 10141 362
f 10165 361 5628
f 10165 5628 10166
f 10166 5628 2388
f 10166 2388 10167
f 10166 10167 5630
f 5630 10167 2348
f 10167 2388 10164
f 10167 10164 10062
f 10062 10164 362
f 5037 361 10165
f 5037 10165 10168
f 10168 10165 2389
f 10168 2389 10169
f 10168 10169 5632
f 5632 10169 2390
f 10169 2389 5629
f 10169 5629 10170
f 10170 5629 360
f 5032 359 5633
f 5032 5633 10171
f 10171 5633 2390
f 10171 2390 10172
f 10171 10172 5635
f 5635 10172 2062
f 10172 2390 10170
f 10172 10170 5018
f 5018 10170 360
f 62 10173 10174
f 10174 10173 2391
f 10174 2391 10175
f 10174 10175 5638
f 5638 10175 2392
f 10175 2391 5772
f 10175 5772 10176
f 10176 5772 314
f 4774 92 5639
f 4774 5639 10177
f 10177 5639 2392
f 10177 2392 10178
f 10177 10178 5641
f 5641 10178 2393
f 10178 2392 10176
f 10178 10176 10179
f 10179 10176 314
f 10179 314 8795
f 10179 8795 10180
f 10180 8795 1760
f 10180 1760 10181
f 10180 10181 5643
f 5643 10181 2394
f 10181 1760 8792
f 10181 8792 10182
f 10182 8792 356
f 4771 357 5644
f 4771 5644 10183
f 10183 5644 2394
f 10183 2394 10184
f 10183 10184 5646
f 5646 10184 2395
f 10184 2394 10182
f 10184 10182 10185
f 10185 10182 356
f 10185 356 8787
f 10185 8787 10186
f 10186 8787 1756
f 10186 1756 10187
f 10186 10187 5648
f 5648 10187 2396
f 10187 1756 8784
f 10187 8784 10188
f 10188 8784 354
f 4763 355 5649
f 4763 5649 10189
f 10189 5649 2396
f 10189 2396 10190
f 10189 10190 5651
f 5651 10190 2397
f 10190 2396 10188
f 10190 10188 10191
f 10191 10188 354
f 10191 354 8779
f 10191 8779 10192
f 10192 8779 1752
f 10192 1752 10193
f 10192 10193 5653
f 5653 10193 2398
f 10193 1752 8776
f 10193 8776 10194
f 10194 8776 352
f 4758 353 5654
f 4758 5654 10195
f 10195 5654 2398
f 10195 2398 10196
f 10195 10196 5656
f 5656 10196 2399
f 10196 2398 10194
f 10196 10194 10197
f 10197 10194 352
f 10197 352 4492
f 10197 4492 10198
f 10198 4492 1751
f 10198 1751 10199
f 10198 10199 5658
f 5658 10199 2400
f 10199 1751 8775
f 10199 8775 10200
f 10200 8775 350
f 4755 351 5659
f 4755 5659 10201
f 10201 5659 2400
f 10201 2400 10202
f 10201 10202 5661
f 5661 10202 2401
f 10202 2400 10200
f 10202 10200 10203
f 10203 10200 350
f 10203 350 8808
f 10203 8808 10204
f 10204 8808 1767
f 10204 1767 10205
f 10204 10205 5663
f 5663 10205 2402
f 10205 1767 4514
f 10205 4514 10206
f 10206 4514 348
f 4749 349 5664
f 4749 5664 10207
f 10207 5664 2402
f 10207 2402 10208
f 10207 10208 5666
f 5666 10208 2403
f 10208 2402 10206
f 10208 10206 10209
f 10209 10206 348
f 10209 348 8823
f 10209 8823 10210
f 10210 8823 1774
f 10210 1774 10211
f 10210 10211 5668
f 5668 10211 2404
f 10211 1774 4524
f 10211 4524 10212
f 10212 4524 346
f 4743 347 5669
f 4743 5669 10213
f 10213 5669 2404
f 10213 2404 10214
f 10213 10214 5671
f 5671 10214 2405
f 10214 2404 10212
f 10214 10212 10215
f 10215 10212 346
f 10215 346 10012
f 10215 10012 10216
f 10216 10012 2327
f 10216 2327 10217
f 10216 10217 5673
f 5673 10217 2406
f 10217 2327 5499
f 10217 5499 10218
f 10218 5499 344
f 4737 345 5674
f 4737 5674 10219
f 10219 5674 2406
f 10219 2406 10220
f 10219 10220 5676
f 5676 10220 2407
f 10220 2406 10218
f 10220 10218 10221
f 10221 10218 344
f 10221 344 10016
f 10221 10016 10222
f 10222 10016 2329
f 10222 2329 10223
f 10222 10223 5678
f 5678 10223 1903
f 10223 2329 5502
f 10223 5502 9083
f 9083 5502 342
f 6804 23 10224
f 6804 10224 10225
f 10225 10224 2408
f 10225 2408 10226
f 10225 10226 5679
f 5679 10226 2409
f 10226 2408 5976
f 10226 5976 10227
f 10227 5976 258
f 10228 340 5680
f 10228 5680 10229
f 10229 5680 2409
f 10229 2409 10230
f 10229 10230 5682
f 5682 10230 1784
f 10230 2409 10227
f 10230 10227 8846
f 8846 10227 258
f 5687 340 10228
f 5687 10228 10231
f 10231 10228 2410
f 10231 2410 10232
f 10231 10232 5685
f 5685 10232 1781
f 10232 2410 5681
f 10232 5681 8839
f 8839 5681 341
f 5684 282 10233
f 5684 10233 10234
f 10234 10233 2412
f 10234 2412 10235
f 10234 10235 5688
f 5688 10235 765
f 10235 2412 10236
f 10235 10236 2910
f 2910 10236 24
f 10237 184 10238
f 10237 10238 10239
f 10239 10238 2414
f 10239 2414 10240
f 10239 10240 5691
f 5691 10240 2415
f 10240 2414 10241
f 10240 10241 10242
f 10242 10241 334
f 3334 182 5692
f 3334 5692 10243
f 10243 5692 2415
f 10243 2415 10244
f 10243 10244 5694
f 5694 10244 2416
f 10244 2415 10242
f 10244 10242 10245
f 10245 10242 334
f 10245 334 5744
f 10245 5744 10246
f 10246 5744 2417
f 10246 2417 10247
f 10246 10247 5696
f 5696 10247 2418
f 10247 2417 10248
f 10247 10248 10249
f 10249 10248 337
f 3328 339 5697
f 3328 5697 10250
f 10250 5697 2418
f 10250 2418 10251
f 10250 10251 5699
f 5699 10251 2419
f 10251 2418 10249
f 10251 10249 10252
f 10252 10249 337
f 10253 332 5700
f 10253 5700 10254
f 10254 5700 2419
f 10254 2419 10255
f 10254 10255 5702
f 5702 10255 2421
f 10255 2419 10252
f 10255 10252 10256
f 10256 10252 337
f 10257 284 5703
f 10257 5703 10258
f 10258 5703 2421
f 10258 2421 10259
f 10258 10259 5705
f 5705 10259 2423
f 10259 2421 10256
f 10259 10256 10260
f 10260 10256 337
f 10261 284 10257
f 10261 10257 10262
f 10262 10257 2422
f 10262 2422 10263
f 10262 10263 5708
f 5708 10263 2425
f 10263 2422 5704
f 10263 5704 10264
f 10264 5704 338
f 10265 283 5709
f 10265 5709 10266
f 10266 5709 2425
f 10266 2425 10267
f 10266 10267 5711
f 5711 10267 2427
f 10267 2425 10264
f 10267 10264 10268
f 10268 10264 338
f 5716 283 10265
f 5716 10265 10269
f 10269 10265 2426
f 10269 2426 10270
f 10269 10270 5714
f 5714 10270 804
f 10270 2426 5710
f 10270 5710 6884
f 6884 5710 26
f 5713 24 10236
f 5713 10236 10271
f 10271 10236 2412
f 10271 2412 10272
f 10271 10272 5717
f 5717 10272 2429
f 10272 2412 10233
f 10272 10233 5896
f 5896 10233 282
f 6889 26 5712
f 6889 5712 10273
f 10273 5712 2427
f 10273 2427 10274
f 10273 10274 5720
f 5720 10274 2430
f 10274 2427 10268
f 10274 10268 10275
f 10275 10268 338
f 10276 28 5721
f 10276 5721 10277
f 10277 5721 2430
f 10277 2430 10278
f 10277 10278 5723
f 5723 10278 2432
f 10278 2430 10275
f 10278 10275 10279
f 10279 10275 338
f 6897 28 10276
f 6897 10276 10280
f 10280 10276 2431
f 10280 2431 10281
f 10280 10281 5726
f 5726 10281 2433
f 10281 2431 5722
f 10281 5722 10282
f 10282 5722 336
f 10283 30 5727
f 10283 5727 10284
f 10284 5727 2433
f 10284 2433 10285
f 10284 10285 5729
f 5729 10285 2435
f 10285 2433 10282
f 10285 10282 10286
f 10286 10282 336
f 6905 30 10283
f 6905 10283 10287
f 10287 10283 2434
f 10287 2434 10288
f 10287 10288 5732
f 5732 10288 2436
f 10288 2434 5728
f 10288 5728 10289
f 10289 5728 335
f 10290 32 5733
f 10290 5733 10291
f 10291 5733 2436
f 10291 2436 10292
f 10291 10292 5735
f 5735 10292 2438
f 10292 2436 10289
f 10292 10289 10293
f 10293 10289 335
f 6909 32 10290
f 6909 10290 10294
f 10294 10290 2437
f 10294 2437 10295
f 10294 10295 5738
f 5738 10295 1591
f 10295 2437 5734
f 10295 5734 4215
f 4215 5734 333
f 10279 338 5706
f 10279 5706 10296
f 10296 5706 2423
f 10296 2423 10297
f 10296 10297 5740
f 5740 10297 2439
f 10297 2423 10260
f 10297 10260 10298
f 10298 10260 337
f 10299 336 5741
f 10299 5741 10300
f 10300 5741 2439
f 10300 2439 10301
f 10300 10301 5743
f 5743 10301 2417
f 10301 2439 10298
f 10301 10298 10248
f 10248 10298 337
f 10286 336 10299
f 10286 10299 10302
f 10302 10299 2440
f 10302 2440 10303
f 10302 10303 5745
f 5745 10303 2441
f 10303 2440 5742
f 10303 5742 10304
f 10304 5742 334
f 10293 335 5746
f 10293 5746 10305
f 10305 5746 2441
f 10305 2441 10306
f 10305 10306 5747
f 5747 10306 2442
f 10306 2441 10304
f 10306 10304 10307
f 10307 10304 334
f 10307 334 10241
f 10307 10241 10308
f 10308 10241 2414
f 10308 2414 10309
f 10308 10309 5749
f 5749 10309 1577
f 10309 2414 10238
f 10309 10238 8401
f 8401 10238 184
f 3325 332 10253
f 3325 10253 10310
f 10310 10253 2420
f 10310 2420 10311
f 10310 10311 5751
f 5751 10311 2443
f 10311 2420 5701
f 10311 5701 10312
f 10312 5701 284
f 10313 331 5752
f 10313 5752 10314
f 10314 5752 2443
f 10314 2443 10315
f 10314 10315 5754
f 5754 10315 2445
f 10315 2443 10312
f 10315 10312 10316
f 10316 10312 284
f 3320 331 10313
f 3320 10313 10317
f 10317 10313 2444
f 10317 2444 10318
f 10317 10318 5757
f 5757 10318 2446
f 10318 2444 5753
f 10318 5753 10319
f 10319 5753 273
f 9747 256 10320
f 9747 10320 10321
f 10321 10320 2447
f 10321 2447 10322
f 10321 10322 5759
f 5759 10322 2448
f 10322 2447 5985
f 10322 5985 10323
f 10323 5985 255
f 5508 330 5760
f 5508 5760 10324
f 10324 5760 2448
f 10324 2448 10325
f 10324 10325 5762
f 5762 10325 1132
f 10325 2448 10323
f 10325 10323 3434
f 3434 10323 255
f 8827 328 5085
f 8827 5085 10326
f 10326 5085 2099
f 10326 2099 10327
f 10326 10327 5765
f 5765 10327 2449
f 10327 2099 9511
f 10327 9511 10328
f 10328 9511 327
f 7416 301 5766
f 7416 5766 10329
f 10329 5766 2449
f 10329 2449 10330
f 10329 10330 5768
f 5768 10330 2450
f 10330 2449 10328
f 10330 10328 10331
f 10331 10328 327
f 10331 327 4464
f 10331 4464 10332
f 10332 4464 1731
f 10332 1731 10333
f 10332 10333 5770
f 5770 10333 1720
f 10333 1731 8738
f 10333 8738 8716
f 8716 8738 326
f 10173 62 10334
f 10334 62 887
f 10334 887 10335
f 10334 10335 5773
f 5773 10335 2451
f 10335 887 3068
f 10335 3068 10336
f 10336 3068 61
f 10337 314 5774
f 10337 5774 10338
f 10338 5774 2451
f 10338 2451 10339
f 10338 10339 5776
f 5776 10339 2453
f 10339 2451 10336
f 10339 10336 10340
f 10340 10336 61
f 8796 314 10337
f 8796 10337 10341
f 10341 10337 2452
f 10341 2452 10342
f 10341 10342 5778
f 5778 10342 2454
f 10342 2452 5775
f 10342 5775 10343
f 10343 5775 313
f 10344 315 5779
f 10344 5779 10345
f 10345 5779 2454
f 10345 2454 10346
f 10345 10346 5781
f 5781 10346 2456
f 10346 2454 10343
f 10346 10343 10347
f 10347 10343 313
f 10348 315 10344
f 10348 10344 10349
f 10349 10344 2455
f 10349 2455 10350
f 10349 10350 5784
f 5784 10350 2458
f 10350 2455 5780
f 10350 5780 10351
f 10351 5780 306
f 10352 265 5785
f 10352 5785 10353
f 10353 5785 2458
f 10353 2458 10354
f 10353 10354 5787
f 5787 10354 2460
f 10354 2458 10351
f 10354 10351 10355
f 10355 10351 306
f 5949 265 10352
f 5949 10352 10356
f 10356 10352 2459
f 10356 2459 10357
f 10356 10357 5790
f 5790 10357 2462
f 10357 2459 5786
f 10357 5786 10358
f 10358 5786 302
f 10359 266 5791
f 10359 5791 10360
f 10360 5791 2462
f 10360 2462 10361
f 10360 10361 5793
f 5793 10361 2464
f 10361 2462 10358
f 10361 10358 10362
f 10362 10358 302
f 5926 266 10359
f 5926 10359 10363
f 10363 10359 2463
f 10363 2463 10364
f 10363 10364 5796
f 5796 10364 2466
f 10364 2463 5792
f 10364 5792 10365
f 10365 5792 286
f 10366 277 5797
f 10366 5797 10367
f 10367 5797 2466
f 10367 2466 10368
f 10367 10368 5799
f 5799 10368 2468
f 10368 2466 10365
f 10368 10365 10369
f 10369 10365 286
f 10370 277 10366
f 10370 10366 10371
f 10371 10366 2467
f 10371 2467 10372
f 10371 10372 5802
f 5802 10372 1063
f 10372 2467 5798
f 10372 5798 7354
f 7354 5798 285
f 3314 285 5800
f 3314 5800 10373
f 10373 5800 2468
f 10373 2468 10374
f 10373 10374 5804
f 5804 10374 2470
f 10374 2468 10369
f 10374 10369 10375
f 10375 10369 286
f 10376 58 5805
f 10376 5805 10377
f 10377 5805 2470
f 10377 2470 10378
f 10377 10378 5807
f 5807 10378 2472
f 10378 2470 10375
f 10378 10375 10379
f 10379 10375 286
f 10380 58 10376
f 10380 10376 10381
f 10381 10376 2471
f 10381 2471 10382
f 10381 10382 5810
f 5810 10382 2474
f 10382 2471 5806
f 10382 5806 5832
f 5832 5806 287
f 7379 58 10380
f 7379 10380 10383
f 10383 10380 2473
f 10383 2473 10384
f 10383 10384 5813
f 5813 10384 2475
f 10384 2473 5809
f 10384 5809 10385
f 10385 5809 288
f 7461 289 5814
f 7461 5814 10386
f 10386 5814 2475
f 10386 2475 10387
f 10386 10387 5815
f 5815 10387 2476
f 10387 2475 10385
f 10387 10385 10388
f 10388 10385 288
f 10388 288 7170
f 10388 7170 10389
f 10389 7170 965
f 10389 965 10390
f 10389 10390 5817
f 5817 10390 1779
f 10390 965 3172
f 10390 3172 4534
f 4534 3172 297
f 10379 286 5794
f 10379 5794 10391
f 10391 5794 2464
f 10391 2464 10392
f 10391 10392 5819
f 5819 10392 2477
f 10392 2464 10362
f 10392 10362 10393
f 10393 10362 302
f 10394 287 5820
f 10394 5820 10395
f 10395 5820 2477
f 10395 2477 10396
f 10395 10396 5822
f 5822 10396 2479
f 10396 2477 10393
f 10396 10393 10397
f 10397 10393 302
f 5830 287 10394
f 5830 10394 10398
f 10398 10394 2478
f 10398 2478 10399
f 10398 10399 5825
f 5825 10399 2481
f 10399 2478 5821
f 10399 5821 10400
f 10400 5821 303
f 8707 304 5826
f 8707 5826 10401
f 10401 5826 2481
f 10401 2481 10402
f 10401 10402 5828
f 5828 10402 2482
f 10402 2481 10400
f 10402 10400 10403
f 10403 10400 303
f 5824 304 7174
f 5824 7174 10404
f 10404 7174 966
f 10404 966 10405
f 10404 10405 5831
f 5831 10405 2474
f 10405 966 7171
f 10405 7171 5811
f 5811 7171 288
f 10397 302 5788
f 10397 5788 10406
f 10406 5788 2460
f 10406 2460 10407
f 10406 10407 5833
f 5833 10407 2483
f 10407 2460 10355
f 10407 10355 10408
f 10408 10355 306
f 10409 303 5834
f 10409 5834 10410
f 10410 5834 2483
f 10410 2483 10411
f 10410 10411 5836
f 5836 10411 2485
f 10411 2483 10408
f 10411 10408 5858
f 5858 10408 306
f 10403 303 10409
f 10403 10409 10412
f 10412 10409 2484
f 10412 2484 10413
f 10412 10413 5838
f 5838 10413 2486
f 10413 2484 5835
f 10413 5835 10414
f 10414 5835 307
f 10415 305 5839
f 10415 5839 10416
f 10416 5839 2486
f 10416 2486 10417
f 10416 10417 5841
f 5841 10417 2488
f 10417 2486 10414
f 10417 10414 10418
f 10418 10414 307
f 8713 305 10415
f 8713 10415 10419
f 10419 10415 2487
f 10419 2487 10420
f 10419 10420 5843
f 5843 10420 2489
f 10420 2487 5840
f 10420 5840 10421
f 10421 5840 308
f 10422 309 5844
f 10422 5844 10423
f 10423 5844 2489
f 10423 2489 10424
f 10423 10424 5846
f 5846 10424 1820
f 10424 2489 10421
f 10424 10421 8912
f 8912 10421 308
f 4439 309 10422
f 4439 10422 10425
f 10425 10422 2490
f 10425 2490 10426
f 10425 10426 5848
f 5848 10426 2491
f 10426 2490 5845
f 10426 5845 10427
f 10427 5845 310
f 8761 311 5849
f 8761 5849 10428
f 10428 5849 2491
f 10428 2491 10429
f 10428 10429 5850
f 5850 10429 1811
f 10429 2491 10427
f 10429 10427 8898
f 8898 10427 310
f 4596 308 5842
f 4596 5842 10430
f 10430 5842 2488
f 10430 2488 10431
f 10430 10431 5853
f 5853 10431 2492
f 10431 2488 10418
f 10431 10418 10432
f 10432 10418 307
f 10340 61 5854
f 10340 5854 10433
f 10433 5854 2492
f 10433 2492 10434
f 10433 10434 5855
f 5855 10434 2493
f 10434 2492 10432
f 10434 10432 10435
f 10435 10432 307
f 10347 313 5856
f 10347 5856 10436
f 10436 5856 2493
f 10436 2493 10437
f 10436 10437 5857
f 5857 10437 2485
f 10437 2493 10435
f 10437 10435 5837
f 5837 10435 307
f 4501 315 10348
f 4501 10348 10438
f 10438 10348 2457
f 10438 2457 10439
f 10438 10439 5860
f 5860 10439 2494
f 10439 2457 5783
f 10439 5783 10440
f 10440 5783 265
f 10441 316 5861
f 10441 5861 10442
f 10442 5861 2494
f 10442 2494 10443
f 10442 10443 5863
f 5863 10443 2496
f 10443 2494 10440
f 10443 10440 5891
f 5891 10440 265
f 4496 316 10441
f 4496 10441 10444
f 10444 10441 2495
f 10444 2495 10445
f 10444 10445 5866
f 5866 10445 2497
f 10445 2495 5862
f 10445 5862 10446
f 10446 5862 684
f 4484 571 5867
f 4484 5867 10447
f 10447 5867 2497
f 10447 2497 10448
f 10447 10448 5869
f 5869 10448 2498
f 10448 2497 10446
f 10448 10446 10449
f 10449 10446 684
f 9902 399 5870
f 9902 5870 10450
f 10450 5870 2498
f 10450 2498 10451
f 10450 10451 5872
f 5872 10451 2499
f 10451 2498 10449
f 10451 10449 10452
f 10452 10449 684
f 10453 390 5873
f 10453 5873 10454
f 10454 5873 2499
f 10454 2499 10455
f 10454 10455 5875
f 5875 10455 2501
f 10455 2499 10452
f 10455 10452 5888
f 5888 10452 684
f 5524 390 10453
f 5524 10453 10456
f 10456 10453 2500
f 10456 2500 10457
f 10456 10457 5878
f 5878 10457 2502
f 10457 2500 5874
f 10457 5874 10458
f 10458 5874 683
f 7324 388 5879
f 7324 5879 10459
f 10459 5879 2502
f 10459 2502 10460
f 10459 10460 5881
f 5881 10460 2503
f 10460 2502 10458
f 10460 10458 10461
f 10461 10458 683
f 10462 269 5882
f 10462 5882 10463
f 10463 5882 2503
f 10463 2503 10464
f 10463 10464 5884
f 5884 10464 2505
f 10464 2503 10461
f 10464 10461 10465
f 10465 10461 683
f 10466 267 5885
f 10466 5885 10467
f 10467 5885 2505
f 10467 2505 10468
f 10467 10468 5887
f 5887 10468 2501
f 10468 2505 10465
f 10468 10465 5876
f 5876 10465 683
f 10469 267 10466
f 10469 10466 10470
f 10470 10466 2506
f 10470 2506 10471
f 10470 10471 5890
f 5890 10471 2496
f 10471 2506 5886
f 10471 5886 5864
f 5864 5886 684
f 10316 284 10261
f 10316 10261 10472
f 10472 10261 2424
f 10472 2424 10473
f 10472 10473 5892
f 5892 10473 2508
f 10473 2424 5707
f 10473 5707 10474
f 10474 5707 283
f 10475 273 5893
f 10475 5893 10476
f 10476 5893 2508
f 10476 2508 10477
f 10476 10477 5895
f 5895 10477 2429
f 10477 2508 10474
f 10477 10474 5718
f 5718 10474 283
f 10478 273 10475
f 10478 10475 10479
f 10479 10475 2509
f 10479 2509 10480
f 10479 10480 5898
f 5898 10480 2511
f 10480 2509 5894
f 10480 5894 10481
f 10481 5894 282
f 10482 274 5899
f 10482 5899 10483
f 10483 5899 2511
f 10483 2511 10484
f 10483 10484 5901
f 5901 10484 1780
f 10484 2511 10481
f 10484 10481 8836
f 8836 10481 282
f 5929 274 10482
f 5929 10482 10485
f 10485 10482 2512
f 10485 2512 10486
f 10485 10486 5903
f 5903 10486 2514
f 10486 2512 5900
f 10486 5900 10487
f 10487 5900 281
f 10488 278 5904
f 10488 5904 10489
f 10489 5904 2514
f 10489 2514 10490
f 10489 10490 5906
f 5906 10490 1246
f 10490 2514 10487
f 10490 10487 7704
f 7704 10487 281
f 5911 278 10488
f 5911 10488 10491
f 10491 10488 2515
f 10491 2515 10492
f 10491 10492 5909
f 5909 10492 1241
f 10492 2515 5905
f 10492 5905 3606
f 3606 5905 280
f 5908 279 7734
f 5908 7734 10493
f 10493 7734 1260
f 10493 1260 10494
f 10493 10494 5912
f 5912 10494 2517
f 10494 1260 3637
f 10494 3637 10495
f 10495 3637 272
f 10496 278 5913
f 10496 5913 10497
f 10497 5913 2517
f 10497 2517 10498
f 10497 10498 5915
f 5915 10498 2519
f 10498 2517 10495
f 10498 10495 10499
f 10499 10495 272
f 10500 278 10496
f 10500 10496 10501
f 10501 10496 2518
f 10501 2518 10502
f 10501 10502 5918
f 5918 10502 2521
f 10502 2518 5914
f 10502 5914 10503
f 10503 5914 270
f 10504 276 5919
f 10504 5919 10505
f 10505 5919 2521
f 10505 2521 10506
f 10505 10506 5921
f 5921 10506 2523
f 10506 2521 10503
f 10506 10503 10507
f 10507 10503 270
f 5932 276 10504
f 5932 10504 10508
f 10508 10504 2522
f 10508 2522 10509
f 10508 10509 5924
f 5924 10509 2525
f 10509 2522 5920
f 10509 5920 10510
f 10510 5920 268
f 5795 277 5925
f 5795 5925 10511
f 10511 5925 2525
f 10511 2525 10512
f 10511 10512 5927
f 5927 10512 2526
f 10512 2525 10510
f 10512 10510 10513
f 10513 10510 268
f 5902 278 10500
f 5902 10500 10514
f 10514 10500 2520
f 10514 2520 10515
f 10514 10515 5930
f 5930 10515 2527
f 10515 2520 5917
f 10515 5917 10516
f 10516 5917 276
f 5923 277 10370
f 5923 10370 10517
f 10517 10370 2469
f 10517 2469 10518
f 10517 10518 5933
f 5933 10518 2528
f 10518 2469 5801
f 10518 5801 10519
f 10519 5801 275
f 10516 276 5934
f 10516 5934 10520
f 10520 5934 2528
f 10520 2528 10521
f 10520 10521 5935
f 5935 10521 2529
f 10521 2528 10519
f 10521 10519 10522
f 10522 10519 275
f 10522 275 5758
f 10522 5758 10523
f 10523 5758 2446
f 10523 2446 10524
f 10523 10524 5937
f 5937 10524 2510
f 10524 2446 10319
f 10524 10319 10478
f 10478 10319 273
f 10499 272 3648
f 10499 3648 10525
f 10525 3648 1264
f 10525 1264 10526
f 10525 10526 5938
f 5938 10526 2530
f 10526 1264 7745
f 10526 7745 10527
f 10527 7745 271
f 10528 270 5939
f 10528 5939 10529
f 10529 5939 2530
f 10529 2530 10530
f 10529 10530 5941
f 5941 10530 1046
f 10530 2530 10527
f 10530 10527 3292
f 3292 10527 271
f 10507 270 10528
f 10507 10528 10531
f 10531 10528 2531
f 10531 2531 10532
f 10531 10532 5943
f 5943 10532 2532
f 10532 2531 5940
f 10532 5940 10533
f 10533 5940 269
f 10534 268 5944
f 10534 5944 10535
f 10535 5944 2532
f 10535 2532 10536
f 10535 10536 5946
f 5946 10536 2504
f 10536 2532 10533
f 10536 10533 10462
f 10462 10533 269
f 10513 268 10534
f 10513 10534 10537
f 10537 10534 2533
f 10537 2533 10538
f 10537 10538 5947
f 5947 10538 2534
f 10538 2533 5945
f 10538 5945 10539
f 10539 5945 267
f 5789 266 5948
f 5789 5948 10540
f 10540 5948 2534
f 10540 2534 10541
f 10540 10541 5950
f 5950 10541 2507
f 10541 2534 10539
f 10541 10539 10469
f 10469 10539 267
f 10542 260 6805
f 10542 6805 10543
f 10543 6805 769
f 10543 769 10544
f 10543 10544 5952
f 5952 10544 2536
f 10544 769 2916
f 10544 2916 10545
f 10545 2916 263
f 8857 259 5953
f 8857 5953 10546
f 10546 5953 2536
f 10546 2536 10547
f 10546 10547 5954
f 5954 10547 2537
f 10547 2536 10545
f 10547 10545 10548
f 10548 10545 263
f 9822 264 5955
f 9822 5955 10549
f 10549 5955 2537
f 10549 2537 10550
f 10549 10550 5956
f 5956 10550 2538
f 10550 2537 10548
f 10550 10548 10551
f 10551 10548 263
f 10552 262 5957
f 10552 5957 10553
f 10553 5957 2538
f 10553 2538 10554
f 10553 10554 5959
f 5959 10554 792
f 10554 2538 10551
f 10554 10551 6857
f 6857 10551 263
f 5323 262 10552
f 5323 10552 10555
f 10555 10552 2539
f 10555 2539 10556
f 10555 10556 5962
f 5962 10556 2540
f 10556 2539 5958
f 10556 5958 10557
f 10557 5958 22
f 10558 261 5963
f 10558 5963 10559
f 10559 5963 2540
f 10559 2540 10560
f 10559 10560 5965
f 5965 10560 789
f 10560 2540 10557
f 10560 10557 6850
f 6850 10557 22
f 3178 261 10558
f 3178 10558 10561
f 10561 10558 2541
f 10561 2541 10562
f 10561 10562 5968
f 5968 10562 2542
f 10562 2541 5964
f 10562 5964 10563
f 10563 5964 21
f 6050 234 5969
f 6050 5969 10564
f 10564 5969 2542
f 10564 2542 10565
f 10564 10565 5971
f 5971 10565 786
f 10565 2542 10563
f 10565 10563 6843
f 6843 10563 21
f 6771 260 10542
f 6771 10542 10566
f 10566 10542 2535
f 10566 2535 10567
f 10566 10567 5974
f 5974 10567 2544
f 10567 2535 5951
f 10567 5951 10568
f 10568 5951 259
f 10224 23 5975
f 10224 5975 10569
f 10569 5975 2544
f 10569 2544 10570
f 10569 10570 5977
f 5977 10570 1787
f 10570 2544 10568
f 10570 10568 4544
f 4544 10568 259
f 3262 9771 10571
f 10571 9771 2214
f 10571 2214 10572
f 10571 10572 5980
f 5980 10572 2545
f 10572 2214 5288
f 10572 5288 10573
f 10573 5288 253
f 3256 257 5981
f 3256 5981 10574
f 10574 5981 2545
f 10574 2545 10575
f 10574 10575 5983
f 5983 10575 2546
f 10575 2545 10573
f 10575 10573 10576
f 10576 10573 253
f 10320 256 5984
f 10320 5984 10577
f 10577 5984 2546
f 10577 2546 10578
f 10577 10578 5986
f 5986 10578 2547
f 10578 2546 10576
f 10578 10576 10579
f 10579 10576 253
f 10580 255 5987
f 10580 5987 10581
f 10581 5987 2547
f 10581 2547 10582
f 10581 10582 5989
f 5989 10582 2549
f 10582 2547 10579
f 10582 10579 10583
f 10583 10579 253
f 3432 255 10580
f 3432 10580 10584
f 10584 10580 2548
f 10584 2548 10585
f 10584 10585 5992
f 5992 10585 1705
f 10585 2548 5988
f 10585 5988 8685
f 8685 5988 251
f 10583 253 9778
f 10583 9778 10586
f 10586 9778 2217
f 10586 2217 10587
f 10586 10587 5993
f 5993 10587 2550
f 10587 2217 5293
f 10587 5293 10588
f 10588 5293 252
f 8686 251 5994
f 8686 5994 10589
f 10589 5994 2550
f 10589 2550 10590
f 10589 10590 5996
f 5996 10590 2359
f 10590 2550 10588
f 10590 10588 10087
f 10087 10588 252
f 5544 68 7027
f 5544 7027 10591
f 10591 7027 882
f 10591 882 10592
f 10591 10592 5998
f 5998 10592 2551
f 10592 882 3062
f 10592 3062 10593
f 10593 3062 67
f 10594 240 5999
f 10594 5999 10595
f 10595 5999 2551
f 10595 2551 10596
f 10595 10596 6001
f 6001 10596 2189
f 10596 2551 10593
f 10596 10593 9713
f 9713 10593 67
f 10597 245 9725
f 10597 9725 10598
f 10598 9725 2193
f 10598 2193 10599
f 10598 10599 6003
f 6003 10599 2554
f 10599 2193 9722
f 10599 9722 10600
f 10600 9722 249
f 9692 243 6004
f 9692 6004 10601
f 10601 6004 2554
f 10601 2554 10602
f 10601 10602 6006
f 6006 10602 2555
f 10602 2554 10600
f 10602 10600 10603
f 10603 10600 249
f 10603 249 9717
f 10603 9717 10604
f 10604 9717 2190
f 10604 2190 10605
f 10604 10605 6008
f 6008 10605 2556
f 10605 2190 9714
f 10605 9714 10606
f 10606 9714 67
f 9699 248 6009
f 9699 6009 10607
f 10607 6009 2556
f 10607 2556 10608
f 10607 10608 6011
f 6011 10608 883
f 10608 2556 10606
f 10608 10606 3064
f 3064 10606 67
f 9678 247 9740
f 9678 9740 10609
f 10609 9740 2199
f 10609 2199 10610
f 10609 10610 6014
f 6014 10610 2557
f 10610 2199 9737
f 10610 9737 10611
f 10611 9737 246
f 10612 244 6015
f 10612 6015 10613
f 10613 6015 2557
f 10613 2557 10614
f 10613 10614 6017
f 6017 10614 2196
f 10614 2557 10611
f 10614 10611 9732
f 9732 10611 246
f 9685 244 10612
f 9685 10612 10615
f 10615 10612 2558
f 10615 2558 10616
f 10615 10616 6020
f 6020 10616 2553
f 10616 2558 6016
f 10616 6016 10597
f 10597 6016 245
f 4419 239 6030
f 4419 6030 10617
f 10617 6030 2559
f 10617 2559 10618
f 10617 10618 6022
f 6022 10618 2560
f 10618 2559 10619
f 10618 10619 10620
f 10620 10619 240
f 7559 242 6023
f 7559 6023 10621
f 10621 6023 2560
f 10621 2560 10622
f 10621 10622 6024
f 6024 10622 2552
f 10622 2560 10620
f 10622 10620 10594
f 10594 10620 240
f 6036 236 10068
f 6036 10068 10623
f 10623 10068 2350
f 10623 2350 10624
f 10623 10624 6026
f 6026 10624 2562
f 10624 2350 10065
f 10624 10065 10625
f 10625 10065 240
f 10626 237 6027
f 10626 6027 10627
f 10627 6027 2562
f 10627 2562 10628
f 10627 10628 6029
f 6029 10628 2559
f 10628 2562 10625
f 10628 10625 10619
f 10619 10625 240
f 6033 237 10626
f 6033 10626 10629
f 10629 10626 2563
f 10629 2563 10630
f 10629 10630 6032
f 6032 10630 1704
f 10630 2563 6028
f 10630 6028 8682
f 8682 6028 239
f 6031 65 5432
f 6031 5432 10631
f 10631 5432 2293
f 10631 2293 10632
f 10631 10632 6034
f 6034 10632 2565
f 10632 2293 9933
f 10632 9933 10633
f 10633 9933 238
f 6025 237 6035
f 6025 6035 10634
f 10634 6035 2565
f 10634 2565 10635
f 10634 10635 6037
f 6037 10635 1123
f 10635 2565 10633
f 10635 10633 7476
f 7476 10633 238
f 4151 127 10636
f 4151 10636 10637
f 10637 10636 2566
f 10637 2566 10638
f 10637 10638 6040
f 6040 10638 2567
f 10638 2566 10639
f 10638 10639 10640
f 10640 10639 160
f 10641 51 6041
f 10641 6041 10642
f 10642 6041 2567
f 10642 2567 10643
f 10642 10643 6043
f 6043 10643 2569
f 10643 2567 10640
f 10643 10640 6380
f 6380 10640 160
f 8336 51 10641
f 8336 10641 10644
f 10644 10641 2568
f 10644 2568 10645
f 10644 10645 6045
f 6045 10645 2570
f 10645 2568 6042
f 10645 6042 10646
f 10646 6042 133
f 3104 235 6046
f 3104 6046 10647
f 10647 6046 2570
f 10647 2570 10648
f 10647 10648 6048
f 6048 10648 2571
f 10648 2570 10646
f 10648 10646 6389
f 6389 10646 133
f 5970 20 6839
f 5970 6839 10649
f 10649 6839 784
f 10649 784 10650
f 10649 10650 6051
f 6051 10650 2572
f 10650 784 6836
f 10650 6836 10651
f 10651 6836 18
f 10652 234 6052
f 10652 6052 10653
f 10653 6052 2572
f 10653 2572 10654
f 10653 10654 6054
f 6054 10654 2574
f 10654 2572 10651
f 10654 10651 10655
f 10655 10651 18
f 7180 234 10652
f 7180 10652 10656
f 10656 10652 2573
f 10656 2573 10657
f 10656 10657 6057
f 6057 10657 2575
f 10657 2573 6053
f 10657 6053 10658
f 10658 6053 233
f 5404 192 6058
f 5404 6058 10659
f 10659 6058 2575
f 10659 2575 10660
f 10659 10660 6060
f 6060 10660 2576
f 10660 2575 10658
f 10660 10658 10661
f 10661 10658 233
f 10655 18 6830
f 10655 6830 10662
f 10662 6830 780
f 10662 780 10663
f 10662 10663 6062
f 6062 10663 2577
f 10663 780 6827
f 10663 6827 10664
f 10664 6827 16
f 10665 233 6063
f 10665 6063 10666
f 10666 6063 2577
f 10666 2577 10667
f 10666 10667 6065
f 6065 10667 2579
f 10667 2577 10664
f 10667 10664 10668
f 10668 10664 16
f 10661 233 10665
f 10661 10665 10669
f 10669 10665 2578
f 10669 2578 10670
f 10669 10670 6067
f 6067 10670 2580
f 10670 2578 6064
f 10670 6064 10671
f 10671 6064 115
f 9896 189 6068
f 9896 6068 10672
f 10672 6068 2580
f 10672 2580 10673
f 10672 10673 6069
f 6069 10673 2581
f 10673 2580 10671
f 10673 10671 10674
f 10674 10671 115
f 10674 115 6433
f 10674 6433 10675
f 10675 6433 2582
f 10675 2582 10676
f 10675 10676 6071
f 6071 10676 2583
f 10676 2582 10677
f 10676 10677 10678
f 10678 10677 116
f 7472 232 9709
f 7472 9709 10679
f 10679 9709 2187
f 10679 2187 10680
f 10679 10680 6073
f 6073 10680 2584
f 10680 2187 5246
f 10680 5246 10681
f 10681 5246 230
f 10682 231 6074
f 10682 6074 10683
f 10683 6074 2584
f 10683 2584 10684
f 10683 10684 6076
f 6076 10684 2586
f 10684 2584 10681
f 10684 10681 6091
f 6091 10681 230
f 9200 231 10682
f 9200 10682 10685
f 10685 10682 2585
f 10685 2585 10686
f 10685 10686 6078
f 6078 10686 2587
f 10686 2585 6075
f 10686 6075 10687
f 10687 6075 228
f 10688 227 6079
f 10688 6079 10689
f 10689 6079 2587
f 10689 2587 10690
f 10689 10690 6081
f 6081 10690 2589
f 10690 2587 10687
f 10690 10687 10691
f 10691 10687 228
f 9201 227 10688
f 9201 10688 10692
f 10692 10688 2588
f 10692 2588 10693
f 10692 10693 6084
f 6084 10693 894
f 10693 2588 6080
f 10693 6080 3076
f 3076 6080 56
f 9751 56 6082
f 9751 6082 10694
f 10694 6082 2589
f 10694 2589 10695
f 10694 10695 6087
f 6087 10695 2590
f 10695 2589 10691
f 10695 10691 10696
f 10696 10691 228
f 5279 229 6088
f 5279 6088 10697
f 10697 6088 2590
f 10697 2590 10698
f 10697 10698 6090
f 6090 10698 2586
f 10698 2590 10696
f 10698 10696 6077
f 6077 10696 228
f 8603 87 6984
f 8603 6984 10699
f 10699 6984 856
f 10699 856 10700
f 10699 10700 6093
f 6093 10700 2591
f 10700 856 3035
f 10700 3035 10701
f 10701 3035 86
f 10702 6094 2591
f 10702 2591 10703
f 10702 10703 6095
f 6095 10703 2592
f 10703 2591 10701
f 10703 10701 10704
f 10704 10701 86
f 10705 6096 2592
f 10705 2592 10706
f 10705 10706 6097
f 6097 10706 2593
f 10706 2592 10704
f 10706 10704 10707
f 10707 10704 86
f 5307 6098 10708
f 10708 6098 2593
f 10708 2593 10709
f 10708 10709 6100
f 6100 10709 844
f 10709 2593 10707
f 10709 10707 6966
f 6966 10707 86
f 10710 102 4301
f 10710 4301 10711
f 10711 4301 1643
f 10711 1643 10712
f 10711 10712 6102
f 6102 10712 2595
f 10712 1643 8536
f 10712 8536 10713
f 10713 8536 226
f 10714 221 6103
f 10714 6103 10715
f 10715 6103 2595
f 10715 2595 10716
f 10715 10716 6105
f 6105 10716 1639
f 10716 2595 10713
f 10716 10713 4295
f 4295 10713 226
f 6119 221 10714
f 6119 10714 10717
f 10717 10714 2596
f 10717 2596 10718
f 10717 10718 6108
f 6108 10718 2598
f 10718 2596 6104
f 10718 6104 10719
f 10719 6104 223
f 10720 222 6109
f 10720 6109 10721
f 10721 6109 2598
f 10721 2598 10722
f 10721 10722 6111
f 6111 10722 1635
f 10722 2598 10719
f 10722 10719 4289
f 4289 10719 223
f 3774 222 10720
f 3774 10720 10723
f 10723 10720 2599
f 10723 2599 10724
f 10723 10724 6114
f 6114 10724 2600
f 10724 2599 6110
f 10724 6110 10725
f 10725 6110 224
f 3768 225 6115
f 3768 6115 10726
f 10726 6115 2600
f 10726 2600 10727
f 10726 10727 6117
f 6117 10727 1633
f 10727 2600 10725
f 10727 10725 4286
f 4286 10725 224
f 6107 222 7905
f 6107 7905 10728
f 10728 7905 1335
f 10728 1335 10729
f 10728 10729 6120
f 6120 10729 2601
f 10729 1335 3777
f 10729 3777 10730
f 10730 3777 220
f 3855 219 8051
f 3855 8051 10731
f 10731 8051 1415
f 10731 1415 10732
f 10731 10732 6123
f 6123 10732 2602
f 10732 1415 3896
f 10732 3896 10733
f 10733 3896 217
f 3852 218 6124
f 3852 6124 10734
f 10734 6124 2602
f 10734 2602 10735
f 10734 10735 6126
f 6126 10735 2603
f 10735 2602 10733
f 10735 10733 10736
f 10736 10733 217
f 10736 217 8059
f 10736 8059 10737
f 10737 8059 1419
f 10737 1419 10738
f 10737 10738 6128
f 6128 10738 2604
f 10738 1419 3902
f 10738 3902 10739
f 10739 3902 216
f 10740 215 6129
f 10740 6129 10741
f 10741 6129 2604
f 10741 2604 10742
f 10741 10742 6131
f 6131 10742 1423
f 10742 2604 10739
f 10742 10739 8067
f 8067 10739 216
f 3846 215 10740
f 3846 10740 10743
f 10743 10740 2605
f 10743 2605 10744
f 10743 10744 6133
f 6133 10744 2606
f 10744 2605 6130
f 10744 6130 10745
f 10745 6130 214
f 10746 213 6134
f 10746 6134 10747
f 10747 6134 2606
f 10747 2606 10748
f 10747 10748 6136
f 6136 10748 1425
f 10748 2606 10745
f 10748 10745 8071
f 8071 10745 214
f 3838 213 10746
f 3838 10746 10749
f 10749 10746 2607
f 10749 2607 10750
f 10749 10750 6138
f 6138 10750 2608
f 10750 2607 6135
f 10750 6135 10751
f 10751 6135 211
f 3835 212 6139
f 3835 6139 10752
f 10752 6139 2608
f 10752 2608 10753
f 10752 10753 6141
f 6141 10753 2609
f 10753 2608 10751
f 10753 10751 10754
f 10754 10751 211
f 10754 211 10755
f 10754 10755 10756
f 10756 10755 2610
f 10756 2610 10757
f 10756 10757 6143
f 6143 10757 2611
f 10757 2610 10758
f 10757 10758 10759
f 10759 10758 209
f 3829 210 6144
f 3829 6144 10760
f 10760 6144 2611
f 10760 2611 10761
f 10760 10761 6146
f 6146 10761 2612
f 10761 2611 10759
f 10761 10759 10762
f 10762 10759 209
f 10762 209 8456
f 10762 8456 10763
f 10763 8456 1603
f 10763 1603 10764
f 10763 10764 6148
f 6148 10764 2613
f 10764 1603 4232
f 10764 4232 10765
f 10765 4232 207
f 3821 208 6149
f 3821 6149 10766
f 10766 6149 2613
f 10766 2613 10767
f 10766 10767 6151
f 6151 10767 2614
f 10767 2613 10765
f 10767 10765 10768
f 10768 10765 207
f 10768 207 3863
f 10768 3863 10769
f 10769 3863 1392
f 10769 1392 10770
f 10769 10770 6153
f 6153 10770 2615
f 10770 1392 8008
f 10770 8008 10771
f 10771 8008 54
f 3818 206 6154
f 3818 6154 10772
f 10772 6154 2615
f 10772 2615 10773
f 10772 10773 6156
f 6156 10773 2616
f 10773 2615 10771
f 10773 10771 10774
f 10774 10771 54
f 10774 54 7045
f 10774 7045 10775
f 10775 7045 895
f 10775 895 10776
f 10775 10776 6158
f 6158 10776 2617
f 10776 895 3077
f 10776 3077 10777
f 10777 3077 53
f 3810 205 6159
f 3810 6159 10778
f 10778 6159 2617
f 10778 2617 10779
f 10778 10779 6161
f 6161 10779 2618
f 10779 2617 10777
f 10779 10777 10780
f 10780 10777 53
f 10780 53 7091
f 10780 7091 10781
f 10781 7091 923
f 10781 923 10782
f 10781 10782 6163
f 6163 10782 901
f 10782 923 3110
f 10782 3110 7056
f 7056 3110 47
f 2953 204 4231
f 2953 4231 10783
f 10783 4231 1602
f 10783 1602 10784
f 10783 10784 6165
f 6165 10784 2619
f 10784 1602 8455
f 10784 8455 10785
f 10785 8455 172
f 10786 203 6166
f 10786 6166 10787
f 10787 6166 2619
f 10787 2619 10788
f 10787 10788 6168
f 6168 10788 2621
f 10788 2619 10785
f 10788 10785 6274
f 6274 10785 172
f 6173 203 10786
f 6173 10786 10789
f 10789 10786 2620
f 10789 2620 10790
f 10789 10790 6171
f 6171 10790 2623
f 10790 2620 6167
f 10790 6167 6268
f 6268 6167 174
f 6170 175 7077
f 6170 7077 10791
f 10791 7077 914
f 10791 914 10792
f 10791 10792 6174
f 6174 10792 793
f 10792 914 3098
f 10792 3098 6858
f 6858 3098 202
f 3219 193 5388
f 3219 5388 10793
f 10793 5388 2267
f 10793 2267 10794
f 10793 10794 6176
f 6176 10794 2624
f 10794 2267 9882
f 10794 9882 10795
f 10795 9882 194
f 10796 200 6177
f 10796 6177 10797
f 10797 6177 2624
f 10797 2624 10798
f 10797 10798 6179
f 6179 10798 2626
f 10798 2624 10795
f 10798 10795 10799
f 10799 10795 194
f 3214 200 10796
f 3214 10796 10800
f 10800 10796 2625
f 10800 2625 10801
f 10800 10801 6182
f 6182 10801 2627
f 10801 2625 6178
f 10801 6178 10802
f 10802 6178 199
f 9823 201 6183
f 9823 6183 10803
f 10803 6183 2627
f 10803 2627 10804
f 10803 10804 6185
f 6185 10804 2628
f 10804 2627 10802
f 10804 10802 10805
f 10805 10802 199
f 10805 199 6180
f 10805 6180 10806
f 10806 6180 2626
f 10806 2626 10807
f 10806 10807 6187
f 6187 10807 2629
f 10807 2626 10799
f 10807 10799 10808
f 10808 10799 194
f 10809 198 6188
f 10809 6188 10810
f 10810 6188 2629
f 10810 2629 10811
f 10810 10811 6190
f 6190 10811 2265
f 10811 2629 10808
f 10811 10808 5385
f 5385 10808 194
f 6195 198 10809
f 6195 10809 10812
f 10812 10809 2630
f 10812 2630 10813
f 10812 10813 6193
f 6193 10813 2261
f 10813 2630 6189
f 10813 6189 5379
f 5379 6189 195
f 6192 196 5358
f 6192 5358 10814
f 10814 5358 2249
f 10814 2249 10815
f 10814 10815 6196
f 6196 10815 2240
f 10815 2249 9851
f 10815 9851 5340
f 5340 9851 197
f 10816 134 10817
f 10816 10817 10818
f 10818 10817 2633
f 10818 2633 10819
f 10818 10819 6199
f 6199 10819 2634
f 10819 2633 10820
f 10819 10820 10821
f 10821 10820 177
f 10822 132 6200
f 10822 6200 10823
f 10823 6200 2634
f 10823 2634 10824
f 10823 10824 6202
f 6202 10824 2636
f 10824 2634 10821
f 10824 10821 10825
f 10825 10821 177
f 7085 132 10822
f 7085 10822 10826
f 10826 10822 2635
f 10826 2635 10827
f 10826 10827 6205
f 6205 10827 2637
f 10827 2635 6201
f 10827 6201 10828
f 10828 6201 176
f 10829 188 6206
f 10829 6206 10830
f 10830 6206 2637
f 10830 2637 10831
f 10830 10831 6208
f 6208 10831 1592
f 10831 2637 10828
f 10831 10828 8431
f 8431 10828 176
f 4097 188 10829
f 4097 10829 10832
f 10832 10829 2638
f 10832 2638 10833
f 10832 10833 6210
f 6210 10833 2639
f 10833 2638 6207
f 10833 6207 10834
f 10834 6207 187
f 10835 186 6211
f 10835 6211 10836
f 10836 6211 2639
f 10836 2639 10837
f 10836 10837 6213
f 6213 10837 1582
f 10837 2639 10834
f 10837 10834 8411
f 8411 10834 187
f 8293 186 10835
f 8293 10835 10838
f 10838 10835 2640
f 10838 2640 10839
f 10838 10839 6216
f 6216 10839 2641
f 10839 2640 6212
f 10839 6212 10840
f 10840 6212 185
f 10841 183 6217
f 10841 6217 10842
f 10842 6217 2641
f 10842 2641 10843
f 10842 10843 6219
f 6219 10843 1578
f 10843 2641 10840
f 10843 10840 8404
f 8404 10840 185
f 8319 183 10841
f 8319 10841 10844
f 10844 10841 2642
f 10844 2642 10845
f 10844 10845 6222
f 6222 10845 2413
f 10845 2642 6218
f 10845 6218 10237
f 10237 6218 184
f 9899 181 6072
f 9899 6072 10846
f 10846 6072 2583
f 10846 2583 10847
f 10846 10847 6223
f 6223 10847 2643
f 10847 2583 10678
f 10847 10678 10848
f 10848 10678 116
f 10849 170 6224
f 10849 6224 10850
f 10850 6224 2643
f 10850 2643 10851
f 10850 10851 6226
f 6226 10851 2645
f 10851 2643 10848
f 10851 10848 6430
f 6430 10848 116
f 6249 177 10820
f 6249 10820 10852
f 10852 10820 2633
f 10852 2633 10853
f 10852 10853 6229
f 6229 10853 2647
f 10853 2633 10817
f 10853 10817 10854
f 10854 10817 134
f 10855 180 6230
f 10855 6230 10856
f 10856 6230 2647
f 10856 2647 10857
f 10856 10857 6232
f 6232 10857 2649
f 10857 2647 10854
f 10857 10854 10858
f 10858 10854 134
f 6243 180 10855
f 6243 10855 10859
f 10859 10855 2648
f 10859 2648 10860
f 10859 10860 6235
f 6235 10860 2651
f 10860 2648 6231
f 10860 6231 10861
f 10861 6231 161
f 10862 173 6236
f 10862 6236 10863
f 10863 6236 2651
f 10863 2651 10864
f 10863 10864 6238
f 6238 10864 2653
f 10864 2651 10861
f 10864 10861 10865
f 10865 10861 161
f 6269 173 10862
f 6269 10862 10866
f 10866 10862 2652
f 10866 2652 10867
f 10866 10867 6241
f 6241 10867 2655
f 10867 2652 6237
f 10867 6237 6403
f 6403 6237 128
f 6234 173 10868
f 6234 10868 10869
f 10869 10868 2656
f 10869 2656 10870
f 10869 10870 6244
f 6244 10870 2657
f 10870 2656 6272
f 10870 6272 10871
f 10871 6272 172
f 10872 180 6245
f 10872 6245 10873
f 10873 6245 2657
f 10873 2657 10874
f 10873 10874 6247
f 6247 10874 1601
f 10874 2657 10871
f 10874 10871 8454
f 8454 10871 172
f 6228 180 10872
f 6228 10872 10875
f 10875 10872 2658
f 10875 2658 10876
f 10875 10876 6250
f 6250 10876 2659
f 10876 2658 6246
f 10876 6246 10877
f 10877 6246 179
f 10878 177 6251
f 10878 6251 10879
f 10879 6251 2659
f 10879 2659 10880
f 10879 10880 6253
f 6253 10880 1598
f 10880 2659 10877
f 10880 10877 8447
f 8447 10877 179
f 10825 177 10878
f 10825 10878 10881
f 10881 10878 2660
f 10881 2660 10882
f 10881 10882 6255
f 6255 10882 1593
f 10882 2660 6252
f 10882 6252 8434
f 8434 6252 178
f 5368 170 10849
f 5368 10849 10883
f 10883 10849 2644
f 10883 2644 10884
f 10883 10884 6258
f 6258 10884 2661
f 10884 2644 6225
f 10884 6225 10885
f 10885 6225 117
f 10886 131 6259
f 10886 6259 10887
f 10887 6259 2661
f 10887 2661 10888
f 10887 10888 6261
f 6261 10888 915
f 10888 2661 10885
f 10888 10885 7080
f 7080 10885 117
f 10889 131 10886
f 10889 10886 10890
f 10890 10886 2662
f 10890 2662 10891
f 10890 10891 6264
f 6264 10891 2664
f 10891 2662 6260
f 10891 6260 10892
f 10892 6260 175
f 10893 130 6265
f 10893 6265 10894
f 10894 6265 2664
f 10894 2664 10895
f 10894 10895 6267
f 6267 10895 2623
f 10895 2664 10892
f 10895 10892 6172
f 6172 10892 175
f 6240 130 10893
f 6240 10893 10896
f 10896 10893 2665
f 10896 2665 10897
f 10896 10897 6270
f 6270 10897 2666
f 10897 2665 6266
f 10897 6266 10898
f 10898 6266 174
f 10868 173 6271
f 10868 6271 10899
f 10899 6271 2666
f 10899 2666 10900
f 10899 10900 6273
f 6273 10900 2621
f 10900 2666 10898
f 10900 10898 6169
f 6169 10898 174
f 10858 134 10901
f 10858 10901 10902
f 10902 10901 2667
f 10902 2667 10903
f 10902 10903 6275
f 6275 10903 2668
f 10903 2667 10904
f 10903 10904 10905
f 10905 10904 136
f 10906 161 6276
f 10906 6276 10907
f 10907 6276 2668
f 10907 2668 10908
f 10907 10908 6278
f 6278 10908 2670
f 10908 2668 10905
f 10908 10905 6308
f 6308 10905 136
f 10865 161 10906
f 10865 10906 10909
f 10909 10906 2669
f 10909 2669 10910
f 10909 10910 6280
f 6280 10910 2671
f 10910 2669 6277
f 10910 6277 10911
f 10911 6277 162
f 10912 128 6281
f 10912 6281 10913
f 10913 6281 2671
f 10913 2671 10914
f 10913 10914 6283
f 6283 10914 2673
f 10914 2671 10911
f 10914 10911 6302
f 6302 10911 162
f 10915 128 10912
f 10915 10912 10916
f 10916 10912 2672
f 10916 2672 10917
f 10916 10917 6286
f 6286 10917 2675
f 10917 2672 6282
f 10917 6282 10918
f 10918 6282 163
f 3706 164 6287
f 3706 6287 10919
f 10919 6287 2675
f 10919 2675 10920
f 10919 10920 6289
f 6289 10920 2676
f 10920 2675 10918
f 10920 10918 10921
f 10921 10918 163
f 3518 165 6290
f 3518 6290 10922
f 10922 6290 2676
f 10922 2676 10923
f 10922 10923 6292
f 6292 10923 2677
f 10923 2676 10921
f 10923 10921 10924
f 10924 10921 163
f 4395 166 6293
f 4395 6293 10925
f 10925 6293 2677
f 10925 2677 10926
f 10925 10926 6295
f 6295 10926 2678
f 10926 2677 10924
f 10926 10924 10927
f 10927 10924 163
f 6479 167 6296
f 6479 6296 10928
f 10928 6296 2678
f 10928 2678 10929
f 10928 10929 6298
f 6298 10929 2680
f 10929 2678 10927
f 10929 10927 10930
f 10930 10927 163
f 10931 159 6299
f 10931 6299 10932
f 10932 6299 2680
f 10932 2680 10933
f 10932 10933 6301
f 6301 10933 2673
f 10933 2680 10930
f 10933 10930 6284
f 6284 10930 163
f 6368 159 10931
f 6368 10931 10934
f 10934 10931 2681
f 10934 2681 10935
f 10934 10935 6304
f 6304 10935 2683
f 10935 2681 6300
f 10935 6300 10936
f 10936 6300 162
f 10937 138 6305
f 10937 6305 10938
f 10938 6305 2683
f 10938 2683 10939
f 10938 10939 6307
f 6307 10939 2670
f 10939 2683 10936
f 10939 10936 6279
f 6279 10936 162
f 6363 138 10937
f 6363 10937 10940
f 10940 10937 2684
f 10940 2684 10941
f 10940 10941 6310
f 6310 10941 2686
f 10941 2684 6306
f 10941 6306 10942
f 10942 6306 136
f 10943 137 6311
f 10943 6311 10944
f 10944 6311 2686
f 10944 2686 10945
f 10944 10945 6313
f 6313 10945 2688
f 10945 2686 10942
f 10945 10942 10946
f 10946 10942 136
f 6360 137 10943
f 6360 10943 10947
f 10947 10943 2687
f 10947 2687 10948
f 10947 10948 6316
f 6316 10948 2690
f 10948 2687 6312
f 10948 6312 10949
f 10949 6312 135
f 10950 139 6317
f 10950 6317 10951
f 10951 6317 2690
f 10951 2690 10952
f 10951 10952 6319
f 6319 10952 2692
f 10952 2690 10949
f 10952 10949 10953
f 10953 10949 135
f 6355 139 10950
f 6355 10950 10954
f 10954 10950 2691
f 10954 2691 10955
f 10954 10955 6322
f 6322 10955 2694
f 10955 2691 6318
f 10955 6318 10956
f 10956 6318 140
f 10957 141 6323
f 10957 6323 10958
f 10958 6323 2694
f 10958 2694 10959
f 10958 10959 6325
f 6325 10959 2696
f 10959 2694 10956
f 10959 10956 10960
f 10960 10956 140
f 6349 141 10957
f 6349 10957 10961
f 10961 10957 2695
f 10961 2695 10962
f 10961 10962 6328
f 6328 10962 2698
f 10962 2695 6324
f 10962 6324 10963
f 10963 6324 142
f 10964 143 6329
f 10964 6329 10965
f 10965 6329 2698
f 10965 2698 10966
f 10965 10966 6331
f 6331 10966 2700
f 10966 2698 10963
f 10966 10963 10967
f 10967 10963 142
f 9641 143 10964
f 9641 10964 10968
f 10968 10964 2699
f 10968 2699 10969
f 10968 10969 6333
f 6333 10969 2701
f 10969 2699 6330
f 10969 6330 10970
f 10970 6330 144
f 10971 145 6334
f 10971 6334 10972
f 10972 6334 2701
f 10972 2701 10973
f 10972 10973 6336
f 6336 10973 2703
f 10973 2701 10970
f 10973 10970 10974
f 10974 10970 144
f 8153 145 10971
f 8153 10971 10975
f 10975 10971 2702
f 10975 2702 10976
f 10975 10976 6339
f 6339 10976 1321
f 10976 2702 6335
f 10976 6335 7882
f 7882 6335 146
f 10967 142 10977
f 10967 10977 10978
f 10978 10977 2704
f 10978 2704 10979
f 10978 10979 6341
f 6341 10979 2705
f 10979 2704 6383
f 10979 6383 10980
f 10980 6383 156
f 10974 144 6342
f 10974 6342 10981
f 10981 6342 2705
f 10981 2705 10982
f 10981 10982 6343
f 6343 10982 2706
f 10982 2705 10980
f 10982 10980 10983
f 10983 10980 156
f 10983 156 6387
f 10983 6387 10984
f 10984 6387 2707
f 10984 2707 10985
f 10984 10985 6345
f 6345 10985 2708
f 10985 2707 10986
f 10985 10986 10987
f 10987 10986 127
f 7887 146 6346
f 7887 6346 10988
f 10988 6346 2708
f 10988 2708 10989
f 10988 10989 6347
f 6347 10989 2709
f 10989 2708 10987
f 10989 10987 10990
f 10990 10987 127
f 6327 143 5183
f 6327 5183 10991
f 10991 5183 2150
f 10991 2150 10992
f 10991 10992 6350
f 6350 10992 2710
f 10992 2150 9629
f 10992 9629 10993
f 10993 9629 46
f 10994 141 6351
f 10994 6351 10995
f 10995 6351 2710
f 10995 2710 10996
f 10995 10996 6353
f 6353 10996 925
f 10996 2710 10993
f 10996 10993 3115
f 3115 10993 46
f 6321 141 10994
f 6321 10994 10997
f 10997 10994 2711
f 10997 2711 10998
f 10997 10998 6356
f 6356 10998 2712
f 10998 2711 6352
f 10998 6352 10999
f 10999 6352 52
f 11000 139 6357
f 11000 6357 11001
f 11001 6357 2712
f 11001 2712 11002
f 11001 11002 6359
f 6359 11002 1389
f 11002 2712 10999
f 11002 10999 8002
f 8002 10999 52
f 6315 139 11000
f 6315 11000 11003
f 11003 11000 2713
f 11003 2713 11004
f 11003 11004 6361
f 6361 11004 2714
f 11004 2713 6358
f 11004 6358 11005
f 11005 6358 157
f 6309 137 6362
f 6309 6362 11006
f 11006 6362 2714
f 11006 2714 11007
f 11006 11007 6364
f 6364 11007 2715
f 11007 2714 11005
f 11007 11005 11008
f 11008 11005 157
f 11008 157 4237
f 11008 4237 11009
f 11009 4237 1606
f 11009 1606 11010
f 11009 11010 6366
f 6366 11010 2716
f 11010 1606 8464
f 11010 8464 11011
f 11011 8464 158
f 6303 138 6367
f 6303 6367 11012
f 11012 6367 2716
f 11012 2716 11013
f 11012 11013 6369
f 6369 11013 2717
f 11013 2716 11011
f 11013 11011 11014
f 11014 11011 158
f 10946 136 10904
f 10946 10904 11015
f 11015 10904 2667
f 11015 2667 11016
f 11015 11016 6371
f 6371 11016 2718
f 11016 2667 10901
f 11016 10901 11017
f 11017 10901 134
f 11018 135 6372
f 11018 6372 11019
f 11019 6372 2718
f 11019 2718 11020
f 11019 11020 6374
f 6374 11020 2720
f 11020 2718 11017
f 11020 11017 11021
f 11021 11017 134
f 10953 135 11018
f 10953 11018 11022
f 11022 11018 2719
f 11022 2719 11023
f 11022 11023 6376
f 6376 11023 2721
f 11023 2719 6373
f 11023 6373 11024
f 11024 6373 133
f 11025 140 6377
f 11025 6377 11026
f 11026 6377 2721
f 11026 2721 11027
f 11026 11027 6379
f 6379 11027 2569
f 11027 2721 11024
f 11027 11024 6044
f 6044 11024 133
f 10960 140 11025
f 10960 11025 11028
f 11028 11025 2722
f 11028 2722 11029
f 11028 11029 6381
f 6381 11029 2723
f 11029 2722 6378
f 11029 6378 11030
f 11030 6378 160
f 10977 142 6382
f 10977 6382 11031
f 11031 6382 2723
f 11031 2723 11032
f 11031 11032 6384
f 6384 11032 2724
f 11032 2723 11030
f 11032 11030 11033
f 11033 11030 160
f 11033 160 10639
f 11033 10639 11034
f 11034 10639 2566
f 11034 2566 11035
f 11034 11035 6386
f 6386 11035 2707
f 11035 2566 10636
f 11035 10636 10986
f 10986 10636 127
f 11021 134 10816
f 11021 10816 11036
f 11036 10816 2632
f 11036 2632 11037
f 11036 11037 6388
f 6388 11037 2571
f 11037 2632 6198
f 11037 6198 6049
f 6049 6198 132
f 6401 128 10915
f 6401 10915 11038
f 11038 10915 2674
f 11038 2674 11039
f 11038 11039 6391
f 6391 11039 2726
f 11039 2674 6285
f 11039 6285 11040
f 11040 6285 164
f 11041 129 6392
f 11041 6392 11042
f 11042 6392 2726
f 11042 2726 11043
f 11042 11043 6394
f 6394 11043 1287
f 11043 2726 11040
f 11043 11040 7801
f 7801 11040 164
f 6398 129 11041
f 6398 11041 11044
f 11044 11041 2727
f 11044 2727 11045
f 11044 11045 6397
f 6397 11045 2253
f 11045 2727 6393
f 11045 6393 9858
f 9858 6393 168
f 6396 131 10889
f 6396 10889 11046
f 11046 10889 2663
f 11046 2663 11047
f 11046 11047 6399
f 6399 11047 2729
f 11047 2663 6263
f 11047 6263 11048
f 11048 6263 130
f 6390 129 6400
f 6390 6400 11049
f 11049 6400 2729
f 11049 2729 11050
f 11049 11050 6402
f 6402 11050 2655
f 11050 2729 11048
f 11050 11048 6242
f 6242 11048 130
f 10990 127 4153
f 10990 4153 11051
f 11051 4153 1558
f 11051 1558 11052
f 11051 11052 6404
f 6404 11052 2730
f 11052 1558 8357
f 11052 8357 11053
f 11053 8357 126
f 11054 123 6405
f 11054 6405 11055
f 11055 6405 2730
f 11055 2730 11056
f 11055 11056 6407
f 6407 11056 1554
f 11056 2730 11053
f 11056 11053 8348
f 8348 11053 126
f 6410 123 11054
f 6410 11054 11057
f 11057 11054 2731
f 11057 2731 11058
f 11057 11058 6409
f 6409 11058 1563
f 11058 2731 6406
f 11058 6406 8367
f 8367 6406 125
f 6408 124 9483
f 6408 9483 11059
f 11059 9483 2088
f 11059 2088 11060
f 11059 11060 6411
f 6411 11060 1323
f 11060 2088 5064
f 11060 5064 7884
f 7884 5064 122
f 7065 45 8572
f 7065 8572 11061
f 11061 8572 1657
f 11061 1657 11062
f 11061 11062 6413
f 6413 11062 2733
f 11062 1657 4335
f 11062 4335 11063
f 11063 4335 121
f 7018 43 6414
f 7018 6414 11064
f 11064 6414 2733
f 11064 2733 11065
f 11064 11065 6416
f 6416 11065 2734
f 11065 2733 11063
f 11065 11063 11066
f 11066 11063 121
f 11066 121 8580
f 11066 8580 11067
f 11067 8580 1661
f 11067 1661 11068
f 11067 11068 6418
f 6418 11068 2735
f 11068 1661 4341
f 11068 4341 11069
f 11069 4341 120
f 8198 71 6419
f 8198 6419 11070
f 11070 6419 2735
f 11070 2735 11071
f 11070 11071 6421
f 6421 11071 2736
f 11071 2735 11069
f 11071 11069 11072
f 11072 11069 120
f 11072 120 7073
f 11072 7073 11073
f 11073 7073 912
f 11073 912 11074
f 11073 11074 6423
f 6423 11074 1505
f 11074 912 3095
f 11074 3095 4052
f 4052 3095 118
f 6815 14 3103
f 6815 3103 11075
f 11075 3103 917
f 11075 917 11076
f 11075 11076 6426
f 6426 11076 2737
f 11076 917 7084
f 11076 7084 11077
f 11077 7084 117
f 11078 15 6427
f 11078 6427 11079
f 11079 6427 2737
f 11079 2737 11080
f 11079 11080 6429
f 6429 11080 2645
f 11080 2737 11077
f 11080 11077 6227
f 6227 11077 117
f 6434 15 11078
f 6434 11078 11081
f 11081 11078 2738
f 11081 2738 11082
f 11081 11082 6432
f 6432 11082 2582
f 11082 2738 6428
f 11082 6428 10677
f 10677 6428 116
f 6431 115 6066
f 6431 6066 11083
f 11083 6066 2579
f 11083 2579 11084
f 11083 11084 6435
f 6435 11084 776
f 11084 2579 10668
f 11084 10668 6821
f 6821 10668 16
f 7854 114 7581
f 7854 7581 11085
f 11085 7581 1178
f 11085 1178 11086
f 11085 11086 6437
f 6437 11086 2740
f 11086 1178 3509
f 11086 3509 11087
f 11087 3509 113
f 11088 109 6438
f 11088 6438 11089
f 11089 6438 2740
f 11089 2740 11090
f 11089 11090 6440
f 6440 11090 1696
f 11090 2740 11087
f 11090 11087 8663
f 8663 11087 113
f 5318 109 11088
f 5318 11088 11091
f 11091 11088 2741
f 11091 2741 11092
f 11091 11092 6442
f 6442 11092 2742
f 11092 2741 6439
f 11092 6439 11093
f 11093 6439 107
f 7574 108 6443
f 7574 6443 11094
f 11094 6443 2742
f 11094 2742 11095
f 11094 11095 6445
f 6445 11095 2743
f 11095 2742 11093
f 11095 11093 11096
f 11096 11093 107
f 11096 107 8667
f 11096 8667 11097
f 11097 8667 1698
f 11097 1698 11098
f 11097 11098 6447
f 6447 11098 1680
f 11098 1698 4407
f 11098 4407 8632
f 8632 4407 105
f 7169 75 3052
f 7169 3052 11099
f 11099 3052 872
f 11099 872 11100
f 11099 11100 6449
f 6449 11100 2744
f 11100 872 7011
f 11100 7011 11101
f 11101 7011 74
f 6472 95 6450
f 6472 6450 11102
f 11102 6450 2744
f 11102 2744 11103
f 11102 11103 6452
f 6452 11103 873
f 11103 2744 11101
f 11103 11101 7012
f 7012 11101 74
f 7159 99 6468
f 7159 6468 11104
f 11104 6468 2746
f 11104 2746 11105
f 11104 11105 6453
f 6453 11105 2747
f 11105 2746 11106
f 11105 11106 11107
f 11107 11106 98
f 11108 103 6454
f 11108 6454 11109
f 11109 6454 2747
f 11109 2747 11110
f 11109 11110 6456
f 6456 11110 935
f 11110 2747 11107
f 11110 11107 7113
f 7113 11107 98
f 6459 103 11108
f 6459 11108 11111
f 11111 11108 2748
f 11111 2748 11112
f 11111 11112 6458
f 6458 11112 939
f 11112 2748 6455
f 11112 6455 7121
f 7121 6455 104
f 6457 76 7008
f 6457 7008 11113
f 11113 7008 871
f 11113 871 11114
f 11113 11114 6460
f 6460 11114 963
f 11114 871 3050
f 11114 3050 7168
f 7168 3050 75
f 7145 102 7097
f 7145 7097 11115
f 11115 7097 926
f 11115 926 11116
f 11115 11116 6463
f 6463 11116 2750
f 11116 926 3116
f 11116 3116 11117
f 11117 3116 100
f 7152 101 6464
f 7152 6464 11118
f 11118 6464 2750
f 11118 2750 11119
f 11118 11119 6465
f 6465 11119 2751
f 11119 2750 11117
f 11119 11117 11120
f 11120 11117 100
f 11120 100 7105
f 11120 7105 11121
f 11121 7105 931
f 11121 931 11122
f 11121 11122 6467
f 6467 11122 2746
f 11122 931 3122
f 11122 3122 11106
f 11106 3122 98
f 3922 97 3979
f 3922 3979 11123
f 11123 3979 1460
f 11123 1460 11124
f 11123 11124 6470
f 6470 11124 2752
f 11124 1460 8152
f 11124 8152 11125
f 11125 8152 96
f 6451 73 6471
f 6451 6471 11126
f 11126 6471 2752
f 11126 2752 11127
f 11126 11127 6473
f 6473 11127 1619
f 11127 2752 11125
f 11127 11125 8493
f 8493 11125 96
f 11014 158 11128
f 11014 11128 11129
f 11129 11128 2753
f 11129 2753 11130
f 11129 11130 6474
f 6474 11130 2754
f 11130 2753 6492
f 11130 6492 11131
f 11131 6492 635
f 11132 159 6475
f 11132 6475 11133
f 11133 6475 2754
f 11133 2754 11134
f 11133 11134 6477
f 6477 11134 2756
f 11134 2754 11131
f 11134 11131 11135
f 11135 11131 635
f 6297 159 11132
f 6297 11132 11136
f 11136 11132 2755
f 11136 2755 11137
f 11136 11137 6480
f 6480 11137 2757
f 11137 2755 6476
f 11137 6476 11138
f 11138 6476 636
f 8653 167 6481
f 8653 6481 11139
f 11139 6481 2757
f 11139 2757 11140
f 11139 11140 6483
f 6483 11140 2758
f 11140 2757 11138
f 11140 11138 11141
f 11141 11138 636
f 8197 581 6484
f 8197 6484 11142
f 11142 6484 2758
f 11142 2758 11143
f 11142 11143 6485
f 6485 11143 2759
f 11143 2758 11141
f 11143 11141 11144
f 11144 11141 636
f 3990 637 6486
f 3990 6486 11145
f 11145 6486 2759
f 11145 2759 11146
f 11145 11146 6488
f 6488 11146 2760
f 11146 2759 11144
f 11146 11144 11147
f 11147 11144 636
f 11147 636 6478
f 11147 6478 11148
f 11148 6478 2756
f 11148 2756 11149
f 11148 11149 6490
f 6490 11149 2761
f 11149 2756 11135
f 11149 11135 11150
f 11150 11135 635
f 11128 158 11151
f 11128 11151 11152
f 11152 11151 2762
f 11152 2762 11153
f 11152 11153 6493
f 6493 11153 2763
f 11153 2762 6497
f 11153 6497 11154
f 11154 6497 634
f 11150 635 6494
f 11150 6494 11155
f 11155 6494 2763
f 11155 2763 11156
f 11155 11156 6495
f 6495 11156 2764
f 11156 2763 11154
f 11156 11154 11157
f 11157 11154 634
f 11151 158 8460
f 11151 8460 11158
f 11158 8460 1604
f 11158 1604 11159
f 11158 11159 6498
f 6498 11159 2765
f 11159 1604 8457
f 11159 8457 11160
f 11160 8457 209
f 11161 634 6499
f 11161 6499 11162
f 11162 6499 2765
f 11162 2765 11163
f 11162 11163 6501
f 6501 11163 2767
f 11163 2765 11160
f 11163 11160 11164
f 11164 11160 209
f 11157 634 11161
f 11157 11161 11165
f 11165 11161 2766
f 11165 2766 11166
f 11165 11166 6503
f 6503 11166 2768
f 11166 2766 6500
f 11166 6500 11167
f 11167 6500 632
f 8167 633 6504
f 8167 6504 11168
f 11168 6504 2768
f 11168 2768 11169
f 11168 11169 6506
f 6506 11169 2769
f 11169 2768 11167
f 11169 11167 11170
f 11170 11167 632
f 8086 631 6507
f 8086 6507 11171
f 11171 6507 2769
f 11171 2769 11172
f 11171 11172 6508
f 6508 11172 2770
f 11172 2769 11170
f 11172 11170 11173
f 11173 11170 632
f 8074 625 6509
f 8074 6509 11174
f 11174 6509 2770
f 11174 2770 11175
f 11174 11175 6510
f 6510 11175 2771
f 11175 2770 11173
f 11175 11173 6513
f 6513 11173 632
f 11164 209 10758
f 11164 10758 11176
f 11176 10758 2610
f 11176 2610 11177
f 11176 11177 6512
f 6512 11177 2771
f 11177 2610 10755
f 11177 10755 6511
f 6511 10755 211
f 11178 220 8490
f 11178 8490 11179
f 11179 8490 1618
f 11179 1618 11180
f 11179 11180 6515
f 6515 11180 2773
f 11180 1618 4258
f 11180 4258 11181
f 11181 4258 596
f 11182 681 6516
f 11182 6516 11183
f 11183 6516 2773
f 11183 2773 11184
f 11183 11184 6518
f 6518 11184 1352
f 11184 2773 11181
f 11184 11181 7942
f 7942 11181 596
f 6521 681 11182
f 6521 11182 11185
f 11185 11182 2774
f 11185 2774 11186
f 11185 11186 6520
f 6520 11186 2594
f 11186 2774 6517
f 11186 6517 10710
f 10710 6517 102
f 6519 221 6121
f 6519 6121 11187
f 11187 6121 2601
f 11187 2601 11188
f 11187 11188 6522
f 6522 11188 2772
f 11188 2601 10730
f 11188 10730 11178
f 11178 10730 220
f 6684 522 6622
f 6684 6622 11189
f 11189 6622 2777
f 11189 2777 11190
f 11189 11190 6524
f 6524 11190 733
f 11190 2777 11191
f 11190 11191 6734
f 6734 11191 686
f 11192 2 6749
f 11192 6749 11193
f 11193 6749 740
f 11193 740 11194
f 11193 11194 6526
f 6526 11194 2779
f 11194 740 6746
f 11194 6746 11195
f 11195 6746 705
f 11196 2 11192
f 11196 11192 11197
f 11197 11192 2778
f 11197 2778 11198
f 11197 11198 6529
f 6529 11198 2145
f 11198 2778 6525
f 11198 6525 5174
f 5174 6525 704
f 11199 703 6575
f 11199 6575 11200
f 11200 6575 2782
f 11200 2782 11201
f 11200 11201 6532
f 6532 11201 1384
f 11201 2782 11202
f 11201 11202 3851
f 3851 11202 487
f 6705 703 11199
f 6705 11199 11203
f 11203 11199 2781
f 11203 2781 11204
f 11203 11204 6535
f 6535 11204 2783
f 11204 2781 6531
f 11204 6531 11205
f 11205 6531 642
f 6712 7 6536
f 6712 6536 11206
f 11206 6536 2783
f 11206 2783 11207
f 11206 11207 6537
f 6537 11207 2784
f 11207 2783 11205
f 11207 11205 11208
f 11208 11205 642
f 11209 6 6538
f 11209 6538 11210
f 11210 6538 2784
f 11210 2784 11211
f 11210 11211 6540
f 6540 11211 1380
f 11211 2784 11208
f 11211 11208 3845
f 3845 11208 642
f 11212 6 11209
f 11212 11209 11213
f 11213 11209 2785
f 11213 2785 11214
f 11213 11214 6543
f 6543 11214 1377
f 11214 2785 6539
f 11214 6539 7986
f 7986 6539 643
f 11215 42 2863
f 11215 2863 11216
f 11216 2863 725
f 11216 725 11217
f 11216 11217 6546
f 6546 11217 2786
f 11217 725 6720
f 11217 6720 11212
f 11212 6720 6
f 11218 42 11215
f 11218 11215 11219
f 11219 11215 2787
f 11219 2787 11220
f 11219 11220 6548
f 6548 11220 1372
f 11220 2787 6545
f 11220 6545 3834
f 3834 6545 644
f 11221 41 3005
f 11221 3005 11222
f 11222 3005 833
f 11222 833 11223
f 11222 11223 6551
f 6551 11223 2788
f 11223 833 6945
f 11223 6945 11218
f 11218 6945 42
f 11224 41 11221
f 11224 11221 11225
f 11225 11221 2789
f 11225 2789 11226
f 11225 11226 6553
f 6553 11226 1368
f 11226 2789 6550
f 11226 6550 3828
f 3828 6550 645
f 11227 707 3008
f 11227 3008 11228
f 11228 3008 835
f 11228 835 11229
f 11228 11229 6556
f 6556 11229 2790
f 11229 835 6948
f 11229 6948 11224
f 11224 6948 41
f 11230 707 11227
f 11230 11227 11231
f 11231 11227 2791
f 11231 2791 11232
f 11231 11232 6558
f 6558 11232 1365
f 11232 2791 6555
f 11232 6555 7967
f 7967 6555 646
f 11233 706 6766
f 11233 6766 11234
f 11234 6766 750
f 11234 750 11235
f 11234 11235 6561
f 6561 11235 2792
f 11235 750 2894
f 11235 2894 11230
f 11230 2894 707
f 2889 706 11233
f 2889 11233 11236
f 11236 11233 2793
f 11236 2793 11237
f 11236 11237 6563
f 6563 11237 2794
f 11237 2793 6560
f 11237 6560 11238
f 11238 6560 647
f 11239 696 6564
f 11239 6564 11240
f 11240 6564 2794
f 11240 2794 11241
f 11240 11241 6566
f 6566 11241 1360
f 11241 2794 11238
f 11241 11238 3817
f 3817 11238 647
f 11242 705 6745
f 11242 6745 11243
f 11243 6745 739
f 11243 739 11244
f 11243 11244 6569
f 6569 11244 2797
f 11244 739 2881
f 11244 2881 11245
f 11245 2881 695
f 11195 705 11242
f 11195 11242 11246
f 11246 11242 2796
f 11246 2796 11247
f 11246 11247 6571
f 6571 11247 1353
f 11247 2796 6568
f 11247 6568 7947
f 7947 6568 649
f 11248 701 4584
f 11248 4584 11249
f 11249 4584 1809
f 11249 1809 11250
f 11249 11250 6574
f 6574 11250 2782
f 11250 1809 8895
f 11250 8895 11202
f 11202 8895 487
f 11251 701 11248
f 11251 11248 11252
f 11252 11248 2798
f 11252 2798 11253
f 11252 11253 6577
f 6577 11253 717
f 11253 2798 6573
f 11253 6573 6704
f 6704 6573 703
f 11254 701 11251
f 11254 11251 11255
f 11255 11251 2799
f 11255 2799 11256
f 11255 11256 6579
f 6579 11256 722
f 11256 2799 6576
f 11256 6576 6713
f 6713 6576 702
f 4559 701 11254
f 4559 11254 11257
f 11257 11254 2800
f 11257 2800 11258
f 11257 11258 6581
f 6581 11258 2801
f 11258 2800 6578
f 11258 6578 11259
f 11259 6578 700
f 11260 699 6582
f 11260 6582 11261
f 11261 6582 2801
f 11261 2801 11262
f 11261 11262 6584
f 6584 11262 830
f 11262 2801 11259
f 11262 11259 6938
f 6938 11259 700
f 4553 699 11260
f 4553 11260 11263
f 11263 11260 2802
f 11263 2802 11264
f 11263 11264 6586
f 6586 11264 2803
f 11264 2802 6583
f 11264 6583 11265
f 11265 6583 698
f 11266 697 6587
f 11266 6587 11267
f 11267 6587 2803
f 11267 2803 11268
f 11267 11268 6589
f 6589 11268 836
f 11268 2803 11265
f 11268 11265 3011
f 3011 11265 698
f 6991 697 11266
f 6991 11266 11269
f 11269 11266 2804
f 11269 2804 11270
f 11269 11270 6592
f 6592 11270 2805
f 11270 2804 6588
f 11270 6588 11271
f 11271 6588 40
f 11272 83 6593
f 11272 6593 11273
f 11273 6593 2805
f 11273 2805 11274
f 11273 11274 6595
f 6595 11274 748
f 11274 2805 11271
f 11274 11271 6764
f 6764 11271 40
f 5161 83 11272
f 5161 11272 11275
f 11275 11272 2806
f 11275 2806 11276
f 11275 11276 6598
f 6598 11276 2807
f 11276 2806 6594
f 11276 6594 11277
f 11277 6594 1
f 11278 153 6599
f 11278 6599 11279
f 11279 6599 2807
f 11279 2807 11280
f 11279 11280 6601
f 6601 11280 744
f 11280 2807 11277
f 11280 11277 6757
f 6757 11277 1
f 9612 153 11278
f 9612 11278 11281
f 11281 11278 2808
f 11281 2808 11282
f 11281 11282 6604
f 6604 11282 2780
f 11282 2808 6600
f 11282 6600 11196
f 11196 6600 2
f 11283 695 6751
f 11283 6751 11284
f 11284 6751 742
f 11284 742 11285
f 11284 11285 6606
f 6606 11285 2795
f 11285 742 2884
f 11285 2884 11239
f 11239 2884 696
f 11245 695 11283
f 11245 11283 11286
f 11286 11283 2809
f 11286 2809 11287
f 11286 11287 6607
f 6607 11287 1357
f 11287 2809 6605
f 11287 6605 7954
f 7954 6605 648
f 11288 5 6725
f 11288 6725 11289
f 11289 6725 727
f 11289 727 11290
f 11289 11290 6610
f 6610 11290 2811
f 11290 727 6722
f 11290 6722 11291
f 11291 6722 694
f 11292 5 11288
f 11292 11288 11293
f 11293 11288 2810
f 11293 2810 11294
f 11293 11294 6613
f 6613 11294 1937
f 11294 2810 6609
f 11294 6609 4780
f 4780 6609 693
f 11295 5 11292
f 11295 11292 11296
f 11296 11292 2812
f 11296 2812 11297
f 11296 11297 6616
f 6616 11297 1935
f 11297 2812 6612
f 11297 6612 9141
f 9141 6612 409
f 6730 5 11295
f 6730 11295 11298
f 11298 11295 2813
f 11298 2813 11299
f 11298 11299 6618
f 6618 11299 2814
f 11299 2813 6615
f 11299 6615 11300
f 11300 6615 408
f 11301 694 6721
f 11301 6721 11302
f 11302 6721 726
f 11302 726 11303
f 11302 11303 6621
f 6621 11303 2777
f 11303 726 2864
f 11303 2864 11191
f 11191 2864 686
f 11291 694 11301
f 11291 11301 11304
f 11304 11301 2815
f 11304 2815 11305
f 11304 11305 6623
f 6623 11305 1821
f 11305 2815 6620
f 11305 6620 8917
f 8917 6620 522
f 11306 402 4736
f 11306 4736 11307
f 11307 4736 1906
f 11307 1906 11308
f 11307 11308 6626
f 6626 11308 2817
f 11308 1906 9090
f 11308 9090 11309
f 11309 9090 401
f 11310 402 11306
f 11310 11306 11311
f 11311 11306 2816
f 11311 2816 11312
f 11311 11312 6629
f 6629 11312 708
f 11312 2816 6625
f 11312 6625 6687
f 6687 6625 688
f 11313 402 11310
f 11313 11310 11314
f 11314 11310 2818
f 11314 2818 11315
f 11314 11315 6631
f 6631 11315 711
f 11315 2818 6628
f 11315 6628 6692
f 6692 6628 692
f 9097 402 11313
f 9097 11313 11316
f 11316 11313 2819
f 11316 2819 11317
f 11316 11317 6632
f 6632 11317 2820
f 11317 2819 6630
f 11317 6630 11318
f 11318 6630 691
f 9104 403 6633
f 9104 6633 11319
f 11319 6633 2820
f 11319 2820 11320
f 11319 11320 6634
f 6634 11320 2821
f 11320 2820 11318
f 11320 11318 11321
f 11321 11318 691
f 11322 404 6635
f 11322 6635 11323
f 11323 6635 2821
f 11323 2821 11324
f 11323 11324 6637
f 6637 11324 713
f 11324 2821 11321
f 11324 11321 6696
f 6696 11321 691
f 9111 404 11322
f 9111 11322 11325
f 11325 11322 2822
f 11325 2822 11326
f 11325 11326 6638
f 6638 11326 2823
f 11326 2822 6636
f 11326 6636 11327
f 11327 6636 690
f 11328 405 6639
f 11328 6639 11329
f 11329 6639 2823
f 11329 2823 11330
f 11329 11330 6641
f 6641 11330 837
f 11330 2823 11327
f 11330 11327 6951
f 6951 11327 690
f 9118 405 11328
f 9118 11328 11331
f 11331 11328 2824
f 11331 2824 11332
f 11331 11332 6643
f 6643 11332 2825
f 11332 2824 6640
f 11332 6640 11333
f 11333 6640 689
f 11334 406 6644
f 11334 6644 11335
f 11335 6644 2825
f 11335 2825 11336
f 11335 11336 6646
f 6646 11336 841
f 11336 2825 11333
f 11336 11333 6959
f 6959 11333 689
f 9125 406 11334
f 9125 11334 11337
f 11337 11334 2826
f 11337 2826 11338
f 11337 11338 6648
f 6648 11338 2827
f 11338 2826 6645
f 11338 6645 11339
f 11339 6645 37
f 11340 407 6649
f 11340 6649 11341
f 11341 6649 2827
f 11341 2827 11342
f 11341 11342 6651
f 6651 11342 737
f 11342 2827 11339
f 11342 11339 6743
f 6743 11339 37
f 9132 407 11340
f 9132 11340 11343
f 11343 11340 2828
f 11343 2828 11344
f 11343 11344 6653
f 6653 11344 2829
f 11344 2828 6650
f 11344 6650 11345
f 11345 6650 3
f 11300 408 6654
f 11300 6654 11346
f 11346 6654 2829
f 11346 2829 11347
f 11346 11347 6655
f 6655 11347 732
f 11347 2829 11345
f 11347 11345 2872
f 2872 11345 3
f 11348 688 6627
f 11348 6627 11349
f 11349 6627 2817
f 11349 2817 11350
f 11349 11350 6658
f 6658 11350 1894
f 11350 2817 11309
f 11350 11309 4718
f 4718 11309 401
f 6688 688 11348
f 6688 11348 11351
f 11351 11348 2830
f 11351 2830 11352
f 11351 11352 6661
f 6661 11352 2831
f 11352 2830 6657
f 11352 6657 11353
f 11353 6657 411
f 6703 8 6662
f 6703 6662 11354
f 11354 6662 2831
f 11354 2831 11355
f 11354 11355 6663
f 6663 11355 2832
f 11355 2831 11353
f 11355 11353 11356
f 11356 11353 411
f 11357 39 6664
f 11357 6664 11358
f 11358 6664 2832
f 11358 2832 11359
f 11358 11359 6666
f 6666 11359 1890
f 11359 2832 11356
f 11359 11356 4712
f 4712 11356 411
f 6958 39 11357
f 6958 11357 11360
f 11360 11357 2833
f 11360 2833 11361
f 11360 11361 6668
f 6668 11361 2834
f 11361 2833 6665
f 11361 6665 11362
f 11362 6665 512
f 11363 38 6669
f 11363 6669 11364
f 11364 6669 2834
f 11364 2834 11365
f 11364 11365 6671
f 6671 11365 1886
f 11365 2834 11362
f 11365 11362 4706
f 4706 11362 512
f 6965 38 11363
f 6965 11363 11366
f 11366 11363 2835
f 11366 2835 11367
f 11366 11367 6673
f 6673 11367 2836
f 11367 2835 6670
f 11367 6670 11368
f 11368 6670 514
f 11369 687 6674
f 11369 6674 11370
f 11370 6674 2836
f 11370 2836 11371
f 11370 11371 6676
f 6676 11371 1882
f 11371 2836 11368
f 11371 11368 4700
f 4700 11368 514
f 2876 687 11369
f 2876 11369 11372
f 11372 11369 2837
f 11372 2837 11373
f 11372 11373 6679
f 6679 11373 2838
f 11373 2837 6675
f 11373 6675 11374
f 11374 6675 516
f 11375 685 6680
f 11375 6680 11376
f 11376 6680 2838
f 11376 2838 11377
f 11376 11377 6682
f 6682 11377 1855
f 11377 2838 11374
f 11377 11374 8987
f 8987 11374 516
f 6523 685 11375
f 6523 11375 11378
f 11378 11375 2839
f 11378 2839 11379
f 11378 11379 6685
f 6685 11379 1825
f 11379 2839 6681
f 11379 6681 8924
f 8924 6681 521
# 22700 faces, 0 coords texture

# End of File
